Symbol,Company Name,Metrics,quarter,value,target_next_q,prediction_next_q,error
A,Agilent Technologies,Analyst Selectivity Ratio,CQ12022,37.5,56.25,44.829499999999996,11.420500000000004
A,Agilent Technologies,Analyst Selectivity Ratio,CQ22022,56.25,46.67,50.9695,-4.299499999999995
A,Agilent Technologies,Analyst Selectivity Ratio,CQ32022,46.67,64.29,53.4152,10.874800000000008
A,Agilent Technologies,Analyst Selectivity Ratio,CQ42022,64.29,53.33,54.8222,-1.492200000000004
A,Agilent Technologies,Analyst Selectivity Ratio,CQ12023,53.33,50.0,52.24739999999998,-2.2473999999999776
A,Agilent Technologies,Analyst Selectivity Ratio,CQ22023,50.0,58.82,54.48900000000001,4.330999999999989
A,Agilent Technologies,Analyst Selectivity Ratio,CQ32023,58.82,50.0,59.042199999999994,-9.042199999999994
A,Agilent Technologies,Analyst Selectivity Ratio,CQ42023,50.0,62.5,57.7936,4.706400000000002
A,Agilent Technologies,Analyst Selectivity Ratio,CQ12024,62.5,68.75,53.796500000000016,14.953499999999984
A,Agilent Technologies,Analyst Selectivity Ratio,CQ22024,68.75,58.82,59.95490000000001,-1.134900000000009
A,Agilent Technologies,Analyst Selectivity Ratio,CQ32024,58.82,46.67,56.8154,-10.145399999999995
A,Agilent Technologies,Language Complexity,CQ12022,10.71,10.76,11.078699999999996,-0.3186999999999962
A,Agilent Technologies,Language Complexity,CQ22022,10.76,9.99,10.993,-1.0030000000000001
A,Agilent Technologies,Language Complexity,CQ32022,9.99,10.86,10.5096,0.3503999999999987
A,Agilent Technologies,Language Complexity,CQ42022,10.86,10.57,10.6923,-0.12229999999999919
A,Agilent Technologies,Language Complexity,CQ12023,10.57,10.45,10.8781,-0.4281000000000006
A,Agilent Technologies,Language Complexity,CQ22023,10.45,10.56,10.861300000000005,-0.3013000000000048
A,Agilent Technologies,Language Complexity,CQ32023,10.56,10.86,10.833200000000003,0.02679999999999616
A,Agilent Technologies,Language Complexity,CQ42023,10.86,10.0,10.937999999999999,-0.9379999999999988
A,Agilent Technologies,Language Complexity,CQ12024,10.0,11.09,10.460400000000003,0.6295999999999964
A,Agilent Technologies,Language Complexity,CQ22024,11.09,10.76,10.992300000000006,-0.23230000000000572
A,Agilent Technologies,Language Complexity,CQ32024,10.76,11.42,11.029199999999998,0.39080000000000226
A,Agilent Technologies,Net Positivity,CQ12022,1.66,0.91,1.7191999999999998,-0.8091999999999998
A,Agilent Technologies,Net Positivity,CQ22022,0.91,1.46,1.0536000000000005,0.40639999999999943
A,Agilent Technologies,Net Positivity,CQ32022,1.46,1.26,1.2764000000000004,-0.016400000000000414
A,Agilent Technologies,Net Positivity,CQ42022,1.26,1.58,1.3820000000000001,0.19799999999999995
A,Agilent Technologies,Net Positivity,CQ12023,1.58,0.33,1.2975000000000005,-0.9675000000000005
A,Agilent Technologies,Net Positivity,CQ22023,0.33,0.12,0.8206999999999998,-0.7006999999999998
A,Agilent Technologies,Net Positivity,CQ32023,0.12,0.46,0.5509,-0.09089999999999993
A,Agilent Technologies,Net Positivity,CQ42023,0.46,1.24,0.7510000000000003,0.48899999999999966
A,Agilent Technologies,Net Positivity,CQ12024,1.24,0.18,0.8001999999999999,-0.6201999999999999
A,Agilent Technologies,Net Positivity,CQ22024,0.18,1.24,0.6875999999999999,0.5524000000000001
A,Agilent Technologies,Net Positivity,CQ32024,1.24,1.1,1.1937999999999995,-0.09379999999999944
A,Agilent Technologies,Numeric Transeprency,CQ12022,1.89,1.87,1.8919999999999992,-0.02199999999999913
A,Agilent Technologies,Numeric Transeprency,CQ22022,1.87,1.81,2.0803,-0.27029999999999976
A,Agilent Technologies,Numeric Transeprency,CQ32022,1.81,2.03,2.0702000000000003,-0.04020000000000046
A,Agilent Technologies,Numeric Transeprency,CQ42022,2.03,1.62,2.1527999999999996,-0.5327999999999995
A,Agilent Technologies,Numeric Transeprency,CQ12023,1.62,1.32,1.624700000000001,-0.30470000000000086
A,Agilent Technologies,Numeric Transeprency,CQ22023,1.32,1.7,1.491400000000001,0.208599999999999
A,Agilent Technologies,Numeric Transeprency,CQ32023,1.7,2.03,1.8297000000000003,0.20029999999999948
A,Agilent Technologies,Numeric Transeprency,CQ42023,2.03,1.23,1.7545000000000013,-0.5245000000000013
A,Agilent Technologies,Numeric Transeprency,CQ12024,1.23,1.7,1.4043,0.29569999999999985
A,Agilent Technologies,Numeric Transeprency,CQ22024,1.7,1.88,1.8014999999999994,0.07850000000000046
A,Agilent Technologies,Numeric Transeprency,CQ32024,1.88,1.82,1.7468000000000001,0.07319999999999993
AAPL,Apple Inc.,Analyst Selectivity Ratio,CQ12022,21.43,22.5,23.58820000000001,-1.0882000000000112
AAPL,Apple Inc.,Analyst Selectivity Ratio,CQ22022,22.5,24.32,22.910400000000013,1.4095999999999869
AAPL,Apple Inc.,Analyst Selectivity Ratio,CQ32022,24.32,18.92,22.04280000000001,-3.1228000000000087
AAPL,Apple Inc.,Analyst Selectivity Ratio,CQ42022,18.92,21.62,24.004499999999997,-2.3844999999999956
AAPL,Apple Inc.,Analyst Selectivity Ratio,CQ12023,21.62,25.64,21.073600000000006,4.5663999999999945
AAPL,Apple Inc.,Analyst Selectivity Ratio,CQ22023,25.64,22.5,22.34559999999999,0.15440000000000964
AAPL,Apple Inc.,Analyst Selectivity Ratio,CQ32023,22.5,21.43,24.625800000000005,-3.1958000000000055
AAPL,Apple Inc.,Analyst Selectivity Ratio,CQ42023,21.43,17.07,23.9773,-6.907299999999999
AAPL,Apple Inc.,Analyst Selectivity Ratio,CQ12024,17.07,24.39,22.48139999999999,1.9086000000000105
AAPL,Apple Inc.,Analyst Selectivity Ratio,CQ22024,24.39,18.6,21.016400000000004,-2.416400000000003
AAPL,Apple Inc.,Analyst Selectivity Ratio,CQ32024,18.6,19.05,21.8767,-2.826699999999999
AAPL,Apple Inc.,Language Complexity,CQ12022,11.83,11.76,11.8188,-0.05879999999999974
AAPL,Apple Inc.,Language Complexity,CQ22022,11.76,11.94,12.182300000000003,-0.24230000000000373
AAPL,Apple Inc.,Language Complexity,CQ32022,11.94,12.07,11.875500000000002,0.1944999999999979
AAPL,Apple Inc.,Language Complexity,CQ42022,12.07,12.21,11.827700000000002,0.382299999999999
AAPL,Apple Inc.,Language Complexity,CQ12023,12.21,11.73,12.097100000000003,-0.3671000000000024
AAPL,Apple Inc.,Language Complexity,CQ22023,11.73,12.08,12.096600000000008,-0.016600000000007498
AAPL,Apple Inc.,Language Complexity,CQ32023,12.08,12.09,11.828000000000008,0.2619999999999916
AAPL,Apple Inc.,Language Complexity,CQ42023,12.09,12.34,11.9762,0.36379999999999946
AAPL,Apple Inc.,Language Complexity,CQ12024,12.34,11.42,12.143099999999997,-0.723099999999997
AAPL,Apple Inc.,Language Complexity,CQ22024,11.42,12.04,11.925300000000007,0.11469999999999203
AAPL,Apple Inc.,Language Complexity,CQ32024,12.04,11.83,11.94020000000001,-0.11020000000000962
AAPL,Apple Inc.,Net Positivity,CQ12022,1.49,1.01,1.3762999999999999,-0.36629999999999985
AAPL,Apple Inc.,Net Positivity,CQ22022,1.01,0.83,1.0594999999999992,-0.22949999999999926
AAPL,Apple Inc.,Net Positivity,CQ32022,0.83,1.64,0.9650000000000007,0.6749999999999992
AAPL,Apple Inc.,Net Positivity,CQ42022,1.64,0.95,1.4630999999999998,-0.5130999999999999
AAPL,Apple Inc.,Net Positivity,CQ12023,0.95,1.37,1.173100000000001,0.1968999999999992
AAPL,Apple Inc.,Net Positivity,CQ22023,1.37,1.55,1.443,0.10699999999999998
AAPL,Apple Inc.,Net Positivity,CQ32023,1.55,1.37,1.3680000000000003,0.0019999999999997797
AAPL,Apple Inc.,Net Positivity,CQ42023,1.37,1.7,1.6144999999999998,0.08550000000000013
AAPL,Apple Inc.,Net Positivity,CQ12024,1.7,1.53,1.1637999999999993,0.36620000000000075
AAPL,Apple Inc.,Net Positivity,CQ22024,1.53,1.57,1.4489,0.12109999999999999
AAPL,Apple Inc.,Net Positivity,CQ32024,1.57,1.46,1.4176999999999997,0.042300000000000226
AAPL,Apple Inc.,Numeric Transeprency,CQ12022,1.92,2.1,2.044299999999999,0.05570000000000119
AAPL,Apple Inc.,Numeric Transeprency,CQ22022,2.1,1.7,1.8503000000000003,-0.15030000000000032
AAPL,Apple Inc.,Numeric Transeprency,CQ32022,1.7,2.35,2.054899999999999,0.29510000000000103
AAPL,Apple Inc.,Numeric Transeprency,CQ42022,2.35,2.19,2.1522999999999994,0.03770000000000051
AAPL,Apple Inc.,Numeric Transeprency,CQ12023,2.19,1.73,2.244300000000001,-0.5143000000000009
AAPL,Apple Inc.,Numeric Transeprency,CQ22023,1.73,1.91,2.1008999999999984,-0.19089999999999852
AAPL,Apple Inc.,Numeric Transeprency,CQ32023,1.91,1.99,2.1081,-0.11809999999999987
AAPL,Apple Inc.,Numeric Transeprency,CQ42023,1.99,2.63,2.0548000000000006,0.5751999999999993
AAPL,Apple Inc.,Numeric Transeprency,CQ12024,2.63,1.9,1.6614999999999995,0.23850000000000038
AAPL,Apple Inc.,Numeric Transeprency,CQ22024,1.9,1.99,2.0616000000000003,-0.07160000000000033
AAPL,Apple Inc.,Numeric Transeprency,CQ32024,1.99,2.16,2.344600000000001,-0.18460000000000099
ABBV,AbbVie,Analyst Selectivity Ratio,CQ12022,55.0,50.0,49.58189999999999,0.4181000000000097
ABBV,AbbVie,Analyst Selectivity Ratio,CQ22022,50.0,52.38,46.7705,5.609500000000004
ABBV,AbbVie,Analyst Selectivity Ratio,CQ32022,52.38,38.1,49.5839,-11.483899999999998
ABBV,AbbVie,Analyst Selectivity Ratio,CQ42022,38.1,60.87,45.57849999999999,15.291500000000006
ABBV,AbbVie,Analyst Selectivity Ratio,CQ12023,60.87,29.17,44.71020000000001,-15.540200000000006
ABBV,AbbVie,Analyst Selectivity Ratio,CQ22023,29.17,42.31,49.780599999999964,-7.470599999999962
ABBV,AbbVie,Analyst Selectivity Ratio,CQ32023,42.31,37.04,42.86630000000001,-5.8263000000000105
ABBV,AbbVie,Analyst Selectivity Ratio,CQ42023,37.04,38.46,41.2984,-2.8384
ABBV,AbbVie,Analyst Selectivity Ratio,CQ12024,38.46,36.0,37.10689999999998,-1.1068999999999818
ABBV,AbbVie,Analyst Selectivity Ratio,CQ22024,36.0,44.0,35.739499999999985,8.260500000000015
ABBV,AbbVie,Analyst Selectivity Ratio,CQ32024,44.0,28.57,39.7866,-11.2166
ABBV,AbbVie,Language Complexity,CQ12022,12.75,12.07,12.713299999999998,-0.6432999999999982
ABBV,AbbVie,Language Complexity,CQ22022,12.07,12.33,12.443600000000002,-0.1136000000000017
ABBV,AbbVie,Language Complexity,CQ32022,12.33,12.86,12.510199999999992,0.3498000000000072
ABBV,AbbVie,Language Complexity,CQ42022,12.86,12.08,12.510399999999995,-0.43039999999999523
ABBV,AbbVie,Language Complexity,CQ12023,12.08,12.46,12.4878,-0.02779999999999916
ABBV,AbbVie,Language Complexity,CQ22023,12.46,12.27,12.40259999999999,-0.13259999999999117
ABBV,AbbVie,Language Complexity,CQ32023,12.27,12.11,12.4544,-0.34440000000000026
ABBV,AbbVie,Language Complexity,CQ42023,12.11,12.18,12.173599999999999,0.0064000000000010715
ABBV,AbbVie,Language Complexity,CQ12024,12.18,12.4,11.904099999999998,0.49590000000000245
ABBV,AbbVie,Language Complexity,CQ22024,12.4,12.76,12.241700000000002,0.5182999999999982
ABBV,AbbVie,Language Complexity,CQ32024,12.76,12.78,12.452299999999994,0.32770000000000543
ABBV,AbbVie,Net Positivity,CQ12022,1.31,1.1,1.3099,-0.20989999999999998
ABBV,AbbVie,Net Positivity,CQ22022,1.1,0.99,1.116,-0.1260000000000001
ABBV,AbbVie,Net Positivity,CQ32022,0.99,0.84,0.8725000000000003,-0.032500000000000306
ABBV,AbbVie,Net Positivity,CQ42022,0.84,0.77,1.0091,-0.2391000000000001
ABBV,AbbVie,Net Positivity,CQ12023,0.77,1.29,0.8557000000000002,0.4342999999999998
ABBV,AbbVie,Net Positivity,CQ22023,1.29,1.3,1.0324000000000004,0.2675999999999996
ABBV,AbbVie,Net Positivity,CQ32023,1.3,1.08,1.0739999999999998,0.006000000000000227
ABBV,AbbVie,Net Positivity,CQ42023,1.08,1.17,1.175,-0.0050000000000001155
ABBV,AbbVie,Net Positivity,CQ12024,1.17,1.01,1.2161000000000006,-0.20610000000000062
ABBV,AbbVie,Net Positivity,CQ22024,1.01,1.3,1.0900999999999998,0.2099000000000002
ABBV,AbbVie,Net Positivity,CQ32024,1.3,1.61,1.195799999999999,0.414200000000001
ABBV,AbbVie,Numeric Transeprency,CQ12022,2.09,1.76,1.7226000000000001,0.03739999999999988
ABBV,AbbVie,Numeric Transeprency,CQ22022,1.76,1.88,1.7424999999999997,0.13750000000000018
ABBV,AbbVie,Numeric Transeprency,CQ32022,1.88,1.92,1.8775,0.04249999999999998
ABBV,AbbVie,Numeric Transeprency,CQ42022,1.92,2.47,2.1113000000000013,0.3586999999999989
ABBV,AbbVie,Numeric Transeprency,CQ12023,2.47,2.02,2.1385000000000005,-0.1185000000000005
ABBV,AbbVie,Numeric Transeprency,CQ22023,2.02,2.2,2.1114999999999995,0.08850000000000069
ABBV,AbbVie,Numeric Transeprency,CQ32023,2.2,2.35,2.4405,-0.09050000000000002
ABBV,AbbVie,Numeric Transeprency,CQ42023,2.35,2.37,2.2981000000000007,0.07189999999999941
ABBV,AbbVie,Numeric Transeprency,CQ12024,2.37,1.87,2.4707000000000012,-0.6007000000000011
ABBV,AbbVie,Numeric Transeprency,CQ22024,1.87,2.03,1.9806000000000004,0.049399999999999444
ABBV,AbbVie,Numeric Transeprency,CQ32024,2.03,2.15,2.3769000000000005,-0.22690000000000055
ABT,Abbott Laboratories,Analyst Selectivity Ratio,CQ12022,23.81,27.27,26.5848,0.6851999999999983
ABT,Abbott Laboratories,Analyst Selectivity Ratio,CQ22022,27.27,36.84,26.645400000000006,10.194599999999998
ABT,Abbott Laboratories,Analyst Selectivity Ratio,CQ32022,36.84,30.0,33.48250000000001,-3.482500000000009
ABT,Abbott Laboratories,Analyst Selectivity Ratio,CQ42022,30.0,37.5,27.615,9.885000000000002
ABT,Abbott Laboratories,Analyst Selectivity Ratio,CQ12023,37.5,33.33,32.27510000000001,1.0548999999999893
ABT,Abbott Laboratories,Analyst Selectivity Ratio,CQ22023,33.33,31.58,34.431999999999995,-2.8519999999999968
ABT,Abbott Laboratories,Analyst Selectivity Ratio,CQ32023,31.58,30.0,31.926000000000013,-1.9260000000000126
ABT,Abbott Laboratories,Analyst Selectivity Ratio,CQ42023,30.0,35.0,32.3268,2.6732000000000014
ABT,Abbott Laboratories,Analyst Selectivity Ratio,CQ12024,35.0,30.0,28.914299999999997,1.0857000000000028
ABT,Abbott Laboratories,Analyst Selectivity Ratio,CQ22024,30.0,28.57,30.005400000000005,-1.435400000000005
ABT,Abbott Laboratories,Analyst Selectivity Ratio,CQ32024,28.57,31.58,33.104600000000005,-1.5246000000000066
ABT,Abbott Laboratories,Language Complexity,CQ12022,12.12,11.63,11.870499999999998,-0.24049999999999727
ABT,Abbott Laboratories,Language Complexity,CQ22022,11.63,11.6,11.935300000000002,-0.33530000000000193
ABT,Abbott Laboratories,Language Complexity,CQ32022,11.6,11.81,11.983999999999996,-0.17399999999999594
ABT,Abbott Laboratories,Language Complexity,CQ42022,11.81,11.55,11.7646,-0.214599999999999
ABT,Abbott Laboratories,Language Complexity,CQ12023,11.55,11.16,12.032500000000002,-0.8725000000000023
ABT,Abbott Laboratories,Language Complexity,CQ22023,11.16,10.99,11.296699999999996,-0.30669999999999575
ABT,Abbott Laboratories,Language Complexity,CQ32023,10.99,11.42,11.554599999999999,-0.13459999999999894
ABT,Abbott Laboratories,Language Complexity,CQ42023,11.42,11.9,11.331399999999999,0.5686000000000018
ABT,Abbott Laboratories,Language Complexity,CQ12024,11.9,11.32,11.4735,-0.1534999999999993
ABT,Abbott Laboratories,Language Complexity,CQ22024,11.32,11.87,11.7291,0.14089999999999847
ABT,Abbott Laboratories,Language Complexity,CQ32024,11.87,11.47,11.577300000000005,-0.10730000000000395
ABT,Abbott Laboratories,Net Positivity,CQ12022,1.65,1.28,1.4809999999999988,-0.20099999999999874
ABT,Abbott Laboratories,Net Positivity,CQ22022,1.28,0.76,1.2543999999999995,-0.4943999999999995
ABT,Abbott Laboratories,Net Positivity,CQ32022,0.76,0.7,1.1196000000000002,-0.4196000000000002
ABT,Abbott Laboratories,Net Positivity,CQ42022,0.7,1.32,0.9987999999999999,0.32120000000000015
ABT,Abbott Laboratories,Net Positivity,CQ12023,1.32,1.75,0.9990999999999999,0.7509000000000001
ABT,Abbott Laboratories,Net Positivity,CQ22023,1.75,1.7,1.3965000000000003,0.30349999999999966
ABT,Abbott Laboratories,Net Positivity,CQ32023,1.7,1.4,1.3567000000000005,0.04329999999999945
ABT,Abbott Laboratories,Net Positivity,CQ42023,1.4,1.95,1.5666000000000002,0.38339999999999974
ABT,Abbott Laboratories,Net Positivity,CQ12024,1.95,1.34,1.7938999999999998,-0.45389999999999975
ABT,Abbott Laboratories,Net Positivity,CQ22024,1.34,1.57,1.5185,0.0515000000000001
ABT,Abbott Laboratories,Net Positivity,CQ32024,1.57,1.39,1.7910000000000006,-0.4010000000000007
ABT,Abbott Laboratories,Numeric Transeprency,CQ12022,1.91,1.41,1.7412999999999998,-0.33129999999999993
ABT,Abbott Laboratories,Numeric Transeprency,CQ22022,1.41,1.23,1.4281000000000008,-0.19810000000000083
ABT,Abbott Laboratories,Numeric Transeprency,CQ32022,1.23,1.7,1.5047,0.19530000000000003
ABT,Abbott Laboratories,Numeric Transeprency,CQ42022,1.7,2.07,1.7152999999999998,0.3547
ABT,Abbott Laboratories,Numeric Transeprency,CQ12023,2.07,1.36,1.4661000000000002,-0.10610000000000008
ABT,Abbott Laboratories,Numeric Transeprency,CQ22023,1.36,1.48,1.5587000000000004,-0.07870000000000044
ABT,Abbott Laboratories,Numeric Transeprency,CQ32023,1.48,1.82,1.6752,0.14480000000000004
ABT,Abbott Laboratories,Numeric Transeprency,CQ42023,1.82,2.24,1.7776999999999998,0.4623000000000004
ABT,Abbott Laboratories,Numeric Transeprency,CQ12024,2.24,1.37,1.8204,-0.4503999999999999
ABT,Abbott Laboratories,Numeric Transeprency,CQ22024,1.37,1.43,1.4042000000000008,0.025799999999999157
ABT,Abbott Laboratories,Numeric Transeprency,CQ32024,1.43,1.63,1.8034999999999994,-0.17349999999999954
ACN,Accenture,Analyst Selectivity Ratio,CQ12022,21.74,24.0,24.19590000000001,-0.19590000000000884
ACN,Accenture,Analyst Selectivity Ratio,CQ22022,24.0,27.27,21.694400000000005,5.575599999999994
ACN,Accenture,Analyst Selectivity Ratio,CQ32022,27.27,27.27,26.45700000000001,0.8129999999999882
ACN,Accenture,Analyst Selectivity Ratio,CQ42022,27.27,30.43,26.870199999999983,3.559800000000017
ACN,Accenture,Analyst Selectivity Ratio,CQ12023,30.43,20.83,32.9136,-12.083600000000004
ACN,Accenture,Analyst Selectivity Ratio,CQ22023,20.83,25.0,23.279399999999995,1.7206000000000046
ACN,Accenture,Analyst Selectivity Ratio,CQ32023,25.0,32.0,22.79249999999999,9.20750000000001
ACN,Accenture,Analyst Selectivity Ratio,CQ42023,32.0,26.92,28.8218,-1.901799999999998
ACN,Accenture,Analyst Selectivity Ratio,CQ12024,26.92,24.0,26.243599999999994,-2.2435999999999936
ACN,Accenture,Analyst Selectivity Ratio,CQ22024,24.0,28.0,26.927200000000006,1.0727999999999938
ACN,Accenture,Analyst Selectivity Ratio,CQ32024,28.0,32.0,25.5854,6.4146
ACN,Accenture,Language Complexity,CQ12022,12.16,12.72,12.700100000000003,0.01989999999999803
ACN,Accenture,Language Complexity,CQ22022,12.72,13.11,12.563299999999995,0.5467000000000048
ACN,Accenture,Language Complexity,CQ32022,13.11,13.04,12.626300000000004,0.41369999999999507
ACN,Accenture,Language Complexity,CQ42022,13.04,13.05,13.204199999999993,-0.15419999999999234
ACN,Accenture,Language Complexity,CQ12023,13.05,12.8,13.2037,-0.40369999999999884
ACN,Accenture,Language Complexity,CQ22023,12.8,12.52,13.212800000000007,-0.6928000000000072
ACN,Accenture,Language Complexity,CQ32023,12.52,12.64,12.649999999999999,-0.00999999999999801
ACN,Accenture,Language Complexity,CQ42023,12.64,12.91,12.821200000000001,0.0887999999999991
ACN,Accenture,Language Complexity,CQ12024,12.91,13.31,13.262199999999984,0.047800000000016496
ACN,Accenture,Language Complexity,CQ22024,13.31,13.05,13.080499999999999,-0.030499999999998195
ACN,Accenture,Language Complexity,CQ32024,13.05,12.91,12.987100000000003,-0.07710000000000328
ACN,Accenture,Net Positivity,CQ12022,1.01,1.23,1.5065000000000008,-0.27650000000000086
ACN,Accenture,Net Positivity,CQ22022,1.23,1.46,1.1749,0.2850999999999999
ACN,Accenture,Net Positivity,CQ32022,1.46,1.24,1.1146999999999996,0.1253000000000004
ACN,Accenture,Net Positivity,CQ42022,1.24,1.25,1.1175000000000002,0.13249999999999984
ACN,Accenture,Net Positivity,CQ12023,1.25,1.41,1.1476,0.26239999999999997
ACN,Accenture,Net Positivity,CQ22023,1.41,0.89,1.3529999999999995,-0.4629999999999995
ACN,Accenture,Net Positivity,CQ32023,0.89,1.48,1.1627000000000003,0.3172999999999997
ACN,Accenture,Net Positivity,CQ42023,1.48,0.99,1.1615999999999993,-0.1715999999999993
ACN,Accenture,Net Positivity,CQ12024,0.99,1.67,1.0922,0.5777999999999999
ACN,Accenture,Net Positivity,CQ22024,1.67,1.07,1.3123999999999998,-0.24239999999999973
ACN,Accenture,Net Positivity,CQ32024,1.07,1.51,1.0552000000000001,0.45479999999999987
ACN,Accenture,Numeric Transeprency,CQ12022,2.06,2.67,2.4907999999999997,0.17920000000000025
ACN,Accenture,Numeric Transeprency,CQ22022,2.67,3.45,2.7219000000000015,0.7280999999999986
ACN,Accenture,Numeric Transeprency,CQ32022,3.45,2.17,2.8396,-0.6696
ACN,Accenture,Numeric Transeprency,CQ42022,2.17,2.45,2.574899999999999,-0.1248999999999989
ACN,Accenture,Numeric Transeprency,CQ12023,2.45,2.61,2.929900000000001,-0.31990000000000096
ACN,Accenture,Numeric Transeprency,CQ22023,2.61,2.93,2.9606,-0.03059999999999974
ACN,Accenture,Numeric Transeprency,CQ32023,2.93,2.34,2.4769000000000014,-0.13690000000000158
ACN,Accenture,Numeric Transeprency,CQ42023,2.34,2.16,2.4843,-0.32430000000000003
ACN,Accenture,Numeric Transeprency,CQ12024,2.16,2.55,2.6050999999999993,-0.05509999999999948
ACN,Accenture,Numeric Transeprency,CQ22024,2.55,3.31,2.6967999999999996,0.6132000000000004
ACN,Accenture,Numeric Transeprency,CQ32024,3.31,2.43,2.4322,-0.0021999999999997577
ADBE,Adobe Inc.,Analyst Selectivity Ratio,CQ12022,34.48,39.29,37.67670000000001,1.6132999999999882
ADBE,Adobe Inc.,Analyst Selectivity Ratio,CQ22022,39.29,33.33,37.7141,-4.384100000000004
ADBE,Adobe Inc.,Analyst Selectivity Ratio,CQ32022,33.33,25.0,35.4884,-10.488399999999999
ADBE,Adobe Inc.,Analyst Selectivity Ratio,CQ42022,25.0,31.03,32.961000000000006,-1.9310000000000045
ADBE,Adobe Inc.,Analyst Selectivity Ratio,CQ12023,31.03,20.69,30.708899999999986,-10.018899999999984
ADBE,Adobe Inc.,Analyst Selectivity Ratio,CQ22023,20.69,30.0,27.717500000000005,2.2824999999999953
ADBE,Adobe Inc.,Analyst Selectivity Ratio,CQ32023,30.0,20.59,28.397100000000002,-7.807100000000002
ADBE,Adobe Inc.,Analyst Selectivity Ratio,CQ42023,20.59,23.53,25.285,-1.754999999999999
ADBE,Adobe Inc.,Analyst Selectivity Ratio,CQ12024,23.53,24.24,20.93049999999999,3.309500000000007
ADBE,Adobe Inc.,Analyst Selectivity Ratio,CQ22024,24.24,18.18,24.043999999999997,-5.863999999999997
ADBE,Adobe Inc.,Analyst Selectivity Ratio,CQ32024,18.18,15.15,22.433499999999995,-7.283499999999995
ADBE,Adobe Inc.,Language Complexity,CQ12022,13.99,14.42,14.431000000000001,-0.011000000000001009
ADBE,Adobe Inc.,Language Complexity,CQ22022,14.42,14.85,14.208200000000001,0.6417999999999981
ADBE,Adobe Inc.,Language Complexity,CQ32022,14.85,15.46,14.4287,1.0313000000000017
ADBE,Adobe Inc.,Language Complexity,CQ42022,15.46,15.02,14.927600000000007,0.09239999999999249
ADBE,Adobe Inc.,Language Complexity,CQ12023,15.02,15.24,14.999399999999985,0.2406000000000148
ADBE,Adobe Inc.,Language Complexity,CQ22023,15.24,14.93,14.886199999999999,0.04380000000000095
ADBE,Adobe Inc.,Language Complexity,CQ32023,14.93,14.92,15.088399999999988,-0.16839999999998767
ADBE,Adobe Inc.,Language Complexity,CQ42023,14.92,13.94,14.432600000000006,-0.4926000000000066
ADBE,Adobe Inc.,Language Complexity,CQ12024,13.94,14.86,14.769700000000006,0.09029999999999383
ADBE,Adobe Inc.,Language Complexity,CQ22024,14.86,15.26,14.644999999999992,0.6150000000000073
ADBE,Adobe Inc.,Language Complexity,CQ32024,15.26,15.49,14.789800000000005,0.7001999999999953
ADBE,Adobe Inc.,Net Positivity,CQ12022,2.45,2.53,2.204499999999999,0.3255000000000008
ADBE,Adobe Inc.,Net Positivity,CQ22022,2.53,3.28,2.6162,0.6637999999999997
ADBE,Adobe Inc.,Net Positivity,CQ32022,3.28,2.83,2.6183000000000005,0.21169999999999956
ADBE,Adobe Inc.,Net Positivity,CQ42022,2.83,2.55,2.6155000000000013,-0.06550000000000145
ADBE,Adobe Inc.,Net Positivity,CQ12023,2.55,2.96,2.8825000000000016,0.07749999999999835
ADBE,Adobe Inc.,Net Positivity,CQ22023,2.96,2.73,3.171799999999998,-0.44179999999999797
ADBE,Adobe Inc.,Net Positivity,CQ32023,2.73,3.18,2.879000000000001,0.30099999999999927
ADBE,Adobe Inc.,Net Positivity,CQ42023,3.18,2.38,2.9484,-0.5684
ADBE,Adobe Inc.,Net Positivity,CQ12024,2.38,2.63,2.6604999999999994,-0.030499999999999527
ADBE,Adobe Inc.,Net Positivity,CQ22024,2.63,2.9,2.8276999999999997,0.07230000000000025
ADBE,Adobe Inc.,Net Positivity,CQ32024,2.9,2.77,2.9296,-0.1596000000000002
ADBE,Adobe Inc.,Numeric Transeprency,CQ12022,1.57,1.54,1.2391999999999996,0.3008000000000004
ADBE,Adobe Inc.,Numeric Transeprency,CQ22022,1.54,1.59,1.5431999999999997,0.0468000000000004
ADBE,Adobe Inc.,Numeric Transeprency,CQ32022,1.59,1.96,1.3968999999999996,0.5631000000000004
ADBE,Adobe Inc.,Numeric Transeprency,CQ42022,1.96,1.27,1.9235999999999998,-0.6535999999999997
ADBE,Adobe Inc.,Numeric Transeprency,CQ12023,1.27,1.53,1.5202,0.009800000000000031
ADBE,Adobe Inc.,Numeric Transeprency,CQ22023,1.53,1.54,1.7448000000000001,-0.2048000000000001
ADBE,Adobe Inc.,Numeric Transeprency,CQ32023,1.54,2.48,1.5393000000000003,0.9406999999999996
ADBE,Adobe Inc.,Numeric Transeprency,CQ42023,2.48,1.56,1.7764999999999995,-0.21649999999999947
ADBE,Adobe Inc.,Numeric Transeprency,CQ12024,1.56,1.43,1.3217999999999999,0.10820000000000007
ADBE,Adobe Inc.,Numeric Transeprency,CQ22024,1.43,1.53,1.7551000000000005,-0.22510000000000052
ADBE,Adobe Inc.,Numeric Transeprency,CQ32024,1.53,2.61,1.6728000000000012,0.9371999999999987
ADI,Analog Devices,Analyst Selectivity Ratio,CQ12022,28.0,32.0,32.812799999999996,-0.8127999999999957
ADI,Analog Devices,Analyst Selectivity Ratio,CQ22022,32.0,36.36,32.394099999999995,3.965900000000005
ADI,Analog Devices,Analyst Selectivity Ratio,CQ32022,36.36,25.0,34.69359999999999,-9.69359999999999
ADI,Analog Devices,Analyst Selectivity Ratio,CQ42022,25.0,23.08,33.4478,-10.367800000000003
ADI,Analog Devices,Analyst Selectivity Ratio,CQ12023,23.08,28.0,29.385099999999987,-1.3850999999999871
ADI,Analog Devices,Analyst Selectivity Ratio,CQ22023,28.0,26.92,27.3548,-0.4347999999999992
ADI,Analog Devices,Analyst Selectivity Ratio,CQ32023,26.92,23.08,27.401099999999992,-4.321099999999994
ADI,Analog Devices,Analyst Selectivity Ratio,CQ42023,23.08,26.92,25.7221,1.1979000000000006
ADI,Analog Devices,Analyst Selectivity Ratio,CQ12024,26.92,26.92,26.16619999999999,0.7538000000000125
ADI,Analog Devices,Analyst Selectivity Ratio,CQ22024,26.92,29.63,27.014400000000002,2.615599999999997
ADI,Analog Devices,Analyst Selectivity Ratio,CQ32024,29.63,28.0,28.79349999999999,-0.793499999999991
ADI,Analog Devices,Language Complexity,CQ12022,12.3,12.3,12.344399999999993,-0.044399999999992446
ADI,Analog Devices,Language Complexity,CQ22022,12.3,12.19,12.634700000000008,-0.4447000000000081
ADI,Analog Devices,Language Complexity,CQ32022,12.19,12.44,12.539400000000008,-0.09940000000000815
ADI,Analog Devices,Language Complexity,CQ42022,12.44,12.46,12.440600000000009,0.01939999999999209
ADI,Analog Devices,Language Complexity,CQ12023,12.46,11.92,12.451100000000006,-0.5311000000000057
ADI,Analog Devices,Language Complexity,CQ22023,11.92,11.63,12.140100000000004,-0.5101000000000031
ADI,Analog Devices,Language Complexity,CQ32023,11.63,11.8,12.138900000000003,-0.3389000000000024
ADI,Analog Devices,Language Complexity,CQ42023,11.8,12.34,12.013300000000001,0.3266999999999989
ADI,Analog Devices,Language Complexity,CQ12024,12.34,12.47,12.134000000000004,0.33599999999999675
ADI,Analog Devices,Language Complexity,CQ22024,12.47,12.87,12.081800000000005,0.7881999999999945
ADI,Analog Devices,Language Complexity,CQ32024,12.87,12.9,12.399800000000004,0.500199999999996
ADI,Analog Devices,Net Positivity,CQ12022,1.57,1.35,1.2682999999999998,0.08170000000000033
ADI,Analog Devices,Net Positivity,CQ22022,1.35,1.07,1.1702999999999997,-0.10029999999999961
ADI,Analog Devices,Net Positivity,CQ32022,1.07,1.02,1.2532999999999996,-0.23329999999999962
ADI,Analog Devices,Net Positivity,CQ42022,1.02,1.89,1.1729999999999998,0.7170000000000001
ADI,Analog Devices,Net Positivity,CQ12023,1.89,0.62,1.3603999999999998,-0.7403999999999998
ADI,Analog Devices,Net Positivity,CQ22023,0.62,0.64,0.8016000000000002,-0.1616000000000002
ADI,Analog Devices,Net Positivity,CQ32023,0.64,0.56,0.7313999999999998,-0.17139999999999977
ADI,Analog Devices,Net Positivity,CQ42023,0.56,0.43,0.9094000000000004,-0.47940000000000044
ADI,Analog Devices,Net Positivity,CQ12024,0.43,1.23,0.5378999999999998,0.6921000000000002
ADI,Analog Devices,Net Positivity,CQ22024,1.23,0.82,0.8822000000000001,-0.062200000000000144
ADI,Analog Devices,Net Positivity,CQ32024,0.82,1.14,1.0063000000000002,0.1336999999999997
ADI,Analog Devices,Numeric Transeprency,CQ12022,2.0,2.5,1.9940000000000009,0.5059999999999991
ADI,Analog Devices,Numeric Transeprency,CQ22022,2.5,2.3,2.299999999999999,8.881784197001252e-16
ADI,Analog Devices,Numeric Transeprency,CQ32022,2.3,2.12,2.3233,-0.20330000000000004
ADI,Analog Devices,Numeric Transeprency,CQ42022,2.12,2.4,2.4242000000000004,-0.024200000000000443
ADI,Analog Devices,Numeric Transeprency,CQ12023,2.4,1.38,2.4345,-1.0545
ADI,Analog Devices,Numeric Transeprency,CQ22023,1.38,2.4,1.7313,0.6686999999999999
ADI,Analog Devices,Numeric Transeprency,CQ32023,2.4,3.01,1.9853999999999987,1.024600000000001
ADI,Analog Devices,Numeric Transeprency,CQ42023,3.01,2.08,2.2465000000000006,-0.16650000000000054
ADI,Analog Devices,Numeric Transeprency,CQ12024,2.08,1.73,2.0772999999999997,-0.3472999999999997
ADI,Analog Devices,Numeric Transeprency,CQ22024,1.73,2.0,2.4346,-0.4346000000000001
ADI,Analog Devices,Numeric Transeprency,CQ32024,2.0,2.7,2.2758000000000003,0.4241999999999999
ADM,Archer Daniels Midland,Analyst Selectivity Ratio,CQ12022,56.25,64.29,63.42379999999999,0.8662000000000134
ADM,Archer Daniels Midland,Analyst Selectivity Ratio,CQ22022,64.29,64.29,45.8649,18.425100000000008
ADM,Archer Daniels Midland,Analyst Selectivity Ratio,CQ32022,64.29,61.54,58.867300000000014,2.6726999999999848
ADM,Archer Daniels Midland,Analyst Selectivity Ratio,CQ42022,61.54,38.46,62.02040000000001,-23.56040000000001
ADM,Archer Daniels Midland,Analyst Selectivity Ratio,CQ12023,38.46,69.23,49.0717,20.158300000000004
ADM,Archer Daniels Midland,Analyst Selectivity Ratio,CQ22023,69.23,50.0,61.24209999999999,-11.242099999999994
ADM,Archer Daniels Midland,Analyst Selectivity Ratio,CQ32023,50.0,50.0,56.655800000000006,-6.655800000000006
ADM,Archer Daniels Midland,Analyst Selectivity Ratio,CQ42023,50.0,46.15,48.877800000000015,-2.727800000000016
ADM,Archer Daniels Midland,Analyst Selectivity Ratio,CQ12024,46.15,53.85,50.1488,3.7012
ADM,Archer Daniels Midland,Analyst Selectivity Ratio,CQ22024,53.85,71.43,46.145600000000016,25.28439999999999
ADM,Archer Daniels Midland,Analyst Selectivity Ratio,CQ32024,71.43,66.67,60.229599999999984,6.440400000000018
ADM,Archer Daniels Midland,Language Complexity,CQ12022,11.95,12.44,11.485200000000003,0.954799999999997
ADM,Archer Daniels Midland,Language Complexity,CQ22022,12.44,11.39,12.272699999999995,-0.8826999999999945
ADM,Archer Daniels Midland,Language Complexity,CQ32022,11.39,12.34,11.733399999999996,0.6066000000000038
ADM,Archer Daniels Midland,Language Complexity,CQ42022,12.34,12.33,12.085899999999997,0.2441000000000031
ADM,Archer Daniels Midland,Language Complexity,CQ12023,12.33,12.16,12.445599999999999,-0.28559999999999874
ADM,Archer Daniels Midland,Language Complexity,CQ22023,12.16,12.96,12.001600000000002,0.9583999999999993
ADM,Archer Daniels Midland,Language Complexity,CQ32023,12.96,13.66,12.441399999999994,1.2186000000000057
ADM,Archer Daniels Midland,Language Complexity,CQ42023,13.66,13.41,12.9557,0.4542999999999999
ADM,Archer Daniels Midland,Language Complexity,CQ12024,13.41,12.32,13.167999999999989,-0.8479999999999883
ADM,Archer Daniels Midland,Language Complexity,CQ22024,12.32,12.26,13.0497,-0.7896999999999998
ADM,Archer Daniels Midland,Language Complexity,CQ32024,12.26,12.4,12.6928,-0.2927999999999997
ADM,Archer Daniels Midland,Net Positivity,CQ12022,1.52,0.75,1.7441999999999995,-0.9941999999999995
ADM,Archer Daniels Midland,Net Positivity,CQ22022,0.75,1.98,1.1604999999999999,0.8195000000000001
ADM,Archer Daniels Midland,Net Positivity,CQ32022,1.98,1.28,1.1974000000000005,0.08259999999999956
ADM,Archer Daniels Midland,Net Positivity,CQ42022,1.28,1.5,1.3884,0.11159999999999992
ADM,Archer Daniels Midland,Net Positivity,CQ12023,1.5,1.55,1.3647999999999996,0.18520000000000048
ADM,Archer Daniels Midland,Net Positivity,CQ22023,1.55,1.49,1.7650999999999994,-0.27509999999999946
ADM,Archer Daniels Midland,Net Positivity,CQ32023,1.49,1.48,1.4404000000000006,0.03959999999999941
ADM,Archer Daniels Midland,Net Positivity,CQ42023,1.48,1.04,1.699,-0.659
ADM,Archer Daniels Midland,Net Positivity,CQ12024,1.04,1.26,1.2931,-0.03309999999999991
ADM,Archer Daniels Midland,Net Positivity,CQ22024,1.26,1.68,1.2697999999999994,0.41020000000000056
ADM,Archer Daniels Midland,Net Positivity,CQ32024,1.68,0.82,1.3760999999999999,-0.5560999999999999
ADM,Archer Daniels Midland,Numeric Transeprency,CQ12022,2.34,1.38,1.8262999999999991,-0.44629999999999925
ADM,Archer Daniels Midland,Numeric Transeprency,CQ22022,1.38,1.67,1.303,0.367
ADM,Archer Daniels Midland,Numeric Transeprency,CQ32022,1.67,1.82,1.9239999999999995,-0.10399999999999943
ADM,Archer Daniels Midland,Numeric Transeprency,CQ42022,1.82,2.25,1.7496999999999991,0.5003000000000009
ADM,Archer Daniels Midland,Numeric Transeprency,CQ12023,2.25,1.3,1.6883999999999992,-0.3883999999999992
ADM,Archer Daniels Midland,Numeric Transeprency,CQ22023,1.3,1.48,1.6422999999999994,-0.16229999999999944
ADM,Archer Daniels Midland,Numeric Transeprency,CQ32023,1.48,1.7,1.7867,-0.0867
ADM,Archer Daniels Midland,Numeric Transeprency,CQ42023,1.7,2.81,1.7385999999999995,1.0714000000000006
ADM,Archer Daniels Midland,Numeric Transeprency,CQ12024,2.81,1.72,1.6813,0.03869999999999996
ADM,Archer Daniels Midland,Numeric Transeprency,CQ22024,1.72,1.95,1.7521000000000013,0.19789999999999863
ADM,Archer Daniels Midland,Numeric Transeprency,CQ32024,1.95,1.59,2.2933000000000003,-0.7033000000000003
ADP,Automatic Data Processing,Analyst Selectivity Ratio,CQ12022,52.63,36.84,39.00989999999999,-2.169899999999984
ADP,Automatic Data Processing,Analyst Selectivity Ratio,CQ22022,36.84,47.06,37.4502,9.6098
ADP,Automatic Data Processing,Analyst Selectivity Ratio,CQ32022,47.06,38.89,42.80939999999999,-3.919399999999989
ADP,Automatic Data Processing,Analyst Selectivity Ratio,CQ42022,38.89,35.29,47.43809999999999,-12.148099999999992
ADP,Automatic Data Processing,Analyst Selectivity Ratio,CQ12023,35.29,43.75,39.001000000000005,4.748999999999995
ADP,Automatic Data Processing,Analyst Selectivity Ratio,CQ22023,43.75,35.29,39.00249999999999,-3.7124999999999915
ADP,Automatic Data Processing,Analyst Selectivity Ratio,CQ32023,35.29,47.37,37.676700000000004,9.693299999999994
ADP,Automatic Data Processing,Analyst Selectivity Ratio,CQ42023,47.37,55.56,39.827799999999996,15.732200000000006
ADP,Automatic Data Processing,Analyst Selectivity Ratio,CQ12024,55.56,27.78,50.111799999999995,-22.331799999999994
ADP,Automatic Data Processing,Analyst Selectivity Ratio,CQ22024,27.78,38.89,39.37469999999999,-0.4846999999999895
ADP,Automatic Data Processing,Analyst Selectivity Ratio,CQ32024,38.89,35.29,43.1447,-7.854700000000001
ADP,Automatic Data Processing,Language Complexity,CQ12022,11.91,12.6,12.071700000000007,0.5282999999999927
ADP,Automatic Data Processing,Language Complexity,CQ22022,12.6,12.43,12.430099999999998,-9.999999999799059e-05
ADP,Automatic Data Processing,Language Complexity,CQ32022,12.43,12.14,12.343200000000003,-0.2032000000000025
ADP,Automatic Data Processing,Language Complexity,CQ42022,12.14,11.13,12.204799999999993,-1.0747999999999927
ADP,Automatic Data Processing,Language Complexity,CQ12023,11.13,11.3,12.131999999999998,-0.8319999999999972
ADP,Automatic Data Processing,Language Complexity,CQ22023,11.3,12.28,11.6538,0.626199999999999
ADP,Automatic Data Processing,Language Complexity,CQ32023,12.28,12.13,11.658199999999997,0.47180000000000355
ADP,Automatic Data Processing,Language Complexity,CQ42023,12.13,12.02,12.075599999999994,-0.055599999999994765
ADP,Automatic Data Processing,Language Complexity,CQ12024,12.02,11.92,11.9781,-0.058099999999999596
ADP,Automatic Data Processing,Language Complexity,CQ22024,11.92,11.15,12.00060000000001,-0.8506000000000089
ADP,Automatic Data Processing,Language Complexity,CQ32024,11.15,10.99,11.557399999999998,-0.5673999999999975
ADP,Automatic Data Processing,Net Positivity,CQ12022,1.38,1.33,1.2608000000000001,0.06919999999999993
ADP,Automatic Data Processing,Net Positivity,CQ22022,1.33,1.11,1.1340999999999997,-0.024099999999999566
ADP,Automatic Data Processing,Net Positivity,CQ32022,1.11,1.42,1.2652999999999999,0.15470000000000006
ADP,Automatic Data Processing,Net Positivity,CQ42022,1.42,1.14,1.2700999999999996,-0.13009999999999966
ADP,Automatic Data Processing,Net Positivity,CQ12023,1.14,1.75,1.1226000000000003,0.6273999999999997
ADP,Automatic Data Processing,Net Positivity,CQ22023,1.75,1.75,1.3028000000000004,0.4471999999999996
ADP,Automatic Data Processing,Net Positivity,CQ32023,1.75,1.88,1.6004000000000005,0.2795999999999994
ADP,Automatic Data Processing,Net Positivity,CQ42023,1.88,1.57,1.6906999999999996,-0.12069999999999959
ADP,Automatic Data Processing,Net Positivity,CQ12024,1.57,2.22,1.6619,0.5581000000000003
ADP,Automatic Data Processing,Net Positivity,CQ22024,2.22,1.74,1.8976000000000004,-0.1576000000000004
ADP,Automatic Data Processing,Net Positivity,CQ32024,1.74,2.07,1.8083000000000005,0.2616999999999994
ADP,Automatic Data Processing,Numeric Transeprency,CQ12022,1.2,1.29,1.2756999999999998,0.014300000000000201
ADP,Automatic Data Processing,Numeric Transeprency,CQ22022,1.29,2.2,1.0036,1.1964000000000001
ADP,Automatic Data Processing,Numeric Transeprency,CQ32022,2.2,1.53,1.5277999999999998,0.002200000000000202
ADP,Automatic Data Processing,Numeric Transeprency,CQ42022,1.53,1.19,1.4658000000000004,-0.2758000000000005
ADP,Automatic Data Processing,Numeric Transeprency,CQ12023,1.19,1.08,1.5431000000000004,-0.4631000000000003
ADP,Automatic Data Processing,Numeric Transeprency,CQ22023,1.08,1.94,1.5117000000000005,0.42829999999999946
ADP,Automatic Data Processing,Numeric Transeprency,CQ32023,1.94,0.93,1.3677999999999997,-0.43779999999999963
ADP,Automatic Data Processing,Numeric Transeprency,CQ42023,0.93,1.12,1.1463999999999999,-0.026399999999999757
ADP,Automatic Data Processing,Numeric Transeprency,CQ12024,1.12,1.23,1.1664999999999999,0.06350000000000011
ADP,Automatic Data Processing,Numeric Transeprency,CQ22024,1.23,2.09,1.202,0.8879999999999999
ADP,Automatic Data Processing,Numeric Transeprency,CQ32024,2.09,1.18,1.3964999999999992,-0.21649999999999925
ADSK,Autodesk,Analyst Selectivity Ratio,CQ12022,38.1,37.5,34.076299999999975,3.423700000000025
ADSK,Autodesk,Analyst Selectivity Ratio,CQ22022,37.5,34.62,34.99079999999999,-0.3707999999999956
ADSK,Autodesk,Analyst Selectivity Ratio,CQ32022,34.62,37.93,37.2765,0.6535000000000011
ADSK,Autodesk,Analyst Selectivity Ratio,CQ42022,37.93,33.33,37.6681,-4.338100000000004
ADSK,Autodesk,Analyst Selectivity Ratio,CQ12023,33.33,32.14,32.18359999999998,-0.043599999999976546
ADSK,Autodesk,Analyst Selectivity Ratio,CQ22023,32.14,34.48,31.938799999999997,2.5412
ADSK,Autodesk,Analyst Selectivity Ratio,CQ32023,34.48,33.33,34.753199999999985,-1.4231999999999871
ADSK,Autodesk,Analyst Selectivity Ratio,CQ42023,33.33,33.33,32.37630000000001,0.9536999999999907
ADSK,Autodesk,Analyst Selectivity Ratio,CQ12024,33.33,29.63,32.2743,-2.6442999999999977
ADSK,Autodesk,Analyst Selectivity Ratio,CQ22024,29.63,25.93,30.666300000000007,-4.736300000000007
ADSK,Autodesk,Analyst Selectivity Ratio,CQ32024,25.93,34.62,31.1278,3.492199999999997
ADSK,Autodesk,Language Complexity,CQ12022,13.25,12.74,13.376100000000003,-0.6361000000000026
ADSK,Autodesk,Language Complexity,CQ22022,12.74,13.49,13.1888,0.3011999999999997
ADSK,Autodesk,Language Complexity,CQ32022,13.49,12.83,12.9488,-0.11880000000000024
ADSK,Autodesk,Language Complexity,CQ42022,12.83,12.8,13.085999999999997,-0.28599999999999604
ADSK,Autodesk,Language Complexity,CQ12023,12.8,13.15,13.008100000000002,0.14189999999999792
ADSK,Autodesk,Language Complexity,CQ22023,13.15,12.62,13.133099999999995,-0.5130999999999961
ADSK,Autodesk,Language Complexity,CQ32023,12.62,12.8,12.825300000000006,-0.025300000000004985
ADSK,Autodesk,Language Complexity,CQ42023,12.8,12.95,12.854699999999996,0.09530000000000349
ADSK,Autodesk,Language Complexity,CQ12024,12.95,12.75,12.755799999999999,-0.005799999999998917
ADSK,Autodesk,Language Complexity,CQ22024,12.75,13.43,13.513500000000006,-0.08350000000000612
ADSK,Autodesk,Language Complexity,CQ32024,13.43,13.23,12.9828,0.2472000000000012
ADSK,Autodesk,Net Positivity,CQ12022,1.51,1.55,1.0808000000000009,0.4691999999999992
ADSK,Autodesk,Net Positivity,CQ22022,1.55,1.24,1.2999999999999994,-0.05999999999999939
ADSK,Autodesk,Net Positivity,CQ32022,1.24,0.89,1.3397,-0.4496999999999999
ADSK,Autodesk,Net Positivity,CQ42022,0.89,0.71,1.1951000000000003,-0.4851000000000003
ADSK,Autodesk,Net Positivity,CQ12023,0.71,1.35,0.8941000000000006,0.45589999999999953
ADSK,Autodesk,Net Positivity,CQ22023,1.35,1.43,1.0160999999999998,0.41390000000000016
ADSK,Autodesk,Net Positivity,CQ32023,1.43,0.9,1.1468999999999998,-0.2468999999999998
ADSK,Autodesk,Net Positivity,CQ42023,0.9,0.76,1.0121,-0.2521
ADSK,Autodesk,Net Positivity,CQ12024,0.76,1.16,1.0219999999999996,0.13800000000000034
ADSK,Autodesk,Net Positivity,CQ22024,1.16,1.69,0.9462,0.7437999999999999
ADSK,Autodesk,Net Positivity,CQ32024,1.69,1.59,1.1619000000000006,0.4280999999999995
ADSK,Autodesk,Numeric Transeprency,CQ12022,1.81,1.14,1.5228000000000004,-0.3828000000000005
ADSK,Autodesk,Numeric Transeprency,CQ22022,1.14,1.1,1.4150999999999994,-0.31509999999999927
ADSK,Autodesk,Numeric Transeprency,CQ32022,1.1,1.55,1.3234000000000001,0.2265999999999999
ADSK,Autodesk,Numeric Transeprency,CQ42022,1.55,2.37,1.2665,1.1035000000000001
ADSK,Autodesk,Numeric Transeprency,CQ12023,2.37,1.33,1.669999999999999,-0.33999999999999897
ADSK,Autodesk,Numeric Transeprency,CQ22023,1.33,0.95,1.5363,-0.5863
ADSK,Autodesk,Numeric Transeprency,CQ32023,0.95,1.53,1.3151000000000002,0.21489999999999987
ADSK,Autodesk,Numeric Transeprency,CQ42023,1.53,2.28,1.6211999999999995,0.6588000000000003
ADSK,Autodesk,Numeric Transeprency,CQ12024,2.28,1.24,1.6005999999999991,-0.36059999999999914
ADSK,Autodesk,Numeric Transeprency,CQ22024,1.24,1.48,1.5209000000000001,-0.04090000000000016
ADSK,Autodesk,Numeric Transeprency,CQ32024,1.48,1.79,1.8679,-0.07789999999999986
AEE,Ameren,Analyst Selectivity Ratio,CQ12022,26.67,20.0,31.360599999999987,-11.360599999999987
AEE,Ameren,Analyst Selectivity Ratio,CQ22022,20.0,25.0,29.156799999999997,-4.156799999999997
AEE,Ameren,Analyst Selectivity Ratio,CQ32022,25.0,0.0,31.135500000000008,-31.135500000000008
AEE,Ameren,Analyst Selectivity Ratio,CQ42022,0.0,14.29,22.35839999999999,-8.06839999999999
AEE,Ameren,Analyst Selectivity Ratio,CQ12023,14.29,0.0,29.901,-29.901
AEE,Ameren,Analyst Selectivity Ratio,CQ22023,0.0,23.08,9.533199999999999,13.5468
AEE,Ameren,Analyst Selectivity Ratio,CQ32023,23.08,28.57,32.18049999999998,-3.6104999999999805
AEE,Ameren,Analyst Selectivity Ratio,CQ42023,28.57,38.46,32.73029999999999,5.729700000000008
AEE,Ameren,Analyst Selectivity Ratio,CQ12024,38.46,33.33,31.1627,2.1672999999999973
AEE,Ameren,Analyst Selectivity Ratio,CQ22024,33.33,30.77,34.09440000000001,-3.324400000000008
AEE,Ameren,Analyst Selectivity Ratio,CQ32024,30.77,15.38,30.789599999999993,-15.409599999999992
AEE,Ameren,Language Complexity,CQ12022,14.97,15.25,14.286600000000005,0.9633999999999947
AEE,Ameren,Language Complexity,CQ22022,15.25,14.13,14.820300000000005,-0.6903000000000041
AEE,Ameren,Language Complexity,CQ32022,14.13,15.57,14.568599999999995,1.0014000000000056
AEE,Ameren,Language Complexity,CQ42022,15.57,14.62,14.875399999999997,-0.2553999999999981
AEE,Ameren,Language Complexity,CQ12023,14.62,16.21,14.741799999999996,1.4682000000000048
AEE,Ameren,Language Complexity,CQ22023,16.21,14.39,14.796599999999998,-0.4065999999999974
AEE,Ameren,Language Complexity,CQ32023,14.39,14.06,14.8264,-0.7663999999999991
AEE,Ameren,Language Complexity,CQ42023,14.06,14.1,14.532399999999997,-0.4323999999999977
AEE,Ameren,Language Complexity,CQ12024,14.1,14.05,14.127899999999997,-0.07789999999999608
AEE,Ameren,Language Complexity,CQ22024,14.05,13.37,14.272300000000005,-0.9023000000000057
AEE,Ameren,Language Complexity,CQ32024,13.37,14.46,13.589199999999998,0.8708000000000027
AEE,Ameren,Net Positivity,CQ12022,1.48,1.4,1.2184,0.18159999999999998
AEE,Ameren,Net Positivity,CQ22022,1.4,1.44,1.2685,0.17149999999999999
AEE,Ameren,Net Positivity,CQ32022,1.44,1.86,1.3888,0.47120000000000006
AEE,Ameren,Net Positivity,CQ42022,1.86,1.76,1.6111000000000004,0.1488999999999996
AEE,Ameren,Net Positivity,CQ12023,1.76,2.06,1.5977,0.46230000000000016
AEE,Ameren,Net Positivity,CQ22023,2.06,1.02,1.5730000000000002,-0.5530000000000002
AEE,Ameren,Net Positivity,CQ32023,1.02,1.16,1.3514,-0.19140000000000001
AEE,Ameren,Net Positivity,CQ42023,1.16,1.59,1.5439000000000005,0.046099999999999586
AEE,Ameren,Net Positivity,CQ12024,1.59,0.74,1.4516999999999998,-0.7116999999999998
AEE,Ameren,Net Positivity,CQ22024,0.74,1.67,0.8016000000000004,0.8683999999999995
AEE,Ameren,Net Positivity,CQ32024,1.67,1.5,1.4900999999999995,0.009900000000000464
AEE,Ameren,Numeric Transeprency,CQ12022,3.06,2.74,2.5852000000000004,0.15479999999999983
AEE,Ameren,Numeric Transeprency,CQ22022,2.74,2.93,2.6320000000000014,0.2979999999999987
AEE,Ameren,Numeric Transeprency,CQ32022,2.93,4.07,2.8326000000000007,1.2373999999999996
AEE,Ameren,Numeric Transeprency,CQ42022,4.07,4.27,3.1153999999999997,1.1545999999999998
AEE,Ameren,Numeric Transeprency,CQ12023,4.27,4.29,3.1275000000000013,1.1624999999999988
AEE,Ameren,Numeric Transeprency,CQ22023,4.29,3.39,3.7382000000000004,-0.3482000000000003
AEE,Ameren,Numeric Transeprency,CQ32023,3.39,3.45,3.500500000000001,-0.05050000000000088
AEE,Ameren,Numeric Transeprency,CQ42023,3.45,3.12,4.030300000000001,-0.9103000000000012
AEE,Ameren,Numeric Transeprency,CQ12024,3.12,3.01,3.6304000000000003,-0.6204000000000005
AEE,Ameren,Numeric Transeprency,CQ22024,3.01,2.44,3.1284000000000005,-0.6884000000000006
AEE,Ameren,Numeric Transeprency,CQ32024,2.44,3.0,3.127600000000001,-0.12760000000000105
AEP,American Electric Power,Analyst Selectivity Ratio,CQ12022,33.33,31.58,33.9692,-2.3892000000000024
AEP,American Electric Power,Analyst Selectivity Ratio,CQ22022,31.58,44.44,31.9619,12.478099999999998
AEP,American Electric Power,Analyst Selectivity Ratio,CQ32022,44.44,23.53,39.05570000000001,-15.525700000000008
AEP,American Electric Power,Analyst Selectivity Ratio,CQ42022,23.53,29.41,34.84479999999999,-5.434799999999992
AEP,American Electric Power,Analyst Selectivity Ratio,CQ12023,29.41,35.29,32.28959999999999,3.000400000000006
AEP,American Electric Power,Analyst Selectivity Ratio,CQ22023,35.29,36.84,36.06100000000001,0.7789999999999964
AEP,American Electric Power,Analyst Selectivity Ratio,CQ32023,36.84,31.58,36.640899999999995,-5.060899999999997
AEP,American Electric Power,Analyst Selectivity Ratio,CQ42023,31.58,33.33,34.977,-1.6469999999999985
AEP,American Electric Power,Analyst Selectivity Ratio,CQ12024,33.33,30.0,34.1558,-4.155799999999999
AEP,American Electric Power,Analyst Selectivity Ratio,CQ22024,30.0,41.18,29.13739999999999,12.04260000000001
AEP,American Electric Power,Analyst Selectivity Ratio,CQ32024,41.18,37.5,34.75659999999999,2.7434000000000083
AEP,American Electric Power,Language Complexity,CQ12022,13.22,13.11,13.223400000000005,-0.11340000000000572
AEP,American Electric Power,Language Complexity,CQ22022,13.11,13.33,13.365200000000007,-0.03520000000000678
AEP,American Electric Power,Language Complexity,CQ32022,13.33,12.96,13.171700000000001,-0.21170000000000044
AEP,American Electric Power,Language Complexity,CQ42022,12.96,12.89,13.0912,-0.20120000000000005
AEP,American Electric Power,Language Complexity,CQ12023,12.89,13.72,13.029300000000005,0.6906999999999961
AEP,American Electric Power,Language Complexity,CQ22023,13.72,12.9,13.261500000000003,-0.36150000000000304
AEP,American Electric Power,Language Complexity,CQ32023,12.9,12.15,12.9441,-0.7941000000000003
AEP,American Electric Power,Language Complexity,CQ42023,12.15,12.31,12.663900000000003,-0.353900000000003
AEP,American Electric Power,Language Complexity,CQ12024,12.31,11.45,12.778300000000002,-1.3283000000000023
AEP,American Electric Power,Language Complexity,CQ22024,11.45,11.97,12.191,-0.22100000000000009
AEP,American Electric Power,Language Complexity,CQ32024,11.97,12.97,11.917200000000006,1.0527999999999942
AEP,American Electric Power,Net Positivity,CQ12022,1.34,0.73,1.1022000000000005,-0.37220000000000053
AEP,American Electric Power,Net Positivity,CQ22022,0.73,0.98,0.7471999999999994,0.23280000000000056
AEP,American Electric Power,Net Positivity,CQ32022,0.98,0.8,0.8367999999999997,-0.03679999999999961
AEP,American Electric Power,Net Positivity,CQ42022,0.8,0.8,1.0288999999999993,-0.22889999999999922
AEP,American Electric Power,Net Positivity,CQ12023,0.8,0.9,0.7417999999999999,0.15820000000000012
AEP,American Electric Power,Net Positivity,CQ22023,0.9,0.79,0.8151999999999995,-0.025199999999999445
AEP,American Electric Power,Net Positivity,CQ32023,0.79,0.98,0.5886999999999998,0.3913000000000002
AEP,American Electric Power,Net Positivity,CQ42023,0.98,1.35,1.0302999999999995,0.31970000000000054
AEP,American Electric Power,Net Positivity,CQ12024,1.35,0.75,1.1167000000000007,-0.3667000000000007
AEP,American Electric Power,Net Positivity,CQ22024,0.75,1.24,1.0134999999999998,0.22650000000000015
AEP,American Electric Power,Net Positivity,CQ32024,1.24,1.55,1.0778999999999996,0.4721000000000004
AEP,American Electric Power,Numeric Transeprency,CQ12022,3.04,2.17,2.768700000000001,-0.5987000000000009
AEP,American Electric Power,Numeric Transeprency,CQ22022,2.17,1.97,2.3419000000000008,-0.3719000000000008
AEP,American Electric Power,Numeric Transeprency,CQ32022,1.97,3.48,2.5222000000000007,0.9577999999999993
AEP,American Electric Power,Numeric Transeprency,CQ42022,3.48,3.48,2.6242,0.8557999999999999
AEP,American Electric Power,Numeric Transeprency,CQ12023,3.48,2.34,2.5078000000000005,-0.16780000000000062
AEP,American Electric Power,Numeric Transeprency,CQ22023,2.34,2.56,2.5967999999999978,-0.03679999999999772
AEP,American Electric Power,Numeric Transeprency,CQ32023,2.56,2.65,3.120500000000001,-0.47050000000000125
AEP,American Electric Power,Numeric Transeprency,CQ42023,2.65,2.77,2.873800000000001,-0.103800000000001
AEP,American Electric Power,Numeric Transeprency,CQ12024,2.77,1.81,2.508199999999999,-0.698199999999999
AEP,American Electric Power,Numeric Transeprency,CQ22024,1.81,1.97,2.191500000000001,-0.22150000000000092
AEP,American Electric Power,Numeric Transeprency,CQ32024,1.97,2.94,2.541700000000001,0.398299999999999
AES,AES Corporation,Analyst Selectivity Ratio,CQ12022,54.55,50.0,41.32070000000001,8.67929999999999
AES,AES Corporation,Analyst Selectivity Ratio,CQ22022,50.0,23.08,43.83299999999998,-20.75299999999998
AES,AES Corporation,Analyst Selectivity Ratio,CQ32022,23.08,38.46,36.8368,1.6232000000000042
AES,AES Corporation,Analyst Selectivity Ratio,CQ42022,38.46,33.33,40.42590000000003,-7.095900000000029
AES,AES Corporation,Analyst Selectivity Ratio,CQ12023,33.33,54.55,34.34089999999999,20.209100000000007
AES,AES Corporation,Analyst Selectivity Ratio,CQ22023,54.55,54.55,41.1097,13.4403
AES,AES Corporation,Analyst Selectivity Ratio,CQ32023,54.55,33.33,51.218499999999985,-17.888499999999986
AES,AES Corporation,Analyst Selectivity Ratio,CQ42023,33.33,35.71,41.841,-6.131
AES,AES Corporation,Analyst Selectivity Ratio,CQ12024,35.71,41.67,37.562599999999996,4.1074000000000055
AES,AES Corporation,Analyst Selectivity Ratio,CQ22024,41.67,41.67,34.1113,7.558700000000002
AES,AES Corporation,Analyst Selectivity Ratio,CQ32024,41.67,45.45,36.95500000000002,8.494999999999983
AES,AES Corporation,Language Complexity,CQ12022,11.42,11.43,12.234900000000003,-0.8049000000000035
AES,AES Corporation,Language Complexity,CQ22022,11.43,11.32,12.094400000000006,-0.7744000000000053
AES,AES Corporation,Language Complexity,CQ32022,11.32,11.7,11.475000000000001,0.22499999999999787
AES,AES Corporation,Language Complexity,CQ42022,11.7,10.67,11.779000000000007,-1.109000000000007
AES,AES Corporation,Language Complexity,CQ12023,10.67,11.31,11.442399999999996,-0.1323999999999952
AES,AES Corporation,Language Complexity,CQ22023,11.31,11.56,11.109800000000007,0.4501999999999935
AES,AES Corporation,Language Complexity,CQ32023,11.56,11.7,11.6143,0.08569999999999922
AES,AES Corporation,Language Complexity,CQ42023,11.7,11.54,11.540700000000005,-0.000700000000005474
AES,AES Corporation,Language Complexity,CQ12024,11.54,11.65,11.684299999999999,-0.03429999999999822
AES,AES Corporation,Language Complexity,CQ22024,11.65,11.05,11.927400000000004,-0.8774000000000033
AES,AES Corporation,Language Complexity,CQ32024,11.05,11.1,11.360999999999999,-0.26099999999999923
AES,AES Corporation,Net Positivity,CQ12022,1.14,0.11,1.3801999999999999,-1.2701999999999998
AES,AES Corporation,Net Positivity,CQ22022,0.11,0.76,0.8452,-0.08519999999999994
AES,AES Corporation,Net Positivity,CQ32022,0.76,1.02,0.9015000000000005,0.1184999999999995
AES,AES Corporation,Net Positivity,CQ42022,1.02,0.69,1.1278000000000004,-0.4378000000000004
AES,AES Corporation,Net Positivity,CQ12023,0.69,0.75,0.5822000000000002,0.16779999999999984
AES,AES Corporation,Net Positivity,CQ22023,0.75,1.16,0.7698000000000004,0.39019999999999955
AES,AES Corporation,Net Positivity,CQ32023,1.16,0.99,0.6729000000000002,0.3170999999999998
AES,AES Corporation,Net Positivity,CQ42023,0.99,0.98,1.1489000000000005,-0.1689000000000005
AES,AES Corporation,Net Positivity,CQ12024,0.98,1.13,0.9839,0.1460999999999999
AES,AES Corporation,Net Positivity,CQ22024,1.13,1.07,1.1898999999999997,-0.11989999999999967
AES,AES Corporation,Net Positivity,CQ32024,1.07,0.51,1.1702,-0.6601999999999999
AES,AES Corporation,Numeric Transeprency,CQ12022,3.89,2.26,3.151399999999998,-0.8913999999999982
AES,AES Corporation,Numeric Transeprency,CQ22022,2.26,2.42,2.7090999999999976,-0.2890999999999977
AES,AES Corporation,Numeric Transeprency,CQ32022,2.42,2.38,3.1288,-0.7488000000000001
AES,AES Corporation,Numeric Transeprency,CQ42022,2.38,3.74,2.773900000000001,0.9660999999999991
AES,AES Corporation,Numeric Transeprency,CQ12023,3.74,2.15,2.5359,-0.3858999999999999
AES,AES Corporation,Numeric Transeprency,CQ22023,2.15,2.28,2.4660000000000006,-0.18600000000000083
AES,AES Corporation,Numeric Transeprency,CQ32023,2.28,2.34,2.487300000000001,-0.14730000000000132
AES,AES Corporation,Numeric Transeprency,CQ42023,2.34,3.87,2.4833000000000003,1.3866999999999998
AES,AES Corporation,Numeric Transeprency,CQ12024,3.87,1.77,2.6181000000000005,-0.8481000000000005
AES,AES Corporation,Numeric Transeprency,CQ22024,1.77,1.86,2.3138999999999994,-0.4538999999999993
AES,AES Corporation,Numeric Transeprency,CQ32024,1.86,2.75,2.428800000000001,0.3211999999999988
AFL,Aflac,Analyst Selectivity Ratio,CQ12022,15.38,53.85,36.38239999999999,17.46760000000001
AFL,Aflac,Analyst Selectivity Ratio,CQ22022,53.85,58.33,46.553200000000004,11.776799999999994
AFL,Aflac,Analyst Selectivity Ratio,CQ32022,58.33,66.67,49.2526,17.4174
AFL,Aflac,Analyst Selectivity Ratio,CQ42022,66.67,38.46,49.0241,-10.564099999999996
AFL,Aflac,Analyst Selectivity Ratio,CQ12023,38.46,58.33,47.5932,10.736799999999995
AFL,Aflac,Analyst Selectivity Ratio,CQ22023,58.33,38.46,59.13290000000001,-20.672900000000006
AFL,Aflac,Analyst Selectivity Ratio,CQ32023,38.46,53.85,48.40959999999998,5.440400000000018
AFL,Aflac,Analyst Selectivity Ratio,CQ42023,53.85,58.33,51.005499999999984,7.324500000000015
AFL,Aflac,Analyst Selectivity Ratio,CQ12024,58.33,36.36,53.79929999999999,-17.43929999999999
AFL,Aflac,Analyst Selectivity Ratio,CQ22024,36.36,20.0,45.831399999999995,-25.831399999999995
AFL,Aflac,Analyst Selectivity Ratio,CQ32024,20.0,40.0,33.00949999999998,6.990500000000019
AFL,Aflac,Language Complexity,CQ12022,13.58,11.86,13.262199999999991,-1.4021999999999917
AFL,Aflac,Language Complexity,CQ22022,11.86,13.16,12.632300000000004,0.5276999999999958
AFL,Aflac,Language Complexity,CQ32022,13.16,12.45,13.2851,-0.8351000000000006
AFL,Aflac,Language Complexity,CQ42022,12.45,13.53,12.795899999999996,0.7341000000000033
AFL,Aflac,Language Complexity,CQ12023,13.53,12.1,13.051599999999999,-0.9515999999999991
AFL,Aflac,Language Complexity,CQ22023,12.1,12.55,12.511000000000003,0.038999999999997925
AFL,Aflac,Language Complexity,CQ32023,12.55,12.25,12.691400000000003,-0.44140000000000335
AFL,Aflac,Language Complexity,CQ42023,12.25,12.55,12.489699999999996,0.06030000000000513
AFL,Aflac,Language Complexity,CQ12024,12.55,11.98,12.369399999999995,-0.38939999999999486
AFL,Aflac,Language Complexity,CQ22024,11.98,11.61,12.374699999999994,-0.7646999999999942
AFL,Aflac,Language Complexity,CQ32024,11.61,11.91,12.079900000000002,-0.16990000000000194
AFL,Aflac,Net Positivity,CQ12022,0.94,0.46,0.9789999999999996,-0.5189999999999997
AFL,Aflac,Net Positivity,CQ22022,0.46,0.27,0.8121000000000003,-0.5421000000000002
AFL,Aflac,Net Positivity,CQ32022,0.27,0.56,0.5877,-0.027699999999999947
AFL,Aflac,Net Positivity,CQ42022,0.56,0.19,0.6703999999999998,-0.48039999999999977
AFL,Aflac,Net Positivity,CQ12023,0.19,0.45,0.5565000000000002,-0.1065000000000002
AFL,Aflac,Net Positivity,CQ22023,0.45,0.94,0.48710000000000003,0.4528999999999999
AFL,Aflac,Net Positivity,CQ32023,0.94,1.07,0.6558000000000002,0.4141999999999999
AFL,Aflac,Net Positivity,CQ42023,1.07,1.14,0.8554,0.28459999999999985
AFL,Aflac,Net Positivity,CQ12024,1.14,1.43,0.9021999999999997,0.5278000000000003
AFL,Aflac,Net Positivity,CQ22024,1.43,1.55,1.1403999999999996,0.4096000000000004
AFL,Aflac,Net Positivity,CQ32024,1.55,1.42,1.3742,0.04579999999999984
AFL,Aflac,Numeric Transeprency,CQ12022,2.61,1.52,2.206199999999999,-0.686199999999999
AFL,Aflac,Numeric Transeprency,CQ22022,1.52,1.29,1.8384999999999991,-0.5484999999999991
AFL,Aflac,Numeric Transeprency,CQ32022,1.29,1.33,1.8527999999999998,-0.5227999999999997
AFL,Aflac,Numeric Transeprency,CQ42022,1.33,1.68,1.8855000000000002,-0.20550000000000024
AFL,Aflac,Numeric Transeprency,CQ12023,1.68,1.17,1.3185,-0.14850000000000008
AFL,Aflac,Numeric Transeprency,CQ22023,1.17,0.91,1.2372000000000005,-0.3272000000000005
AFL,Aflac,Numeric Transeprency,CQ32023,0.91,1.99,1.1417999999999997,0.8482000000000003
AFL,Aflac,Numeric Transeprency,CQ42023,1.99,2.78,1.4198,1.3601999999999999
AFL,Aflac,Numeric Transeprency,CQ12024,2.78,1.92,1.9456000000000007,-0.025600000000000733
AFL,Aflac,Numeric Transeprency,CQ22024,1.92,1.91,1.8439000000000008,0.06609999999999916
AFL,Aflac,Numeric Transeprency,CQ32024,1.91,1.99,2.516999999999999,-0.526999999999999
AIG,American International Group,Analyst Selectivity Ratio,CQ12022,18.75,12.5,26.322299999999977,-13.822299999999977
AIG,American International Group,Analyst Selectivity Ratio,CQ22022,12.5,18.18,23.744799999999994,-5.564799999999995
AIG,American International Group,Analyst Selectivity Ratio,CQ32022,18.18,26.67,22.091299999999993,4.578700000000008
AIG,American International Group,Analyst Selectivity Ratio,CQ42022,26.67,17.65,24.166199999999993,-6.516199999999994
AIG,American International Group,Analyst Selectivity Ratio,CQ12023,17.65,29.41,26.382,3.0279999999999987
AIG,American International Group,Analyst Selectivity Ratio,CQ22023,29.41,20.0,28.193500000000004,-8.193500000000004
AIG,American International Group,Analyst Selectivity Ratio,CQ32023,20.0,21.43,23.849,-2.4190000000000005
AIG,American International Group,Analyst Selectivity Ratio,CQ42023,21.43,29.41,21.01750000000001,8.392499999999991
AIG,American International Group,Analyst Selectivity Ratio,CQ12024,29.41,17.65,26.418499999999995,-8.768499999999996
AIG,American International Group,Analyst Selectivity Ratio,CQ22024,17.65,41.67,23.874099999999988,17.795900000000014
AIG,American International Group,Analyst Selectivity Ratio,CQ32024,41.67,18.18,32.35330000000001,-14.173300000000012
AIG,American International Group,Language Complexity,CQ12022,14.94,15.13,14.444099999999993,0.6859000000000073
AIG,American International Group,Language Complexity,CQ22022,15.13,15.79,14.5124,1.2775999999999996
AIG,American International Group,Language Complexity,CQ32022,15.79,14.39,15.0897,-0.6997
AIG,American International Group,Language Complexity,CQ42022,14.39,14.47,14.775400000000001,-0.30540000000000056
AIG,American International Group,Language Complexity,CQ12023,14.47,14.18,14.652799999999992,-0.47279999999999234
AIG,American International Group,Language Complexity,CQ22023,14.18,13.68,14.216699999999998,-0.536699999999998
AIG,American International Group,Language Complexity,CQ32023,13.68,14.18,13.989799999999997,0.1902000000000026
AIG,American International Group,Language Complexity,CQ42023,14.18,13.73,14.050900000000002,-0.32090000000000174
AIG,American International Group,Language Complexity,CQ12024,13.73,14.76,13.975999999999997,0.7840000000000025
AIG,American International Group,Language Complexity,CQ22024,14.76,14.97,14.160000000000002,0.8099999999999987
AIG,American International Group,Language Complexity,CQ32024,14.97,14.28,14.642500000000002,-0.3625000000000025
AIG,American International Group,Net Positivity,CQ12022,1.33,0.61,1.1075999999999993,-0.49759999999999927
AIG,American International Group,Net Positivity,CQ22022,0.61,0.49,0.5638000000000001,-0.07380000000000009
AIG,American International Group,Net Positivity,CQ32022,0.49,0.19,0.7284000000000003,-0.5384000000000002
AIG,American International Group,Net Positivity,CQ42022,0.19,0.94,0.6706,0.2694
AIG,American International Group,Net Positivity,CQ12023,0.94,1.09,0.12910000000000005,0.9609000000000001
AIG,American International Group,Net Positivity,CQ22023,1.09,0.68,1.0672000000000001,-0.3872000000000001
AIG,American International Group,Net Positivity,CQ32023,0.68,0.4,1.0270999999999995,-0.6270999999999994
AIG,American International Group,Net Positivity,CQ42023,0.4,0.28,0.7048000000000001,-0.42480000000000007
AIG,American International Group,Net Positivity,CQ12024,0.28,0.67,0.5759000000000003,0.09409999999999974
AIG,American International Group,Net Positivity,CQ22024,0.67,0.16,0.6417000000000002,-0.48170000000000013
AIG,American International Group,Net Positivity,CQ32024,0.16,0.4,0.5126999999999997,-0.11269999999999969
AIG,American International Group,Numeric Transeprency,CQ12022,3.99,3.49,3.278100000000001,0.2118999999999991
AIG,American International Group,Numeric Transeprency,CQ22022,3.49,4.08,3.380699999999999,0.6993000000000009
AIG,American International Group,Numeric Transeprency,CQ32022,4.08,3.72,3.8840999999999997,-0.16409999999999947
AIG,American International Group,Numeric Transeprency,CQ42022,3.72,4.76,3.404499999999999,1.3555000000000006
AIG,American International Group,Numeric Transeprency,CQ12023,4.76,3.33,3.002466666666667,0.32753333333333323
AIG,American International Group,Numeric Transeprency,CQ22023,3.33,3.8,3.5051999999999994,0.2948000000000004
AIG,American International Group,Numeric Transeprency,CQ32023,3.8,3.42,4.093899999999998,-0.673899999999998
AIG,American International Group,Numeric Transeprency,CQ42023,3.42,5.01,3.681099999999999,1.3289000000000009
AIG,American International Group,Numeric Transeprency,CQ12024,5.01,4.1,3.6484000000000014,0.4515999999999982
AIG,American International Group,Numeric Transeprency,CQ22024,4.1,4.37,3.413400000000001,0.956599999999999
AIG,American International Group,Numeric Transeprency,CQ32024,4.37,3.62,4.651499999999996,-1.0314999999999959
AKAM,Akamai Technologies,Analyst Selectivity Ratio,CQ12022,58.82,71.43,49.31010000000001,22.119899999999994
AKAM,Akamai Technologies,Analyst Selectivity Ratio,CQ22022,71.43,50.0,58.979800000000026,-8.979800000000026
AKAM,Akamai Technologies,Analyst Selectivity Ratio,CQ32022,50.0,42.11,57.88419999999999,-15.774199999999993
AKAM,Akamai Technologies,Analyst Selectivity Ratio,CQ42022,42.11,60.0,53.38759999999996,6.6124000000000365
AKAM,Akamai Technologies,Analyst Selectivity Ratio,CQ12023,60.0,23.81,55.34620000000001,-31.53620000000001
AKAM,Akamai Technologies,Analyst Selectivity Ratio,CQ22023,23.81,33.33,43.82169999999999,-10.491699999999994
AKAM,Akamai Technologies,Analyst Selectivity Ratio,CQ32023,33.33,52.17,35.1852,16.9848
AKAM,Akamai Technologies,Analyst Selectivity Ratio,CQ42023,52.17,54.55,43.2558,11.294199999999996
AKAM,Akamai Technologies,Analyst Selectivity Ratio,CQ12024,54.55,40.91,46.581500000000005,-5.671500000000009
AKAM,Akamai Technologies,Analyst Selectivity Ratio,CQ22024,40.91,34.78,49.4781,-14.698099999999997
AKAM,Akamai Technologies,Analyst Selectivity Ratio,CQ32024,34.78,18.18,41.08309999999997,-22.903099999999974
AKAM,Akamai Technologies,Language Complexity,CQ12022,11.99,11.47,11.690199999999999,-0.2201999999999984
AKAM,Akamai Technologies,Language Complexity,CQ22022,11.47,11.83,12.0503,-0.22029999999999994
AKAM,Akamai Technologies,Language Complexity,CQ32022,11.83,11.39,11.758500000000002,-0.36850000000000094
AKAM,Akamai Technologies,Language Complexity,CQ42022,11.39,11.91,11.810899999999998,0.09910000000000174
AKAM,Akamai Technologies,Language Complexity,CQ12023,11.91,12.37,11.650600000000004,0.7193999999999949
AKAM,Akamai Technologies,Language Complexity,CQ22023,12.37,12.04,11.915099999999995,0.12490000000000379
AKAM,Akamai Technologies,Language Complexity,CQ32023,12.04,11.89,11.992799999999999,-0.10279999999999845
AKAM,Akamai Technologies,Language Complexity,CQ42023,11.89,11.33,11.9263,-0.5962999999999994
AKAM,Akamai Technologies,Language Complexity,CQ12024,11.33,11.79,11.8072,-0.01720000000000077
AKAM,Akamai Technologies,Language Complexity,CQ22024,11.79,11.91,11.772800000000007,0.13719999999999288
AKAM,Akamai Technologies,Language Complexity,CQ32024,11.91,12.92,11.880600000000005,1.0393999999999952
AKAM,Akamai Technologies,Net Positivity,CQ12022,0.98,0.56,0.9622000000000006,-0.40220000000000056
AKAM,Akamai Technologies,Net Positivity,CQ22022,0.56,0.32,0.08220000000000002,0.23779999999999998
AKAM,Akamai Technologies,Net Positivity,CQ32022,0.32,0.45,0.5684999999999999,-0.11849999999999988
AKAM,Akamai Technologies,Net Positivity,CQ42022,0.45,0.67,0.5882000000000001,0.08179999999999998
AKAM,Akamai Technologies,Net Positivity,CQ12023,0.67,1.48,0.6231000000000001,0.8568999999999999
AKAM,Akamai Technologies,Net Positivity,CQ22023,1.48,1.7,1.1718000000000002,0.5281999999999998
AKAM,Akamai Technologies,Net Positivity,CQ32023,1.7,0.89,1.6219999999999997,-0.7319999999999997
AKAM,Akamai Technologies,Net Positivity,CQ42023,0.89,1.12,1.2953999999999999,-0.17539999999999978
AKAM,Akamai Technologies,Net Positivity,CQ12024,1.12,0.83,1.0587999999999997,-0.22879999999999978
AKAM,Akamai Technologies,Net Positivity,CQ22024,0.83,0.79,0.8623000000000001,-0.07230000000000003
AKAM,Akamai Technologies,Net Positivity,CQ32024,0.79,0.97,0.9809,-0.01090000000000002
AKAM,Akamai Technologies,Numeric Transeprency,CQ12022,2.49,2.09,2.5321999999999996,-0.4421999999999997
AKAM,Akamai Technologies,Numeric Transeprency,CQ22022,2.09,2.29,2.0806999999999993,0.2093000000000007
AKAM,Akamai Technologies,Numeric Transeprency,CQ32022,2.29,2.03,2.3627000000000002,-0.33270000000000044
AKAM,Akamai Technologies,Numeric Transeprency,CQ42022,2.03,2.77,2.3498,0.4201999999999999
AKAM,Akamai Technologies,Numeric Transeprency,CQ12023,2.77,2.42,2.2259,0.19409999999999972
AKAM,Akamai Technologies,Numeric Transeprency,CQ22023,2.42,2.3,2.5156999999999994,-0.21569999999999956
AKAM,Akamai Technologies,Numeric Transeprency,CQ32023,2.3,1.95,2.280699999999999,-0.3306999999999991
AKAM,Akamai Technologies,Numeric Transeprency,CQ42023,1.95,2.12,2.321900000000001,-0.20190000000000108
AKAM,Akamai Technologies,Numeric Transeprency,CQ12024,2.12,2.29,2.217,0.07299999999999995
AKAM,Akamai Technologies,Numeric Transeprency,CQ22024,2.29,1.91,2.127799999999999,-0.21779999999999888
AKAM,Akamai Technologies,Numeric Transeprency,CQ32024,1.91,2.18,1.9491000000000003,0.23089999999999988
ALL,Allstate,Analyst Selectivity Ratio,CQ12022,27.78,31.58,30.740800000000007,0.8391999999999911
ALL,Allstate,Analyst Selectivity Ratio,CQ22022,31.58,31.58,31.426900000000018,0.1530999999999807
ALL,Allstate,Analyst Selectivity Ratio,CQ32022,31.58,26.32,33.7889,-7.468899999999998
ALL,Allstate,Analyst Selectivity Ratio,CQ42022,26.32,22.22,30.673700000000004,-8.453700000000005
ALL,Allstate,Analyst Selectivity Ratio,CQ12023,22.22,33.33,28.288299999999985,5.041700000000013
ALL,Allstate,Analyst Selectivity Ratio,CQ22023,33.33,27.78,30.6232,-2.8431999999999995
ALL,Allstate,Analyst Selectivity Ratio,CQ32023,27.78,22.22,30.007800000000007,-7.787800000000008
ALL,Allstate,Analyst Selectivity Ratio,CQ42023,22.22,25.0,29.180899999999994,-4.180899999999994
ALL,Allstate,Analyst Selectivity Ratio,CQ12024,25.0,35.0,26.5768,8.423200000000001
ALL,Allstate,Analyst Selectivity Ratio,CQ22024,35.0,16.67,31.733599999999996,-15.063599999999994
ALL,Allstate,Analyst Selectivity Ratio,CQ32024,16.67,28.57,25.9925,2.5775000000000006
ALL,Allstate,Language Complexity,CQ12022,14.23,13.33,13.380700000000004,-0.05070000000000441
ALL,Allstate,Language Complexity,CQ22022,13.33,12.59,13.495600000000003,-0.9056000000000033
ALL,Allstate,Language Complexity,CQ32022,12.59,14.32,13.1753,1.1447000000000003
ALL,Allstate,Language Complexity,CQ42022,14.32,13.83,13.490600000000002,0.3393999999999977
ALL,Allstate,Language Complexity,CQ12023,13.83,13.58,13.7113,-0.13129999999999953
ALL,Allstate,Language Complexity,CQ22023,13.58,14.56,13.626499999999998,0.9335000000000022
ALL,Allstate,Language Complexity,CQ32023,14.56,13.24,14.394000000000005,-1.1540000000000052
ALL,Allstate,Language Complexity,CQ42023,13.24,13.16,13.3848,-0.2248000000000001
ALL,Allstate,Language Complexity,CQ12024,13.16,12.43,13.351300000000004,-0.921300000000004
ALL,Allstate,Language Complexity,CQ22024,12.43,12.11,13.027400000000007,-0.9174000000000078
ALL,Allstate,Language Complexity,CQ32024,12.11,11.85,12.498500000000003,-0.6485000000000039
ALL,Allstate,Net Positivity,CQ12022,0.12,0.31,0.5808999999999999,-0.27089999999999986
ALL,Allstate,Net Positivity,CQ22022,0.31,-0.35,0.5599999999999999,-0.9099999999999999
ALL,Allstate,Net Positivity,CQ32022,-0.35,-0.96,-0.08810000000000001,-0.8718999999999999
ALL,Allstate,Net Positivity,CQ42022,-0.96,-0.61,-0.32340000000000013,-0.28659999999999985
ALL,Allstate,Net Positivity,CQ12023,-0.61,-0.09,0.02650000000000002,-0.11650000000000002
ALL,Allstate,Net Positivity,CQ22023,-0.09,-0.63,-0.12579999999999994,-0.5042000000000001
ALL,Allstate,Net Positivity,CQ32023,-0.63,0.34,-0.30650000000000016,0.6465000000000002
ALL,Allstate,Net Positivity,CQ42023,0.34,0.33,0.3732999999999999,-0.043299999999999894
ALL,Allstate,Net Positivity,CQ12024,0.33,1.07,0.6052000000000001,0.4648
ALL,Allstate,Net Positivity,CQ22024,1.07,1.15,0.6850000000000003,0.46499999999999964
ALL,Allstate,Net Positivity,CQ32024,1.15,0.96,1.1937999999999998,-0.23379999999999979
ALL,Allstate,Numeric Transeprency,CQ12022,3.02,2.37,2.2595999999999994,0.11040000000000072
ALL,Allstate,Numeric Transeprency,CQ22022,2.37,2.11,2.2883000000000004,-0.17830000000000057
ALL,Allstate,Numeric Transeprency,CQ32022,2.11,2.3,2.4659999999999997,-0.16599999999999993
ALL,Allstate,Numeric Transeprency,CQ42022,2.3,2.61,2.607300000000001,0.0026999999999990365
ALL,Allstate,Numeric Transeprency,CQ12023,2.61,2.15,2.0749,0.07509999999999994
ALL,Allstate,Numeric Transeprency,CQ22023,2.15,2.8,2.2017,0.5982999999999996
ALL,Allstate,Numeric Transeprency,CQ32023,2.8,2.59,2.5036999999999994,0.08630000000000049
ALL,Allstate,Numeric Transeprency,CQ42023,2.59,2.56,2.7557000000000005,-0.19570000000000043
ALL,Allstate,Numeric Transeprency,CQ12024,2.56,1.97,2.681500000000001,-0.7115000000000011
ALL,Allstate,Numeric Transeprency,CQ22024,1.97,1.71,2.2409999999999997,-0.5309999999999997
ALL,Allstate,Numeric Transeprency,CQ32024,1.71,2.19,2.122400000000001,0.06759999999999877
AMAT,Applied Materials,Analyst Selectivity Ratio,CQ12022,41.38,39.29,42.3509,-3.0609000000000037
AMAT,Applied Materials,Analyst Selectivity Ratio,CQ22022,39.29,48.0,37.855599999999995,10.144400000000005
AMAT,Applied Materials,Analyst Selectivity Ratio,CQ32022,48.0,48.0,41.413000000000004,6.586999999999996
AMAT,Applied Materials,Analyst Selectivity Ratio,CQ42022,48.0,51.85,45.50429999999999,6.345700000000008
AMAT,Applied Materials,Analyst Selectivity Ratio,CQ12023,51.85,51.85,46.249800000000015,5.600199999999987
AMAT,Applied Materials,Analyst Selectivity Ratio,CQ22023,51.85,38.46,45.34755000000001,-6.887550000000012
AMAT,Applied Materials,Analyst Selectivity Ratio,CQ32023,38.46,38.71,43.72419999999998,-5.014199999999981
AMAT,Applied Materials,Analyst Selectivity Ratio,CQ42023,38.71,48.15,47.696299999999994,0.4537000000000049
AMAT,Applied Materials,Analyst Selectivity Ratio,CQ12024,48.15,32.14,44.970399999999984,-12.830399999999983
AMAT,Applied Materials,Analyst Selectivity Ratio,CQ22024,32.14,44.83,39.8484,4.9816
AMAT,Applied Materials,Analyst Selectivity Ratio,CQ32024,44.83,34.62,43.18459999999999,-8.564599999999992
AMAT,Applied Materials,Language Complexity,CQ12022,10.88,11.87,11.244600000000005,0.6253999999999937
AMAT,Applied Materials,Language Complexity,CQ22022,11.87,12.17,11.818999999999999,0.35100000000000087
AMAT,Applied Materials,Language Complexity,CQ32022,12.17,11.8,11.907799999999995,-0.1077999999999939
AMAT,Applied Materials,Language Complexity,CQ42022,11.8,11.28,11.734099999999998,-0.4540999999999986
AMAT,Applied Materials,Language Complexity,CQ12023,11.28,11.43,11.536000000000001,-0.10600000000000165
AMAT,Applied Materials,Language Complexity,CQ22023,11.43,12.1,11.724099999999996,0.37590000000000323
AMAT,Applied Materials,Language Complexity,CQ32023,12.1,11.34,11.646400000000002,-0.3064000000000018
AMAT,Applied Materials,Language Complexity,CQ42023,11.34,11.48,11.581199999999992,-0.10119999999999152
AMAT,Applied Materials,Language Complexity,CQ12024,11.48,12.04,11.740099999999998,0.29990000000000094
AMAT,Applied Materials,Language Complexity,CQ22024,12.04,11.99,11.5676,0.42239999999999966
AMAT,Applied Materials,Language Complexity,CQ32024,11.99,12.86,11.742999999999995,1.1170000000000044
AMAT,Applied Materials,Net Positivity,CQ12022,1.37,1.01,1.8247999999999993,-0.8147999999999993
AMAT,Applied Materials,Net Positivity,CQ22022,1.01,0.65,1.3457999999999997,-0.6957999999999996
AMAT,Applied Materials,Net Positivity,CQ32022,0.65,1.0,1.1421000000000001,-0.14210000000000012
AMAT,Applied Materials,Net Positivity,CQ42022,1.0,1.01,1.1195000000000002,-0.10950000000000015
AMAT,Applied Materials,Net Positivity,CQ12023,1.01,1.53,1.1532999999999998,0.37670000000000026
AMAT,Applied Materials,Net Positivity,CQ22023,1.53,1.93,1.4198999999999995,0.5101000000000004
AMAT,Applied Materials,Net Positivity,CQ32023,1.93,1.63,1.4377000000000002,0.1922999999999997
AMAT,Applied Materials,Net Positivity,CQ42023,1.63,2.31,1.6629000000000005,0.6470999999999996
AMAT,Applied Materials,Net Positivity,CQ12024,2.31,2.02,1.9422999999999997,0.07770000000000032
AMAT,Applied Materials,Net Positivity,CQ22024,2.02,2.07,1.8799000000000001,0.1900999999999997
AMAT,Applied Materials,Net Positivity,CQ32024,2.07,1.88,2.136,-0.2560000000000002
AMAT,Applied Materials,Numeric Transeprency,CQ12022,3.15,1.59,2.2936999999999994,-0.7036999999999993
AMAT,Applied Materials,Numeric Transeprency,CQ22022,1.59,1.93,2.1295999999999986,-0.19959999999999867
AMAT,Applied Materials,Numeric Transeprency,CQ32022,1.93,2.48,2.3285999999999993,0.15140000000000065
AMAT,Applied Materials,Numeric Transeprency,CQ42022,2.48,1.84,2.602299999999999,-0.7622999999999991
AMAT,Applied Materials,Numeric Transeprency,CQ12023,1.84,1.63,1.9510999999999996,-0.3210999999999997
AMAT,Applied Materials,Numeric Transeprency,CQ22023,1.63,2.38,2.0107,0.36929999999999996
AMAT,Applied Materials,Numeric Transeprency,CQ32023,2.38,2.85,2.2073,0.6427
AMAT,Applied Materials,Numeric Transeprency,CQ42023,2.85,2.65,2.0624,0.5876000000000001
AMAT,Applied Materials,Numeric Transeprency,CQ12024,2.65,2.3,2.4131000000000014,-0.11310000000000153
AMAT,Applied Materials,Numeric Transeprency,CQ22024,2.3,2.23,2.5709000000000004,-0.3409000000000004
AMAT,Applied Materials,Numeric Transeprency,CQ32024,2.23,2.51,2.6347000000000014,-0.12470000000000159
AME,Ametek,Analyst Selectivity Ratio,CQ12022,33.33,31.25,34.465,-3.2150000000000034
AME,Ametek,Analyst Selectivity Ratio,CQ22022,31.25,43.75,32.7327,11.017299999999999
AME,Ametek,Analyst Selectivity Ratio,CQ32022,43.75,60.0,39.917800000000014,20.082199999999986
AME,Ametek,Analyst Selectivity Ratio,CQ42022,60.0,43.75,52.50249999999999,-8.75249999999999
AME,Ametek,Analyst Selectivity Ratio,CQ12023,43.75,46.67,51.14170000000002,-4.47170000000002
AME,Ametek,Analyst Selectivity Ratio,CQ22023,46.67,31.25,55.49079999999999,-24.240799999999993
AME,Ametek,Analyst Selectivity Ratio,CQ32023,31.25,37.5,46.73709999999999,-9.237099999999991
AME,Ametek,Analyst Selectivity Ratio,CQ42023,37.5,75.0,41.81369999999998,33.18630000000002
AME,Ametek,Analyst Selectivity Ratio,CQ12024,75.0,35.71,45.512400000000014,-9.802400000000013
AME,Ametek,Analyst Selectivity Ratio,CQ22024,35.71,64.29,48.56120000000001,15.7288
AME,Ametek,Analyst Selectivity Ratio,CQ32024,64.29,64.29,59.62849999999996,4.661500000000046
AME,Ametek,Language Complexity,CQ12022,11.41,12.06,11.771899999999992,0.2881000000000089
AME,Ametek,Language Complexity,CQ22022,12.06,11.23,11.795100000000005,-0.5651000000000046
AME,Ametek,Language Complexity,CQ32022,11.23,11.27,11.507500000000002,-0.2375000000000025
AME,Ametek,Language Complexity,CQ42022,11.27,11.49,11.362800000000009,0.12719999999999132
AME,Ametek,Language Complexity,CQ12023,11.49,11.49,11.640199999999995,-0.15019999999999456
AME,Ametek,Language Complexity,CQ22023,11.49,12.83,11.601999999999997,1.2280000000000033
AME,Ametek,Language Complexity,CQ32023,12.83,11.88,11.832899999999997,0.047100000000003917
AME,Ametek,Language Complexity,CQ42023,11.88,11.04,11.986600000000005,-0.9466000000000054
AME,Ametek,Language Complexity,CQ12024,11.04,11.91,11.5589,0.35110000000000063
AME,Ametek,Language Complexity,CQ22024,11.91,11.15,11.845100000000004,-0.6951000000000036
AME,Ametek,Language Complexity,CQ32024,11.15,11.07,11.305800000000003,-0.2358000000000029
AME,Ametek,Net Positivity,CQ12022,1.64,1.86,1.493,0.367
AME,Ametek,Net Positivity,CQ22022,1.86,1.57,1.5631999999999993,0.006800000000000805
AME,Ametek,Net Positivity,CQ32022,1.57,2.1,1.7900999999999991,0.30990000000000095
AME,Ametek,Net Positivity,CQ42022,2.1,1.64,1.9592999999999992,-0.31929999999999925
AME,Ametek,Net Positivity,CQ12023,1.64,2.52,1.6666999999999998,0.8533000000000002
AME,Ametek,Net Positivity,CQ22023,2.52,2.36,1.9599000000000002,0.4000999999999997
AME,Ametek,Net Positivity,CQ32023,2.36,1.71,2.2111,-0.5011000000000001
AME,Ametek,Net Positivity,CQ42023,1.71,1.99,1.9497999999999993,0.04020000000000068
AME,Ametek,Net Positivity,CQ12024,1.99,2.17,2.305299999999999,-0.1352999999999991
AME,Ametek,Net Positivity,CQ22024,2.17,0.96,2.2003999999999997,-1.2403999999999997
AME,Ametek,Net Positivity,CQ32024,0.96,1.66,1.1614000000000007,0.49859999999999927
AME,Ametek,Numeric Transeprency,CQ12022,3.66,3.03,2.5362999999999998,0.4937
AME,Ametek,Numeric Transeprency,CQ22022,3.03,2.47,2.6822,-0.21219999999999972
AME,Ametek,Numeric Transeprency,CQ32022,2.47,2.72,2.8664,-0.14639999999999986
AME,Ametek,Numeric Transeprency,CQ42022,2.72,3.28,3.2908000000000017,-0.01080000000000192
AME,Ametek,Numeric Transeprency,CQ12023,3.28,2.06,2.7784000000000004,-0.7184000000000004
AME,Ametek,Numeric Transeprency,CQ22023,2.06,2.48,2.383799999999999,0.09620000000000095
AME,Ametek,Numeric Transeprency,CQ32023,2.48,2.48,2.6405999999999987,-0.16059999999999874
AME,Ametek,Numeric Transeprency,CQ42023,2.48,3.34,2.9114999999999998,0.4285000000000001
AME,Ametek,Numeric Transeprency,CQ12024,3.34,2.82,2.511800000000001,0.3081999999999989
AME,Ametek,Numeric Transeprency,CQ22024,2.82,2.43,2.713699999999999,-0.28369999999999873
AME,Ametek,Numeric Transeprency,CQ32024,2.43,2.44,2.9123,-0.47230000000000016
AMGN,Amgen,Analyst Selectivity Ratio,CQ12022,,41.67,45.85039999999999,-4.180399999999992
AMGN,Amgen,Analyst Selectivity Ratio,CQ22022,41.67,52.17,45.463199999999986,6.706800000000015
AMGN,Amgen,Analyst Selectivity Ratio,CQ32022,52.17,41.67,46.70509999999997,-5.0350999999999715
AMGN,Amgen,Analyst Selectivity Ratio,CQ42022,41.67,0.0,45.3394,-45.3394
AMGN,Amgen,Analyst Selectivity Ratio,CQ12023,0.0,41.67,38.98380000000002,2.686199999999978
AMGN,Amgen,Analyst Selectivity Ratio,CQ22023,41.67,42.86,35.13809999999999,7.721900000000012
AMGN,Amgen,Analyst Selectivity Ratio,CQ32023,42.86,50.0,32.905899999999995,17.094100000000005
AMGN,Amgen,Analyst Selectivity Ratio,CQ42023,50.0,39.13,37.43163333333334,1.698366666666665
AMGN,Amgen,Analyst Selectivity Ratio,CQ12024,39.13,40.0,46.03989999999999,-6.039899999999989
AMGN,Amgen,Analyst Selectivity Ratio,CQ22024,40.0,42.31,44.0615,-1.7515
AMGN,Amgen,Analyst Selectivity Ratio,CQ32024,42.31,43.48,42.93339999999999,0.5466000000000051
AMGN,Amgen,Language Complexity,CQ12022,,12.5,12.468099999999998,0.03190000000000204
AMGN,Amgen,Language Complexity,CQ22022,12.5,12.06,12.362599999999997,-0.3025999999999964
AMGN,Amgen,Language Complexity,CQ32022,12.06,12.43,12.301199999999994,0.12880000000000535
AMGN,Amgen,Language Complexity,CQ42022,12.43,12.34,12.511800000000001,-0.17180000000000106
AMGN,Amgen,Language Complexity,CQ12023,12.34,12.79,12.377199999999993,0.41280000000000605
AMGN,Amgen,Language Complexity,CQ22023,12.79,13.34,12.391399999999999,0.9486000000000008
AMGN,Amgen,Language Complexity,CQ32023,13.34,12.96,12.8889,0.07110000000000127
AMGN,Amgen,Language Complexity,CQ42023,12.96,12.97,12.859699999999993,0.11030000000000761
AMGN,Amgen,Language Complexity,CQ12024,12.97,13.11,12.895099999999998,0.21490000000000187
AMGN,Amgen,Language Complexity,CQ22024,13.11,13.38,13.1768,0.2032000000000007
AMGN,Amgen,Language Complexity,CQ32024,13.38,12.94,13.2589,-0.31890000000000107
AMGN,Amgen,Net Positivity,CQ12022,,0.63,0.9442,-0.31420000000000003
AMGN,Amgen,Net Positivity,CQ22022,0.63,1.06,0.9311000000000004,0.12889999999999968
AMGN,Amgen,Net Positivity,CQ32022,1.06,0.4,0.9671000000000004,-0.5671000000000004
AMGN,Amgen,Net Positivity,CQ42022,0.4,0.73,0.8206,-0.09060000000000001
AMGN,Amgen,Net Positivity,CQ12023,0.73,1.37,0.6540000000000002,0.7159999999999999
AMGN,Amgen,Net Positivity,CQ22023,1.37,1.49,1.1014999999999997,0.3885000000000003
AMGN,Amgen,Net Positivity,CQ32023,1.49,1.21,1.5231000000000001,-0.31310000000000016
AMGN,Amgen,Net Positivity,CQ42023,1.21,1.1,1.2883000000000002,-0.18830000000000013
AMGN,Amgen,Net Positivity,CQ12024,1.1,1.11,1.2254,-0.11539999999999995
AMGN,Amgen,Net Positivity,CQ22024,1.11,1.35,1.2163999999999995,0.1336000000000006
AMGN,Amgen,Net Positivity,CQ32024,1.35,1.42,1.1579000000000002,0.2620999999999998
AMGN,Amgen,Numeric Transeprency,CQ12022,,2.63,1.9385999999999999,0.6914
AMGN,Amgen,Numeric Transeprency,CQ22022,2.63,2.21,2.1233999999999984,0.08660000000000156
AMGN,Amgen,Numeric Transeprency,CQ32022,2.21,2.98,2.1852000000000005,0.7947999999999995
AMGN,Amgen,Numeric Transeprency,CQ42022,2.98,3.25,2.4918,0.7582
AMGN,Amgen,Numeric Transeprency,CQ12023,3.25,2.11,2.4708000000000006,-0.3608000000000007
AMGN,Amgen,Numeric Transeprency,CQ22023,2.11,2.26,2.5323000000000007,-0.2723000000000009
AMGN,Amgen,Numeric Transeprency,CQ32023,2.26,2.65,2.643800000000001,0.006199999999998873
AMGN,Amgen,Numeric Transeprency,CQ42023,2.65,3.46,2.7229,0.7370999999999999
AMGN,Amgen,Numeric Transeprency,CQ12024,3.46,1.92,2.548700000000001,-0.6287000000000011
AMGN,Amgen,Numeric Transeprency,CQ22024,1.92,2.32,2.2525999999999993,0.06740000000000057
AMGN,Amgen,Numeric Transeprency,CQ32024,2.32,2.64,2.6245,0.015500000000000291
AMP,Ameriprise Financial,Analyst Selectivity Ratio,CQ12022,50.0,46.15,49.765700000000024,-3.6157000000000252
AMP,Ameriprise Financial,Analyst Selectivity Ratio,CQ22022,46.15,66.67,45.78669999999999,20.883300000000013
AMP,Ameriprise Financial,Analyst Selectivity Ratio,CQ32022,66.67,69.23,53.1221,16.1079
AMP,Ameriprise Financial,Analyst Selectivity Ratio,CQ42022,69.23,46.15,52.48759999999999,-6.337599999999995
AMP,Ameriprise Financial,Analyst Selectivity Ratio,CQ12023,46.15,53.85,48.36769999999998,5.4823000000000235
AMP,Ameriprise Financial,Analyst Selectivity Ratio,CQ22023,53.85,50.0,55.29339999999999,-5.293399999999991
AMP,Ameriprise Financial,Analyst Selectivity Ratio,CQ32023,50.0,46.15,52.684800000000024,-6.5348000000000255
AMP,Ameriprise Financial,Analyst Selectivity Ratio,CQ42023,46.15,61.54,51.578999999999986,9.961000000000013
AMP,Ameriprise Financial,Analyst Selectivity Ratio,CQ12024,61.54,64.29,55.45450000000001,8.835499999999996
AMP,Ameriprise Financial,Analyst Selectivity Ratio,CQ22024,64.29,61.54,63.0945,-1.5544999999999973
AMP,Ameriprise Financial,Analyst Selectivity Ratio,CQ32024,61.54,72.73,57.614900000000006,15.115099999999998
AMP,Ameriprise Financial,Language Complexity,CQ12022,12.1,11.76,11.978000000000002,-0.21800000000000175
AMP,Ameriprise Financial,Language Complexity,CQ22022,11.76,11.45,12.194400000000005,-0.744400000000006
AMP,Ameriprise Financial,Language Complexity,CQ32022,11.45,12.29,12.121300000000005,0.16869999999999408
AMP,Ameriprise Financial,Language Complexity,CQ42022,12.29,12.11,11.9474,0.1625999999999994
AMP,Ameriprise Financial,Language Complexity,CQ12023,12.11,11.38,12.102800000000004,-0.722800000000003
AMP,Ameriprise Financial,Language Complexity,CQ22023,11.38,12.11,11.633199999999999,0.4768000000000008
AMP,Ameriprise Financial,Language Complexity,CQ32023,12.11,12.79,12.082000000000004,0.7079999999999949
AMP,Ameriprise Financial,Language Complexity,CQ42023,12.79,12.14,12.286300000000013,-0.14630000000001253
AMP,Ameriprise Financial,Language Complexity,CQ12024,12.14,12.01,12.1072,-0.09720000000000084
AMP,Ameriprise Financial,Language Complexity,CQ22024,12.01,11.91,12.253799999999996,-0.34379999999999633
AMP,Ameriprise Financial,Language Complexity,CQ32024,11.91,12.56,12.102699999999993,0.45730000000000715
AMP,Ameriprise Financial,Net Positivity,CQ12022,1.83,1.46,1.8183000000000014,-0.3583000000000014
AMP,Ameriprise Financial,Net Positivity,CQ22022,1.46,1.25,1.5258000000000005,-0.2758000000000005
AMP,Ameriprise Financial,Net Positivity,CQ32022,1.25,1.01,1.5958000000000003,-0.5858000000000003
AMP,Ameriprise Financial,Net Positivity,CQ42022,1.01,1.38,1.4617000000000002,-0.08170000000000033
AMP,Ameriprise Financial,Net Positivity,CQ12023,1.38,1.47,1.1948999999999999,0.2751000000000001
AMP,Ameriprise Financial,Net Positivity,CQ22023,1.47,1.44,1.3633999999999995,0.07660000000000045
AMP,Ameriprise Financial,Net Positivity,CQ32023,1.44,1.79,1.2381000000000004,0.5518999999999996
AMP,Ameriprise Financial,Net Positivity,CQ42023,1.79,1.81,1.5550000000000004,0.25499999999999967
AMP,Ameriprise Financial,Net Positivity,CQ12024,1.81,1.98,1.6603,0.3196999999999999
AMP,Ameriprise Financial,Net Positivity,CQ22024,1.98,1.62,1.7783999999999998,-0.15839999999999965
AMP,Ameriprise Financial,Net Positivity,CQ32024,1.62,1.79,1.7740999999999993,0.01590000000000069
AMP,Ameriprise Financial,Numeric Transeprency,CQ12022,2.59,2.27,1.8250999999999988,0.4449000000000012
AMP,Ameriprise Financial,Numeric Transeprency,CQ22022,2.27,2.7,2.2293000000000003,0.4706999999999999
AMP,Ameriprise Financial,Numeric Transeprency,CQ32022,2.7,1.8,2.3853999999999993,-0.5853999999999993
AMP,Ameriprise Financial,Numeric Transeprency,CQ42022,1.8,2.05,2.2973999999999997,-0.24739999999999984
AMP,Ameriprise Financial,Numeric Transeprency,CQ12023,2.05,2.27,2.303499999999999,-0.0334999999999992
AMP,Ameriprise Financial,Numeric Transeprency,CQ22023,2.27,2.02,2.6748000000000003,-0.6548000000000003
AMP,Ameriprise Financial,Numeric Transeprency,CQ32023,2.02,2.41,2.0953,0.3147000000000002
AMP,Ameriprise Financial,Numeric Transeprency,CQ42023,2.41,3.09,2.427499999999999,0.662500000000001
AMP,Ameriprise Financial,Numeric Transeprency,CQ12024,3.09,2.35,2.7116999999999996,-0.36169999999999947
AMP,Ameriprise Financial,Numeric Transeprency,CQ22024,2.35,2.29,2.537499999999999,-0.24749999999999917
AMP,Ameriprise Financial,Numeric Transeprency,CQ32024,2.29,2.05,2.7950999999999993,-0.7450999999999994
AMT,American Tower,Analyst Selectivity Ratio,CQ12022,43.75,53.33,50.107500000000016,3.2224999999999824
AMT,American Tower,Analyst Selectivity Ratio,CQ22022,53.33,50.0,49.4605,0.5394999999999968
AMT,American Tower,Analyst Selectivity Ratio,CQ32022,50.0,40.0,47.904700000000005,-7.904700000000005
AMT,American Tower,Analyst Selectivity Ratio,CQ42022,40.0,42.86,45.2548,-2.3948000000000036
AMT,American Tower,Analyst Selectivity Ratio,CQ12023,42.86,50.0,47.03759999999999,2.9624000000000095
AMT,American Tower,Analyst Selectivity Ratio,CQ22023,50.0,53.85,50.162299999999995,3.6877000000000066
AMT,American Tower,Analyst Selectivity Ratio,CQ32023,53.85,58.33,45.720300000000016,12.609699999999982
AMT,American Tower,Analyst Selectivity Ratio,CQ42023,58.33,55.56,45.57379999999999,9.98620000000001
AMT,American Tower,Analyst Selectivity Ratio,CQ12024,55.56,53.85,46.58640000000002,7.2635999999999825
AMT,American Tower,Analyst Selectivity Ratio,CQ22024,53.85,46.15,54.34920000000002,-8.199200000000019
AMT,American Tower,Analyst Selectivity Ratio,CQ32024,46.15,70.0,55.6837,14.316299999999998
AMT,American Tower,Language Complexity,CQ12022,13.75,12.82,13.663499999999994,-0.8434999999999935
AMT,American Tower,Language Complexity,CQ22022,12.82,15.06,13.066200000000004,1.9937999999999967
AMT,American Tower,Language Complexity,CQ32022,15.06,14.72,13.435800000000002,1.2841999999999985
AMT,American Tower,Language Complexity,CQ42022,14.72,13.72,14.481599999999997,-0.7615999999999961
AMT,American Tower,Language Complexity,CQ12023,13.72,13.38,13.847000000000007,-0.46700000000000585
AMT,American Tower,Language Complexity,CQ22023,13.38,13.87,13.946900000000003,-0.07690000000000374
AMT,American Tower,Language Complexity,CQ32023,13.87,14.1,14.324199999999998,-0.22419999999999796
AMT,American Tower,Language Complexity,CQ42023,14.1,14.28,13.882799999999998,0.39720000000000155
AMT,American Tower,Language Complexity,CQ12024,14.28,13.48,13.750200000000001,-0.2702000000000009
AMT,American Tower,Language Complexity,CQ22024,13.48,13.51,13.618799999999998,-0.10879999999999868
AMT,American Tower,Language Complexity,CQ32024,13.51,13.5,13.6482,-0.14819999999999922
AMT,American Tower,Net Positivity,CQ12022,1.0,1.23,1.0337000000000007,0.19629999999999925
AMT,American Tower,Net Positivity,CQ22022,1.23,1.04,1.231899999999999,-0.19189999999999907
AMT,American Tower,Net Positivity,CQ32022,1.04,0.84,0.7839000000000002,0.05609999999999982
AMT,American Tower,Net Positivity,CQ42022,0.84,1.15,0.9125000000000001,0.23749999999999982
AMT,American Tower,Net Positivity,CQ12023,1.15,1.31,1.0225999999999997,0.2874000000000003
AMT,American Tower,Net Positivity,CQ22023,1.31,0.78,1.0286999999999997,-0.2486999999999997
AMT,American Tower,Net Positivity,CQ32023,0.78,0.94,0.8410000000000005,0.09899999999999942
AMT,American Tower,Net Positivity,CQ42023,0.94,0.93,1.0687,-0.13869999999999993
AMT,American Tower,Net Positivity,CQ12024,0.93,0.95,0.9320999999999998,0.017900000000000138
AMT,American Tower,Net Positivity,CQ22024,0.95,1.16,0.8898,0.2701999999999999
AMT,American Tower,Net Positivity,CQ32024,1.16,0.65,0.9858000000000006,-0.33580000000000054
AMT,American Tower,Numeric Transeprency,CQ12022,3.4,3.04,2.4070999999999994,0.6329000000000007
AMT,American Tower,Numeric Transeprency,CQ22022,3.04,2.83,2.7552,0.0748000000000002
AMT,American Tower,Numeric Transeprency,CQ32022,2.83,2.09,3.0487999999999986,-0.9587999999999988
AMT,American Tower,Numeric Transeprency,CQ42022,2.09,3.18,2.5400000000000005,0.6399999999999997
AMT,American Tower,Numeric Transeprency,CQ12023,3.18,2.35,2.9957000000000007,-0.6457000000000006
AMT,American Tower,Numeric Transeprency,CQ22023,2.35,2.39,2.6088,-0.21879999999999988
AMT,American Tower,Numeric Transeprency,CQ32023,2.39,2.5,2.7403999999999997,-0.24039999999999973
AMT,American Tower,Numeric Transeprency,CQ42023,2.5,2.91,2.9422999999999995,-0.03229999999999933
AMT,American Tower,Numeric Transeprency,CQ12024,2.91,1.95,2.2156999999999996,-0.2656999999999996
AMT,American Tower,Numeric Transeprency,CQ22024,1.95,1.77,2.4456999999999995,-0.6756999999999995
AMT,American Tower,Numeric Transeprency,CQ32024,1.77,1.95,2.4420000000000006,-0.49200000000000066
AMZN,Amazon,Analyst Selectivity Ratio,CQ12022,20.93,12.0,21.225099999999998,-9.225099999999998
AMZN,Amazon,Analyst Selectivity Ratio,CQ22022,12.0,13.33,16.799000000000003,-3.469000000000003
AMZN,Amazon,Analyst Selectivity Ratio,CQ32022,13.33,9.09,15.859900000000007,-6.769900000000007
AMZN,Amazon,Analyst Selectivity Ratio,CQ42022,9.09,13.64,16.9326,-3.2926
AMZN,Amazon,Analyst Selectivity Ratio,CQ12023,13.64,12.5,13.941299999999995,-1.4412999999999947
AMZN,Amazon,Analyst Selectivity Ratio,CQ22023,12.5,8.16,12.9013,-4.741300000000001
AMZN,Amazon,Analyst Selectivity Ratio,CQ32023,8.16,10.0,10.621749999999997,-0.6217499999999969
AMZN,Amazon,Analyst Selectivity Ratio,CQ42023,10.0,12.5,11.414800000000003,1.0851999999999968
AMZN,Amazon,Analyst Selectivity Ratio,CQ12024,12.5,9.62,11.589099999999995,-1.9690999999999956
AMZN,Amazon,Analyst Selectivity Ratio,CQ22024,9.62,9.43,10.301100000000005,-0.8711000000000055
AMZN,Amazon,Analyst Selectivity Ratio,CQ32024,9.43,9.09,10.293500000000003,-1.2035000000000036
AMZN,Amazon,Language Complexity,CQ12022,12.91,12.32,12.349099999999991,-0.0290999999999908
AMZN,Amazon,Language Complexity,CQ22022,12.32,12.65,12.531000000000006,0.11899999999999444
AMZN,Amazon,Language Complexity,CQ32022,12.65,12.25,12.450499999999995,-0.20049999999999457
AMZN,Amazon,Language Complexity,CQ42022,12.25,13.46,12.5463,0.9137000000000004
AMZN,Amazon,Language Complexity,CQ12023,13.46,14.09,13.031,1.0589999999999993
AMZN,Amazon,Language Complexity,CQ22023,14.09,14.06,15.441100000000006,-1.3811000000000053
AMZN,Amazon,Language Complexity,CQ32023,14.06,14.45,15.5248,-1.0748000000000015
AMZN,Amazon,Language Complexity,CQ42023,14.45,14.25,15.3024,-1.0524000000000004
AMZN,Amazon,Language Complexity,CQ12024,14.25,13.84,14.75,-0.9100000000000001
AMZN,Amazon,Language Complexity,CQ22024,13.84,13.92,14.248900000000013,-0.3289000000000133
AMZN,Amazon,Language Complexity,CQ32024,13.92,13.82,14.271900000000002,-0.45190000000000197
AMZN,Amazon,Net Positivity,CQ12022,1.51,0.19,1.4857000000000002,-1.2957000000000003
AMZN,Amazon,Net Positivity,CQ22022,0.19,1.45,0.5018,0.9481999999999999
AMZN,Amazon,Net Positivity,CQ32022,1.45,1.34,1.2287999999999994,0.11120000000000063
AMZN,Amazon,Net Positivity,CQ42022,1.34,0.57,0.7921999999999997,-0.22219999999999973
AMZN,Amazon,Net Positivity,CQ12023,0.57,1.19,1.0085000000000002,0.18149999999999977
AMZN,Amazon,Net Positivity,CQ22023,1.19,1.95,1.1717,0.7783
AMZN,Amazon,Net Positivity,CQ32023,1.95,1.79,1.4941,0.29590000000000005
AMZN,Amazon,Net Positivity,CQ42023,1.79,2.05,1.8016999999999999,0.24829999999999997
AMZN,Amazon,Net Positivity,CQ12024,2.05,1.75,1.5174000000000003,0.2325999999999997
AMZN,Amazon,Net Positivity,CQ22024,1.75,1.25,2.0347999999999984,-0.7847999999999984
AMZN,Amazon,Net Positivity,CQ32024,1.25,2.03,1.6021,0.4278999999999997
AMZN,Amazon,Numeric Transeprency,CQ12022,1.82,2.09,1.6391999999999998,0.4508000000000001
AMZN,Amazon,Numeric Transeprency,CQ22022,2.09,1.79,1.4027999999999994,0.38720000000000065
AMZN,Amazon,Numeric Transeprency,CQ32022,1.79,1.53,1.6031000000000004,-0.07310000000000039
AMZN,Amazon,Numeric Transeprency,CQ42022,1.53,1.15,1.4933999999999994,-0.3433999999999995
AMZN,Amazon,Numeric Transeprency,CQ12023,1.15,1.17,1.5788,-0.40880000000000005
AMZN,Amazon,Numeric Transeprency,CQ22023,1.17,1.25,1.5709,-0.32089999999999996
AMZN,Amazon,Numeric Transeprency,CQ32023,1.25,1.41,1.1474000000000006,0.2625999999999993
AMZN,Amazon,Numeric Transeprency,CQ42023,1.41,1.79,1.4955000000000005,0.29449999999999954
AMZN,Amazon,Numeric Transeprency,CQ12024,1.79,1.44,1.6532999999999995,-0.2132999999999996
AMZN,Amazon,Numeric Transeprency,CQ22024,1.44,1.5,1.4497,0.05030000000000001
AMZN,Amazon,Numeric Transeprency,CQ32024,1.5,1.73,1.5116999999999996,0.21830000000000038
AON,Aon plc,Analyst Selectivity Ratio,CQ12022,33.33,26.67,35.67870000000001,-9.008700000000012
AON,Aon plc,Analyst Selectivity Ratio,CQ22022,26.67,42.86,34.3301,8.529899999999998
AON,Aon plc,Analyst Selectivity Ratio,CQ32022,42.86,33.33,34.4235,-1.0934999999999988
AON,Aon plc,Analyst Selectivity Ratio,CQ42022,33.33,31.25,37.08359999999999,-5.83359999999999
AON,Aon plc,Analyst Selectivity Ratio,CQ12023,31.25,38.89,32.607499999999995,6.282500000000006
AON,Aon plc,Analyst Selectivity Ratio,CQ22023,38.89,38.89,36.29179999999998,2.59820000000002
AON,Aon plc,Analyst Selectivity Ratio,CQ32023,38.89,33.33,32.56519999999999,0.7648000000000081
AON,Aon plc,Analyst Selectivity Ratio,CQ42023,33.33,28.57,33.03359999999999,-4.4635999999999925
AON,Aon plc,Analyst Selectivity Ratio,CQ12024,28.57,28.57,33.264700000000005,-4.6947000000000045
AON,Aon plc,Analyst Selectivity Ratio,CQ22024,28.57,50.0,31.583200000000012,18.416799999999988
AON,Aon plc,Analyst Selectivity Ratio,CQ32024,50.0,40.0,36.820699999999995,3.179300000000005
AON,Aon plc,Language Complexity,CQ12022,14.27,13.9,13.601800000000008,0.29819999999999247
AON,Aon plc,Language Complexity,CQ22022,13.9,14.06,13.856699999999996,0.20330000000000403
AON,Aon plc,Language Complexity,CQ32022,14.06,13.4,14.052400000000008,-0.6524000000000072
AON,Aon plc,Language Complexity,CQ42022,13.4,13.08,13.677800000000005,-0.5978000000000048
AON,Aon plc,Language Complexity,CQ12023,13.08,12.44,13.380099999999997,-0.9400999999999975
AON,Aon plc,Language Complexity,CQ22023,12.44,13.39,12.4678,0.9222000000000001
AON,Aon plc,Language Complexity,CQ32023,13.39,13.36,13.344399999999998,0.015600000000000946
AON,Aon plc,Language Complexity,CQ42023,13.36,14.03,13.331799999999998,0.6982000000000017
AON,Aon plc,Language Complexity,CQ12024,14.03,13.74,13.503800000000004,0.23619999999999663
AON,Aon plc,Language Complexity,CQ22024,13.74,12.69,13.516500000000002,-0.8265000000000029
AON,Aon plc,Language Complexity,CQ32024,12.69,13.48,13.053999999999998,0.42600000000000193
AON,Aon plc,Net Positivity,CQ12022,2.22,1.82,1.7314,0.08860000000000001
AON,Aon plc,Net Positivity,CQ22022,1.82,2.55,1.7835000000000014,0.7664999999999984
AON,Aon plc,Net Positivity,CQ32022,2.55,1.59,1.9006000000000005,-0.31060000000000043
AON,Aon plc,Net Positivity,CQ42022,1.59,2.17,1.9697999999999996,0.20020000000000038
AON,Aon plc,Net Positivity,CQ12023,2.17,1.73,2.1766,-0.4466000000000001
AON,Aon plc,Net Positivity,CQ22023,1.73,2.05,1.8901999999999992,0.1598000000000006
AON,Aon plc,Net Positivity,CQ32023,2.05,1.72,1.8684000000000003,-0.1484000000000003
AON,Aon plc,Net Positivity,CQ42023,1.72,1.5,1.9921000000000009,-0.49210000000000087
AON,Aon plc,Net Positivity,CQ12024,1.5,1.95,1.8057000000000003,0.14429999999999965
AON,Aon plc,Net Positivity,CQ22024,1.95,1.87,1.725799999999999,0.14420000000000122
AON,Aon plc,Net Positivity,CQ32024,1.87,1.72,1.7537999999999994,-0.033799999999999386
AON,Aon plc,Numeric Transeprency,CQ12022,2.23,1.33,1.8895000000000002,-0.5595000000000001
AON,Aon plc,Numeric Transeprency,CQ22022,1.33,1.64,1.8243999999999998,-0.1843999999999999
AON,Aon plc,Numeric Transeprency,CQ32022,1.64,1.77,1.8287999999999989,-0.05879999999999885
AON,Aon plc,Numeric Transeprency,CQ42022,1.77,2.01,1.7788,0.23119999999999985
AON,Aon plc,Numeric Transeprency,CQ12023,2.01,2.07,1.6788999999999998,0.3911
AON,Aon plc,Numeric Transeprency,CQ22023,2.07,1.45,1.7821000000000007,-0.33210000000000073
AON,Aon plc,Numeric Transeprency,CQ32023,1.45,2.18,1.957,0.2230000000000001
AON,Aon plc,Numeric Transeprency,CQ42023,2.18,2.2,1.8394000000000008,0.36059999999999937
AON,Aon plc,Numeric Transeprency,CQ12024,2.2,2.09,1.820300000000001,0.26969999999999894
AON,Aon plc,Numeric Transeprency,CQ22024,2.09,1.79,1.8787000000000007,-0.08870000000000067
AON,Aon plc,Numeric Transeprency,CQ32024,1.79,2.11,2.0191999999999997,0.09080000000000021
APA,APA Corporation,Analyst Selectivity Ratio,CQ12022,38.46,39.13,27.232800000000008,11.897199999999994
APA,APA Corporation,Analyst Selectivity Ratio,CQ22022,39.13,25.0,40.44730000000001,-15.447300000000013
APA,APA Corporation,Analyst Selectivity Ratio,CQ32022,25.0,30.43,35.6302,-5.200200000000002
APA,APA Corporation,Analyst Selectivity Ratio,CQ42022,30.43,39.13,34.47719999999999,4.652800000000013
APA,APA Corporation,Analyst Selectivity Ratio,CQ12023,39.13,40.0,34.75760000000002,5.242399999999982
APA,APA Corporation,Analyst Selectivity Ratio,CQ22023,40.0,38.1,38.4179,-0.3179000000000016
APA,APA Corporation,Analyst Selectivity Ratio,CQ32023,38.1,31.82,34.706800000000015,-2.886800000000015
APA,APA Corporation,Analyst Selectivity Ratio,CQ42023,31.82,23.08,35.16080000000001,-12.08080000000001
APA,APA Corporation,Analyst Selectivity Ratio,CQ12024,23.08,20.0,33.203599999999994,-13.203599999999994
APA,APA Corporation,Analyst Selectivity Ratio,CQ22024,20.0,38.1,28.83860000000001,9.261399999999991
APA,APA Corporation,Analyst Selectivity Ratio,CQ32024,38.1,22.73,29.11210000000001,-6.382100000000008
APA,APA Corporation,Language Complexity,CQ12022,11.52,11.39,11.52270000000001,-0.1327000000000087
APA,APA Corporation,Language Complexity,CQ22022,11.39,10.84,11.493299999999998,-0.653299999999998
APA,APA Corporation,Language Complexity,CQ32022,10.84,11.11,11.166999999999998,-0.05699999999999861
APA,APA Corporation,Language Complexity,CQ42022,11.11,11.47,11.3664,0.10360000000000014
APA,APA Corporation,Language Complexity,CQ12023,11.47,10.94,11.545900000000001,-0.6059000000000019
APA,APA Corporation,Language Complexity,CQ22023,10.94,10.78,11.267999999999997,-0.48799999999999777
APA,APA Corporation,Language Complexity,CQ32023,10.78,11.21,11.449500000000002,-0.23950000000000138
APA,APA Corporation,Language Complexity,CQ42023,11.21,11.15,11.300199999999995,-0.15019999999999456
APA,APA Corporation,Language Complexity,CQ12024,11.15,11.39,11.319300000000004,0.07069999999999688
APA,APA Corporation,Language Complexity,CQ22024,11.39,10.93,11.3252,-0.3952000000000009
APA,APA Corporation,Language Complexity,CQ32024,10.93,11.32,11.2738,0.046200000000000685
APA,APA Corporation,Net Positivity,CQ12022,0.78,0.6,0.9814,-0.3814000000000001
APA,APA Corporation,Net Positivity,CQ22022,0.6,0.38,0.8106000000000002,-0.4306000000000002
APA,APA Corporation,Net Positivity,CQ32022,0.38,0.5,0.6358999999999998,-0.1358999999999998
APA,APA Corporation,Net Positivity,CQ42022,0.5,0.89,0.6827999999999997,0.20720000000000027
APA,APA Corporation,Net Positivity,CQ12023,0.89,0.75,0.054800000000000015,0.6952
APA,APA Corporation,Net Positivity,CQ22023,0.75,0.93,0.7624000000000001,0.16759999999999997
APA,APA Corporation,Net Positivity,CQ32023,0.93,0.35,0.9589000000000003,-0.6089000000000003
APA,APA Corporation,Net Positivity,CQ42023,0.35,0.6,0.767,-0.16700000000000004
APA,APA Corporation,Net Positivity,CQ12024,0.6,0.86,0.6693000000000002,0.19069999999999976
APA,APA Corporation,Net Positivity,CQ22024,0.86,0.71,0.6670999999999999,0.04290000000000005
APA,APA Corporation,Net Positivity,CQ32024,0.71,0.4,0.6499000000000003,-0.24990000000000023
APA,APA Corporation,Numeric Transeprency,CQ12022,2.57,2.04,2.2387999999999995,-0.19879999999999942
APA,APA Corporation,Numeric Transeprency,CQ22022,2.04,2.23,2.000600000000001,0.22939999999999916
APA,APA Corporation,Numeric Transeprency,CQ32022,2.23,2.48,2.499300000000001,-0.019300000000001205
APA,APA Corporation,Numeric Transeprency,CQ42022,2.48,2.4,2.6220000000000003,-0.22200000000000042
APA,APA Corporation,Numeric Transeprency,CQ12023,2.4,1.72,2.338899999999999,-0.6188999999999989
APA,APA Corporation,Numeric Transeprency,CQ22023,1.72,2.36,2.1407,0.21930000000000005
APA,APA Corporation,Numeric Transeprency,CQ32023,2.36,1.96,2.5936000000000003,-0.6336000000000004
APA,APA Corporation,Numeric Transeprency,CQ42023,1.96,2.27,2.0682999999999994,0.20170000000000066
APA,APA Corporation,Numeric Transeprency,CQ12024,2.27,2.29,2.2033999999999994,0.08660000000000068
APA,APA Corporation,Numeric Transeprency,CQ22024,2.29,2.03,2.2247999999999992,-0.19479999999999942
APA,APA Corporation,Numeric Transeprency,CQ32024,2.03,2.4,2.1917000000000004,0.20829999999999949
APD,Air Products,Analyst Selectivity Ratio,CQ12022,56.52,19.05,45.31840000000001,-26.26840000000001
APD,Air Products,Analyst Selectivity Ratio,CQ22022,19.05,36.84,36.1412,0.6988000000000056
APD,Air Products,Analyst Selectivity Ratio,CQ32022,36.84,42.11,36.136600000000016,5.973399999999984
APD,Air Products,Analyst Selectivity Ratio,CQ42022,42.11,47.37,37.4105,9.959499999999998
APD,Air Products,Analyst Selectivity Ratio,CQ12023,47.37,44.44,40.620500000000014,3.8194999999999837
APD,Air Products,Analyst Selectivity Ratio,CQ22023,44.44,35.29,46.9715,-11.6815
APD,Air Products,Analyst Selectivity Ratio,CQ32023,35.29,38.89,42.975500000000004,-4.085500000000003
APD,Air Products,Analyst Selectivity Ratio,CQ42023,38.89,61.11,41.4855,19.624499999999998
APD,Air Products,Analyst Selectivity Ratio,CQ12024,61.11,55.56,50.21460000000001,5.345399999999991
APD,Air Products,Analyst Selectivity Ratio,CQ22024,55.56,50.0,48.442999999999984,1.5570000000000164
APD,Air Products,Analyst Selectivity Ratio,CQ32024,50.0,35.29,53.85464999999999,-18.564649999999993
APD,Air Products,Language Complexity,CQ12022,11.46,12.16,11.661199999999997,0.4988000000000028
APD,Air Products,Language Complexity,CQ22022,12.16,12.03,12.007100000000005,0.02289999999999459
APD,Air Products,Language Complexity,CQ32022,12.03,11.66,11.8188,-0.15879999999999939
APD,Air Products,Language Complexity,CQ42022,11.66,11.33,11.875300000000003,-0.5453000000000028
APD,Air Products,Language Complexity,CQ12023,11.33,11.55,11.440499999999997,0.10950000000000415
APD,Air Products,Language Complexity,CQ22023,11.55,11.49,11.726099999999995,-0.2360999999999951
APD,Air Products,Language Complexity,CQ32023,11.49,11.74,11.662299999999998,0.07770000000000188
APD,Air Products,Language Complexity,CQ42023,11.74,10.97,11.715699999999996,-0.7456999999999958
APD,Air Products,Language Complexity,CQ12024,10.97,10.42,11.762,-1.3420000000000005
APD,Air Products,Language Complexity,CQ22024,10.42,11.2,10.935599999999999,0.2644000000000002
APD,Air Products,Language Complexity,CQ32024,11.2,11.44,11.314799999999998,0.1252000000000013
APD,Air Products,Net Positivity,CQ12022,0.51,0.64,0.6899999999999996,-0.0499999999999996
APD,Air Products,Net Positivity,CQ22022,0.64,1.4,0.8051,0.5948999999999999
APD,Air Products,Net Positivity,CQ32022,1.4,1.01,1.1796000000000002,-0.1696000000000002
APD,Air Products,Net Positivity,CQ42022,1.01,1.15,1.1139999999999994,0.036000000000000476
APD,Air Products,Net Positivity,CQ12023,1.15,1.62,1.0858999999999999,0.5341000000000002
APD,Air Products,Net Positivity,CQ22023,1.62,1.14,1.2959000000000005,-0.1559000000000006
APD,Air Products,Net Positivity,CQ32023,1.14,1.03,1.1343000000000005,-0.1043000000000005
APD,Air Products,Net Positivity,CQ42023,1.03,0.58,1.2201,-0.6401
APD,Air Products,Net Positivity,CQ12024,0.58,0.49,0.7982,-0.30820000000000003
APD,Air Products,Net Positivity,CQ22024,0.49,0.91,0.6991,0.21089999999999998
APD,Air Products,Net Positivity,CQ32024,0.91,1.38,0.8445999999999992,0.5354000000000007
APD,Air Products,Numeric Transeprency,CQ12022,2.41,2.62,2.5879000000000008,0.03209999999999935
APD,Air Products,Numeric Transeprency,CQ22022,2.62,2.4,2.734200000000001,-0.33420000000000094
APD,Air Products,Numeric Transeprency,CQ32022,2.4,2.93,2.7517,0.17830000000000013
APD,Air Products,Numeric Transeprency,CQ42022,2.93,2.65,2.733500000000001,-0.08350000000000124
APD,Air Products,Numeric Transeprency,CQ12023,2.65,2.15,2.4878000000000005,-0.33780000000000054
APD,Air Products,Numeric Transeprency,CQ22023,2.15,2.39,2.6331000000000007,-0.24310000000000054
APD,Air Products,Numeric Transeprency,CQ32023,2.39,2.4,2.5735,-0.1735000000000002
APD,Air Products,Numeric Transeprency,CQ42023,2.4,2.03,2.4494,-0.4194
APD,Air Products,Numeric Transeprency,CQ12024,2.03,2.15,2.2326999999999995,-0.08269999999999955
APD,Air Products,Numeric Transeprency,CQ22024,2.15,1.89,2.3382000000000005,-0.4482000000000006
APD,Air Products,Numeric Transeprency,CQ32024,1.89,2.44,2.1675,0.27249999999999996
APH,Amphenol,Analyst Selectivity Ratio,CQ12022,80.0,66.67,64.83189999999999,1.8381000000000114
APH,Amphenol,Analyst Selectivity Ratio,CQ22022,66.67,78.57,53.37620000000002,25.193799999999975
APH,Amphenol,Analyst Selectivity Ratio,CQ32022,78.57,71.43,66.61840000000001,4.8115999999999985
APH,Amphenol,Analyst Selectivity Ratio,CQ42022,71.43,61.54,68.24140000000003,-6.701400000000028
APH,Amphenol,Analyst Selectivity Ratio,CQ12023,61.54,46.15,66.8987,-20.748700000000007
APH,Amphenol,Analyst Selectivity Ratio,CQ22023,46.15,53.85,51.98780000000001,1.8621999999999943
APH,Amphenol,Analyst Selectivity Ratio,CQ32023,53.85,66.67,57.04270000000001,9.627299999999991
APH,Amphenol,Analyst Selectivity Ratio,CQ42023,66.67,64.29,56.559499999999986,7.730500000000021
APH,Amphenol,Analyst Selectivity Ratio,CQ12024,64.29,50.0,56.50499999999999,-6.504999999999988
APH,Amphenol,Analyst Selectivity Ratio,CQ22024,50.0,60.0,57.56170000000003,2.4382999999999697
APH,Amphenol,Analyst Selectivity Ratio,CQ32024,60.0,52.94,61.68630000000001,-8.746300000000012
APH,Amphenol,Language Complexity,CQ12022,14.64,13.84,14.422800000000006,-0.582800000000006
APH,Amphenol,Language Complexity,CQ22022,13.84,12.82,13.845700000000004,-1.025700000000004
APH,Amphenol,Language Complexity,CQ32022,12.82,13.46,13.256199999999996,0.20380000000000464
APH,Amphenol,Language Complexity,CQ42022,13.46,13.4,13.458800000000007,-0.05880000000000685
APH,Amphenol,Language Complexity,CQ12023,13.4,14.07,13.101400000000005,0.968599999999995
APH,Amphenol,Language Complexity,CQ22023,14.07,13.85,13.417900000000005,0.4320999999999948
APH,Amphenol,Language Complexity,CQ32023,13.85,12.98,13.577100000000003,-0.5971000000000029
APH,Amphenol,Language Complexity,CQ42023,12.98,13.89,13.070599999999995,0.8194000000000052
APH,Amphenol,Language Complexity,CQ12024,13.89,13.28,13.450900000000004,-0.17090000000000494
APH,Amphenol,Language Complexity,CQ22024,13.28,13.15,13.4483,-0.29829999999999934
APH,Amphenol,Language Complexity,CQ32024,13.15,13.1,13.245099999999997,-0.14509999999999756
APH,Amphenol,Net Positivity,CQ12022,1.36,1.07,0.8302999999999998,0.23970000000000025
APH,Amphenol,Net Positivity,CQ22022,1.07,1.34,0.8673999999999996,0.47260000000000046
APH,Amphenol,Net Positivity,CQ32022,1.34,1.26,1.0569999999999995,0.2030000000000005
APH,Amphenol,Net Positivity,CQ42022,1.26,1.07,1.2488000000000001,-0.17880000000000007
APH,Amphenol,Net Positivity,CQ12023,1.07,0.75,1.2327000000000004,-0.48270000000000035
APH,Amphenol,Net Positivity,CQ22023,0.75,1.2,0.9614999999999996,0.23850000000000038
APH,Amphenol,Net Positivity,CQ32023,1.2,0.89,1.0711000000000002,-0.18110000000000015
APH,Amphenol,Net Positivity,CQ42023,0.89,1.28,0.9725999999999995,0.30740000000000056
APH,Amphenol,Net Positivity,CQ12024,1.28,1.48,1.1336000000000004,0.3463999999999996
APH,Amphenol,Net Positivity,CQ22024,1.48,1.47,1.2993000000000001,0.17069999999999985
APH,Amphenol,Net Positivity,CQ32024,1.47,1.44,1.3110000000000002,0.12899999999999978
APH,Amphenol,Numeric Transeprency,CQ12022,2.89,1.67,1.8158999999999998,-0.14589999999999992
APH,Amphenol,Numeric Transeprency,CQ22022,1.67,1.64,1.9906,-0.3506
APH,Amphenol,Numeric Transeprency,CQ32022,1.64,2.21,2.1848000000000014,0.025199999999998557
APH,Amphenol,Numeric Transeprency,CQ42022,2.21,3.63,2.3896999999999995,1.2403000000000004
APH,Amphenol,Numeric Transeprency,CQ12023,3.63,2.27,2.1142999999999996,0.1557000000000004
APH,Amphenol,Numeric Transeprency,CQ22023,2.27,2.35,2.348699999999999,0.001300000000000967
APH,Amphenol,Numeric Transeprency,CQ32023,2.35,2.51,2.8176,-0.3076000000000003
APH,Amphenol,Numeric Transeprency,CQ42023,2.51,3.42,2.8146999999999998,0.6053000000000002
APH,Amphenol,Numeric Transeprency,CQ12024,3.42,2.21,2.6965000000000003,-0.4865000000000004
APH,Amphenol,Numeric Transeprency,CQ22024,2.21,2.23,2.3609999999999998,-0.13099999999999978
APH,Amphenol,Numeric Transeprency,CQ32024,2.23,2.26,2.593400000000001,-0.33340000000000103
AVB,AvalonBay Communities,Analyst Selectivity Ratio,CQ12022,40.0,37.5,36.6036,0.8963999999999999
AVB,AvalonBay Communities,Analyst Selectivity Ratio,CQ22022,37.5,22.22,34.37319999999999,-12.153199999999991
AVB,AvalonBay Communities,Analyst Selectivity Ratio,CQ32022,22.22,30.0,39.156099999999995,-9.156099999999995
AVB,AvalonBay Communities,Analyst Selectivity Ratio,CQ42022,30.0,37.5,35.23060000000002,2.269399999999983
AVB,AvalonBay Communities,Analyst Selectivity Ratio,CQ12023,37.5,36.36,34.751799999999996,1.6082000000000036
AVB,AvalonBay Communities,Analyst Selectivity Ratio,CQ22023,36.36,42.86,36.3645,6.4955
AVB,AvalonBay Communities,Analyst Selectivity Ratio,CQ32023,42.86,50.0,38.72630000000001,11.273699999999991
AVB,AvalonBay Communities,Analyst Selectivity Ratio,CQ42023,50.0,55.56,48.77079999999998,6.789200000000022
AVB,AvalonBay Communities,Analyst Selectivity Ratio,CQ12024,55.56,62.5,48.92699999999999,13.573000000000008
AVB,AvalonBay Communities,Analyst Selectivity Ratio,CQ22024,62.5,62.5,58.281100000000016,4.218899999999984
AVB,AvalonBay Communities,Analyst Selectivity Ratio,CQ32024,62.5,62.5,59.545400000000015,2.954599999999985
AVB,AvalonBay Communities,Language Complexity,CQ12022,12.28,11.98,12.457899999999995,-0.47789999999999466
AVB,AvalonBay Communities,Language Complexity,CQ22022,11.98,12.4,12.624999999999995,-0.22499999999999432
AVB,AvalonBay Communities,Language Complexity,CQ32022,12.4,11.97,12.564000000000004,-0.594000000000003
AVB,AvalonBay Communities,Language Complexity,CQ42022,11.97,12.8,12.0875,0.7125000000000004
AVB,AvalonBay Communities,Language Complexity,CQ12023,12.8,12.19,12.625400000000003,-0.4354000000000031
AVB,AvalonBay Communities,Language Complexity,CQ22023,12.19,11.74,12.491499999999998,-0.7514999999999983
AVB,AvalonBay Communities,Language Complexity,CQ32023,11.74,11.72,12.111099999999999,-0.391099999999998
AVB,AvalonBay Communities,Language Complexity,CQ42023,11.72,12.45,12.088500000000003,0.36149999999999594
AVB,AvalonBay Communities,Language Complexity,CQ12024,12.45,11.39,12.392199999999995,-1.0021999999999949
AVB,AvalonBay Communities,Language Complexity,CQ22024,11.39,13.0,11.678600000000001,1.3213999999999988
AVB,AvalonBay Communities,Language Complexity,CQ32024,13.0,12.33,12.247400000000003,0.08259999999999756
AVB,AvalonBay Communities,Net Positivity,CQ12022,0.89,0.13,0.9814,-0.8514
AVB,AvalonBay Communities,Net Positivity,CQ22022,0.13,0.61,0.37870000000000004,0.23129999999999995
AVB,AvalonBay Communities,Net Positivity,CQ32022,0.61,0.54,0.6100999999999999,-0.07009999999999983
AVB,AvalonBay Communities,Net Positivity,CQ42022,0.54,0.29,0.5211999999999998,-0.2311999999999998
AVB,AvalonBay Communities,Net Positivity,CQ12023,0.29,0.87,0.5549000000000002,0.3150999999999998
AVB,AvalonBay Communities,Net Positivity,CQ22023,0.87,0.12,0.7621000000000002,-0.6421000000000002
AVB,AvalonBay Communities,Net Positivity,CQ32023,0.12,0.8,0.6253999999999997,0.1746000000000003
AVB,AvalonBay Communities,Net Positivity,CQ42023,0.8,0.59,0.6445999999999995,-0.05459999999999954
AVB,AvalonBay Communities,Net Positivity,CQ12024,0.59,1.13,0.8019000000000003,0.3280999999999996
AVB,AvalonBay Communities,Net Positivity,CQ22024,1.13,0.56,0.7881999999999999,-0.22819999999999985
AVB,AvalonBay Communities,Net Positivity,CQ32024,0.56,0.89,0.9360000000000006,-0.046000000000000596
AVB,AvalonBay Communities,Numeric Transeprency,CQ12022,2.68,2.07,2.3970000000000002,-0.3270000000000004
AVB,AvalonBay Communities,Numeric Transeprency,CQ22022,2.07,2.76,2.3275000000000006,0.4324999999999992
AVB,AvalonBay Communities,Numeric Transeprency,CQ32022,2.76,2.83,2.3312,0.49880000000000013
AVB,AvalonBay Communities,Numeric Transeprency,CQ42022,2.83,2.84,2.6174999999999993,0.2225000000000006
AVB,AvalonBay Communities,Numeric Transeprency,CQ12023,2.84,1.9,2.6784000000000017,-0.7784000000000018
AVB,AvalonBay Communities,Numeric Transeprency,CQ22023,1.9,2.35,2.3583999999999987,-0.00839999999999863
AVB,AvalonBay Communities,Numeric Transeprency,CQ32023,2.35,2.22,2.5874,-0.36739999999999995
AVB,AvalonBay Communities,Numeric Transeprency,CQ42023,2.22,3.14,2.5646,0.5754000000000001
AVB,AvalonBay Communities,Numeric Transeprency,CQ12024,3.14,2.56,2.5775,-0.01750000000000007
AVB,AvalonBay Communities,Numeric Transeprency,CQ22024,2.56,2.53,2.3427000000000002,0.18729999999999958
AVB,AvalonBay Communities,Numeric Transeprency,CQ32024,2.53,2.58,2.980800000000001,-0.4008000000000007
AVGO,Broadcom,Analyst Selectivity Ratio,CQ22022,,40.0,38.16160000000003,1.8383999999999716
AVGO,Broadcom,Analyst Selectivity Ratio,CQ32022,40.0,41.67,36.784000000000006,4.885999999999996
AVGO,Broadcom,Analyst Selectivity Ratio,CQ42022,41.67,29.17,39.700599999999994,-10.530599999999993
AVGO,Broadcom,Analyst Selectivity Ratio,CQ12023,29.17,42.31,34.009999999999984,8.300000000000018
AVGO,Broadcom,Analyst Selectivity Ratio,CQ22023,42.31,34.62,40.3791,-5.759100000000004
AVGO,Broadcom,Analyst Selectivity Ratio,CQ32023,34.62,31.03,38.93769999999999,-7.907699999999991
AVGO,Broadcom,Analyst Selectivity Ratio,CQ42023,31.03,32.26,32.0225,0.23749999999999716
AVGO,Broadcom,Analyst Selectivity Ratio,CQ12024,32.26,29.41,33.0667,-3.656699999999997
AVGO,Broadcom,Analyst Selectivity Ratio,CQ22024,29.41,35.14,30.504999999999995,4.635000000000005
AVGO,Broadcom,Analyst Selectivity Ratio,CQ32024,35.14,23.68,30.99579999999999,-7.315799999999989
AVGO,Broadcom,Language Complexity,CQ22022,,10.92,11.945716666666664,-1.0257166666666642
AVGO,Broadcom,Language Complexity,CQ32022,10.92,10.66,11.117200000000002,-0.45720000000000205
AVGO,Broadcom,Language Complexity,CQ42022,10.66,12.11,10.823000000000002,1.2869999999999973
AVGO,Broadcom,Language Complexity,CQ12023,12.11,11.49,11.617400000000005,-0.12740000000000506
AVGO,Broadcom,Language Complexity,CQ22023,11.49,11.79,11.6612,0.12880000000000003
AVGO,Broadcom,Language Complexity,CQ32023,11.79,11.99,11.631500000000003,0.3584999999999976
AVGO,Broadcom,Language Complexity,CQ42023,11.99,11.69,11.9871,-0.29710000000000036
AVGO,Broadcom,Language Complexity,CQ12024,11.69,11.75,12.070899999999993,-0.32089999999999286
AVGO,Broadcom,Language Complexity,CQ22024,11.75,11.27,11.9606,-0.6905999999999999
AVGO,Broadcom,Language Complexity,CQ32024,11.27,10.47,11.569899999999997,-1.0998999999999963
AVGO,Broadcom,Net Positivity,CQ22022,,0.58,0.4175000000000002,0.16249999999999976
AVGO,Broadcom,Net Positivity,CQ32022,0.58,0.13,0.7829000000000002,-0.6529000000000001
AVGO,Broadcom,Net Positivity,CQ42022,0.13,0.61,0.6708999999999997,-0.06089999999999973
AVGO,Broadcom,Net Positivity,CQ12023,0.61,0.85,0.6334000000000003,0.21659999999999968
AVGO,Broadcom,Net Positivity,CQ22023,0.85,0.26,0.8860000000000003,-0.6260000000000003
AVGO,Broadcom,Net Positivity,CQ32023,0.26,0.19,0.5322999999999998,-0.34229999999999977
AVGO,Broadcom,Net Positivity,CQ42023,0.19,0.47,0.5375000000000004,-0.06750000000000045
AVGO,Broadcom,Net Positivity,CQ12024,0.47,0.38,0.5553000000000005,-0.17530000000000046
AVGO,Broadcom,Net Positivity,CQ22024,0.38,0.55,0.6586000000000003,-0.10860000000000025
AVGO,Broadcom,Net Positivity,CQ32024,0.55,0.45,0.7112000000000005,-0.2612000000000005
AVGO,Broadcom,Numeric Transeprency,CQ22022,,3.96,2.907566666666666,1.052433333333334
AVGO,Broadcom,Numeric Transeprency,CQ32022,3.96,3.19,3.7171,-0.5270999999999999
AVGO,Broadcom,Numeric Transeprency,CQ42022,3.19,3.18,3.453899999999999,-0.2738999999999989
AVGO,Broadcom,Numeric Transeprency,CQ12023,3.18,3.08,3.4511000000000003,-0.3711000000000002
AVGO,Broadcom,Numeric Transeprency,CQ22023,3.08,2.97,3.2315000000000005,-0.2615000000000003
AVGO,Broadcom,Numeric Transeprency,CQ32023,2.97,4.55,2.831000000000001,1.718999999999999
AVGO,Broadcom,Numeric Transeprency,CQ42023,4.55,3.33,12.158375119047614,-8.828375119047614
AVGO,Broadcom,Numeric Transeprency,CQ12024,3.33,3.28,4.54325,-1.2632499999999998
AVGO,Broadcom,Numeric Transeprency,CQ22024,3.28,2.95,5.308916666666663,-2.358916666666663
AVGO,Broadcom,Numeric Transeprency,CQ32024,2.95,5.49,4.13835,1.3516500000000002
AVY,Avery Dennison,Analyst Selectivity Ratio,CQ12022,58.33,66.67,51.33259999999999,15.33740000000001
AVY,Avery Dennison,Analyst Selectivity Ratio,CQ22022,66.67,38.46,58.70529999999997,-20.245299999999972
AVY,Avery Dennison,Analyst Selectivity Ratio,CQ32022,38.46,61.54,46.21909999999997,15.32090000000003
AVY,Avery Dennison,Analyst Selectivity Ratio,CQ42022,61.54,46.15,56.40229999999999,-10.252299999999991
AVY,Avery Dennison,Analyst Selectivity Ratio,CQ12023,46.15,58.33,53.39609999999999,4.933900000000008
AVY,Avery Dennison,Analyst Selectivity Ratio,CQ22023,58.33,60.0,46.13730000000001,13.86269999999999
AVY,Avery Dennison,Analyst Selectivity Ratio,CQ32023,60.0,70.0,60.409400000000005,9.590599999999995
AVY,Avery Dennison,Analyst Selectivity Ratio,CQ42023,70.0,63.64,56.18800000000001,7.451999999999991
AVY,Avery Dennison,Analyst Selectivity Ratio,CQ12024,63.64,50.0,59.44640000000001,-9.446400000000011
AVY,Avery Dennison,Analyst Selectivity Ratio,CQ22024,50.0,55.56,58.8045,-3.244499999999995
AVY,Avery Dennison,Analyst Selectivity Ratio,CQ32024,55.56,60.0,57.902800000000006,2.0971999999999937
AVY,Avery Dennison,Language Complexity,CQ12022,12.96,12.81,13.469600000000007,-0.6596000000000064
AVY,Avery Dennison,Language Complexity,CQ22022,12.81,12.53,13.129399999999997,-0.5993999999999975
AVY,Avery Dennison,Language Complexity,CQ32022,12.53,13.08,12.486199999999998,0.5938000000000017
AVY,Avery Dennison,Language Complexity,CQ42022,13.08,14.16,13.162199999999999,0.9978000000000016
AVY,Avery Dennison,Language Complexity,CQ12023,14.16,13.96,13.169199999999998,0.7908000000000026
AVY,Avery Dennison,Language Complexity,CQ22023,13.96,13.24,13.6125,-0.3725000000000005
AVY,Avery Dennison,Language Complexity,CQ32023,13.24,13.9,13.362200000000009,0.5377999999999918
AVY,Avery Dennison,Language Complexity,CQ42023,13.9,14.46,13.724200000000002,0.7357999999999993
AVY,Avery Dennison,Language Complexity,CQ12024,14.46,13.48,13.726000000000008,-0.24600000000000755
AVY,Avery Dennison,Language Complexity,CQ22024,13.48,13.94,13.558800000000003,0.3811999999999962
AVY,Avery Dennison,Language Complexity,CQ32024,13.94,13.38,13.982900000000004,-0.6029000000000035
AVY,Avery Dennison,Net Positivity,CQ12022,0.88,1.02,0.5537000000000002,0.4662999999999998
AVY,Avery Dennison,Net Positivity,CQ22022,1.02,1.86,1.0055,0.8545
AVY,Avery Dennison,Net Positivity,CQ32022,1.86,1.4,0.8026000000000003,0.5973999999999996
AVY,Avery Dennison,Net Positivity,CQ42022,1.4,0.47,1.3760999999999999,-0.9060999999999999
AVY,Avery Dennison,Net Positivity,CQ12023,0.47,0.6,1.0388000000000006,-0.43880000000000063
AVY,Avery Dennison,Net Positivity,CQ22023,0.6,0.6,0.9644000000000007,-0.3644000000000007
AVY,Avery Dennison,Net Positivity,CQ32023,0.6,0.97,0.8906000000000006,0.07939999999999936
AVY,Avery Dennison,Net Positivity,CQ42023,0.97,1.29,0.8881999999999999,0.40180000000000016
AVY,Avery Dennison,Net Positivity,CQ12024,1.29,0.99,1.1435000000000002,-0.1535000000000002
AVY,Avery Dennison,Net Positivity,CQ22024,0.99,0.82,0.9927999999999999,-0.17279999999999995
AVY,Avery Dennison,Net Positivity,CQ32024,0.82,1.05,0.8931000000000003,0.1568999999999997
AVY,Avery Dennison,Numeric Transeprency,CQ12022,1.88,1.34,1.5726000000000002,-0.23260000000000014
AVY,Avery Dennison,Numeric Transeprency,CQ22022,1.34,2.07,1.619,0.45099999999999985
AVY,Avery Dennison,Numeric Transeprency,CQ32022,2.07,1.87,1.8662999999999996,0.0037000000000004807
AVY,Avery Dennison,Numeric Transeprency,CQ42022,1.87,2.3,1.7249999999999994,0.5750000000000004
AVY,Avery Dennison,Numeric Transeprency,CQ12023,2.3,1.39,2.0425,-0.6525000000000001
AVY,Avery Dennison,Numeric Transeprency,CQ22023,1.39,1.63,1.7811000000000008,-0.1511000000000009
AVY,Avery Dennison,Numeric Transeprency,CQ32023,1.63,1.63,1.8331999999999993,-0.20319999999999938
AVY,Avery Dennison,Numeric Transeprency,CQ42023,1.63,2.77,1.7614000000000005,1.0085999999999995
AVY,Avery Dennison,Numeric Transeprency,CQ12024,2.77,1.6,1.8276999999999992,-0.22769999999999913
AVY,Avery Dennison,Numeric Transeprency,CQ22024,1.6,1.55,1.7504000000000004,-0.20040000000000036
AVY,Avery Dennison,Numeric Transeprency,CQ32024,1.55,1.82,1.9266000000000005,-0.10660000000000047
AXP,American Express,Analyst Selectivity Ratio,CQ12022,48.0,44.0,45.680200000000006,-1.6802000000000064
AXP,American Express,Analyst Selectivity Ratio,CQ22022,44.0,50.0,41.40709999999999,8.592900000000007
AXP,American Express,Analyst Selectivity Ratio,CQ32022,50.0,50.0,43.8078,6.1922
AXP,American Express,Analyst Selectivity Ratio,CQ42022,50.0,40.0,46.87760000000001,-6.877600000000008
AXP,American Express,Analyst Selectivity Ratio,CQ12023,40.0,13.04,45.5251,-32.4851
AXP,American Express,Analyst Selectivity Ratio,CQ22023,13.04,37.5,27.04999999999999,10.45000000000001
AXP,American Express,Analyst Selectivity Ratio,CQ32023,37.5,37.5,36.9362,0.5638000000000005
AXP,American Express,Analyst Selectivity Ratio,CQ42023,37.5,40.0,36.5046,3.4953999999999965
AXP,American Express,Analyst Selectivity Ratio,CQ12024,40.0,25.0,33.69339999999999,-8.69339999999999
AXP,American Express,Analyst Selectivity Ratio,CQ22024,25.0,36.0,33.7809,2.2190999999999974
AXP,American Express,Analyst Selectivity Ratio,CQ32024,36.0,33.33,33.7098,-0.379800000000003
AXP,American Express,Language Complexity,CQ12022,11.93,13.17,12.423200000000007,0.7467999999999932
AXP,American Express,Language Complexity,CQ22022,13.17,11.8,12.946600000000004,-1.146600000000003
AXP,American Express,Language Complexity,CQ32022,11.8,12.14,12.494900000000005,-0.3549000000000042
AXP,American Express,Language Complexity,CQ42022,12.14,12.74,11.982599999999998,0.7574000000000023
AXP,American Express,Language Complexity,CQ12023,12.74,11.99,12.318299999999997,-0.3282999999999969
AXP,American Express,Language Complexity,CQ22023,11.99,11.82,12.182600000000003,-0.36260000000000225
AXP,American Express,Language Complexity,CQ32023,11.82,11.55,12.196800000000003,-0.6468000000000025
AXP,American Express,Language Complexity,CQ42023,11.55,11.32,12.0814,-0.7614000000000001
AXP,American Express,Language Complexity,CQ12024,11.32,10.69,11.552999999999995,-0.862999999999996
AXP,American Express,Language Complexity,CQ22024,10.69,12.18,11.282699999999995,0.8973000000000049
AXP,American Express,Language Complexity,CQ32024,12.18,12.41,11.865899999999995,0.5441000000000056
AXP,American Express,Net Positivity,CQ12022,0.96,1.4,1.0025,0.39749999999999996
AXP,American Express,Net Positivity,CQ22022,1.4,0.98,0.8769000000000002,0.10309999999999975
AXP,American Express,Net Positivity,CQ32022,0.98,0.99,1.0109000000000004,-0.020900000000000363
AXP,American Express,Net Positivity,CQ42022,0.99,0.58,1.0197999999999994,-0.4397999999999994
AXP,American Express,Net Positivity,CQ12023,0.58,0.75,0.9714000000000007,-0.2214000000000007
AXP,American Express,Net Positivity,CQ22023,0.75,0.97,0.8427000000000002,0.12729999999999975
AXP,American Express,Net Positivity,CQ32023,0.97,1.33,0.7925000000000001,0.5375
AXP,American Express,Net Positivity,CQ42023,1.33,1.57,1.1586,0.4114
AXP,American Express,Net Positivity,CQ12024,1.57,1.57,1.4149999999999998,0.15500000000000025
AXP,American Express,Net Positivity,CQ22024,1.57,1.63,1.4052999999999998,0.22470000000000012
AXP,American Express,Net Positivity,CQ32024,1.63,1.22,1.6030999999999997,-0.3830999999999998
AXP,American Express,Numeric Transeprency,CQ12022,3.38,1.96,2.399099999999999,-0.43909999999999894
AXP,American Express,Numeric Transeprency,CQ22022,1.96,1.91,2.2536999999999994,-0.34369999999999945
AXP,American Express,Numeric Transeprency,CQ32022,1.91,1.96,2.4433,-0.48329999999999984
AXP,American Express,Numeric Transeprency,CQ42022,1.96,3.02,2.4596,0.5604
AXP,American Express,Numeric Transeprency,CQ12023,3.02,2.26,2.165599999999998,0.0944000000000016
AXP,American Express,Numeric Transeprency,CQ22023,2.26,2.26,2.0736000000000003,0.18639999999999946
AXP,American Express,Numeric Transeprency,CQ32023,2.26,2.19,2.5141999999999998,-0.3241999999999998
AXP,American Express,Numeric Transeprency,CQ42023,2.19,2.44,2.6222000000000003,-0.18220000000000036
AXP,American Express,Numeric Transeprency,CQ12024,2.44,2.17,2.516200000000001,-0.34620000000000095
AXP,American Express,Numeric Transeprency,CQ22024,2.17,2.23,2.1203000000000003,0.10969999999999969
AXP,American Express,Numeric Transeprency,CQ32024,2.23,2.07,2.447200000000001,-0.3772000000000011
AZO,AutoZone,Analyst Selectivity Ratio,CQ12022,12.0,37.5,23.0083,14.491700000000002
AZO,AutoZone,Analyst Selectivity Ratio,CQ22022,37.5,31.82,30.732600000000005,1.0873999999999953
AZO,AutoZone,Analyst Selectivity Ratio,CQ32022,31.82,34.78,31.75249999999999,3.0275000000000105
AZO,AutoZone,Analyst Selectivity Ratio,CQ42022,34.78,13.04,34.66549999999999,-21.625499999999988
AZO,AutoZone,Analyst Selectivity Ratio,CQ12023,13.04,36.0,31.50050000000001,4.4994999999999905
AZO,AutoZone,Analyst Selectivity Ratio,CQ22023,36.0,27.27,33.519099999999995,-6.249099999999995
AZO,AutoZone,Analyst Selectivity Ratio,CQ32023,27.27,29.17,31.554999999999993,-2.384999999999991
AZO,AutoZone,Analyst Selectivity Ratio,CQ42023,29.17,33.33,30.440699999999996,2.889300000000002
AZO,AutoZone,Analyst Selectivity Ratio,CQ12024,33.33,30.77,29.830100000000005,0.9398999999999944
AZO,AutoZone,Analyst Selectivity Ratio,CQ22024,30.77,25.0,29.1565,-4.156500000000001
AZO,AutoZone,Analyst Selectivity Ratio,CQ32024,25.0,33.33,28.166200000000003,5.163799999999995
AZO,AutoZone,Language Complexity,CQ12022,12.62,12.35,12.452999999999996,-0.1029999999999962
AZO,AutoZone,Language Complexity,CQ22022,12.35,12.25,12.482500000000005,-0.23250000000000526
AZO,AutoZone,Language Complexity,CQ32022,12.25,12.11,12.506399999999996,-0.3963999999999963
AZO,AutoZone,Language Complexity,CQ42022,12.11,12.18,12.391899999999998,-0.2118999999999982
AZO,AutoZone,Language Complexity,CQ12023,12.18,11.59,12.082900000000004,-0.4929000000000041
AZO,AutoZone,Language Complexity,CQ22023,11.59,12.05,11.973700000000003,0.07629999999999804
AZO,AutoZone,Language Complexity,CQ32023,12.05,12.76,12.036700000000003,0.7232999999999965
AZO,AutoZone,Language Complexity,CQ42023,12.76,11.69,12.449200000000001,-0.7592000000000017
AZO,AutoZone,Language Complexity,CQ12024,11.69,11.95,12.1696,-0.21960000000000157
AZO,AutoZone,Language Complexity,CQ22024,11.95,11.51,12.053600000000001,-0.5436000000000014
AZO,AutoZone,Language Complexity,CQ32024,11.51,11.66,12.086400000000005,-0.42640000000000455
AZO,AutoZone,Net Positivity,CQ12022,1.85,1.22,1.687199999999999,-0.46719999999999895
AZO,AutoZone,Net Positivity,CQ22022,1.22,1.42,1.4379000000000004,-0.01790000000000047
AZO,AutoZone,Net Positivity,CQ32022,1.42,1.39,1.5153999999999996,-0.12539999999999973
AZO,AutoZone,Net Positivity,CQ42022,1.39,1.61,1.4768000000000001,0.13319999999999999
AZO,AutoZone,Net Positivity,CQ12023,1.61,0.99,1.3148000000000004,-0.3248000000000004
AZO,AutoZone,Net Positivity,CQ22023,0.99,1.44,1.1969999999999996,0.24300000000000033
AZO,AutoZone,Net Positivity,CQ32023,1.44,1.24,1.2369999999999999,0.0030000000000001137
AZO,AutoZone,Net Positivity,CQ42023,1.24,1.34,1.2443,0.09570000000000012
AZO,AutoZone,Net Positivity,CQ12024,1.34,1.23,1.2331999999999994,-0.0031999999999994255
AZO,AutoZone,Net Positivity,CQ22024,1.23,1.41,1.1193000000000008,0.29069999999999907
AZO,AutoZone,Net Positivity,CQ32024,1.41,1.3,1.2275999999999998,0.07240000000000024
AZO,AutoZone,Numeric Transeprency,CQ12022,2.29,2.35,2.2213000000000003,0.12869999999999981
AZO,AutoZone,Numeric Transeprency,CQ22022,2.35,3.02,2.3069000000000006,0.7130999999999994
AZO,AutoZone,Numeric Transeprency,CQ32022,3.02,2.4,2.5727999999999995,-0.17279999999999962
AZO,AutoZone,Numeric Transeprency,CQ42022,2.4,2.13,2.514199999999999,-0.384199999999999
AZO,AutoZone,Numeric Transeprency,CQ12023,2.13,2.07,2.6583000000000006,-0.5883000000000007
AZO,AutoZone,Numeric Transeprency,CQ22023,2.07,2.77,2.5876000000000015,0.18239999999999856
AZO,AutoZone,Numeric Transeprency,CQ32023,2.77,2.3,2.3326999999999987,-0.03269999999999884
AZO,AutoZone,Numeric Transeprency,CQ42023,2.3,1.98,2.469799999999999,-0.4897999999999989
AZO,AutoZone,Numeric Transeprency,CQ12024,1.98,2.08,2.6146000000000003,-0.5346000000000002
AZO,AutoZone,Numeric Transeprency,CQ22024,2.08,2.55,2.367800000000001,0.18219999999999903
AZO,AutoZone,Numeric Transeprency,CQ32024,2.55,2.05,2.3308999999999984,-0.2808999999999986
BA,Boeing,Analyst Selectivity Ratio,CQ12022,50.0,40.91,48.840700000000005,-7.930700000000009
BA,Boeing,Analyst Selectivity Ratio,CQ22022,40.91,33.33,48.0347,-14.704700000000003
BA,Boeing,Analyst Selectivity Ratio,CQ32022,33.33,35.0,39.69149999999999,-4.691499999999991
BA,Boeing,Analyst Selectivity Ratio,CQ42022,35.0,45.0,34.185800000000015,10.814199999999985
BA,Boeing,Analyst Selectivity Ratio,CQ12023,45.0,52.63,40.957,11.673000000000002
BA,Boeing,Analyst Selectivity Ratio,CQ22023,52.63,47.62,48.7064,-1.0864000000000047
BA,Boeing,Analyst Selectivity Ratio,CQ32023,47.62,38.1,49.08129999999999,-10.98129999999999
BA,Boeing,Analyst Selectivity Ratio,CQ42023,38.1,30.43,44.49949999999999,-14.06949999999999
BA,Boeing,Analyst Selectivity Ratio,CQ12024,30.43,33.33,38.079600000000006,-4.749600000000008
BA,Boeing,Analyst Selectivity Ratio,CQ22024,33.33,45.0,33.82539999999997,11.174600000000027
BA,Boeing,Analyst Selectivity Ratio,CQ32024,45.0,38.89,39.65349999999999,-0.7634999999999863
BA,Boeing,Language Complexity,CQ12022,11.49,11.17,12.4174,-1.2474000000000007
BA,Boeing,Language Complexity,CQ22022,11.17,11.02,12.233500000000001,-1.2135000000000016
BA,Boeing,Language Complexity,CQ32022,11.02,10.74,11.5563,-0.8163
BA,Boeing,Language Complexity,CQ42022,10.74,10.7,11.403600000000008,-0.7036000000000087
BA,Boeing,Language Complexity,CQ12023,10.7,10.55,10.905200000000002,-0.35520000000000174
BA,Boeing,Language Complexity,CQ22023,10.55,9.98,10.720499999999994,-0.7404999999999937
BA,Boeing,Language Complexity,CQ32023,9.98,11.15,10.519699999999995,0.6303000000000054
BA,Boeing,Language Complexity,CQ42023,11.15,10.43,10.803700000000008,-0.37370000000000836
BA,Boeing,Language Complexity,CQ12024,10.43,11.24,11.1018,0.13819999999999943
BA,Boeing,Language Complexity,CQ22024,11.24,12.59,10.915500000000002,1.6744999999999983
BA,Boeing,Language Complexity,CQ32024,12.59,11.27,11.639599999999987,-0.3695999999999877
BA,Boeing,Net Positivity,CQ12022,0.62,1.0,0.9241000000000008,0.07589999999999919
BA,Boeing,Net Positivity,CQ22022,1.0,1.01,0.6913999999999997,0.3186000000000003
BA,Boeing,Net Positivity,CQ32022,1.01,0.6,1.0797000000000003,-0.47970000000000035
BA,Boeing,Net Positivity,CQ42022,0.6,1.48,0.9127000000000004,0.5672999999999996
BA,Boeing,Net Positivity,CQ12023,1.48,0.77,1.12,-0.3500000000000001
BA,Boeing,Net Positivity,CQ22023,0.77,1.47,1.0270000000000004,0.4429999999999996
BA,Boeing,Net Positivity,CQ32023,1.47,0.85,1.2506,-0.40059999999999996
BA,Boeing,Net Positivity,CQ42023,0.85,0.78,1.0268000000000008,-0.2468000000000008
BA,Boeing,Net Positivity,CQ12024,0.78,0.84,0.02090000000000003,0.8190999999999999
BA,Boeing,Net Positivity,CQ22024,0.84,1.06,0.8948999999999997,0.16510000000000036
BA,Boeing,Net Positivity,CQ32024,1.06,0.54,0.8353,-0.2953
BA,Boeing,Numeric Transeprency,CQ12022,2.45,2.12,2.180099999999998,-0.060099999999998044
BA,Boeing,Numeric Transeprency,CQ22022,2.12,2.6,2.255699999999999,0.34430000000000094
BA,Boeing,Numeric Transeprency,CQ32022,2.6,1.99,2.3617,-0.3716999999999999
BA,Boeing,Numeric Transeprency,CQ42022,1.99,3.01,2.1126999999999985,0.8973000000000013
BA,Boeing,Numeric Transeprency,CQ12023,3.01,2.8,2.4529,0.34709999999999974
BA,Boeing,Numeric Transeprency,CQ22023,2.8,3.21,2.570400000000002,0.639599999999998
BA,Boeing,Numeric Transeprency,CQ32023,3.21,3.23,2.5761000000000007,0.6538999999999993
BA,Boeing,Numeric Transeprency,CQ42023,3.23,2.83,3.216699999999999,-0.38669999999999893
BA,Boeing,Numeric Transeprency,CQ12024,2.83,2.27,2.8575,-0.5874999999999999
BA,Boeing,Numeric Transeprency,CQ22024,2.27,1.46,2.564300000000001,-1.1043000000000012
BA,Boeing,Numeric Transeprency,CQ32024,1.46,1.24,2.1852999999999994,-0.9452999999999994
BAC,Bank of America,Analyst Selectivity Ratio,CQ12022,32.0,41.67,32.8573,8.8127
BAC,Bank of America,Analyst Selectivity Ratio,CQ22022,41.67,30.43,38.35330000000001,-7.923300000000012
BAC,Bank of America,Analyst Selectivity Ratio,CQ32022,30.43,36.36,35.47770000000001,0.8822999999999865
BAC,Bank of America,Analyst Selectivity Ratio,CQ42022,36.36,30.43,36.1363,-5.706299999999999
BAC,Bank of America,Analyst Selectivity Ratio,CQ12023,30.43,37.5,32.98010000000001,4.519899999999993
BAC,Bank of America,Analyst Selectivity Ratio,CQ22023,37.5,30.43,35.31550000000002,-4.885500000000022
BAC,Bank of America,Analyst Selectivity Ratio,CQ32023,30.43,34.78,35.439299999999996,-0.6592999999999947
BAC,Bank of America,Analyst Selectivity Ratio,CQ42023,34.78,25.0,35.57920000000001,-10.579200000000007
BAC,Bank of America,Analyst Selectivity Ratio,CQ12024,25.0,30.43,30.7129,-0.2829000000000015
BAC,Bank of America,Analyst Selectivity Ratio,CQ22024,30.43,37.5,29.8773,7.622699999999998
BAC,Bank of America,Analyst Selectivity Ratio,CQ32024,37.5,36.84,32.81660000000001,4.023399999999995
BAC,Bank of America,Language Complexity,CQ12022,11.61,11.35,11.698699999999999,-0.3486999999999991
BAC,Bank of America,Language Complexity,CQ22022,11.35,11.66,11.735799999999994,-0.07579999999999387
BAC,Bank of America,Language Complexity,CQ32022,11.66,12.1,11.714499999999997,0.3855000000000022
BAC,Bank of America,Language Complexity,CQ42022,12.1,11.52,11.8461,-0.3261000000000003
BAC,Bank of America,Language Complexity,CQ12023,11.52,11.24,11.8413,-0.6013000000000002
BAC,Bank of America,Language Complexity,CQ22023,11.24,12.03,11.657300000000003,0.3726999999999965
BAC,Bank of America,Language Complexity,CQ32023,12.03,11.32,11.605100000000002,-0.2851000000000017
BAC,Bank of America,Language Complexity,CQ42023,11.32,11.14,11.759099999999998,-0.6190999999999978
BAC,Bank of America,Language Complexity,CQ12024,11.14,11.63,11.400000000000004,0.22999999999999687
BAC,Bank of America,Language Complexity,CQ22024,11.63,10.87,11.615799999999997,-0.7457999999999974
BAC,Bank of America,Language Complexity,CQ32024,10.87,12.0,11.207899999999997,0.7921000000000031
BAC,Bank of America,Net Positivity,CQ12022,1.01,0.57,0.9579999999999994,-0.38799999999999946
BAC,Bank of America,Net Positivity,CQ22022,0.57,0.11,0.6823,-0.5723
BAC,Bank of America,Net Positivity,CQ32022,0.11,0.27,0.439,-0.16899999999999998
BAC,Bank of America,Net Positivity,CQ42022,0.27,0.43,0.6000000000000002,-0.1700000000000002
BAC,Bank of America,Net Positivity,CQ12023,0.43,0.58,0.2694,0.3106
BAC,Bank of America,Net Positivity,CQ22023,0.58,0.84,0.5520999999999998,0.28790000000000016
BAC,Bank of America,Net Positivity,CQ32023,0.84,0.6,0.7106,-0.11060000000000003
BAC,Bank of America,Net Positivity,CQ42023,0.6,0.86,0.7572999999999999,0.10270000000000012
BAC,Bank of America,Net Positivity,CQ12024,0.86,1.31,0.8795000000000006,0.43049999999999944
BAC,Bank of America,Net Positivity,CQ22024,1.31,0.78,1.104,-0.32400000000000007
BAC,Bank of America,Net Positivity,CQ32024,0.78,1.06,0.9463000000000001,0.11369999999999991
BAC,Bank of America,Numeric Transeprency,CQ12022,3.46,3.33,3.106199999999999,0.2238000000000011
BAC,Bank of America,Numeric Transeprency,CQ22022,3.33,3.51,3.390575,0.11942499999999967
BAC,Bank of America,Numeric Transeprency,CQ32022,3.51,2.92,3.359800000000001,-0.43980000000000086
BAC,Bank of America,Numeric Transeprency,CQ42022,2.92,3.44,3.0292000000000003,0.4107999999999996
BAC,Bank of America,Numeric Transeprency,CQ12023,3.44,2.98,3.249599999999999,-0.2695999999999992
BAC,Bank of America,Numeric Transeprency,CQ22023,2.98,3.32,2.970300000000002,0.3496999999999977
BAC,Bank of America,Numeric Transeprency,CQ32023,3.32,3.33,3.1644000000000005,0.16559999999999953
BAC,Bank of America,Numeric Transeprency,CQ42023,3.33,4.08,3.244000000000001,0.835999999999999
BAC,Bank of America,Numeric Transeprency,CQ12024,4.08,3.06,3.1727000000000003,-0.11270000000000024
BAC,Bank of America,Numeric Transeprency,CQ22024,3.06,3.18,3.1541999999999994,0.02580000000000071
BAC,Bank of America,Numeric Transeprency,CQ32024,3.18,3.22,3.159474999999999,0.06052500000000105
BAX,Baxter International,Analyst Selectivity Ratio,CQ12022,50.0,53.33,44.228999999999985,9.101000000000013
BAX,Baxter International,Analyst Selectivity Ratio,CQ22022,53.33,50.0,44.310700000000004,5.689299999999996
BAX,Baxter International,Analyst Selectivity Ratio,CQ32022,50.0,42.86,46.7107,-3.8507000000000033
BAX,Baxter International,Analyst Selectivity Ratio,CQ42022,42.86,35.71,51.92230000000004,-16.21230000000004
BAX,Baxter International,Analyst Selectivity Ratio,CQ12023,35.71,40.0,44.029299999999985,-4.029299999999985
BAX,Baxter International,Analyst Selectivity Ratio,CQ22023,40.0,23.08,42.48720000000003,-19.40720000000003
BAX,Baxter International,Analyst Selectivity Ratio,CQ32023,23.08,50.0,35.7008,14.299199999999999
BAX,Baxter International,Analyst Selectivity Ratio,CQ42023,50.0,23.08,37.92730000000002,-14.847300000000018
BAX,Baxter International,Analyst Selectivity Ratio,CQ12024,23.08,53.85,27.807500000000005,26.042499999999997
BAX,Baxter International,Analyst Selectivity Ratio,CQ22024,53.85,50.0,42.09560000000001,7.904399999999988
BAX,Baxter International,Analyst Selectivity Ratio,CQ32024,50.0,46.15,40.6552,5.494799999999998
BAX,Baxter International,Language Complexity,CQ12022,13.46,12.78,12.938599999999994,-0.15859999999999452
BAX,Baxter International,Language Complexity,CQ22022,12.78,12.66,13.2508,-0.5907999999999998
BAX,Baxter International,Language Complexity,CQ32022,12.66,12.88,13.093900000000003,-0.21390000000000242
BAX,Baxter International,Language Complexity,CQ42022,12.88,13.19,12.924599999999998,0.2654000000000014
BAX,Baxter International,Language Complexity,CQ12023,13.19,12.13,13.273800000000001,-1.1438000000000006
BAX,Baxter International,Language Complexity,CQ22023,12.13,14.02,12.39260000000001,1.627399999999989
BAX,Baxter International,Language Complexity,CQ32023,14.02,13.98,13.224399999999996,0.7556000000000047
BAX,Baxter International,Language Complexity,CQ42023,13.98,12.94,13.540300000000002,-0.6003000000000025
BAX,Baxter International,Language Complexity,CQ12024,12.94,13.4,13.065099999999996,0.33490000000000464
BAX,Baxter International,Language Complexity,CQ22024,13.4,12.92,13.218000000000004,-0.2980000000000036
BAX,Baxter International,Language Complexity,CQ32024,12.92,13.61,13.182400000000003,0.4275999999999964
BAX,Baxter International,Net Positivity,CQ12022,0.79,0.49,0.5878000000000002,-0.09780000000000022
BAX,Baxter International,Net Positivity,CQ22022,0.49,-0.16,0.3102000000000001,-0.47020000000000006
BAX,Baxter International,Net Positivity,CQ32022,-0.16,0.4,0.07060000000000001,0.3294
BAX,Baxter International,Net Positivity,CQ42022,0.4,0.74,0.5394999999999998,0.20050000000000023
BAX,Baxter International,Net Positivity,CQ12023,0.74,1.45,0.30400000000000016,1.146
BAX,Baxter International,Net Positivity,CQ22023,1.45,1.09,0.8968999999999998,0.19310000000000027
BAX,Baxter International,Net Positivity,CQ32023,1.09,1.47,0.8310999999999998,0.6389000000000001
BAX,Baxter International,Net Positivity,CQ42023,1.47,1.78,1.3259999999999998,0.4540000000000002
BAX,Baxter International,Net Positivity,CQ12024,1.78,1.68,1.3737000000000006,0.30629999999999935
BAX,Baxter International,Net Positivity,CQ22024,1.68,1.43,1.3934999999999989,0.03650000000000109
BAX,Baxter International,Net Positivity,CQ32024,1.43,0.16,1.535,-1.375
BAX,Baxter International,Numeric Transeprency,CQ12022,2.7,2.22,2.2115000000000014,0.008499999999998842
BAX,Baxter International,Numeric Transeprency,CQ22022,2.22,1.85,2.0936999999999997,-0.24369999999999958
BAX,Baxter International,Numeric Transeprency,CQ32022,1.85,2.07,2.2251999999999996,-0.15519999999999978
BAX,Baxter International,Numeric Transeprency,CQ42022,2.07,3.44,2.3754999999999993,1.0645000000000007
BAX,Baxter International,Numeric Transeprency,CQ12023,3.44,1.85,2.1681000000000012,-0.31810000000000116
BAX,Baxter International,Numeric Transeprency,CQ22023,1.85,2.23,2.308299999999999,-0.07829999999999915
BAX,Baxter International,Numeric Transeprency,CQ32023,2.23,2.28,2.5484999999999998,-0.26849999999999996
BAX,Baxter International,Numeric Transeprency,CQ42023,2.28,2.84,2.5784000000000007,0.26159999999999917
BAX,Baxter International,Numeric Transeprency,CQ12024,2.84,2.16,2.340100000000001,-0.18010000000000081
BAX,Baxter International,Numeric Transeprency,CQ22024,2.16,2.31,2.272099999999999,0.03790000000000093
BAX,Baxter International,Numeric Transeprency,CQ32024,2.31,3.17,2.4134,0.7565999999999997
BBY,Best Buy,Analyst Selectivity Ratio,CQ12022,39.29,32.14,31.266799999999986,0.8732000000000149
BBY,Best Buy,Analyst Selectivity Ratio,CQ22022,32.14,33.33,30.22829999999999,3.101700000000008
BBY,Best Buy,Analyst Selectivity Ratio,CQ32022,33.33,29.63,33.095299999999995,-3.4652999999999956
BBY,Best Buy,Analyst Selectivity Ratio,CQ42022,29.63,16.0,31.107700000000005,-15.107700000000005
BBY,Best Buy,Analyst Selectivity Ratio,CQ12023,16.0,32.14,32.016600000000004,0.12339999999999662
BBY,Best Buy,Analyst Selectivity Ratio,CQ22023,32.14,25.0,32.671,-7.670999999999999
BBY,Best Buy,Analyst Selectivity Ratio,CQ32023,25.0,20.69,31.1411,-10.4511
BBY,Best Buy,Analyst Selectivity Ratio,CQ42023,20.69,25.0,28.790699999999994,-3.790699999999994
BBY,Best Buy,Analyst Selectivity Ratio,CQ12024,25.0,20.69,28.1439,-7.453899999999997
BBY,Best Buy,Analyst Selectivity Ratio,CQ22024,20.69,26.67,34.07629999999999,-7.4062999999999874
BBY,Best Buy,Analyst Selectivity Ratio,CQ32024,26.67,24.14,28.733100000000015,-4.593100000000014
BBY,Best Buy,Language Complexity,CQ12022,13.12,13.69,13.721199999999993,-0.03119999999999301
BBY,Best Buy,Language Complexity,CQ22022,13.69,13.44,13.32000000000001,0.11999999999999034
BBY,Best Buy,Language Complexity,CQ32022,13.44,13.92,13.766100000000005,0.15389999999999482
BBY,Best Buy,Language Complexity,CQ42022,13.92,14.07,13.475999999999999,0.5940000000000012
BBY,Best Buy,Language Complexity,CQ12023,14.07,13.83,13.705600000000002,0.12439999999999785
BBY,Best Buy,Language Complexity,CQ22023,13.83,14.03,13.699900000000003,0.3300999999999963
BBY,Best Buy,Language Complexity,CQ32023,14.03,13.86,14.186,-0.3260000000000005
BBY,Best Buy,Language Complexity,CQ42023,13.86,14.33,13.932099999999998,0.3979000000000017
BBY,Best Buy,Language Complexity,CQ12024,14.33,13.47,14.112999999999998,-0.6429999999999971
BBY,Best Buy,Language Complexity,CQ22024,13.47,13.51,13.731199999999996,-0.22119999999999607
BBY,Best Buy,Language Complexity,CQ32024,13.51,13.52,13.539099999999998,-0.01909999999999812
BBY,Best Buy,Net Positivity,CQ12022,1.37,0.93,1.3698000000000001,-0.4398000000000001
BBY,Best Buy,Net Positivity,CQ22022,0.93,0.54,0.5722,-0.032200000000000006
BBY,Best Buy,Net Positivity,CQ32022,0.54,0.99,0.8477,0.14229999999999998
BBY,Best Buy,Net Positivity,CQ42022,0.99,1.25,0.9861999999999996,0.26380000000000037
BBY,Best Buy,Net Positivity,CQ12023,1.25,1.16,1.0177999999999998,0.1422000000000001
BBY,Best Buy,Net Positivity,CQ22023,1.16,1.54,1.0226,0.5174000000000001
BBY,Best Buy,Net Positivity,CQ32023,1.54,1.38,1.1536000000000008,0.22639999999999905
BBY,Best Buy,Net Positivity,CQ42023,1.38,1.61,1.4110000000000005,0.19899999999999962
BBY,Best Buy,Net Positivity,CQ12024,1.61,1.75,1.4942999999999993,0.2557000000000007
BBY,Best Buy,Net Positivity,CQ22024,1.75,1.59,1.5492,0.04080000000000017
BBY,Best Buy,Net Positivity,CQ32024,1.59,1.66,1.5119000000000002,0.14809999999999968
BBY,Best Buy,Numeric Transeprency,CQ12022,2.34,1.76,1.7520999999999995,0.007900000000000462
BBY,Best Buy,Numeric Transeprency,CQ22022,1.76,1.68,1.5456999999999999,0.13430000000000009
BBY,Best Buy,Numeric Transeprency,CQ32022,1.68,1.32,1.9235000000000009,-0.6035000000000008
BBY,Best Buy,Numeric Transeprency,CQ42022,1.32,2.2,1.8544000000000005,0.3455999999999997
BBY,Best Buy,Numeric Transeprency,CQ12023,2.2,1.54,1.6396000000000002,-0.09960000000000013
BBY,Best Buy,Numeric Transeprency,CQ22023,1.54,1.53,1.680600000000001,-0.15060000000000096
BBY,Best Buy,Numeric Transeprency,CQ32023,1.53,1.3,1.7046999999999999,-0.40469999999999984
BBY,Best Buy,Numeric Transeprency,CQ42023,1.3,1.74,1.863500000000001,-0.12350000000000105
BBY,Best Buy,Numeric Transeprency,CQ12024,1.74,1.45,1.4901,-0.040100000000000025
BBY,Best Buy,Numeric Transeprency,CQ22024,1.45,1.5,1.3524999999999998,0.1475000000000002
BBY,Best Buy,Numeric Transeprency,CQ32024,1.5,1.49,1.5451000000000001,-0.05510000000000015
BDX,Becton Dickinson,Analyst Selectivity Ratio,CQ12022,33.33,50.0,35.99309999999999,14.006900000000009
BDX,Becton Dickinson,Analyst Selectivity Ratio,CQ22022,50.0,38.46,38.51522000000001,-0.0552200000000056
BDX,Becton Dickinson,Analyst Selectivity Ratio,CQ32022,38.46,35.71,39.12450000000001,-3.414500000000011
BDX,Becton Dickinson,Analyst Selectivity Ratio,CQ42022,35.71,26.67,39.19729999999999,-12.52729999999999
BDX,Becton Dickinson,Analyst Selectivity Ratio,CQ12023,26.67,31.25,34.11929999999999,-2.8692999999999884
BDX,Becton Dickinson,Analyst Selectivity Ratio,CQ22023,31.25,25.0,32.3896,-7.3896000000000015
BDX,Becton Dickinson,Analyst Selectivity Ratio,CQ32023,25.0,26.67,29.661099999999987,-2.991099999999985
BDX,Becton Dickinson,Analyst Selectivity Ratio,CQ42023,26.67,33.33,27.78039999999999,5.549600000000009
BDX,Becton Dickinson,Analyst Selectivity Ratio,CQ12024,33.33,28.57,30.359500000000004,-1.7895000000000039
BDX,Becton Dickinson,Analyst Selectivity Ratio,CQ22024,28.57,43.75,27.511299999999995,16.238700000000005
BDX,Becton Dickinson,Analyst Selectivity Ratio,CQ32024,43.75,37.5,37.31740000000001,0.18259999999998655
BDX,Becton Dickinson,Language Complexity,CQ12022,13.91,13.57,13.016300000000001,0.5536999999999992
BDX,Becton Dickinson,Language Complexity,CQ22022,13.57,13.67,12.8664,0.8035999999999994
BDX,Becton Dickinson,Language Complexity,CQ32022,13.67,13.4,13.7959,-0.39589999999999925
BDX,Becton Dickinson,Language Complexity,CQ42022,13.4,12.76,13.523399999999995,-0.7633999999999954
BDX,Becton Dickinson,Language Complexity,CQ12023,12.76,13.22,13.290700000000001,-0.07070000000000043
BDX,Becton Dickinson,Language Complexity,CQ22023,13.22,13.68,12.802399999999995,0.8776000000000046
BDX,Becton Dickinson,Language Complexity,CQ32023,13.68,13.69,13.085400000000003,0.604599999999996
BDX,Becton Dickinson,Language Complexity,CQ42023,13.69,12.16,13.365300000000001,-1.2053000000000011
BDX,Becton Dickinson,Language Complexity,CQ12024,12.16,13.18,13.113699999999996,0.06630000000000358
BDX,Becton Dickinson,Language Complexity,CQ22024,13.18,13.18,13.1205,0.059499999999999886
BDX,Becton Dickinson,Language Complexity,CQ32024,13.18,13.78,13.062499999999998,0.7175000000000011
BDX,Becton Dickinson,Net Positivity,CQ12022,2.02,1.51,1.7595999999999996,-0.2495999999999996
BDX,Becton Dickinson,Net Positivity,CQ22022,1.51,1.97,1.5843999999999996,0.3856000000000004
BDX,Becton Dickinson,Net Positivity,CQ32022,1.97,1.97,1.8458,0.12419999999999987
BDX,Becton Dickinson,Net Positivity,CQ42022,1.97,1.64,2.1210000000000004,-0.48100000000000054
BDX,Becton Dickinson,Net Positivity,CQ12023,1.64,2.47,1.7418999999999998,0.7281000000000004
BDX,Becton Dickinson,Net Positivity,CQ22023,2.47,1.68,1.9691,-0.28910000000000013
BDX,Becton Dickinson,Net Positivity,CQ32023,1.68,1.93,1.8916000000000002,0.03839999999999977
BDX,Becton Dickinson,Net Positivity,CQ42023,1.93,2.23,1.94,0.29000000000000004
BDX,Becton Dickinson,Net Positivity,CQ12024,2.23,3.01,2.264699999999999,0.7453000000000007
BDX,Becton Dickinson,Net Positivity,CQ22024,3.01,2.45,2.0487999999999995,0.40120000000000067
BDX,Becton Dickinson,Net Positivity,CQ32024,2.45,2.51,2.297200000000001,0.21279999999999877
BDX,Becton Dickinson,Numeric Transeprency,CQ12022,2.07,2.23,2.3804,-0.15039999999999987
BDX,Becton Dickinson,Numeric Transeprency,CQ22022,2.23,2.33,2.7555,-0.4255
BDX,Becton Dickinson,Numeric Transeprency,CQ32022,2.33,2.61,2.8118000000000007,-0.20180000000000087
BDX,Becton Dickinson,Numeric Transeprency,CQ42022,2.61,1.92,2.4324,-0.5124
BDX,Becton Dickinson,Numeric Transeprency,CQ12023,1.92,1.97,2.1041,-0.13409999999999989
BDX,Becton Dickinson,Numeric Transeprency,CQ22023,1.97,2.18,2.5434,-0.36339999999999995
BDX,Becton Dickinson,Numeric Transeprency,CQ32023,2.18,3.29,2.555999999999999,0.7340000000000009
BDX,Becton Dickinson,Numeric Transeprency,CQ42023,3.29,2.22,2.143499999999999,0.07650000000000112
BDX,Becton Dickinson,Numeric Transeprency,CQ12024,2.22,1.99,2.369699999999999,-0.37969999999999904
BDX,Becton Dickinson,Numeric Transeprency,CQ22024,1.99,1.93,2.7136000000000013,-0.7836000000000014
BDX,Becton Dickinson,Numeric Transeprency,CQ32024,1.93,2.3,2.5256000000000003,-0.22560000000000047
BF.B,Brown-Forman,Analyst Selectivity Ratio,CQ12022,43.75,31.25,37.039100000000005,-5.789100000000005
BF.B,Brown-Forman,Analyst Selectivity Ratio,CQ22022,31.25,28.57,38.06139999999999,-9.491399999999992
BF.B,Brown-Forman,Analyst Selectivity Ratio,CQ32022,28.57,25.0,35.104299999999995,-10.104299999999995
BF.B,Brown-Forman,Analyst Selectivity Ratio,CQ42022,25.0,28.57,29.035900000000005,-0.46590000000000487
BF.B,Brown-Forman,Analyst Selectivity Ratio,CQ12023,28.57,25.0,26.028999999999996,-1.0289999999999964
BF.B,Brown-Forman,Analyst Selectivity Ratio,CQ22023,25.0,31.25,29.048199999999998,2.201800000000002
BF.B,Brown-Forman,Analyst Selectivity Ratio,CQ32023,31.25,31.25,28.22710000000001,3.0228999999999893
BF.B,Brown-Forman,Analyst Selectivity Ratio,CQ42023,31.25,23.53,28.259299999999985,-4.729299999999984
BF.B,Brown-Forman,Analyst Selectivity Ratio,CQ12024,23.53,18.75,25.6606,-6.910599999999999
BF.B,Brown-Forman,Analyst Selectivity Ratio,CQ22024,18.75,31.25,24.202099999999994,7.047900000000006
BF.B,Brown-Forman,Analyst Selectivity Ratio,CQ32024,31.25,35.29,30.053800000000003,5.236199999999997
BF.B,Brown-Forman,Language Complexity,CQ12022,13.0,13.48,13.018899999999997,0.4611000000000036
BF.B,Brown-Forman,Language Complexity,CQ22022,13.48,12.3,13.145299999999999,-0.8452999999999982
BF.B,Brown-Forman,Language Complexity,CQ32022,12.3,13.4,12.839100000000013,0.5608999999999877
BF.B,Brown-Forman,Language Complexity,CQ42022,13.4,14.15,13.145699999999994,1.004300000000006
BF.B,Brown-Forman,Language Complexity,CQ12023,14.15,14.22,13.540700000000006,0.6792999999999942
BF.B,Brown-Forman,Language Complexity,CQ22023,14.22,12.34,13.483099999999995,-1.1430999999999951
BF.B,Brown-Forman,Language Complexity,CQ32023,12.34,13.01,13.041599999999994,-0.031599999999993855
BF.B,Brown-Forman,Language Complexity,CQ42023,13.01,13.22,13.331800000000001,-0.11180000000000057
BF.B,Brown-Forman,Language Complexity,CQ12024,13.22,13.62,13.412499999999996,0.20750000000000313
BF.B,Brown-Forman,Language Complexity,CQ22024,13.62,13.19,13.322699999999998,-0.13269999999999804
BF.B,Brown-Forman,Language Complexity,CQ32024,13.19,13.71,13.296700000000003,0.4132999999999978
BF.B,Brown-Forman,Net Positivity,CQ12022,0.65,0.92,0.8354999999999997,0.08450000000000035
BF.B,Brown-Forman,Net Positivity,CQ22022,0.92,0.79,0.5759999999999993,0.21400000000000075
BF.B,Brown-Forman,Net Positivity,CQ32022,0.79,1.14,0.8213000000000003,0.31869999999999965
BF.B,Brown-Forman,Net Positivity,CQ42022,1.14,0.54,1.2457000000000007,-0.7057000000000007
BF.B,Brown-Forman,Net Positivity,CQ12023,0.54,1.12,0.7619000000000004,0.35809999999999975
BF.B,Brown-Forman,Net Positivity,CQ22023,1.12,0.59,0.8599000000000007,-0.2699000000000007
BF.B,Brown-Forman,Net Positivity,CQ32023,0.59,0.57,0.9363999999999996,-0.3663999999999996
BF.B,Brown-Forman,Net Positivity,CQ42023,0.57,0.34,0.7943999999999999,-0.45439999999999986
BF.B,Brown-Forman,Net Positivity,CQ12024,0.34,0.39,0.5972000000000001,-0.20720000000000005
BF.B,Brown-Forman,Net Positivity,CQ22024,0.39,0.47,0.3829000000000001,0.0870999999999999
BF.B,Brown-Forman,Net Positivity,CQ32024,0.47,0.56,0.39289999999999997,0.16710000000000008
BF.B,Brown-Forman,Numeric Transeprency,CQ12022,1.2,1.65,1.0173999999999999,0.6326
BF.B,Brown-Forman,Numeric Transeprency,CQ22022,1.65,1.14,1.1985999999999999,-0.058599999999999985
BF.B,Brown-Forman,Numeric Transeprency,CQ32022,1.14,1.49,1.0850000000000004,0.4049999999999996
BF.B,Brown-Forman,Numeric Transeprency,CQ42022,1.49,1.94,1.0479000000000007,0.8920999999999992
BF.B,Brown-Forman,Numeric Transeprency,CQ12023,1.94,2.15,1.5928999999999993,0.5571000000000006
BF.B,Brown-Forman,Numeric Transeprency,CQ22023,2.15,1.65,1.6998,-0.049800000000000066
BF.B,Brown-Forman,Numeric Transeprency,CQ32023,1.65,1.67,1.7140000000000004,-0.04400000000000048
BF.B,Brown-Forman,Numeric Transeprency,CQ42023,1.67,2.06,1.9225999999999999,0.1374000000000002
BF.B,Brown-Forman,Numeric Transeprency,CQ12024,2.06,1.69,1.8420999999999998,-0.1520999999999999
BF.B,Brown-Forman,Numeric Transeprency,CQ22024,1.69,1.37,1.7939000000000007,-0.4239000000000006
BF.B,Brown-Forman,Numeric Transeprency,CQ32024,1.37,1.5,1.6124,-0.11240000000000006
BIIB,Biogen,Analyst Selectivity Ratio,CQ12022,22.58,29.03,28.123699999999985,0.9063000000000159
BIIB,Biogen,Analyst Selectivity Ratio,CQ22022,29.03,31.03,29.342000000000002,1.6879999999999988
BIIB,Biogen,Analyst Selectivity Ratio,CQ32022,31.03,41.38,30.107900000000008,11.272099999999995
BIIB,Biogen,Analyst Selectivity Ratio,CQ42022,41.38,17.24,33.610600000000005,-16.370600000000007
BIIB,Biogen,Analyst Selectivity Ratio,CQ12023,17.24,24.14,31.77799999999999,-7.637999999999991
BIIB,Biogen,Analyst Selectivity Ratio,CQ22023,24.14,33.33,26.1553,7.174699999999998
BIIB,Biogen,Analyst Selectivity Ratio,CQ32023,33.33,20.83,32.76820000000001,-11.938200000000009
BIIB,Biogen,Analyst Selectivity Ratio,CQ42023,20.83,18.52,29.61330000000001,-11.09330000000001
BIIB,Biogen,Analyst Selectivity Ratio,CQ12024,18.52,20.69,25.576799999999995,-4.886799999999994
BIIB,Biogen,Analyst Selectivity Ratio,CQ22024,20.69,13.79,26.798799999999986,-13.008799999999987
BIIB,Biogen,Analyst Selectivity Ratio,CQ32024,13.79,29.63,22.437599999999993,7.192400000000006
BIIB,Biogen,Language Complexity,CQ12022,14.14,13.05,13.7578,-0.7077999999999989
BIIB,Biogen,Language Complexity,CQ22022,13.05,13.48,13.111199999999997,0.3688000000000038
BIIB,Biogen,Language Complexity,CQ32022,13.48,13.13,13.611599999999996,-0.4815999999999949
BIIB,Biogen,Language Complexity,CQ42022,13.13,12.26,13.633700000000003,-1.373700000000003
BIIB,Biogen,Language Complexity,CQ12023,12.26,12.63,12.5709,0.05910000000000082
BIIB,Biogen,Language Complexity,CQ22023,12.63,11.97,12.855100000000004,-0.8851000000000031
BIIB,Biogen,Language Complexity,CQ32023,11.97,12.55,12.53389999999999,0.01610000000001044
BIIB,Biogen,Language Complexity,CQ42023,12.55,12.36,12.589999999999996,-0.22999999999999687
BIIB,Biogen,Language Complexity,CQ12024,12.36,11.95,12.812499999999993,-0.8624999999999936
BIIB,Biogen,Language Complexity,CQ22024,11.95,13.27,12.083300000000001,1.1866999999999983
BIIB,Biogen,Language Complexity,CQ32024,13.27,13.25,12.9365,0.31349999999999945
BIIB,Biogen,Net Positivity,CQ12022,0.4,0.59,0.2998999999999999,0.2901000000000001
BIIB,Biogen,Net Positivity,CQ22022,0.59,0.61,0.5473999999999999,0.0626000000000001
BIIB,Biogen,Net Positivity,CQ32022,0.61,0.6,0.6446000000000002,-0.044600000000000195
BIIB,Biogen,Net Positivity,CQ42022,0.6,0.16,0.6835,-0.5235
BIIB,Biogen,Net Positivity,CQ12023,0.16,0.36,0.4465,-0.08650000000000002
BIIB,Biogen,Net Positivity,CQ22023,0.36,0.54,0.28809999999999997,0.25190000000000007
BIIB,Biogen,Net Positivity,CQ32023,0.54,0.48,0.33109999999999984,0.14890000000000014
BIIB,Biogen,Net Positivity,CQ42023,0.48,0.48,0.5407999999999998,-0.060799999999999854
BIIB,Biogen,Net Positivity,CQ12024,0.48,0.49,0.16250000000000003,0.32749999999999996
BIIB,Biogen,Net Positivity,CQ22024,0.49,0.93,0.4508999999999999,0.47910000000000014
BIIB,Biogen,Net Positivity,CQ32024,0.93,1.2,0.46779999999999994,0.7322
BIIB,Biogen,Numeric Transeprency,CQ12022,2.46,1.71,2.2735999999999996,-0.5635999999999997
BIIB,Biogen,Numeric Transeprency,CQ22022,1.71,2.03,1.9986999999999997,0.031300000000000106
BIIB,Biogen,Numeric Transeprency,CQ32022,2.03,1.75,2.2080000000000006,-0.45800000000000063
BIIB,Biogen,Numeric Transeprency,CQ42022,1.75,1.78,1.9487000000000003,-0.1687000000000003
BIIB,Biogen,Numeric Transeprency,CQ12023,1.78,1.37,1.960500000000001,-0.5905000000000009
BIIB,Biogen,Numeric Transeprency,CQ22023,1.37,1.25,1.6399,-0.3898999999999999
BIIB,Biogen,Numeric Transeprency,CQ32023,1.25,1.8,1.3856999999999993,0.4143000000000008
BIIB,Biogen,Numeric Transeprency,CQ42023,1.8,1.96,1.4352999999999998,0.5247000000000002
BIIB,Biogen,Numeric Transeprency,CQ12024,1.96,1.95,1.3506999999999996,0.5993000000000004
BIIB,Biogen,Numeric Transeprency,CQ22024,1.95,1.52,1.7129000000000003,-0.1929000000000003
BIIB,Biogen,Numeric Transeprency,CQ32024,1.52,1.81,1.5485999999999995,0.2614000000000005
BK,BNY Mellon,Analyst Selectivity Ratio,CQ12022,55.56,44.44,45.84779999999997,-1.4077999999999733
BK,BNY Mellon,Analyst Selectivity Ratio,CQ22022,44.44,35.29,44.68039999999999,-9.390399999999993
BK,BNY Mellon,Analyst Selectivity Ratio,CQ32022,35.29,50.0,43.4678,6.532200000000003
BK,BNY Mellon,Analyst Selectivity Ratio,CQ42022,50.0,43.75,45.44340000000001,-1.6934000000000111
BK,BNY Mellon,Analyst Selectivity Ratio,CQ12023,43.75,52.94,42.89789999999999,10.042100000000005
BK,BNY Mellon,Analyst Selectivity Ratio,CQ22023,52.94,50.0,45.018599999999985,4.981400000000015
BK,BNY Mellon,Analyst Selectivity Ratio,CQ32023,50.0,58.82,45.543900000000015,13.276099999999985
BK,BNY Mellon,Analyst Selectivity Ratio,CQ42023,58.82,41.18,48.5303,-7.350299999999997
BK,BNY Mellon,Analyst Selectivity Ratio,CQ12024,41.18,52.94,48.54819999999998,4.391800000000018
BK,BNY Mellon,Analyst Selectivity Ratio,CQ22024,52.94,58.82,52.3474,6.4726
BK,BNY Mellon,Analyst Selectivity Ratio,CQ32024,58.82,64.29,52.503299999999996,11.78670000000001
BK,BNY Mellon,Language Complexity,CQ12022,12.32,12.27,12.304099999999996,-0.03409999999999691
BK,BNY Mellon,Language Complexity,CQ22022,12.27,12.37,12.790900000000004,-0.42090000000000494
BK,BNY Mellon,Language Complexity,CQ32022,12.37,13.14,12.704300000000007,0.43569999999999354
BK,BNY Mellon,Language Complexity,CQ42022,13.14,13.0,12.5878,0.41220000000000034
BK,BNY Mellon,Language Complexity,CQ12023,13.0,12.17,12.878099999999995,-0.7080999999999946
BK,BNY Mellon,Language Complexity,CQ22023,12.17,12.57,12.650900000000004,-0.0809000000000033
BK,BNY Mellon,Language Complexity,CQ32023,12.57,12.45,12.6559,-0.20590000000000153
BK,BNY Mellon,Language Complexity,CQ42023,12.45,12.68,12.597599999999998,0.08240000000000158
BK,BNY Mellon,Language Complexity,CQ12024,12.68,11.83,12.394400000000005,-0.5644000000000045
BK,BNY Mellon,Language Complexity,CQ22024,11.83,12.79,12.367399999999996,0.42260000000000275
BK,BNY Mellon,Language Complexity,CQ32024,12.79,12.75,12.530899999999999,0.21910000000000096
BK,BNY Mellon,Net Positivity,CQ12022,0.74,0.94,0.8915,0.04849999999999999
BK,BNY Mellon,Net Positivity,CQ22022,0.94,0.73,0.7953,-0.06530000000000002
BK,BNY Mellon,Net Positivity,CQ32022,0.73,0.54,0.8547000000000005,-0.3147000000000004
BK,BNY Mellon,Net Positivity,CQ42022,0.54,1.07,0.8257000000000007,0.2442999999999994
BK,BNY Mellon,Net Positivity,CQ12023,1.07,0.91,0.9056000000000006,0.004399999999999404
BK,BNY Mellon,Net Positivity,CQ22023,0.91,1.23,0.8748,0.35519999999999996
BK,BNY Mellon,Net Positivity,CQ32023,1.23,1.0,0.9368999999999998,0.06310000000000016
BK,BNY Mellon,Net Positivity,CQ42023,1.0,1.92,1.1473999999999995,0.7726000000000004
BK,BNY Mellon,Net Positivity,CQ12024,1.92,1.43,1.3299999999999996,0.10000000000000031
BK,BNY Mellon,Net Positivity,CQ22024,1.43,1.67,1.3682999999999998,0.3017000000000001
BK,BNY Mellon,Net Positivity,CQ32024,1.67,1.31,1.7856999999999996,-0.47569999999999957
BK,BNY Mellon,Numeric Transeprency,CQ12022,2.9,2.38,2.2100000000000013,0.1699999999999986
BK,BNY Mellon,Numeric Transeprency,CQ22022,2.38,2.23,2.348299999999999,-0.11829999999999918
BK,BNY Mellon,Numeric Transeprency,CQ32022,2.23,1.71,2.3032999999999997,-0.5932999999999997
BK,BNY Mellon,Numeric Transeprency,CQ42022,1.71,2.51,2.348499999999999,0.16150000000000064
BK,BNY Mellon,Numeric Transeprency,CQ12023,2.51,1.47,2.2032999999999996,-0.7332999999999996
BK,BNY Mellon,Numeric Transeprency,CQ22023,1.47,1.93,1.7785000000000002,0.15149999999999975
BK,BNY Mellon,Numeric Transeprency,CQ32023,1.93,1.66,1.8514999999999997,-0.19149999999999978
BK,BNY Mellon,Numeric Transeprency,CQ42023,1.66,2.92,2.1592000000000007,0.7607999999999993
BK,BNY Mellon,Numeric Transeprency,CQ12024,2.92,2.08,2.1154999999999995,-0.03549999999999942
BK,BNY Mellon,Numeric Transeprency,CQ22024,2.08,1.8,1.9371,-0.1371
BK,BNY Mellon,Numeric Transeprency,CQ32024,1.8,1.99,2.3603,-0.3703000000000001
BKNG,Booking Holdings,Analyst Selectivity Ratio,CQ12022,12.9,18.75,17.7339,1.0161000000000016
BKNG,Booking Holdings,Analyst Selectivity Ratio,CQ22022,18.75,23.33,19.323200000000007,4.006799999999991
BKNG,Booking Holdings,Analyst Selectivity Ratio,CQ32022,23.33,34.48,22.9645,11.515499999999996
BKNG,Booking Holdings,Analyst Selectivity Ratio,CQ42022,34.48,17.86,34.1784,-16.318400000000004
BKNG,Booking Holdings,Analyst Selectivity Ratio,CQ12023,17.86,28.57,25.0246,3.5454000000000008
BKNG,Booking Holdings,Analyst Selectivity Ratio,CQ22023,28.57,35.71,28.200000000000003,7.509999999999998
BKNG,Booking Holdings,Analyst Selectivity Ratio,CQ32023,35.71,29.63,35.33269999999999,-5.7026999999999894
BKNG,Booking Holdings,Analyst Selectivity Ratio,CQ42023,29.63,22.22,31.592999999999993,-9.372999999999994
BKNG,Booking Holdings,Analyst Selectivity Ratio,CQ12024,22.22,31.25,28.071499999999997,3.178500000000003
BKNG,Booking Holdings,Analyst Selectivity Ratio,CQ22024,31.25,26.67,29.100900000000006,-2.4309000000000047
BKNG,Booking Holdings,Analyst Selectivity Ratio,CQ32024,26.67,29.63,29.527399999999993,0.10260000000000602
BKNG,Booking Holdings,Language Complexity,CQ12022,13.12,12.0,12.761800000000001,-0.7618000000000009
BKNG,Booking Holdings,Language Complexity,CQ22022,12.0,11.4,12.567100000000003,-1.1671000000000031
BKNG,Booking Holdings,Language Complexity,CQ32022,11.4,12.51,12.146700000000003,0.36329999999999707
BKNG,Booking Holdings,Language Complexity,CQ42022,12.51,12.68,11.966400000000004,0.713599999999996
BKNG,Booking Holdings,Language Complexity,CQ12023,12.68,12.17,12.370700000000005,-0.20070000000000476
BKNG,Booking Holdings,Language Complexity,CQ22023,12.17,12.15,12.023399999999999,0.1266000000000016
BKNG,Booking Holdings,Language Complexity,CQ32023,12.15,11.27,12.504600000000003,-1.234600000000004
BKNG,Booking Holdings,Language Complexity,CQ42023,11.27,13.08,12.071099999999996,1.0089000000000041
BKNG,Booking Holdings,Language Complexity,CQ12024,13.08,12.57,12.324999999999996,0.24500000000000455
BKNG,Booking Holdings,Language Complexity,CQ22024,12.57,12.4,12.280599999999994,0.11940000000000595
BKNG,Booking Holdings,Language Complexity,CQ32024,12.4,12.38,12.389199999999992,-0.009199999999990993
BKNG,Booking Holdings,Net Positivity,CQ12022,1.03,1.36,1.1456,0.21440000000000015
BKNG,Booking Holdings,Net Positivity,CQ22022,1.36,1.63,0.7594000000000003,0.8705999999999996
BKNG,Booking Holdings,Net Positivity,CQ32022,1.63,1.42,1.4553000000000003,-0.03530000000000033
BKNG,Booking Holdings,Net Positivity,CQ42022,1.42,1.55,1.4403,0.10970000000000013
BKNG,Booking Holdings,Net Positivity,CQ12023,1.55,1.45,1.4817000000000007,-0.03170000000000073
BKNG,Booking Holdings,Net Positivity,CQ22023,1.45,1.9,1.4478000000000002,0.4521999999999997
BKNG,Booking Holdings,Net Positivity,CQ32023,1.9,1.71,1.6313999999999995,0.07860000000000045
BKNG,Booking Holdings,Net Positivity,CQ42023,1.71,1.73,1.7193000000000012,0.010699999999998822
BKNG,Booking Holdings,Net Positivity,CQ12024,1.73,1.96,2.0390000000000006,-0.07900000000000063
BKNG,Booking Holdings,Net Positivity,CQ22024,1.96,1.7,1.9804000000000002,-0.2804000000000002
BKNG,Booking Holdings,Net Positivity,CQ32024,1.7,2.38,1.7826,0.5973999999999999
BKNG,Booking Holdings,Numeric Transeprency,CQ12022,2.62,2.7,1.960300000000001,0.7396999999999991
BKNG,Booking Holdings,Numeric Transeprency,CQ22022,2.7,2.18,2.0708000000000006,0.10919999999999952
BKNG,Booking Holdings,Numeric Transeprency,CQ32022,2.18,2.55,2.322699999999999,0.22730000000000095
BKNG,Booking Holdings,Numeric Transeprency,CQ42022,2.55,3.86,2.6072,1.2527999999999997
BKNG,Booking Holdings,Numeric Transeprency,CQ12023,3.86,1.64,3.010800000000001,-1.3708000000000011
BKNG,Booking Holdings,Numeric Transeprency,CQ22023,1.64,1.69,2.186900000000001,-0.496900000000001
BKNG,Booking Holdings,Numeric Transeprency,CQ32023,1.69,2.05,2.5692000000000013,-0.5192000000000014
BKNG,Booking Holdings,Numeric Transeprency,CQ42023,2.05,2.93,2.770100000000001,0.15989999999999904
BKNG,Booking Holdings,Numeric Transeprency,CQ12024,2.93,1.15,2.008,-0.8580000000000001
BKNG,Booking Holdings,Numeric Transeprency,CQ22024,1.15,1.31,1.3703999999999996,-0.060399999999999565
BKNG,Booking Holdings,Numeric Transeprency,CQ32024,1.31,1.43,1.9236999999999993,-0.49369999999999936
BLK,BlackRock,Analyst Selectivity Ratio,CQ12022,28.57,42.86,37.3739,5.4861
BLK,BlackRock,Analyst Selectivity Ratio,CQ22022,42.86,33.33,39.3492,-6.019200000000005
BLK,BlackRock,Analyst Selectivity Ratio,CQ32022,33.33,33.33,36.053500000000014,-2.7235000000000156
BLK,BlackRock,Analyst Selectivity Ratio,CQ42022,33.33,21.43,30.143199999999993,-8.713199999999993
BLK,BlackRock,Analyst Selectivity Ratio,CQ12023,21.43,31.25,30.160099999999993,1.0899000000000072
BLK,BlackRock,Analyst Selectivity Ratio,CQ22023,31.25,33.33,29.577000000000012,3.752999999999986
BLK,BlackRock,Analyst Selectivity Ratio,CQ32023,33.33,33.33,32.7884,0.5415999999999954
BLK,BlackRock,Analyst Selectivity Ratio,CQ42023,33.33,33.33,30.713499999999986,2.6165000000000127
BLK,BlackRock,Analyst Selectivity Ratio,CQ12024,33.33,40.0,30.392999999999997,9.607000000000003
BLK,BlackRock,Analyst Selectivity Ratio,CQ22024,40.0,35.71,36.71099999999999,-1.0009999999999906
BLK,BlackRock,Analyst Selectivity Ratio,CQ32024,35.71,50.0,35.9742,14.025799999999997
BLK,BlackRock,Language Complexity,CQ12022,15.43,15.32,15.013300000000008,0.3066999999999922
BLK,BlackRock,Language Complexity,CQ22022,15.32,15.39,15.081799999999992,0.30820000000000825
BLK,BlackRock,Language Complexity,CQ32022,15.39,14.95,15.527899999999994,-0.5778999999999943
BLK,BlackRock,Language Complexity,CQ42022,14.95,15.28,15.388099999999993,-0.1080999999999932
BLK,BlackRock,Language Complexity,CQ12023,15.28,14.38,15.150800000000002,-0.7708000000000013
BLK,BlackRock,Language Complexity,CQ22023,14.38,14.76,15.048099999999986,-0.2880999999999858
BLK,BlackRock,Language Complexity,CQ32023,14.76,14.04,14.7609,-0.7209000000000003
BLK,BlackRock,Language Complexity,CQ42023,14.04,13.78,14.375800000000003,-0.5958000000000041
BLK,BlackRock,Language Complexity,CQ12024,13.78,13.47,14.273100000000001,-0.8031000000000006
BLK,BlackRock,Language Complexity,CQ22024,13.47,14.08,13.954200000000004,0.12579999999999636
BLK,BlackRock,Language Complexity,CQ32024,14.08,13.5,13.875399999999997,-0.3753999999999973
BLK,BlackRock,Net Positivity,CQ12022,1.52,1.07,0.9880999999999999,0.0819000000000002
BLK,BlackRock,Net Positivity,CQ22022,1.07,0.67,0.9198000000000002,-0.24980000000000013
BLK,BlackRock,Net Positivity,CQ32022,0.67,0.76,0.8791000000000001,-0.1191000000000001
BLK,BlackRock,Net Positivity,CQ42022,0.76,1.06,0.8905,0.1695000000000001
BLK,BlackRock,Net Positivity,CQ12023,1.06,1.29,1.0542000000000007,0.23579999999999934
BLK,BlackRock,Net Positivity,CQ22023,1.29,2.19,1.0405000000000002,1.1494999999999997
BLK,BlackRock,Net Positivity,CQ32023,2.19,1.58,1.5175999999999996,0.062400000000000455
BLK,BlackRock,Net Positivity,CQ42023,1.58,1.83,1.5861999999999998,0.24380000000000024
BLK,BlackRock,Net Positivity,CQ12024,1.83,1.64,1.89,-0.25
BLK,BlackRock,Net Positivity,CQ22024,1.64,1.85,1.7674,0.0826
BLK,BlackRock,Net Positivity,CQ32024,1.85,2.39,1.7804999999999995,0.6095000000000006
BLK,BlackRock,Numeric Transeprency,CQ12022,3.13,1.55,2.2157999999999998,-0.6657999999999997
BLK,BlackRock,Numeric Transeprency,CQ22022,1.55,1.59,1.9502000000000006,-0.3602000000000005
BLK,BlackRock,Numeric Transeprency,CQ32022,1.59,2.44,2.202,0.238
BLK,BlackRock,Numeric Transeprency,CQ42022,2.44,2.47,2.345199999999998,0.12480000000000224
BLK,BlackRock,Numeric Transeprency,CQ12023,2.47,1.79,1.8761000000000003,-0.08610000000000029
BLK,BlackRock,Numeric Transeprency,CQ22023,1.79,1.82,1.9867,-0.16669999999999985
BLK,BlackRock,Numeric Transeprency,CQ32023,1.82,2.2,2.263,-0.06299999999999972
BLK,BlackRock,Numeric Transeprency,CQ42023,2.2,2.5,2.4313000000000007,0.06869999999999932
BLK,BlackRock,Numeric Transeprency,CQ12024,2.5,2.18,2.0886999999999984,0.09130000000000171
BLK,BlackRock,Numeric Transeprency,CQ22024,2.18,1.96,2.235399999999999,-0.275399999999999
BLK,BlackRock,Numeric Transeprency,CQ32024,1.96,2.5,2.5596999999999994,-0.05969999999999942
BMY,Bristol Myers Squibb,Analyst Selectivity Ratio,CQ12022,55.0,45.0,62.07510000000001,-17.075100000000013
BMY,Bristol Myers Squibb,Analyst Selectivity Ratio,CQ22022,45.0,60.0,54.12629999999999,5.873700000000007
BMY,Bristol Myers Squibb,Analyst Selectivity Ratio,CQ32022,60.0,65.0,53.0032,11.9968
BMY,Bristol Myers Squibb,Analyst Selectivity Ratio,CQ42022,65.0,61.9,59.18499999999998,2.7150000000000176
BMY,Bristol Myers Squibb,Analyst Selectivity Ratio,CQ12023,61.9,45.45,55.67210000000001,-10.222100000000005
BMY,Bristol Myers Squibb,Analyst Selectivity Ratio,CQ22023,45.45,56.0,53.19210000000002,2.8078999999999823
BMY,Bristol Myers Squibb,Analyst Selectivity Ratio,CQ32023,56.0,58.33,55.77380000000001,2.55619999999999
BMY,Bristol Myers Squibb,Analyst Selectivity Ratio,CQ42023,58.33,41.67,55.23499999999999,-13.56499999999999
BMY,Bristol Myers Squibb,Analyst Selectivity Ratio,CQ12024,41.67,54.55,50.0977,4.452299999999994
BMY,Bristol Myers Squibb,Analyst Selectivity Ratio,CQ22024,54.55,72.73,49.82240000000001,22.907599999999995
BMY,Bristol Myers Squibb,Analyst Selectivity Ratio,CQ32024,72.73,55.56,56.470000000000006,-0.9100000000000037
BMY,Bristol Myers Squibb,Language Complexity,CQ12022,11.68,11.87,11.954700000000004,-0.0847000000000051
BMY,Bristol Myers Squibb,Language Complexity,CQ22022,11.87,12.5,11.754999999999997,0.7450000000000028
BMY,Bristol Myers Squibb,Language Complexity,CQ32022,12.5,11.85,12.124299999999996,-0.27429999999999666
BMY,Bristol Myers Squibb,Language Complexity,CQ42022,11.85,11.88,12.090900000000007,-0.21090000000000586
BMY,Bristol Myers Squibb,Language Complexity,CQ12023,11.88,12.0,11.955300000000005,0.0446999999999953
BMY,Bristol Myers Squibb,Language Complexity,CQ22023,12.0,12.02,11.8527,0.16729999999999912
BMY,Bristol Myers Squibb,Language Complexity,CQ32023,12.02,11.71,12.131999999999998,-0.42199999999999704
BMY,Bristol Myers Squibb,Language Complexity,CQ42023,11.71,12.08,11.917900000000001,0.1620999999999988
BMY,Bristol Myers Squibb,Language Complexity,CQ12024,12.08,11.8,11.923800000000002,-0.12380000000000102
BMY,Bristol Myers Squibb,Language Complexity,CQ22024,11.8,11.98,12.166900000000004,-0.18690000000000317
BMY,Bristol Myers Squibb,Language Complexity,CQ32024,11.98,12.04,12.013399999999995,0.026600000000003732
BMY,Bristol Myers Squibb,Net Positivity,CQ12022,1.4,1.35,1.7903000000000007,-0.4403000000000006
BMY,Bristol Myers Squibb,Net Positivity,CQ22022,1.35,1.61,1.6222999999999999,-0.012299999999999756
BMY,Bristol Myers Squibb,Net Positivity,CQ32022,1.61,1.21,1.3454999999999995,-0.1354999999999995
BMY,Bristol Myers Squibb,Net Positivity,CQ42022,1.21,1.35,1.3984000000000005,-0.04840000000000044
BMY,Bristol Myers Squibb,Net Positivity,CQ12023,1.35,1.59,1.2980000000000005,0.2919999999999996
BMY,Bristol Myers Squibb,Net Positivity,CQ22023,1.59,1.42,1.3475000000000004,0.07249999999999956
BMY,Bristol Myers Squibb,Net Positivity,CQ32023,1.42,1.7,1.2947,0.4053
BMY,Bristol Myers Squibb,Net Positivity,CQ42023,1.7,1.56,1.6696999999999995,-0.10969999999999946
BMY,Bristol Myers Squibb,Net Positivity,CQ12024,1.56,1.59,1.6074000000000002,-0.017400000000000082
BMY,Bristol Myers Squibb,Net Positivity,CQ22024,1.59,1.06,1.3686,-0.3086
BMY,Bristol Myers Squibb,Net Positivity,CQ32024,1.06,1.21,1.3625,-0.15250000000000008
BMY,Bristol Myers Squibb,Numeric Transeprency,CQ12022,1.73,1.35,1.4924000000000002,-0.14240000000000008
BMY,Bristol Myers Squibb,Numeric Transeprency,CQ22022,1.35,1.28,1.3200000000000005,-0.04000000000000048
BMY,Bristol Myers Squibb,Numeric Transeprency,CQ32022,1.28,1.72,1.1376999999999997,0.5823000000000003
BMY,Bristol Myers Squibb,Numeric Transeprency,CQ42022,1.72,2.19,1.8238000000000005,0.3661999999999994
BMY,Bristol Myers Squibb,Numeric Transeprency,CQ12023,2.19,1.4,1.6820000000000008,-0.2820000000000009
BMY,Bristol Myers Squibb,Numeric Transeprency,CQ22023,1.4,2.36,1.4404,0.9196
BMY,Bristol Myers Squibb,Numeric Transeprency,CQ32023,2.36,2.16,2.0458,0.1142000000000003
BMY,Bristol Myers Squibb,Numeric Transeprency,CQ42023,2.16,1.83,2.009099999999999,-0.17909999999999915
BMY,Bristol Myers Squibb,Numeric Transeprency,CQ12024,1.83,1.21,1.9805999999999995,-0.7705999999999995
BMY,Bristol Myers Squibb,Numeric Transeprency,CQ22024,1.21,1.45,1.5364999999999995,-0.08649999999999958
BMY,Bristol Myers Squibb,Numeric Transeprency,CQ32024,1.45,1.46,1.7783000000000009,-0.3183000000000009
BSX,Boston Scientific,Analyst Selectivity Ratio,CQ12022,32.0,30.77,30.543500000000012,0.22649999999998727
BSX,Boston Scientific,Analyst Selectivity Ratio,CQ22022,30.77,52.17,28.382,23.788
BSX,Boston Scientific,Analyst Selectivity Ratio,CQ32022,52.17,36.0,36.7465,-0.7464999999999975
BSX,Boston Scientific,Analyst Selectivity Ratio,CQ42022,36.0,34.78,39.55419999999999,-4.774199999999986
BSX,Boston Scientific,Analyst Selectivity Ratio,CQ12023,34.78,28.0,37.749,-9.749000000000002
BSX,Boston Scientific,Analyst Selectivity Ratio,CQ22023,28.0,32.0,36.35539999999999,-4.355399999999989
BSX,Boston Scientific,Analyst Selectivity Ratio,CQ32023,32.0,32.14,29.522399999999994,2.6176000000000066
BSX,Boston Scientific,Analyst Selectivity Ratio,CQ42023,32.14,28.57,28.839700000000015,-0.2697000000000145
BSX,Boston Scientific,Analyst Selectivity Ratio,CQ12024,28.57,32.14,29.964499999999994,2.1755000000000067
BSX,Boston Scientific,Analyst Selectivity Ratio,CQ22024,32.14,26.67,28.45369999999999,-1.783699999999989
BSX,Boston Scientific,Analyst Selectivity Ratio,CQ32024,26.67,35.71,28.751699999999996,6.958300000000005
BSX,Boston Scientific,Language Complexity,CQ12022,12.71,12.45,12.4986,-0.04860000000000042
BSX,Boston Scientific,Language Complexity,CQ22022,12.45,11.75,12.636000000000001,-0.886000000000001
BSX,Boston Scientific,Language Complexity,CQ32022,11.75,11.8,12.5228,-0.7227999999999994
BSX,Boston Scientific,Language Complexity,CQ42022,11.8,12.93,11.981500000000008,0.9484999999999921
BSX,Boston Scientific,Language Complexity,CQ12023,12.93,12.16,12.2906,-0.13059999999999938
BSX,Boston Scientific,Language Complexity,CQ22023,12.16,12.34,11.927500000000002,0.41249999999999787
BSX,Boston Scientific,Language Complexity,CQ32023,12.34,12.93,12.266799999999998,0.6632000000000016
BSX,Boston Scientific,Language Complexity,CQ42023,12.93,12.44,12.583800000000005,-0.14380000000000592
BSX,Boston Scientific,Language Complexity,CQ12024,12.44,12.33,12.607099999999996,-0.27709999999999546
BSX,Boston Scientific,Language Complexity,CQ22024,12.33,12.61,12.4726,0.13739999999999952
BSX,Boston Scientific,Language Complexity,CQ32024,12.61,13.1,12.515200000000007,0.5847999999999924
BSX,Boston Scientific,Net Positivity,CQ12022,1.33,1.47,1.4057,0.06430000000000002
BSX,Boston Scientific,Net Positivity,CQ22022,1.47,1.22,1.0722999999999998,0.14770000000000016
BSX,Boston Scientific,Net Positivity,CQ32022,1.22,1.16,1.3271999999999995,-0.16719999999999957
BSX,Boston Scientific,Net Positivity,CQ42022,1.16,1.13,1.2348000000000006,-0.10480000000000067
BSX,Boston Scientific,Net Positivity,CQ12023,1.13,1.45,1.2274,0.2225999999999999
BSX,Boston Scientific,Net Positivity,CQ22023,1.45,1.7,1.2581,0.44189999999999996
BSX,Boston Scientific,Net Positivity,CQ32023,1.7,1.17,1.2833,-0.11330000000000018
BSX,Boston Scientific,Net Positivity,CQ42023,1.17,1.2,1.2618999999999998,-0.061899999999999844
BSX,Boston Scientific,Net Positivity,CQ12024,1.2,1.32,1.5025999999999993,-0.1825999999999992
BSX,Boston Scientific,Net Positivity,CQ22024,1.32,1.34,1.2886999999999997,0.051300000000000345
BSX,Boston Scientific,Net Positivity,CQ32024,1.34,1.37,1.1351999999999998,0.23480000000000034
BSX,Boston Scientific,Numeric Transeprency,CQ12022,5.33,3.08,3.8654,-0.7854000000000001
BSX,Boston Scientific,Numeric Transeprency,CQ22022,3.08,3.66,3.2667999999999995,0.39320000000000066
BSX,Boston Scientific,Numeric Transeprency,CQ32022,3.66,3.63,3.8146,-0.1846000000000001
BSX,Boston Scientific,Numeric Transeprency,CQ42022,3.63,5.05,3.9379999999999997,1.112
BSX,Boston Scientific,Numeric Transeprency,CQ12023,5.05,2.77,3.4960749999999994,-0.7260749999999994
BSX,Boston Scientific,Numeric Transeprency,CQ22023,2.77,3.05,3.2414,-0.19140000000000024
BSX,Boston Scientific,Numeric Transeprency,CQ32023,3.05,4.02,3.417700000000001,0.6022999999999987
BSX,Boston Scientific,Numeric Transeprency,CQ42023,4.02,5.17,4.1373999999999995,1.0326000000000004
BSX,Boston Scientific,Numeric Transeprency,CQ12024,5.17,3.72,3.6256,0.09440000000000026
BSX,Boston Scientific,Numeric Transeprency,CQ22024,3.72,2.98,3.581300000000001,-0.6013000000000011
BSX,Boston Scientific,Numeric Transeprency,CQ32024,2.98,2.68,3.4712,-0.7911999999999999
C,Citigroup,Analyst Selectivity Ratio,CQ12022,54.55,47.83,50.88489999999997,-3.054899999999975
C,Citigroup,Analyst Selectivity Ratio,CQ22022,47.83,45.45,51.92070000000002,-6.470700000000015
C,Citigroup,Analyst Selectivity Ratio,CQ32022,45.45,40.91,47.254400000000004,-6.344400000000007
C,Citigroup,Analyst Selectivity Ratio,CQ42022,40.91,33.33,47.330600000000004,-14.000600000000006
C,Citigroup,Analyst Selectivity Ratio,CQ12023,33.33,39.13,40.592699999999994,-1.462699999999991
C,Citigroup,Analyst Selectivity Ratio,CQ22023,39.13,45.45,39.3679,6.082100000000004
C,Citigroup,Analyst Selectivity Ratio,CQ32023,45.45,38.1,40.055099999999996,-1.9550999999999945
C,Citigroup,Analyst Selectivity Ratio,CQ42023,38.1,41.67,39.437799999999996,2.232200000000006
C,Citigroup,Analyst Selectivity Ratio,CQ12024,41.67,59.09,39.44550000000001,19.644499999999994
C,Citigroup,Analyst Selectivity Ratio,CQ22024,59.09,45.45,45.65959999999999,-0.20959999999998757
C,Citigroup,Analyst Selectivity Ratio,CQ32024,45.45,47.06,49.4324,-2.372399999999999
C,Citigroup,Language Complexity,CQ12022,11.59,12.36,12.444000000000008,-0.08400000000000851
C,Citigroup,Language Complexity,CQ22022,12.36,12.23,12.243500000000001,-0.013500000000000512
C,Citigroup,Language Complexity,CQ32022,12.23,12.48,12.370000000000006,0.1099999999999941
C,Citigroup,Language Complexity,CQ42022,12.48,12.7,12.253900000000002,0.4460999999999977
C,Citigroup,Language Complexity,CQ12023,12.7,12.82,12.327199999999996,0.49280000000000435
C,Citigroup,Language Complexity,CQ22023,12.82,12.73,12.384800000000006,0.34519999999999484
C,Citigroup,Language Complexity,CQ32023,12.73,12.31,12.778500000000001,-0.4685000000000006
C,Citigroup,Language Complexity,CQ42023,12.31,12.8,12.512899999999997,0.28710000000000413
C,Citigroup,Language Complexity,CQ12024,12.8,12.37,12.526899999999998,-0.15689999999999849
C,Citigroup,Language Complexity,CQ22024,12.37,12.53,12.486500000000001,0.043499999999998096
C,Citigroup,Language Complexity,CQ32024,12.53,12.67,12.5822,0.08779999999999966
C,Citigroup,Net Positivity,CQ12022,0.56,0.31,0.8027999999999998,-0.49279999999999985
C,Citigroup,Net Positivity,CQ22022,0.31,0.28,0.5334999999999999,-0.25349999999999984
C,Citigroup,Net Positivity,CQ32022,0.28,0.23,0.41070000000000007,-0.18070000000000006
C,Citigroup,Net Positivity,CQ42022,0.23,0.54,0.4494,0.09060000000000001
C,Citigroup,Net Positivity,CQ12023,0.54,0.66,0.4793999999999998,0.1806000000000002
C,Citigroup,Net Positivity,CQ22023,0.66,0.5,0.7262000000000002,-0.22620000000000018
C,Citigroup,Net Positivity,CQ32023,0.5,0.36,0.48489999999999966,-0.12489999999999968
C,Citigroup,Net Positivity,CQ42023,0.36,0.38,0.5989999999999999,-0.21899999999999986
C,Citigroup,Net Positivity,CQ12024,0.38,0.73,0.5923000000000004,0.1376999999999996
C,Citigroup,Net Positivity,CQ22024,0.73,0.65,0.6531999999999999,-0.0031999999999998696
C,Citigroup,Net Positivity,CQ32024,0.65,0.9,0.7377999999999997,0.16220000000000034
C,Citigroup,Numeric Transeprency,CQ12022,2.04,2.3,1.8069,0.49309999999999987
C,Citigroup,Numeric Transeprency,CQ22022,2.3,2.22,2.2492999999999994,-0.029299999999999216
C,Citigroup,Numeric Transeprency,CQ32022,2.22,2.44,2.133399999999999,0.30660000000000087
C,Citigroup,Numeric Transeprency,CQ42022,2.44,2.63,2.4663000000000004,0.1636999999999995
C,Citigroup,Numeric Transeprency,CQ12023,2.63,1.95,2.4633000000000016,-0.5133000000000016
C,Citigroup,Numeric Transeprency,CQ22023,1.95,2.5,2.0456999999999996,0.45430000000000037
C,Citigroup,Numeric Transeprency,CQ32023,2.5,2.28,2.3421000000000003,-0.06210000000000049
C,Citigroup,Numeric Transeprency,CQ42023,2.28,3.19,2.370499999999998,0.8195000000000019
C,Citigroup,Numeric Transeprency,CQ12024,3.19,2.22,2.4423,-0.22229999999999972
C,Citigroup,Numeric Transeprency,CQ22024,2.22,1.85,2.2406000000000006,-0.3906000000000005
C,Citigroup,Numeric Transeprency,CQ32024,1.85,2.62,2.5024,0.11759999999999993
CAT,Caterpillar Inc.,Analyst Selectivity Ratio,CQ12022,46.43,53.57,51.14535000000001,2.4246499999999926
CAT,Caterpillar Inc.,Analyst Selectivity Ratio,CQ22022,53.57,44.0,48.08059999999998,-4.080599999999983
CAT,Caterpillar Inc.,Analyst Selectivity Ratio,CQ32022,44.0,53.85,51.004300000000015,2.8456999999999866
CAT,Caterpillar Inc.,Analyst Selectivity Ratio,CQ42022,53.85,42.31,46.99390000000003,-4.68390000000003
CAT,Caterpillar Inc.,Analyst Selectivity Ratio,CQ12023,42.31,52.0,42.98409999999999,9.01590000000001
CAT,Caterpillar Inc.,Analyst Selectivity Ratio,CQ22023,52.0,54.17,49.832300000000004,4.337699999999998
CAT,Caterpillar Inc.,Analyst Selectivity Ratio,CQ32023,54.17,41.67,53.578100000000035,-11.908100000000033
CAT,Caterpillar Inc.,Analyst Selectivity Ratio,CQ42023,41.67,34.62,46.48359999999997,-11.86359999999997
CAT,Caterpillar Inc.,Analyst Selectivity Ratio,CQ12024,34.62,34.62,45.653500000000015,-11.033500000000018
CAT,Caterpillar Inc.,Analyst Selectivity Ratio,CQ22024,34.62,44.0,38.043,5.957000000000001
CAT,Caterpillar Inc.,Analyst Selectivity Ratio,CQ32024,44.0,59.09,41.47650000000001,17.613499999999995
CAT,Caterpillar Inc.,Language Complexity,CQ12022,12.61,11.97,12.171099999999997,-0.20109999999999673
CAT,Caterpillar Inc.,Language Complexity,CQ22022,11.97,13.09,12.236300000000002,0.8536999999999981
CAT,Caterpillar Inc.,Language Complexity,CQ32022,13.09,12.57,12.647400000000003,-0.07740000000000258
CAT,Caterpillar Inc.,Language Complexity,CQ42022,12.57,13.24,12.692299999999996,0.5477000000000043
CAT,Caterpillar Inc.,Language Complexity,CQ12023,13.24,12.41,12.883099999999999,-0.47309999999999874
CAT,Caterpillar Inc.,Language Complexity,CQ22023,12.41,11.94,12.881399999999996,-0.9413999999999962
CAT,Caterpillar Inc.,Language Complexity,CQ32023,11.94,12.18,12.347499999999998,-0.16749999999999865
CAT,Caterpillar Inc.,Language Complexity,CQ42023,12.18,12.54,12.4044,0.1355999999999984
CAT,Caterpillar Inc.,Language Complexity,CQ12024,12.54,12.91,12.334499999999993,0.575500000000007
CAT,Caterpillar Inc.,Language Complexity,CQ22024,12.91,12.35,12.507400000000002,-0.15740000000000265
CAT,Caterpillar Inc.,Language Complexity,CQ32024,12.35,12.53,12.6103,-0.08030000000000115
CAT,Caterpillar Inc.,Net Positivity,CQ12022,0.96,1.5,1.36,0.1399999999999999
CAT,Caterpillar Inc.,Net Positivity,CQ22022,1.5,0.99,1.1804000000000003,-0.19040000000000035
CAT,Caterpillar Inc.,Net Positivity,CQ32022,0.99,1.03,0.9840000000000004,0.0459999999999996
CAT,Caterpillar Inc.,Net Positivity,CQ42022,1.03,1.46,1.1553,0.30469999999999997
CAT,Caterpillar Inc.,Net Positivity,CQ12023,1.46,1.79,1.0408999999999997,0.7491000000000003
CAT,Caterpillar Inc.,Net Positivity,CQ22023,1.79,1.28,1.3400999999999996,-0.0600999999999996
CAT,Caterpillar Inc.,Net Positivity,CQ32023,1.28,0.98,1.4212000000000002,-0.44120000000000026
CAT,Caterpillar Inc.,Net Positivity,CQ42023,0.98,1.59,1.3944999999999994,0.19550000000000067
CAT,Caterpillar Inc.,Net Positivity,CQ12024,1.59,1.56,1.4494,0.11060000000000003
CAT,Caterpillar Inc.,Net Positivity,CQ22024,1.56,1.23,1.3032,-0.07319999999999993
CAT,Caterpillar Inc.,Net Positivity,CQ32024,1.23,0.99,1.4050999999999996,-0.4150999999999996
CAT,Caterpillar Inc.,Numeric Transeprency,CQ12022,2.86,2.44,2.425999999999999,0.014000000000001123
CAT,Caterpillar Inc.,Numeric Transeprency,CQ22022,2.44,2.13,2.5201000000000007,-0.3901000000000008
CAT,Caterpillar Inc.,Numeric Transeprency,CQ32022,2.13,2.42,2.619,-0.1990000000000003
CAT,Caterpillar Inc.,Numeric Transeprency,CQ42022,2.42,3.3,2.9104000000000014,0.3895999999999984
CAT,Caterpillar Inc.,Numeric Transeprency,CQ12023,3.3,2.2,2.3087000000000004,-0.10870000000000024
CAT,Caterpillar Inc.,Numeric Transeprency,CQ22023,2.2,2.2,2.3938,-0.19379999999999997
CAT,Caterpillar Inc.,Numeric Transeprency,CQ32023,2.2,2.26,2.2969000000000013,-0.03690000000000149
CAT,Caterpillar Inc.,Numeric Transeprency,CQ42023,2.26,3.49,2.6305000000000005,0.8594999999999997
CAT,Caterpillar Inc.,Numeric Transeprency,CQ12024,3.49,2.4,2.5666999999999995,-0.16669999999999963
CAT,Caterpillar Inc.,Numeric Transeprency,CQ22024,2.4,2.18,2.4559000000000024,-0.27590000000000225
CAT,Caterpillar Inc.,Numeric Transeprency,CQ32024,2.18,2.24,2.5100000000000002,-0.27
CB,Chubb Limited,Analyst Selectivity Ratio,CQ12022,42.86,42.86,38.0696,4.790399999999998
CB,Chubb Limited,Analyst Selectivity Ratio,CQ22022,42.86,38.1,40.93730000000001,-2.837300000000006
CB,Chubb Limited,Analyst Selectivity Ratio,CQ32022,38.1,38.1,43.82849999999999,-5.72849999999999
CB,Chubb Limited,Analyst Selectivity Ratio,CQ42022,38.1,40.0,40.562899999999985,-0.5628999999999849
CB,Chubb Limited,Analyst Selectivity Ratio,CQ12023,40.0,35.0,40.4033,-5.4033000000000015
CB,Chubb Limited,Analyst Selectivity Ratio,CQ22023,35.0,38.1,37.396200000000015,0.7037999999999869
CB,Chubb Limited,Analyst Selectivity Ratio,CQ32023,38.1,38.1,39.533300000000004,-1.4333000000000027
CB,Chubb Limited,Analyst Selectivity Ratio,CQ42023,38.1,31.82,36.4765,-4.656500000000001
CB,Chubb Limited,Analyst Selectivity Ratio,CQ12024,31.82,35.0,33.6943,1.3057000000000016
CB,Chubb Limited,Analyst Selectivity Ratio,CQ22024,35.0,23.81,37.14009999999999,-13.330099999999991
CB,Chubb Limited,Analyst Selectivity Ratio,CQ32024,23.81,29.41,30.718099999999996,-1.308099999999996
CB,Chubb Limited,Language Complexity,CQ12022,11.58,11.0,11.612499999999997,-0.6124999999999972
CB,Chubb Limited,Language Complexity,CQ22022,11.0,10.91,11.660799999999997,-0.7507999999999964
CB,Chubb Limited,Language Complexity,CQ32022,10.91,11.52,11.399599999999998,0.12040000000000184
CB,Chubb Limited,Language Complexity,CQ42022,11.52,12.04,11.318900000000006,0.7210999999999927
CB,Chubb Limited,Language Complexity,CQ12023,12.04,11.46,11.752200000000007,-0.29220000000000645
CB,Chubb Limited,Language Complexity,CQ22023,11.46,11.64,11.858599999999997,-0.2185999999999968
CB,Chubb Limited,Language Complexity,CQ32023,11.64,11.64,11.7682,-0.12819999999999965
CB,Chubb Limited,Language Complexity,CQ42023,11.64,11.31,11.822399999999998,-0.5123999999999977
CB,Chubb Limited,Language Complexity,CQ12024,11.31,11.33,11.269799999999993,0.06020000000000714
CB,Chubb Limited,Language Complexity,CQ22024,11.33,11.38,11.43759999999999,-0.057599999999990104
CB,Chubb Limited,Language Complexity,CQ32024,11.38,11.0,11.692999999999994,-0.6929999999999943
CB,Chubb Limited,Net Positivity,CQ12022,0.44,-0.1,0.3247,-0.42469999999999997
CB,Chubb Limited,Net Positivity,CQ22022,-0.1,-0.81,0.11680000000000001,-0.9268000000000001
CB,Chubb Limited,Net Positivity,CQ32022,-0.81,-0.05,-0.36440000000000033,0.31440000000000035
CB,Chubb Limited,Net Positivity,CQ42022,-0.05,0.41,0.11779999999999999,0.2922
CB,Chubb Limited,Net Positivity,CQ12023,0.41,0.4,0.2889999999999999,0.1110000000000001
CB,Chubb Limited,Net Positivity,CQ22023,0.4,-0.05,0.5276000000000001,-0.5776000000000001
CB,Chubb Limited,Net Positivity,CQ32023,-0.05,0.12,0.24489999999999995,-0.12489999999999996
CB,Chubb Limited,Net Positivity,CQ42023,0.12,0.14,0.3947,-0.2547
CB,Chubb Limited,Net Positivity,CQ12024,0.14,-0.29,0.16549999999999992,-0.4554999999999999
CB,Chubb Limited,Net Positivity,CQ22024,-0.29,-0.26,-0.1412,-0.11880000000000002
CB,Chubb Limited,Net Positivity,CQ32024,-0.26,0.28,-0.2613,0.5413
CB,Chubb Limited,Numeric Transeprency,CQ12022,2.68,2.47,2.2861000000000007,0.1838999999999995
CB,Chubb Limited,Numeric Transeprency,CQ22022,2.47,2.39,2.942400000000001,-0.5524000000000009
CB,Chubb Limited,Numeric Transeprency,CQ32022,2.39,2.53,3.0369999999999986,-0.5069999999999988
CB,Chubb Limited,Numeric Transeprency,CQ42022,2.53,2.7,2.5484000000000004,0.15159999999999973
CB,Chubb Limited,Numeric Transeprency,CQ12023,2.7,2.4,2.4001000000000006,-0.00010000000000065512
CB,Chubb Limited,Numeric Transeprency,CQ22023,2.4,2.55,2.461900000000002,0.08809999999999762
CB,Chubb Limited,Numeric Transeprency,CQ32023,2.55,2.65,2.4793000000000007,0.17069999999999919
CB,Chubb Limited,Numeric Transeprency,CQ42023,2.65,2.84,2.5669,0.2730999999999999
CB,Chubb Limited,Numeric Transeprency,CQ12024,2.84,2.73,2.6393,0.0907
CB,Chubb Limited,Numeric Transeprency,CQ22024,2.73,2.82,2.6130999999999993,0.20690000000000053
CB,Chubb Limited,Numeric Transeprency,CQ32024,2.82,2.63,2.8105,-0.18050000000000033
CI,Cigna,Analyst Selectivity Ratio,CQ12022,63.64,60.0,55.2253,4.774700000000003
CI,Cigna,Analyst Selectivity Ratio,CQ22022,60.0,57.89,56.07240000000001,1.8175999999999917
CI,Cigna,Analyst Selectivity Ratio,CQ32022,57.89,45.0,56.37719999999997,-11.377199999999966
CI,Cigna,Analyst Selectivity Ratio,CQ42022,45.0,42.11,57.06120000000003,-14.951200000000028
CI,Cigna,Analyst Selectivity Ratio,CQ12023,42.11,47.06,44.82019999999999,2.2398000000000096
CI,Cigna,Analyst Selectivity Ratio,CQ22023,47.06,33.33,42.911100000000005,-9.581100000000006
CI,Cigna,Analyst Selectivity Ratio,CQ32023,33.33,36.84,44.358099999999965,-7.518099999999961
CI,Cigna,Analyst Selectivity Ratio,CQ42023,36.84,42.11,41.48499999999999,0.6250000000000071
CI,Cigna,Analyst Selectivity Ratio,CQ12024,42.11,42.11,39.601699999999994,2.5083000000000055
CI,Cigna,Analyst Selectivity Ratio,CQ22024,42.11,36.84,39.2242,-2.3842
CI,Cigna,Analyst Selectivity Ratio,CQ32024,36.84,37.5,40.1779,-2.677900000000001
CI,Cigna,Language Complexity,CQ12022,14.86,14.48,15.012099999999991,-0.5320999999999909
CI,Cigna,Language Complexity,CQ22022,14.48,14.72,14.9201,-0.20009999999999906
CI,Cigna,Language Complexity,CQ32022,14.72,14.5,14.973699999999997,-0.47369999999999735
CI,Cigna,Language Complexity,CQ42022,14.5,14.71,14.8156,-0.10559999999999903
CI,Cigna,Language Complexity,CQ12023,14.71,14.97,14.751999999999995,0.2180000000000053
CI,Cigna,Language Complexity,CQ22023,14.97,14.56,15.0483,-0.48829999999999885
CI,Cigna,Language Complexity,CQ32023,14.56,14.99,14.7294,0.26060000000000016
CI,Cigna,Language Complexity,CQ42023,14.99,14.99,15.096500000000008,-0.10650000000000759
CI,Cigna,Language Complexity,CQ12024,14.99,13.92,15.009200000000005,-1.0892000000000053
CI,Cigna,Language Complexity,CQ22024,13.92,14.35,14.696799999999998,-0.3467999999999982
CI,Cigna,Language Complexity,CQ32024,14.35,14.62,14.426099999999996,0.19390000000000285
CI,Cigna,Net Positivity,CQ12022,1.67,1.88,1.2644000000000004,0.6155999999999995
CI,Cigna,Net Positivity,CQ22022,1.88,1.66,1.5004999999999995,0.15950000000000042
CI,Cigna,Net Positivity,CQ32022,1.66,2.38,1.4609999999999996,0.9190000000000003
CI,Cigna,Net Positivity,CQ42022,2.38,2.26,2.0298000000000003,0.23019999999999952
CI,Cigna,Net Positivity,CQ12023,2.26,2.14,1.9771999999999996,0.1628000000000005
CI,Cigna,Net Positivity,CQ22023,2.14,1.74,2.3772000000000006,-0.6372000000000007
CI,Cigna,Net Positivity,CQ32023,1.74,1.85,2.0905000000000005,-0.24050000000000038
CI,Cigna,Net Positivity,CQ42023,1.85,1.86,1.9432,-0.08319999999999994
CI,Cigna,Net Positivity,CQ12024,1.86,1.95,2.2027000000000005,-0.2527000000000006
CI,Cigna,Net Positivity,CQ22024,1.95,1.58,1.8198999999999999,-0.23989999999999978
CI,Cigna,Net Positivity,CQ32024,1.58,1.36,1.8221999999999996,-0.4621999999999995
CI,Cigna,Numeric Transeprency,CQ12022,3.03,1.85,2.6615999999999995,-0.8115999999999994
CI,Cigna,Numeric Transeprency,CQ22022,1.85,2.19,2.1689000000000007,0.02109999999999923
CI,Cigna,Numeric Transeprency,CQ32022,2.19,2.67,2.7863000000000007,-0.11630000000000074
CI,Cigna,Numeric Transeprency,CQ42022,2.67,2.63,2.7433000000000005,-0.11330000000000062
CI,Cigna,Numeric Transeprency,CQ12023,2.63,1.57,1.8160999999999996,-0.24609999999999954
CI,Cigna,Numeric Transeprency,CQ22023,1.57,2.35,1.7553999999999996,0.5946000000000005
CI,Cigna,Numeric Transeprency,CQ32023,2.35,2.34,2.4197999999999995,-0.07979999999999965
CI,Cigna,Numeric Transeprency,CQ42023,2.34,2.47,2.4078000000000004,0.06219999999999981
CI,Cigna,Numeric Transeprency,CQ12024,2.47,1.92,2.327299999999999,-0.4072999999999989
CI,Cigna,Numeric Transeprency,CQ22024,1.92,1.95,2.076,-0.1260000000000001
CI,Cigna,Numeric Transeprency,CQ32024,1.95,1.99,2.4224,-0.4324000000000001
CINF,Cincinnati Financial,Analyst Selectivity Ratio,CQ12022,60.0,40.0,49.78819999999999,-9.78819999999999
CINF,Cincinnati Financial,Analyst Selectivity Ratio,CQ22022,40.0,50.0,41.325600000000016,8.674399999999984
CINF,Cincinnati Financial,Analyst Selectivity Ratio,CQ32022,50.0,66.67,46.846799999999995,19.823200000000007
CINF,Cincinnati Financial,Analyst Selectivity Ratio,CQ42022,66.67,71.43,50.19330000000001,21.2367
CINF,Cincinnati Financial,Analyst Selectivity Ratio,CQ12023,71.43,85.71,59.57510000000001,26.13489999999998
CINF,Cincinnati Financial,Analyst Selectivity Ratio,CQ22023,85.71,83.33,64.07099999999998,19.259000000000015
CINF,Cincinnati Financial,Analyst Selectivity Ratio,CQ32023,83.33,66.67,68.01529999999998,-1.3452999999999804
CINF,Cincinnati Financial,Analyst Selectivity Ratio,CQ42023,66.67,50.0,69.31839999999997,-19.31839999999997
CINF,Cincinnati Financial,Analyst Selectivity Ratio,CQ12024,50.0,57.14,58.31290000000002,-1.1729000000000198
CINF,Cincinnati Financial,Analyst Selectivity Ratio,CQ22024,57.14,62.5,60.637399999999985,1.8626000000000147
CINF,Cincinnati Financial,Analyst Selectivity Ratio,CQ32024,62.5,57.14,58.710100000000004,-1.5701000000000036
CINF,Cincinnati Financial,Language Complexity,CQ12022,12.53,11.97,12.955000000000005,-0.9850000000000048
CINF,Cincinnati Financial,Language Complexity,CQ22022,11.97,12.28,12.588599999999992,-0.3085999999999931
CINF,Cincinnati Financial,Language Complexity,CQ32022,12.28,12.93,12.736999999999997,0.19300000000000317
CINF,Cincinnati Financial,Language Complexity,CQ42022,12.93,12.78,12.459399999999995,0.3206000000000042
CINF,Cincinnati Financial,Language Complexity,CQ12023,12.78,12.29,12.364700000000001,-0.07470000000000176
CINF,Cincinnati Financial,Language Complexity,CQ22023,12.29,12.4,12.479999999999997,-0.07999999999999652
CINF,Cincinnati Financial,Language Complexity,CQ32023,12.4,13.04,12.558499999999997,0.48150000000000226
CINF,Cincinnati Financial,Language Complexity,CQ42023,13.04,12.55,12.609199999999996,-0.059199999999995256
CINF,Cincinnati Financial,Language Complexity,CQ12024,12.55,12.47,12.619700000000005,-0.1497000000000046
CINF,Cincinnati Financial,Language Complexity,CQ22024,12.47,12.0,12.424399999999993,-0.4243999999999932
CINF,Cincinnati Financial,Language Complexity,CQ32024,12.0,12.2,12.3715,-0.17149999999999999
CINF,Cincinnati Financial,Net Positivity,CQ12022,0.43,-0.93,0.5291,-1.4591
CINF,Cincinnati Financial,Net Positivity,CQ22022,-0.93,-0.59,0.005200000000000009,-0.5952
CINF,Cincinnati Financial,Net Positivity,CQ32022,-0.59,-0.63,-0.21310000000000007,-0.41689999999999994
CINF,Cincinnati Financial,Net Positivity,CQ42022,-0.63,0.15,-0.27790000000000004,0.42790000000000006
CINF,Cincinnati Financial,Net Positivity,CQ12023,0.15,-0.28,0.1727,-0.4527
CINF,Cincinnati Financial,Net Positivity,CQ22023,-0.28,0.11,0.04860000000000003,0.06139999999999997
CINF,Cincinnati Financial,Net Positivity,CQ32023,0.11,0.02,0.19190000000000004,-0.17190000000000005
CINF,Cincinnati Financial,Net Positivity,CQ42023,0.02,0.2,0.2932999999999999,-0.09329999999999988
CINF,Cincinnati Financial,Net Positivity,CQ12024,0.2,0.26,0.5003000000000001,-0.24030000000000007
CINF,Cincinnati Financial,Net Positivity,CQ22024,0.26,0.12,0.5104000000000002,-0.3904000000000002
CINF,Cincinnati Financial,Net Positivity,CQ32024,0.12,-0.13,0.3344,-0.4644
CINF,Cincinnati Financial,Numeric Transeprency,CQ12022,3.22,3.83,3.537900000000001,0.29209999999999914
CINF,Cincinnati Financial,Numeric Transeprency,CQ22022,3.83,3.01,3.1136000000000017,-0.10360000000000191
CINF,Cincinnati Financial,Numeric Transeprency,CQ32022,3.01,3.08,3.0780000000000007,0.0019999999999993356
CINF,Cincinnati Financial,Numeric Transeprency,CQ42022,3.08,4.06,3.5732000000000013,0.48679999999999835
CINF,Cincinnati Financial,Numeric Transeprency,CQ12023,4.06,2.12,3.2349000000000006,-1.1149000000000004
CINF,Cincinnati Financial,Numeric Transeprency,CQ22023,2.12,2.75,2.7937999999999987,-0.04379999999999873
CINF,Cincinnati Financial,Numeric Transeprency,CQ32023,2.75,2.64,3.1343000000000005,-0.4943000000000004
CINF,Cincinnati Financial,Numeric Transeprency,CQ42023,2.64,4.04,3.153700000000001,0.886299999999999
CINF,Cincinnati Financial,Numeric Transeprency,CQ12024,4.04,2.91,2.7832000000000017,0.12679999999999847
CINF,Cincinnati Financial,Numeric Transeprency,CQ22024,2.91,2.57,2.7140999999999984,-0.14409999999999856
CINF,Cincinnati Financial,Numeric Transeprency,CQ32024,2.57,2.26,3.2988999999999993,-1.0388999999999995
CLX,Clorox,Analyst Selectivity Ratio,CQ12022,47.06,50.0,48.16929999999999,1.8307000000000073
CLX,Clorox,Analyst Selectivity Ratio,CQ22022,50.0,53.33,47.10480000000001,6.225199999999987
CLX,Clorox,Analyst Selectivity Ratio,CQ32022,53.33,50.0,45.11470000000001,4.885299999999987
CLX,Clorox,Analyst Selectivity Ratio,CQ42022,50.0,58.82,47.91150000000002,10.908499999999982
CLX,Clorox,Analyst Selectivity Ratio,CQ12023,58.82,56.25,58.167600000000014,-1.9176000000000144
CLX,Clorox,Analyst Selectivity Ratio,CQ22023,56.25,56.25,59.63010000000001,-3.380100000000013
CLX,Clorox,Analyst Selectivity Ratio,CQ32023,56.25,35.29,61.59110000000001,-26.301100000000012
CLX,Clorox,Analyst Selectivity Ratio,CQ42023,35.29,47.06,47.05299999999999,0.007000000000012108
CLX,Clorox,Analyst Selectivity Ratio,CQ12024,47.06,41.18,51.02450000000001,-9.84450000000001
CLX,Clorox,Analyst Selectivity Ratio,CQ22024,41.18,52.94,45.59039999999999,7.3496000000000095
CLX,Clorox,Analyst Selectivity Ratio,CQ32024,52.94,58.82,50.08359999999999,8.73640000000001
CLX,Clorox,Language Complexity,CQ12022,10.83,10.31,11.588099999999999,-1.2780999999999985
CLX,Clorox,Language Complexity,CQ22022,10.31,11.04,11.004800000000005,0.03519999999999435
CLX,Clorox,Language Complexity,CQ32022,11.04,11.26,11.1068,0.1532
CLX,Clorox,Language Complexity,CQ42022,11.26,10.88,11.030699999999998,-0.15069999999999695
CLX,Clorox,Language Complexity,CQ12023,10.88,11.08,10.9028,0.1772000000000009
CLX,Clorox,Language Complexity,CQ22023,11.08,11.34,11.239199999999993,0.10080000000000666
CLX,Clorox,Language Complexity,CQ32023,11.34,12.13,11.212500000000002,0.9174999999999986
CLX,Clorox,Language Complexity,CQ42023,12.13,11.18,11.487799999999993,-0.3077999999999932
CLX,Clorox,Language Complexity,CQ12024,11.18,11.35,11.529000000000003,-0.17900000000000382
CLX,Clorox,Language Complexity,CQ22024,11.35,11.14,11.3778,-0.2378
CLX,Clorox,Language Complexity,CQ32024,11.14,11.31,11.403600000000004,-0.0936000000000039
CLX,Clorox,Net Positivity,CQ12022,1.21,1.15,0.6423000000000001,0.5076999999999998
CLX,Clorox,Net Positivity,CQ22022,1.15,0.58,0.9774999999999996,-0.39749999999999963
CLX,Clorox,Net Positivity,CQ32022,0.58,0.61,0.9102,-0.3002
CLX,Clorox,Net Positivity,CQ42022,0.61,1.19,0.8837000000000005,0.30629999999999946
CLX,Clorox,Net Positivity,CQ12023,1.19,1.36,0.9877000000000008,0.3722999999999993
CLX,Clorox,Net Positivity,CQ22023,1.36,1.69,1.0897000000000001,0.6002999999999998
CLX,Clorox,Net Positivity,CQ32023,1.69,0.67,0.9890000000000002,-0.3190000000000002
CLX,Clorox,Net Positivity,CQ42023,0.67,0.78,1.0905,-0.3105
CLX,Clorox,Net Positivity,CQ12024,0.78,0.34,1.0528000000000002,-0.7128000000000001
CLX,Clorox,Net Positivity,CQ22024,0.34,1.25,0.7137000000000002,0.5362999999999998
CLX,Clorox,Net Positivity,CQ32024,1.25,1.03,0.9190000000000004,0.11099999999999965
CLX,Clorox,Numeric Transeprency,CQ12022,1.17,1.01,1.2877999999999998,-0.2777999999999998
CLX,Clorox,Numeric Transeprency,CQ22022,1.01,1.4,1.2927000000000004,0.1072999999999995
CLX,Clorox,Numeric Transeprency,CQ32022,1.4,0.92,1.2232000000000003,-0.30320000000000025
CLX,Clorox,Numeric Transeprency,CQ42022,0.92,0.88,1.0125,-0.13249999999999995
CLX,Clorox,Numeric Transeprency,CQ12023,0.88,1.48,1.0931,0.3869
CLX,Clorox,Numeric Transeprency,CQ22023,1.48,1.51,1.2058999999999995,0.3041000000000005
CLX,Clorox,Numeric Transeprency,CQ32023,1.51,0.84,0.9727999999999999,-0.13279999999999992
CLX,Clorox,Numeric Transeprency,CQ42023,0.84,1.02,1.1788000000000003,-0.15880000000000027
CLX,Clorox,Numeric Transeprency,CQ12024,1.02,0.99,1.1593999999999998,-0.16939999999999977
CLX,Clorox,Numeric Transeprency,CQ22024,0.99,1.49,0.9153000000000003,0.5746999999999997
CLX,Clorox,Numeric Transeprency,CQ32024,1.49,1.0,1.2774,-0.2774000000000001
CME,CME Group,Analyst Selectivity Ratio,CQ12022,61.11,63.16,56.9925,6.167499999999997
CME,CME Group,Analyst Selectivity Ratio,CQ22022,63.16,66.67,58.95520000000001,7.71479999999999
CME,CME Group,Analyst Selectivity Ratio,CQ32022,66.67,68.75,59.194800000000015,9.555199999999985
CME,CME Group,Analyst Selectivity Ratio,CQ42022,68.75,76.47,61.31409999999999,15.15590000000001
CME,CME Group,Analyst Selectivity Ratio,CQ12023,76.47,64.71,59.528400000000005,5.181599999999989
CME,CME Group,Analyst Selectivity Ratio,CQ22023,64.71,62.5,64.0816,-1.5815999999999946
CME,CME Group,Analyst Selectivity Ratio,CQ32023,62.5,73.33,57.395900000000026,15.934099999999972
CME,CME Group,Analyst Selectivity Ratio,CQ42023,73.33,66.67,62.1313,4.538699999999999
CME,CME Group,Analyst Selectivity Ratio,CQ12024,66.67,73.33,61.900300000000016,11.429699999999983
CME,CME Group,Analyst Selectivity Ratio,CQ22024,73.33,71.43,60.51570000000001,10.914299999999997
CME,CME Group,Analyst Selectivity Ratio,CQ32024,71.43,60.0,57.74110000000002,2.258899999999983
CME,CME Group,Language Complexity,CQ12022,11.25,11.31,11.1231,0.18689999999999962
CME,CME Group,Language Complexity,CQ22022,11.31,11.0,11.2705,-0.2705000000000002
CME,CME Group,Language Complexity,CQ32022,11.0,11.56,11.2634,0.29659999999999975
CME,CME Group,Language Complexity,CQ42022,11.56,11.32,11.302400000000002,0.01759999999999806
CME,CME Group,Language Complexity,CQ12023,11.32,10.81,11.3136,-0.5035999999999987
CME,CME Group,Language Complexity,CQ22023,10.81,11.15,11.279499999999993,-0.12949999999999307
CME,CME Group,Language Complexity,CQ32023,11.15,11.33,11.3002,0.029799999999999827
CME,CME Group,Language Complexity,CQ42023,11.33,11.33,11.205500000000002,0.12449999999999761
CME,CME Group,Language Complexity,CQ12024,11.33,10.99,11.289799999999996,-0.29979999999999585
CME,CME Group,Language Complexity,CQ22024,10.99,10.76,11.298499999999997,-0.5384999999999973
CME,CME Group,Language Complexity,CQ32024,10.76,10.97,11.308599999999998,-0.3385999999999978
CME,CME Group,Net Positivity,CQ12022,0.94,1.08,1.0094999999999996,0.07050000000000045
CME,CME Group,Net Positivity,CQ22022,1.08,1.05,0.9031000000000003,0.1468999999999997
CME,CME Group,Net Positivity,CQ32022,1.05,1.13,0.8992999999999999,0.23070000000000002
CME,CME Group,Net Positivity,CQ42022,1.13,0.47,0.9555000000000002,-0.48550000000000026
CME,CME Group,Net Positivity,CQ12023,0.47,0.65,0.8416000000000001,-0.1916000000000001
CME,CME Group,Net Positivity,CQ22023,0.65,1.26,0.8497999999999999,0.4102000000000001
CME,CME Group,Net Positivity,CQ32023,1.26,1.06,0.9968000000000004,0.0631999999999997
CME,CME Group,Net Positivity,CQ42023,1.06,0.94,1.0391,-0.09909999999999997
CME,CME Group,Net Positivity,CQ12024,0.94,1.01,0.9853999999999999,0.024600000000000066
CME,CME Group,Net Positivity,CQ22024,1.01,0.93,0.9723000000000005,-0.04230000000000045
CME,CME Group,Net Positivity,CQ32024,0.93,0.9,0.9471,-0.04710000000000003
CME,CME Group,Numeric Transeprency,CQ12022,2.39,2.06,2.3176,-0.25760000000000005
CME,CME Group,Numeric Transeprency,CQ22022,2.06,2.05,2.4621999999999993,-0.41219999999999946
CME,CME Group,Numeric Transeprency,CQ32022,2.05,1.8,2.4673,-0.6672999999999998
CME,CME Group,Numeric Transeprency,CQ42022,1.8,2.36,2.097,0.2629999999999999
CME,CME Group,Numeric Transeprency,CQ12023,2.36,1.84,2.1962,-0.35620000000000007
CME,CME Group,Numeric Transeprency,CQ22023,1.84,1.62,1.9143999999999999,-0.2943999999999998
CME,CME Group,Numeric Transeprency,CQ32023,1.62,1.6,2.0170000000000003,-0.41700000000000026
CME,CME Group,Numeric Transeprency,CQ42023,1.6,2.36,2.0335,0.3264999999999998
CME,CME Group,Numeric Transeprency,CQ12024,2.36,1.62,1.9751999999999987,-0.35519999999999863
CME,CME Group,Numeric Transeprency,CQ22024,1.62,1.53,1.7008999999999994,-0.17089999999999939
CME,CME Group,Numeric Transeprency,CQ32024,1.53,1.62,1.9100999999999988,-0.2900999999999987
CMG,Chipotle Mexican Grill,Analyst Selectivity Ratio,CQ12022,40.63,31.25,39.373900000000006,-8.123900000000006
CMG,Chipotle Mexican Grill,Analyst Selectivity Ratio,CQ22022,31.25,36.67,34.41219999999999,2.2578000000000102
CMG,Chipotle Mexican Grill,Analyst Selectivity Ratio,CQ32022,36.67,30.0,38.79900000000002,-8.79900000000002
CMG,Chipotle Mexican Grill,Analyst Selectivity Ratio,CQ42022,30.0,34.48,32.884100000000004,1.5958999999999932
CMG,Chipotle Mexican Grill,Analyst Selectivity Ratio,CQ12023,34.48,41.38,31.9469,9.433100000000003
CMG,Chipotle Mexican Grill,Analyst Selectivity Ratio,CQ22023,41.38,28.57,37.15510000000001,-8.585100000000011
CMG,Chipotle Mexican Grill,Analyst Selectivity Ratio,CQ32023,28.57,36.67,32.3694,4.300600000000003
CMG,Chipotle Mexican Grill,Analyst Selectivity Ratio,CQ42023,36.67,26.67,35.221300000000014,-8.551300000000012
CMG,Chipotle Mexican Grill,Analyst Selectivity Ratio,CQ12024,26.67,26.67,32.1128,-5.442799999999998
CMG,Chipotle Mexican Grill,Analyst Selectivity Ratio,CQ22024,26.67,32.26,26.9683,5.291699999999999
CMG,Chipotle Mexican Grill,Analyst Selectivity Ratio,CQ32024,32.26,34.48,30.518700000000003,3.9612999999999943
CMG,Chipotle Mexican Grill,Language Complexity,CQ12022,12.14,11.82,12.555499999999997,-0.7354999999999965
CMG,Chipotle Mexican Grill,Language Complexity,CQ22022,11.82,11.38,12.243000000000006,-0.8630000000000049
CMG,Chipotle Mexican Grill,Language Complexity,CQ32022,11.38,12.04,11.799000000000008,0.24099999999999078
CMG,Chipotle Mexican Grill,Language Complexity,CQ42022,12.04,11.46,11.702500000000002,-0.2425000000000015
CMG,Chipotle Mexican Grill,Language Complexity,CQ12023,11.46,11.71,11.982099999999997,-0.27209999999999646
CMG,Chipotle Mexican Grill,Language Complexity,CQ22023,11.71,12.19,11.542100000000003,0.6478999999999964
CMG,Chipotle Mexican Grill,Language Complexity,CQ32023,12.19,11.95,11.918800000000001,0.03119999999999834
CMG,Chipotle Mexican Grill,Language Complexity,CQ42023,11.95,11.61,11.9803,-0.3703000000000003
CMG,Chipotle Mexican Grill,Language Complexity,CQ12024,11.61,11.78,12.024899999999995,-0.2448999999999959
CMG,Chipotle Mexican Grill,Language Complexity,CQ22024,11.78,11.58,11.9372,-0.35720000000000063
CMG,Chipotle Mexican Grill,Language Complexity,CQ32024,11.58,12.43,12.121300000000002,0.3086999999999982
CMG,Chipotle Mexican Grill,Net Positivity,CQ12022,1.84,1.9,1.9933999999999985,-0.0933999999999986
CMG,Chipotle Mexican Grill,Net Positivity,CQ22022,1.9,1.45,1.8979,-0.44789999999999996
CMG,Chipotle Mexican Grill,Net Positivity,CQ32022,1.45,1.52,1.7944999999999995,-0.2744999999999995
CMG,Chipotle Mexican Grill,Net Positivity,CQ42022,1.52,1.59,1.7831000000000006,-0.1931000000000005
CMG,Chipotle Mexican Grill,Net Positivity,CQ12023,1.59,2.64,1.6722,0.9678000000000002
CMG,Chipotle Mexican Grill,Net Positivity,CQ22023,2.64,2.08,1.8969999999999987,0.18300000000000138
CMG,Chipotle Mexican Grill,Net Positivity,CQ32023,2.08,2.15,1.8004000000000004,0.34959999999999947
CMG,Chipotle Mexican Grill,Net Positivity,CQ42023,2.15,2.59,2.5322000000000005,0.05779999999999941
CMG,Chipotle Mexican Grill,Net Positivity,CQ12024,2.59,2.96,2.4048999999999996,0.5551000000000004
CMG,Chipotle Mexican Grill,Net Positivity,CQ22024,2.96,2.89,2.4026999999999994,0.48730000000000073
CMG,Chipotle Mexican Grill,Net Positivity,CQ32024,2.89,2.19,2.4756000000000014,-0.2856000000000014
CMG,Chipotle Mexican Grill,Numeric Transeprency,CQ12022,2.2,2.0,1.9384999999999997,0.06150000000000033
CMG,Chipotle Mexican Grill,Numeric Transeprency,CQ22022,2.0,2.17,1.9588999999999999,0.21110000000000007
CMG,Chipotle Mexican Grill,Numeric Transeprency,CQ32022,2.17,2.01,2.2196000000000007,-0.2096000000000009
CMG,Chipotle Mexican Grill,Numeric Transeprency,CQ42022,2.01,2.44,2.1957999999999998,0.2442000000000002
CMG,Chipotle Mexican Grill,Numeric Transeprency,CQ12023,2.44,1.32,2.4471999999999996,-1.1271999999999995
CMG,Chipotle Mexican Grill,Numeric Transeprency,CQ22023,1.32,1.78,1.5833,0.1967000000000001
CMG,Chipotle Mexican Grill,Numeric Transeprency,CQ32023,1.78,2.49,1.911099999999999,0.5789000000000013
CMG,Chipotle Mexican Grill,Numeric Transeprency,CQ42023,2.49,2.65,2.1590000000000007,0.4909999999999992
CMG,Chipotle Mexican Grill,Numeric Transeprency,CQ12024,2.65,1.81,2.1614999999999993,-0.35149999999999926
CMG,Chipotle Mexican Grill,Numeric Transeprency,CQ22024,1.81,1.58,1.932800000000001,-0.3528000000000009
CMG,Chipotle Mexican Grill,Numeric Transeprency,CQ32024,1.58,2.12,2.1867,-0.06669999999999998
CMI,Cummins,Analyst Selectivity Ratio,CQ12022,24.0,29.17,28.070800000000013,1.099199999999989
CMI,Cummins,Analyst Selectivity Ratio,CQ22022,29.17,30.43,26.24079999999999,4.18920000000001
CMI,Cummins,Analyst Selectivity Ratio,CQ32022,30.43,31.25,27.955299999999998,3.2947000000000024
CMI,Cummins,Analyst Selectivity Ratio,CQ42022,31.25,39.13,29.7111,9.418900000000004
CMI,Cummins,Analyst Selectivity Ratio,CQ12023,39.13,30.43,32.398300000000006,-1.9683000000000064
CMI,Cummins,Analyst Selectivity Ratio,CQ22023,30.43,42.86,35.0547,7.805300000000003
CMI,Cummins,Analyst Selectivity Ratio,CQ32023,42.86,36.84,38.70940000000001,-1.869400000000006
CMI,Cummins,Analyst Selectivity Ratio,CQ42023,36.84,33.33,34.39259999999999,-1.062599999999989
CMI,Cummins,Analyst Selectivity Ratio,CQ12024,33.33,33.33,34.57599999999999,-1.2459999999999951
CMI,Cummins,Analyst Selectivity Ratio,CQ22024,33.33,38.89,35.3397,3.5503
CMI,Cummins,Analyst Selectivity Ratio,CQ32024,38.89,47.62,36.19710000000002,11.422899999999977
CMI,Cummins,Language Complexity,CQ12022,11.95,12.3,12.444199999999999,-0.14419999999999789
CMI,Cummins,Language Complexity,CQ22022,12.3,12.63,12.549100000000005,0.0808999999999962
CMI,Cummins,Language Complexity,CQ32022,12.63,12.97,12.491499999999998,0.47850000000000215
CMI,Cummins,Language Complexity,CQ42022,12.97,12.66,12.351099999999999,0.3089000000000013
CMI,Cummins,Language Complexity,CQ12023,12.66,12.75,12.665100000000002,0.08489999999999753
CMI,Cummins,Language Complexity,CQ22023,12.75,11.83,12.936699999999997,-1.1066999999999965
CMI,Cummins,Language Complexity,CQ32023,11.83,13.51,12.37999999999999,1.1300000000000097
CMI,Cummins,Language Complexity,CQ42023,13.51,12.75,13.102300000000007,-0.3523000000000067
CMI,Cummins,Language Complexity,CQ12024,12.75,12.66,12.7927,-0.13269999999999982
CMI,Cummins,Language Complexity,CQ22024,12.66,12.07,13.096099999999995,-1.0260999999999942
CMI,Cummins,Language Complexity,CQ32024,12.07,12.63,12.480000000000004,0.1499999999999968
CMI,Cummins,Net Positivity,CQ12022,0.68,0.57,0.8136,-0.24360000000000004
CMI,Cummins,Net Positivity,CQ22022,0.57,0.71,0.6887000000000002,0.021299999999999764
CMI,Cummins,Net Positivity,CQ32022,0.71,1.17,0.7003000000000003,0.4696999999999997
CMI,Cummins,Net Positivity,CQ42022,1.17,1.52,1.0298000000000005,0.4901999999999995
CMI,Cummins,Net Positivity,CQ12023,1.52,1.5,1.3588999999999996,0.14110000000000045
CMI,Cummins,Net Positivity,CQ22023,1.5,1.14,1.4207000000000005,-0.2807000000000006
CMI,Cummins,Net Positivity,CQ32023,1.14,1.21,1.2033,0.006699999999999928
CMI,Cummins,Net Positivity,CQ42023,1.21,0.82,1.3204,-0.5004000000000001
CMI,Cummins,Net Positivity,CQ12024,0.82,1.21,1.1348,0.07519999999999993
CMI,Cummins,Net Positivity,CQ22024,1.21,1.21,1.0859999999999994,0.12400000000000055
CMI,Cummins,Net Positivity,CQ32024,1.21,1.39,1.0984,0.29159999999999986
CMI,Cummins,Numeric Transeprency,CQ12022,3.68,2.59,2.8887000000000014,-0.2987000000000015
CMI,Cummins,Numeric Transeprency,CQ22022,2.59,3.1,2.6241000000000003,0.47589999999999977
CMI,Cummins,Numeric Transeprency,CQ32022,3.1,3.57,3.104300000000001,0.46569999999999867
CMI,Cummins,Numeric Transeprency,CQ42022,3.57,4.01,3.5402,0.4697999999999998
CMI,Cummins,Numeric Transeprency,CQ12023,4.01,3.63,3.0792000000000006,0.5507999999999993
CMI,Cummins,Numeric Transeprency,CQ22023,3.63,3.76,3.6547000000000014,0.1052999999999984
CMI,Cummins,Numeric Transeprency,CQ32023,3.76,3.91,3.5422000000000002,0.3677999999999999
CMI,Cummins,Numeric Transeprency,CQ42023,3.91,4.35,3.892428571428572,0.45757142857142785
CMI,Cummins,Numeric Transeprency,CQ12024,4.35,3.92,4.0470571428571445,-0.12705714285714453
CMI,Cummins,Numeric Transeprency,CQ22024,3.92,3.83,3.3829,0.4471000000000003
CMI,Cummins,Numeric Transeprency,CQ32024,3.83,3.48,3.8676999999999997,-0.3876999999999997
CMS,CMS Energy,Analyst Selectivity Ratio,CQ12022,35.0,42.11,33.341100000000004,8.768899999999995
CMS,CMS Energy,Analyst Selectivity Ratio,CQ22022,42.11,22.22,28.407999999999994,-6.187999999999995
CMS,CMS Energy,Analyst Selectivity Ratio,CQ32022,22.22,38.89,35.0237,3.8663000000000025
CMS,CMS Energy,Analyst Selectivity Ratio,CQ42022,38.89,35.29,34.42190000000001,0.8680999999999912
CMS,CMS Energy,Analyst Selectivity Ratio,CQ12023,35.29,37.5,38.4098,-0.909799999999997
CMS,CMS Energy,Analyst Selectivity Ratio,CQ22023,37.5,6.25,39.244099999999996,-32.994099999999996
CMS,CMS Energy,Analyst Selectivity Ratio,CQ32023,6.25,58.82,36.9063,21.9137
CMS,CMS Energy,Analyst Selectivity Ratio,CQ42023,58.82,56.25,44.38679999999999,11.863200000000013
CMS,CMS Energy,Analyst Selectivity Ratio,CQ12024,56.25,23.53,44.839800000000004,-21.309800000000003
CMS,CMS Energy,Analyst Selectivity Ratio,CQ22024,23.53,35.71,37.85380000000001,-2.143800000000006
CMS,CMS Energy,Analyst Selectivity Ratio,CQ32024,35.71,38.46,41.93260000000001,-3.472600000000007
CMS,CMS Energy,Language Complexity,CQ12022,11.36,12.17,11.645199999999997,0.5248000000000026
CMS,CMS Energy,Language Complexity,CQ22022,12.17,12.05,11.936900000000007,0.11309999999999398
CMS,CMS Energy,Language Complexity,CQ32022,12.05,11.64,11.954500000000005,-0.3145000000000042
CMS,CMS Energy,Language Complexity,CQ42022,11.64,12.09,11.951400000000001,0.1385999999999985
CMS,CMS Energy,Language Complexity,CQ12023,12.09,12.14,12.0592,0.08079999999999998
CMS,CMS Energy,Language Complexity,CQ22023,12.14,13.48,11.933200000000001,1.5467999999999993
CMS,CMS Energy,Language Complexity,CQ32023,13.48,12.0,12.82110000000001,-0.8211000000000102
CMS,CMS Energy,Language Complexity,CQ42023,12.0,11.91,12.256099999999996,-0.3460999999999963
CMS,CMS Energy,Language Complexity,CQ12024,11.91,12.52,12.270799999999998,0.24920000000000186
CMS,CMS Energy,Language Complexity,CQ22024,12.52,11.83,12.2499,-0.41990000000000016
CMS,CMS Energy,Language Complexity,CQ32024,11.83,12.6,12.107299999999995,0.4927000000000046
CMS,CMS Energy,Net Positivity,CQ12022,1.23,1.44,1.3293999999999997,0.11060000000000025
CMS,CMS Energy,Net Positivity,CQ22022,1.44,1.21,1.5896999999999997,-0.3796999999999997
CMS,CMS Energy,Net Positivity,CQ32022,1.21,1.28,1.2028000000000003,0.07719999999999971
CMS,CMS Energy,Net Positivity,CQ42022,1.28,1.36,1.3308000000000004,0.02919999999999967
CMS,CMS Energy,Net Positivity,CQ12023,1.36,1.26,1.2778999999999996,-0.017899999999999583
CMS,CMS Energy,Net Positivity,CQ22023,1.26,1.0,1.3193000000000001,-0.31930000000000014
CMS,CMS Energy,Net Positivity,CQ32023,1.0,0.99,1.2166,-0.2265999999999999
CMS,CMS Energy,Net Positivity,CQ42023,0.99,1.46,0.9454,0.5146
CMS,CMS Energy,Net Positivity,CQ12024,1.46,1.94,1.259,0.681
CMS,CMS Energy,Net Positivity,CQ22024,1.94,1.33,1.3316999999999997,-0.0016999999999995907
CMS,CMS Energy,Net Positivity,CQ32024,1.33,1.29,1.4267,-0.13670000000000004
CMS,CMS Energy,Numeric Transeprency,CQ12022,3.29,2.5,2.5318000000000005,-0.031800000000000495
CMS,CMS Energy,Numeric Transeprency,CQ22022,2.5,2.59,2.4926000000000013,0.0973999999999986
CMS,CMS Energy,Numeric Transeprency,CQ32022,2.59,2.69,2.6910000000000003,-0.001000000000000334
CMS,CMS Energy,Numeric Transeprency,CQ42022,2.69,3.61,2.9626,0.6473999999999998
CMS,CMS Energy,Numeric Transeprency,CQ12023,3.61,1.85,2.7516000000000007,-0.9016000000000006
CMS,CMS Energy,Numeric Transeprency,CQ22023,1.85,2.09,2.2418000000000005,-0.1518000000000006
CMS,CMS Energy,Numeric Transeprency,CQ32023,2.09,1.97,2.6595,-0.6895
CMS,CMS Energy,Numeric Transeprency,CQ42023,1.97,2.51,2.6609000000000007,-0.15090000000000092
CMS,CMS Energy,Numeric Transeprency,CQ12024,2.51,1.87,2.1198999999999995,-0.24989999999999934
CMS,CMS Energy,Numeric Transeprency,CQ22024,1.87,1.84,2.1121999999999996,-0.27219999999999955
CMS,CMS Energy,Numeric Transeprency,CQ32024,1.84,1.87,2.0843,-0.2142999999999997
CNP,CenterPoint Energy,Analyst Selectivity Ratio,CQ12022,33.33,33.33,31.140499999999978,2.18950000000002
CNP,CenterPoint Energy,Analyst Selectivity Ratio,CQ22022,33.33,22.22,34.4512,-12.231200000000001
CNP,CenterPoint Energy,Analyst Selectivity Ratio,CQ32022,22.22,25.0,30.00250000000001,-5.002500000000008
CNP,CenterPoint Energy,Analyst Selectivity Ratio,CQ42022,25.0,33.33,26.62199999999999,6.708000000000009
CNP,CenterPoint Energy,Analyst Selectivity Ratio,CQ12023,33.33,20.0,33.58859999999999,-13.588599999999992
CNP,CenterPoint Energy,Analyst Selectivity Ratio,CQ22023,20.0,40.0,32.5461,7.453899999999997
CNP,CenterPoint Energy,Analyst Selectivity Ratio,CQ32023,40.0,31.25,26.521,4.728999999999999
CNP,CenterPoint Energy,Analyst Selectivity Ratio,CQ42023,31.25,29.41,33.03499999999999,-3.6249999999999893
CNP,CenterPoint Energy,Analyst Selectivity Ratio,CQ12024,29.41,26.67,33.1584,-6.488399999999999
CNP,CenterPoint Energy,Analyst Selectivity Ratio,CQ22024,26.67,46.67,29.106300000000015,17.563699999999987
CNP,CenterPoint Energy,Analyst Selectivity Ratio,CQ32024,46.67,30.77,35.0329,-4.262899999999998
CNP,CenterPoint Energy,Language Complexity,CQ12022,13.25,14.17,13.144300000000001,1.0256999999999987
CNP,CenterPoint Energy,Language Complexity,CQ22022,14.17,13.42,13.2529,0.16709999999999958
CNP,CenterPoint Energy,Language Complexity,CQ32022,13.42,14.74,13.1202,1.6197999999999997
CNP,CenterPoint Energy,Language Complexity,CQ42022,14.74,14.17,13.930300000000004,0.23969999999999558
CNP,CenterPoint Energy,Language Complexity,CQ12023,14.17,14.01,13.966900000000003,0.04309999999999725
CNP,CenterPoint Energy,Language Complexity,CQ22023,14.01,13.76,13.6436,0.1164000000000005
CNP,CenterPoint Energy,Language Complexity,CQ32023,13.76,13.02,13.953400000000004,-0.9334000000000042
CNP,CenterPoint Energy,Language Complexity,CQ42023,13.02,14.82,13.294299999999996,1.525700000000004
CNP,CenterPoint Energy,Language Complexity,CQ12024,14.82,15.16,13.808399999999999,1.3516000000000012
CNP,CenterPoint Energy,Language Complexity,CQ22024,15.16,13.54,13.888199999999992,-0.3481999999999932
CNP,CenterPoint Energy,Language Complexity,CQ32024,13.54,14.25,14.206499999999998,0.04350000000000165
CNP,CenterPoint Energy,Net Positivity,CQ12022,1.21,0.99,1.5623000000000002,-0.5723000000000003
CNP,CenterPoint Energy,Net Positivity,CQ22022,0.99,1.33,1.1913999999999993,0.13860000000000072
CNP,CenterPoint Energy,Net Positivity,CQ32022,1.33,1.21,0.9199999999999995,0.2900000000000005
CNP,CenterPoint Energy,Net Positivity,CQ42022,1.21,1.09,1.2048,-0.11480000000000001
CNP,CenterPoint Energy,Net Positivity,CQ12023,1.09,1.71,1.0436000000000005,0.6663999999999994
CNP,CenterPoint Energy,Net Positivity,CQ22023,1.71,1.69,1.618,0.07199999999999984
CNP,CenterPoint Energy,Net Positivity,CQ32023,1.69,1.64,1.5182999999999995,0.12170000000000036
CNP,CenterPoint Energy,Net Positivity,CQ42023,1.64,1.48,1.4938999999999996,-0.01389999999999958
CNP,CenterPoint Energy,Net Positivity,CQ12024,1.48,1.55,1.6316000000000002,-0.08160000000000012
CNP,CenterPoint Energy,Net Positivity,CQ22024,1.55,0.44,1.6484,-1.2084000000000001
CNP,CenterPoint Energy,Net Positivity,CQ32024,0.44,0.76,1.1138000000000003,-0.35380000000000034
CNP,CenterPoint Energy,Numeric Transeprency,CQ12022,3.32,2.79,2.5533000000000006,0.23669999999999947
CNP,CenterPoint Energy,Numeric Transeprency,CQ22022,2.79,2.7,2.790699999999999,-0.09069999999999867
CNP,CenterPoint Energy,Numeric Transeprency,CQ32022,2.7,3.45,2.9328000000000016,0.5171999999999985
CNP,CenterPoint Energy,Numeric Transeprency,CQ42022,3.45,2.72,3.097999999999999,-0.3779999999999988
CNP,CenterPoint Energy,Numeric Transeprency,CQ12023,2.72,2.96,2.6180000000000008,0.3419999999999992
CNP,CenterPoint Energy,Numeric Transeprency,CQ22023,2.96,2.64,2.9659999999999993,-0.3259999999999992
CNP,CenterPoint Energy,Numeric Transeprency,CQ32023,2.64,3.47,2.9227999999999996,0.5472000000000006
CNP,CenterPoint Energy,Numeric Transeprency,CQ42023,3.47,2.82,2.7844000000000015,0.0355999999999983
CNP,CenterPoint Energy,Numeric Transeprency,CQ12024,2.82,2.7,2.833500000000001,-0.13350000000000062
CNP,CenterPoint Energy,Numeric Transeprency,CQ22024,2.7,2.51,2.9999000000000007,-0.4899000000000009
CNP,CenterPoint Energy,Numeric Transeprency,CQ32024,2.51,3.45,2.990800000000001,0.45919999999999916
COST,Costco,Analyst Selectivity Ratio,CQ12022,35.29,30.3,33.383199999999995,-3.0831999999999944
COST,Costco,Analyst Selectivity Ratio,CQ22022,30.3,33.33,33.9618,-0.6317999999999984
COST,Costco,Analyst Selectivity Ratio,CQ32022,33.33,35.48,33.6358,1.8441999999999936
COST,Costco,Analyst Selectivity Ratio,CQ42022,35.48,29.03,35.86379999999998,-6.833799999999982
COST,Costco,Analyst Selectivity Ratio,CQ12023,29.03,25.0,32.7165,-7.7165000000000035
COST,Costco,Analyst Selectivity Ratio,CQ22023,25.0,35.48,32.385999999999996,3.094000000000001
COST,Costco,Analyst Selectivity Ratio,CQ32023,35.48,28.57,32.43439999999999,-3.864399999999989
COST,Costco,Analyst Selectivity Ratio,CQ42023,28.57,34.29,30.281800000000004,4.008199999999995
COST,Costco,Analyst Selectivity Ratio,CQ12024,34.29,33.33,30.58699999999999,2.743000000000009
COST,Costco,Analyst Selectivity Ratio,CQ22024,33.33,29.41,30.5086,-1.0986000000000011
COST,Costco,Analyst Selectivity Ratio,CQ32024,29.41,37.14,31.331799999999998,5.808200000000003
COST,Costco,Language Complexity,CQ12022,10.56,10.45,10.5649,-0.11490000000000045
COST,Costco,Language Complexity,CQ22022,10.45,10.05,10.642199999999997,-0.5921999999999965
COST,Costco,Language Complexity,CQ32022,10.05,9.73,10.517299999999999,-0.7872999999999983
COST,Costco,Language Complexity,CQ42022,9.73,10.64,10.648700000000002,-0.00870000000000104
COST,Costco,Language Complexity,CQ12023,10.64,10.53,10.470099999999995,0.05990000000000428
COST,Costco,Language Complexity,CQ22023,10.53,9.65,10.460100000000002,-0.810100000000002
COST,Costco,Language Complexity,CQ32023,9.65,10.1,10.427500000000002,-0.32750000000000234
COST,Costco,Language Complexity,CQ42023,10.1,10.07,10.434800000000006,-0.364800000000006
COST,Costco,Language Complexity,CQ12024,10.07,11.45,10.3166,1.1334
COST,Costco,Language Complexity,CQ22024,11.45,11.75,11.070659999999997,0.6793400000000034
COST,Costco,Language Complexity,CQ32024,11.75,11.76,11.275900000000004,0.4840999999999962
COST,Costco,Net Positivity,CQ12022,0.74,0.98,0.8485000000000003,0.13149999999999973
COST,Costco,Net Positivity,CQ22022,0.98,0.45,0.7765000000000002,-0.3265000000000002
COST,Costco,Net Positivity,CQ32022,0.45,0.61,0.7740999999999998,-0.1640999999999998
COST,Costco,Net Positivity,CQ42022,0.61,0.92,0.6714000000000001,0.24859999999999993
COST,Costco,Net Positivity,CQ12023,0.92,0.45,0.9818999999999999,-0.5318999999999998
COST,Costco,Net Positivity,CQ22023,0.45,0.58,0.7293000000000001,-0.1493000000000001
COST,Costco,Net Positivity,CQ32023,0.58,1.12,0.7738000000000005,0.3461999999999996
COST,Costco,Net Positivity,CQ42023,1.12,0.76,0.9999999999999999,-0.23999999999999988
COST,Costco,Net Positivity,CQ12024,0.76,2.14,0.9050999999999998,1.2349000000000003
COST,Costco,Net Positivity,CQ22024,2.14,1.74,1.4287,0.3112999999999999
COST,Costco,Net Positivity,CQ32024,1.74,1.5,1.8484999999999994,-0.34849999999999937
COST,Costco,Numeric Transeprency,CQ12022,4.14,3.13,3.1287999999999996,0.001200000000000312
COST,Costco,Numeric Transeprency,CQ22022,3.13,3.14,3.193800000000002,-0.05380000000000207
COST,Costco,Numeric Transeprency,CQ32022,3.14,3.61,3.4599000000000024,0.15009999999999746
COST,Costco,Numeric Transeprency,CQ42022,3.61,2.92,3.546799999999999,-0.6267999999999989
COST,Costco,Numeric Transeprency,CQ12023,2.92,4.22,2.895900000000001,1.3240999999999987
COST,Costco,Numeric Transeprency,CQ22023,4.22,3.23,3.1685000000000003,0.061499999999999666
COST,Costco,Numeric Transeprency,CQ32023,3.23,4.14,3.2682000000000015,0.8717999999999981
COST,Costco,Numeric Transeprency,CQ42023,4.14,3.61,3.684199999999999,-0.07419999999999893
COST,Costco,Numeric Transeprency,CQ12024,3.61,1.63,3.3847000000000014,-1.7547000000000015
COST,Costco,Numeric Transeprency,CQ22024,1.63,2.27,1.8327999999999998,0.43720000000000026
COST,Costco,Numeric Transeprency,CQ32024,2.27,1.82,2.9361000000000006,-1.1161000000000005
CSCO,Cisco,Analyst Selectivity Ratio,CQ12022,35.71,37.04,42.092,-5.052
CSCO,Cisco,Analyst Selectivity Ratio,CQ22022,37.04,42.31,37.469699999999996,4.840300000000006
CSCO,Cisco,Analyst Selectivity Ratio,CQ32022,42.31,37.04,36.46340000000001,0.576599999999992
CSCO,Cisco,Analyst Selectivity Ratio,CQ42022,37.04,33.33,38.10899999999999,-4.778999999999989
CSCO,Cisco,Analyst Selectivity Ratio,CQ12023,33.33,30.43,33.10170000000001,-2.6717000000000084
CSCO,Cisco,Analyst Selectivity Ratio,CQ22023,30.43,36.0,32.6758,3.3241999999999976
CSCO,Cisco,Analyst Selectivity Ratio,CQ32023,36.0,30.77,36.5203,-5.750299999999999
CSCO,Cisco,Analyst Selectivity Ratio,CQ42023,30.77,38.46,31.545499999999997,6.914500000000004
CSCO,Cisco,Analyst Selectivity Ratio,CQ12024,38.46,56.25,35.48840000000003,20.761599999999973
CSCO,Cisco,Analyst Selectivity Ratio,CQ22024,56.25,44.0,41.98669999999999,2.013300000000008
CSCO,Cisco,Analyst Selectivity Ratio,CQ32024,44.0,38.46,42.3862,-3.9262000000000015
CSCO,Cisco,Language Complexity,CQ12022,11.62,10.73,11.845100000000004,-1.1151000000000035
CSCO,Cisco,Language Complexity,CQ22022,10.73,11.35,11.5182,-0.16820000000000057
CSCO,Cisco,Language Complexity,CQ32022,11.35,10.97,11.39760000000001,-0.42760000000000886
CSCO,Cisco,Language Complexity,CQ42022,10.97,11.3,11.3222,-0.022199999999999775
CSCO,Cisco,Language Complexity,CQ12023,11.3,11.46,11.419699999999995,0.040300000000005554
CSCO,Cisco,Language Complexity,CQ22023,11.46,11.07,11.464300000000001,-0.3943000000000012
CSCO,Cisco,Language Complexity,CQ32023,11.07,11.56,11.136199999999997,0.4238000000000035
CSCO,Cisco,Language Complexity,CQ42023,11.56,12.26,11.5556,0.7043999999999997
CSCO,Cisco,Language Complexity,CQ12024,12.26,11.84,11.924499999999998,-0.08449999999999847
CSCO,Cisco,Language Complexity,CQ22024,11.84,11.85,11.9443,-0.0943000000000005
CSCO,Cisco,Language Complexity,CQ32024,11.85,11.75,11.870999999999997,-0.12099999999999689
CSCO,Cisco,Net Positivity,CQ12022,1.28,-0.01,1.158200000000001,-1.168200000000001
CSCO,Cisco,Net Positivity,CQ22022,-0.01,1.2,0.6268,0.5731999999999999
CSCO,Cisco,Net Positivity,CQ32022,1.2,1.0,1.1752,-0.17520000000000002
CSCO,Cisco,Net Positivity,CQ42022,1.0,1.26,1.2324000000000002,0.027599999999999847
CSCO,Cisco,Net Positivity,CQ12023,1.26,1.61,1.2382999999999997,0.37170000000000036
CSCO,Cisco,Net Positivity,CQ22023,1.61,1.28,1.3943999999999994,-0.11439999999999939
CSCO,Cisco,Net Positivity,CQ32023,1.28,0.88,1.3289000000000004,-0.4489000000000004
CSCO,Cisco,Net Positivity,CQ42023,0.88,0.64,1.1810999999999996,-0.5410999999999996
CSCO,Cisco,Net Positivity,CQ12024,0.64,1.29,0.9391000000000005,0.35089999999999955
CSCO,Cisco,Net Positivity,CQ22024,1.29,1.13,1.1123000000000005,0.017699999999999383
CSCO,Cisco,Net Positivity,CQ32024,1.13,1.61,1.0834999999999997,0.5265000000000004
CSCO,Cisco,Numeric Transeprency,CQ12022,2.71,2.43,2.141399999999999,0.2886000000000011
CSCO,Cisco,Numeric Transeprency,CQ22022,2.43,2.54,2.363299999999999,0.1767000000000012
CSCO,Cisco,Numeric Transeprency,CQ32022,2.54,2.6,2.593899999999999,0.0061000000000008825
CSCO,Cisco,Numeric Transeprency,CQ42022,2.6,2.23,2.569500000000001,-0.339500000000001
CSCO,Cisco,Numeric Transeprency,CQ12023,2.23,2.88,2.3802999999999996,0.49970000000000026
CSCO,Cisco,Numeric Transeprency,CQ22023,2.88,2.76,2.3913000000000006,0.36869999999999914
CSCO,Cisco,Numeric Transeprency,CQ32023,2.76,2.46,2.5767,-0.11670000000000025
CSCO,Cisco,Numeric Transeprency,CQ42023,2.46,2.26,2.4122000000000003,-0.15220000000000056
CSCO,Cisco,Numeric Transeprency,CQ12024,2.26,2.7,2.4857999999999993,0.21420000000000083
CSCO,Cisco,Numeric Transeprency,CQ22024,2.7,2.57,2.647099999999999,-0.07709999999999928
CSCO,Cisco,Numeric Transeprency,CQ32024,2.57,2.09,2.5205,-0.4305000000000003
CSX,CSX Corporation,Analyst Selectivity Ratio,CQ12022,62.96,44.44,51.79710000000001,-7.35710000000001
CSX,CSX Corporation,Analyst Selectivity Ratio,CQ22022,44.44,52.0,49.0675,2.9324999999999974
CSX,CSX Corporation,Analyst Selectivity Ratio,CQ32022,52.0,48.15,46.999599999999994,1.1504000000000048
CSX,CSX Corporation,Analyst Selectivity Ratio,CQ42022,48.15,59.26,47.022999999999996,12.237000000000002
CSX,CSX Corporation,Analyst Selectivity Ratio,CQ12023,59.26,51.85,47.88310000000001,3.9668999999999883
CSX,CSX Corporation,Analyst Selectivity Ratio,CQ22023,51.85,44.44,53.513100000000016,-9.073100000000018
CSX,CSX Corporation,Analyst Selectivity Ratio,CQ32023,44.44,53.85,48.392799999999994,5.457200000000007
CSX,CSX Corporation,Analyst Selectivity Ratio,CQ42023,53.85,44.0,46.90479999999999,-2.9047999999999874
CSX,CSX Corporation,Analyst Selectivity Ratio,CQ12024,44.0,56.0,48.51700000000001,7.48299999999999
CSX,CSX Corporation,Analyst Selectivity Ratio,CQ22024,56.0,41.67,50.442400000000006,-8.772400000000005
CSX,CSX Corporation,Analyst Selectivity Ratio,CQ32024,41.67,45.45,49.82749999999999,-4.377499999999991
CSX,CSX Corporation,Language Complexity,CQ12022,11.62,12.11,11.811799999999991,0.29820000000000846
CSX,CSX Corporation,Language Complexity,CQ22022,12.11,11.78,11.711599999999997,0.06840000000000224
CSX,CSX Corporation,Language Complexity,CQ32022,11.78,12.14,11.839000000000008,0.30099999999999305
CSX,CSX Corporation,Language Complexity,CQ42022,12.14,12.41,11.7924,0.6175999999999995
CSX,CSX Corporation,Language Complexity,CQ12023,12.41,12.42,12.175899999999997,0.2441000000000031
CSX,CSX Corporation,Language Complexity,CQ22023,12.42,11.85,12.348700000000008,-0.49870000000000836
CSX,CSX Corporation,Language Complexity,CQ32023,11.85,11.73,12.225000000000007,-0.4950000000000063
CSX,CSX Corporation,Language Complexity,CQ42023,11.73,11.74,12.141800000000007,-0.4018000000000068
CSX,CSX Corporation,Language Complexity,CQ12024,11.74,11.89,12.087599999999998,-0.19759999999999778
CSX,CSX Corporation,Language Complexity,CQ22024,11.89,12.36,11.724300000000003,0.6356999999999964
CSX,CSX Corporation,Language Complexity,CQ32024,12.36,12.26,11.971200000000003,0.2887999999999966
CSX,CSX Corporation,Net Positivity,CQ12022,1.02,1.3,1.0053,0.29469999999999996
CSX,CSX Corporation,Net Positivity,CQ22022,1.3,0.64,0.8975,-0.25749999999999995
CSX,CSX Corporation,Net Positivity,CQ32022,0.64,1.7,0.7361000000000001,0.9638999999999999
CSX,CSX Corporation,Net Positivity,CQ42022,1.7,1.81,1.3432999999999993,0.4667000000000008
CSX,CSX Corporation,Net Positivity,CQ12023,1.81,2.06,1.5853000000000004,0.4746999999999997
CSX,CSX Corporation,Net Positivity,CQ22023,2.06,2.07,1.6564999999999994,0.4135000000000004
CSX,CSX Corporation,Net Positivity,CQ32023,2.07,2.16,1.8086000000000002,0.35139999999999993
CSX,CSX Corporation,Net Positivity,CQ42023,2.16,2.19,2.2409999999999997,-0.05099999999999971
CSX,CSX Corporation,Net Positivity,CQ12024,2.19,1.82,2.2225999999999995,-0.4025999999999994
CSX,CSX Corporation,Net Positivity,CQ22024,1.82,1.72,1.9757999999999998,-0.2557999999999998
CSX,CSX Corporation,Net Positivity,CQ32024,1.72,1.13,1.9170000000000007,-0.7870000000000008
CSX,CSX Corporation,Numeric Transeprency,CQ12022,1.47,1.4,1.2756999999999998,0.12430000000000008
CSX,CSX Corporation,Numeric Transeprency,CQ22022,1.4,1.41,0.9310999999999998,0.4789000000000001
CSX,CSX Corporation,Numeric Transeprency,CQ32022,1.41,1.12,1.3540999999999996,-0.23409999999999953
CSX,CSX Corporation,Numeric Transeprency,CQ42022,1.12,1.59,1.3405999999999993,0.24940000000000073
CSX,CSX Corporation,Numeric Transeprency,CQ12023,1.59,1.64,1.3842999999999999,0.25570000000000004
CSX,CSX Corporation,Numeric Transeprency,CQ22023,1.64,1.41,1.6254000000000002,-0.21540000000000026
CSX,CSX Corporation,Numeric Transeprency,CQ32023,1.41,1.25,1.3459999999999999,-0.09599999999999986
CSX,CSX Corporation,Numeric Transeprency,CQ42023,1.25,1.85,1.383099999999999,0.466900000000001
CSX,CSX Corporation,Numeric Transeprency,CQ12024,1.85,1.0,1.5054999999999998,-0.5054999999999998
CSX,CSX Corporation,Numeric Transeprency,CQ22024,1.0,1.0,1.3479999999999999,-0.34799999999999986
CSX,CSX Corporation,Numeric Transeprency,CQ32024,1.0,1.17,1.2412999999999998,-0.07129999999999992
CTAS,Cintas,Analyst Selectivity Ratio,CQ22022,,80.0,55.232200000000006,24.767799999999994
CTAS,Cintas,Analyst Selectivity Ratio,CQ32022,80.0,73.33,55.3615,17.9685
CTAS,Cintas,Analyst Selectivity Ratio,CQ42022,73.33,66.67,66.7638,-0.09380000000000166
CTAS,Cintas,Analyst Selectivity Ratio,CQ22023,,56.25,57.193599999999975,-0.9435999999999751
CTAS,Cintas,Analyst Selectivity Ratio,CQ32023,56.25,73.68,62.546500000000016,11.13349999999999
CTAS,Cintas,Analyst Selectivity Ratio,CQ42023,73.68,47.06,58.54710000000003,-11.487100000000027
CTAS,Cintas,Analyst Selectivity Ratio,CQ22024,,47.06,54.266400000000004,-7.206400000000002
CTAS,Cintas,Analyst Selectivity Ratio,CQ32024,47.06,52.63,54.97659999999999,-2.346599999999988
CTAS,Cintas,Language Complexity,CQ22022,,10.27,11.448499999999997,-1.1784999999999979
CTAS,Cintas,Language Complexity,CQ32022,10.27,10.46,11.314000000000004,-0.8540000000000028
CTAS,Cintas,Language Complexity,CQ42022,10.46,10.88,11.043400000000005,-0.16340000000000465
CTAS,Cintas,Language Complexity,CQ22023,,10.29,10.852100000000002,-0.5621000000000027
CTAS,Cintas,Language Complexity,CQ32023,10.29,10.39,10.7875,-0.3974999999999991
CTAS,Cintas,Language Complexity,CQ42023,10.39,10.96,11.095,-0.1349999999999998
CTAS,Cintas,Language Complexity,CQ22024,,11.74,12.572726666666675,-0.8327266666666748
CTAS,Cintas,Language Complexity,CQ32024,11.74,10.86,11.456900000000001,-0.5969000000000015
CTAS,Cintas,Net Positivity,CQ22022,,1.35,1.1078999999999999,0.2421000000000002
CTAS,Cintas,Net Positivity,CQ32022,1.35,1.28,1.2578000000000005,0.022199999999999553
CTAS,Cintas,Net Positivity,CQ42022,1.28,1.74,1.2465,0.49350000000000005
CTAS,Cintas,Net Positivity,CQ22023,,1.48,1.4748,0.005199999999999871
CTAS,Cintas,Net Positivity,CQ32023,1.48,1.89,1.669300000000001,0.220699999999999
CTAS,Cintas,Net Positivity,CQ42023,1.89,2.35,1.8751999999999993,0.4748000000000008
CTAS,Cintas,Net Positivity,CQ22024,,1.67,2.483666666666667,-0.8136666666666672
CTAS,Cintas,Net Positivity,CQ32024,1.67,1.91,2.0289999999999986,-0.11899999999999866
CTAS,Cintas,Numeric Transeprency,CQ22022,,1.7,1.7194999999999998,-0.01949999999999985
CTAS,Cintas,Numeric Transeprency,CQ32022,1.7,1.79,1.8409,-0.050899999999999945
CTAS,Cintas,Numeric Transeprency,CQ42022,1.79,1.81,1.8248,-0.014799999999999924
CTAS,Cintas,Numeric Transeprency,CQ22023,,1.72,1.8564000000000007,-0.13640000000000074
CTAS,Cintas,Numeric Transeprency,CQ32023,1.72,1.64,1.7977000000000003,-0.1577000000000004
CTAS,Cintas,Numeric Transeprency,CQ42023,1.64,1.72,1.7114999999999996,0.008500000000000396
CTAS,Cintas,Numeric Transeprency,CQ22024,,1.74,1.7597000000000003,-0.019700000000000273
CTAS,Cintas,Numeric Transeprency,CQ32024,1.74,1.64,1.8088999999999995,-0.1688999999999996
CTRA,Coterra Energy,Analyst Selectivity Ratio,CQ12022,33.33,39.13,34.79060000000001,4.339399999999991
CTRA,Coterra Energy,Analyst Selectivity Ratio,CQ22022,39.13,27.27,37.554100000000005,-10.284100000000006
CTRA,Coterra Energy,Analyst Selectivity Ratio,CQ32022,27.27,27.27,32.62669999999999,-5.356699999999993
CTRA,Coterra Energy,Analyst Selectivity Ratio,CQ42022,27.27,36.0,30.390700000000006,5.609299999999994
CTRA,Coterra Energy,Analyst Selectivity Ratio,CQ12023,36.0,12.5,35.63,-23.130000000000003
CTRA,Coterra Energy,Analyst Selectivity Ratio,CQ22023,12.5,37.5,32.887600000000006,4.612399999999994
CTRA,Coterra Energy,Analyst Selectivity Ratio,CQ32023,37.5,50.0,32.85029999999999,17.14970000000001
CTRA,Coterra Energy,Analyst Selectivity Ratio,CQ42023,50.0,26.09,39.15159999999999,-13.061599999999988
CTRA,Coterra Energy,Analyst Selectivity Ratio,CQ12024,26.09,36.36,33.60440000000001,2.755599999999987
CTRA,Coterra Energy,Analyst Selectivity Ratio,CQ22024,36.36,33.33,32.89919999999999,0.43080000000000496
CTRA,Coterra Energy,Analyst Selectivity Ratio,CQ32024,33.33,29.41,34.83389999999999,-5.423899999999993
CTRA,Coterra Energy,Language Complexity,CQ12022,11.04,10.91,11.618299999999998,-0.7082999999999977
CTRA,Coterra Energy,Language Complexity,CQ22022,10.91,11.33,11.657699999999998,-0.3276999999999983
CTRA,Coterra Energy,Language Complexity,CQ32022,11.33,11.46,11.291400000000003,0.16859999999999786
CTRA,Coterra Energy,Language Complexity,CQ42022,11.46,11.12,11.4133,-0.29330000000000034
CTRA,Coterra Energy,Language Complexity,CQ12023,11.12,10.49,11.148099999999998,-0.6580999999999975
CTRA,Coterra Energy,Language Complexity,CQ22023,10.49,10.6,11.040299999999995,-0.44029999999999525
CTRA,Coterra Energy,Language Complexity,CQ32023,10.6,10.62,10.7389,-0.1189
CTRA,Coterra Energy,Language Complexity,CQ42023,10.62,11.44,10.68720000000001,0.7527999999999899
CTRA,Coterra Energy,Language Complexity,CQ12024,11.44,10.53,10.9284,-0.39840000000000053
CTRA,Coterra Energy,Language Complexity,CQ22024,10.53,11.37,10.625899999999996,0.7441000000000031
CTRA,Coterra Energy,Language Complexity,CQ32024,11.37,11.29,11.158300000000004,0.13169999999999504
CTRA,Coterra Energy,Net Positivity,CQ12022,0.9,0.44,0.9749,-0.5348999999999999
CTRA,Coterra Energy,Net Positivity,CQ22022,0.44,0.86,0.6465000000000001,0.2134999999999999
CTRA,Coterra Energy,Net Positivity,CQ32022,0.86,0.7,0.7832000000000003,-0.08320000000000038
CTRA,Coterra Energy,Net Positivity,CQ42022,0.7,0.65,0.7224999999999996,-0.07249999999999956
CTRA,Coterra Energy,Net Positivity,CQ12023,0.65,0.84,0.6356999999999999,0.20430000000000004
CTRA,Coterra Energy,Net Positivity,CQ22023,0.84,1.33,0.8294,0.5006
CTRA,Coterra Energy,Net Positivity,CQ32023,1.33,0.91,0.8466000000000001,0.0633999999999999
CTRA,Coterra Energy,Net Positivity,CQ42023,0.91,1.48,0.9595,0.5205
CTRA,Coterra Energy,Net Positivity,CQ12024,1.48,1.08,1.2009999999999996,-0.12099999999999955
CTRA,Coterra Energy,Net Positivity,CQ22024,1.08,0.93,1.1065999999999996,-0.17659999999999954
CTRA,Coterra Energy,Net Positivity,CQ32024,0.93,0.95,0.9128000000000003,0.03719999999999968
CTRA,Coterra Energy,Numeric Transeprency,CQ12022,3.35,1.86,2.2354999999999983,-0.37549999999999817
CTRA,Coterra Energy,Numeric Transeprency,CQ22022,1.86,2.17,2.1341000000000006,0.03589999999999938
CTRA,Coterra Energy,Numeric Transeprency,CQ32022,2.17,2.18,2.7272,-0.5471999999999997
CTRA,Coterra Energy,Numeric Transeprency,CQ42022,2.18,3.28,2.6622000000000003,0.6177999999999995
CTRA,Coterra Energy,Numeric Transeprency,CQ12023,3.28,2.23,2.1541999999999977,0.07580000000000231
CTRA,Coterra Energy,Numeric Transeprency,CQ22023,2.23,2.52,2.5845,-0.06449999999999978
CTRA,Coterra Energy,Numeric Transeprency,CQ32023,2.52,2.49,2.951700000000002,-0.4617000000000018
CTRA,Coterra Energy,Numeric Transeprency,CQ42023,2.49,3.53,3.0575,0.4724999999999997
CTRA,Coterra Energy,Numeric Transeprency,CQ12024,3.53,2.25,2.6757000000000004,-0.4257000000000004
CTRA,Coterra Energy,Numeric Transeprency,CQ22024,2.25,2.2,2.5445999999999986,-0.34459999999999846
CTRA,Coterra Energy,Numeric Transeprency,CQ32024,2.2,2.3,2.6894999999999993,-0.3894999999999995
CTSH,Cognizant,Analyst Selectivity Ratio,CQ12022,33.33,30.77,30.354199999999995,0.4158000000000044
CTSH,Cognizant,Analyst Selectivity Ratio,CQ22022,30.77,20.0,26.1547,-6.154699999999998
CTSH,Cognizant,Analyst Selectivity Ratio,CQ32022,20.0,21.74,26.776099999999996,-5.036099999999998
CTSH,Cognizant,Analyst Selectivity Ratio,CQ42022,21.74,20.83,25.89749999999999,-5.067499999999992
CTSH,Cognizant,Analyst Selectivity Ratio,CQ12023,20.83,12.0,24.199099999999998,-12.199099999999998
CTSH,Cognizant,Analyst Selectivity Ratio,CQ22023,12.0,15.38,21.004600000000003,-5.624600000000003
CTSH,Cognizant,Analyst Selectivity Ratio,CQ32023,15.38,19.23,20.824099999999994,-1.5940999999999939
CTSH,Cognizant,Analyst Selectivity Ratio,CQ42023,19.23,18.52,22.792099999999987,-4.272099999999988
CTSH,Cognizant,Analyst Selectivity Ratio,CQ12024,18.52,28.57,21.3766,7.1934000000000005
CTSH,Cognizant,Analyst Selectivity Ratio,CQ22024,28.57,17.86,26.999399999999987,-9.139399999999988
CTSH,Cognizant,Analyst Selectivity Ratio,CQ32024,17.86,26.92,26.858699999999995,0.06130000000000635
CTSH,Cognizant,Language Complexity,CQ12022,14.13,13.75,14.1965,-0.44650000000000034
CTSH,Cognizant,Language Complexity,CQ22022,13.75,14.3,14.164000000000003,0.13599999999999746
CTSH,Cognizant,Language Complexity,CQ32022,14.3,13.83,14.110700000000003,-0.28070000000000306
CTSH,Cognizant,Language Complexity,CQ42022,13.83,13.81,13.951400000000005,-0.1414000000000044
CTSH,Cognizant,Language Complexity,CQ12023,13.81,14.13,13.915799999999999,0.21420000000000172
CTSH,Cognizant,Language Complexity,CQ22023,14.13,13.73,14.123199999999995,-0.3931999999999949
CTSH,Cognizant,Language Complexity,CQ32023,13.73,13.56,14.025400000000005,-0.46540000000000425
CTSH,Cognizant,Language Complexity,CQ42023,13.56,13.12,13.761700000000003,-0.6417000000000037
CTSH,Cognizant,Language Complexity,CQ12024,13.12,12.9,13.697199999999995,-0.7971999999999948
CTSH,Cognizant,Language Complexity,CQ22024,12.9,12.69,13.091400000000004,-0.4014000000000042
CTSH,Cognizant,Language Complexity,CQ32024,12.69,13.49,12.890499999999998,0.5995000000000026
CTSH,Cognizant,Net Positivity,CQ12022,1.42,0.93,1.1669999999999998,-0.23699999999999977
CTSH,Cognizant,Net Positivity,CQ22022,0.93,0.93,0.5655999999999995,0.3644000000000005
CTSH,Cognizant,Net Positivity,CQ32022,0.93,0.1,0.8694000000000002,-0.7694000000000002
CTSH,Cognizant,Net Positivity,CQ42022,0.1,1.33,0.6245999999999998,0.7054000000000002
CTSH,Cognizant,Net Positivity,CQ12023,1.33,1.16,1.1578999999999993,0.002100000000000657
CTSH,Cognizant,Net Positivity,CQ22023,1.16,1.57,1.2264000000000004,0.3435999999999997
CTSH,Cognizant,Net Positivity,CQ32023,1.57,1.19,1.4380000000000002,-0.24800000000000022
CTSH,Cognizant,Net Positivity,CQ42023,1.19,1.28,1.3156000000000003,-0.0356000000000003
CTSH,Cognizant,Net Positivity,CQ12024,1.28,1.57,1.2089999999999999,0.3610000000000002
CTSH,Cognizant,Net Positivity,CQ22024,1.57,1.55,1.3690999999999998,0.18090000000000028
CTSH,Cognizant,Net Positivity,CQ32024,1.55,2.3,1.4113,0.8886999999999998
CTSH,Cognizant,Numeric Transeprency,CQ12022,2.41,1.76,1.8986999999999994,-0.13869999999999938
CTSH,Cognizant,Numeric Transeprency,CQ22022,1.76,1.63,1.8980999999999992,-0.26809999999999934
CTSH,Cognizant,Numeric Transeprency,CQ32022,1.63,1.82,1.7171999999999996,0.10280000000000045
CTSH,Cognizant,Numeric Transeprency,CQ42022,1.82,1.53,1.8454999999999995,-0.31549999999999945
CTSH,Cognizant,Numeric Transeprency,CQ12023,1.53,2.51,1.7467000000000001,0.7632999999999996
CTSH,Cognizant,Numeric Transeprency,CQ22023,2.51,2.01,2.079199999999999,-0.06919999999999904
CTSH,Cognizant,Numeric Transeprency,CQ32023,2.01,2.21,1.8243,0.38569999999999993
CTSH,Cognizant,Numeric Transeprency,CQ42023,2.21,2.71,2.377800000000001,0.33219999999999894
CTSH,Cognizant,Numeric Transeprency,CQ12024,2.71,2.54,2.3395000000000006,0.20049999999999946
CTSH,Cognizant,Numeric Transeprency,CQ22024,2.54,2.32,2.393900000000001,-0.07390000000000096
CTSH,Cognizant,Numeric Transeprency,CQ32024,2.32,2.54,2.536399999999999,0.003600000000000936
CVS,CVS Health,Analyst Selectivity Ratio,CQ12022,38.46,33.33,29.21659999999999,4.113400000000009
CVS,CVS Health,Analyst Selectivity Ratio,CQ22022,33.33,27.27,32.5082,-5.238200000000003
CVS,CVS Health,Analyst Selectivity Ratio,CQ32022,27.27,22.73,33.48530000000001,-10.755300000000009
CVS,CVS Health,Analyst Selectivity Ratio,CQ42022,22.73,31.58,31.17439999999999,0.40560000000000684
CVS,CVS Health,Analyst Selectivity Ratio,CQ12023,31.58,18.18,27.2885,-9.1085
CVS,CVS Health,Analyst Selectivity Ratio,CQ22023,18.18,8.7,27.50369999999998,-18.80369999999998
CVS,CVS Health,Analyst Selectivity Ratio,CQ32023,8.7,17.39,22.802900000000005,-5.412900000000004
CVS,CVS Health,Analyst Selectivity Ratio,CQ42023,17.39,39.13,21.132,17.998
CVS,CVS Health,Analyst Selectivity Ratio,CQ12024,39.13,25.0,29.41369999999999,-4.4136999999999915
CVS,CVS Health,Analyst Selectivity Ratio,CQ22024,25.0,31.82,37.49669999999998,-5.6766999999999825
CVS,CVS Health,Analyst Selectivity Ratio,CQ32024,31.82,16.67,28.856399999999994,-12.186399999999992
CVS,CVS Health,Language Complexity,CQ12022,13.67,13.23,13.452300000000001,-0.2223000000000006
CVS,CVS Health,Language Complexity,CQ22022,13.23,13.21,13.603599999999998,-0.3935999999999975
CVS,CVS Health,Language Complexity,CQ32022,13.21,14.51,13.290900000000008,1.219099999999992
CVS,CVS Health,Language Complexity,CQ42022,14.51,14.61,13.485500000000002,1.1244999999999976
CVS,CVS Health,Language Complexity,CQ12023,14.61,14.8,14.096100000000002,0.7038999999999991
CVS,CVS Health,Language Complexity,CQ22023,14.8,13.98,14.32400000000001,-0.3440000000000101
CVS,CVS Health,Language Complexity,CQ32023,13.98,14.24,14.412899999999995,-0.17289999999999495
CVS,CVS Health,Language Complexity,CQ42023,14.24,13.48,14.197100000000004,-0.7171000000000038
CVS,CVS Health,Language Complexity,CQ12024,13.48,13.97,13.8125,0.15750000000000064
CVS,CVS Health,Language Complexity,CQ22024,13.97,13.53,14.318800000000001,-0.7888000000000019
CVS,CVS Health,Language Complexity,CQ32024,13.53,14.39,13.703299999999999,0.6867000000000019
CVS,CVS Health,Net Positivity,CQ12022,1.44,1.14,1.3930000000000013,-0.25300000000000145
CVS,CVS Health,Net Positivity,CQ22022,1.14,1.52,1.1797999999999997,0.3402000000000003
CVS,CVS Health,Net Positivity,CQ32022,1.52,1.24,1.4312999999999996,-0.19129999999999958
CVS,CVS Health,Net Positivity,CQ42022,1.24,1.77,1.2656999999999996,0.5043000000000004
CVS,CVS Health,Net Positivity,CQ12023,1.77,1.91,1.0842999999999996,0.8257000000000003
CVS,CVS Health,Net Positivity,CQ22023,1.91,1.23,1.6886,-0.4586000000000001
CVS,CVS Health,Net Positivity,CQ32023,1.23,1.42,1.4550999999999998,-0.03509999999999991
CVS,CVS Health,Net Positivity,CQ42023,1.42,1.52,1.7592999999999992,-0.23929999999999918
CVS,CVS Health,Net Positivity,CQ12024,1.52,0.9,1.5600999999999996,-0.6600999999999996
CVS,CVS Health,Net Positivity,CQ22024,0.9,1.43,1.1330999999999996,0.2969000000000004
CVS,CVS Health,Net Positivity,CQ32024,1.43,1.62,1.1977,0.4223000000000001
CVS,CVS Health,Numeric Transeprency,CQ12022,2.71,2.61,2.554400000000001,0.05559999999999876
CVS,CVS Health,Numeric Transeprency,CQ22022,2.61,2.74,2.8598000000000012,-0.11980000000000102
CVS,CVS Health,Numeric Transeprency,CQ32022,2.74,3.07,3.0377000000000014,0.03229999999999844
CVS,CVS Health,Numeric Transeprency,CQ42022,3.07,3.08,2.9543999999999992,0.12560000000000082
CVS,CVS Health,Numeric Transeprency,CQ12023,3.08,2.52,2.8594000000000004,-0.33940000000000037
CVS,CVS Health,Numeric Transeprency,CQ22023,2.52,2.81,2.8629000000000002,-0.05290000000000017
CVS,CVS Health,Numeric Transeprency,CQ32023,2.81,2.72,3.1125,-0.3924999999999996
CVS,CVS Health,Numeric Transeprency,CQ42023,2.72,2.61,2.8940000000000015,-0.2840000000000016
CVS,CVS Health,Numeric Transeprency,CQ12024,2.61,2.28,2.4963999999999995,-0.2163999999999997
CVS,CVS Health,Numeric Transeprency,CQ22024,2.28,2.72,2.568,0.15200000000000014
CVS,CVS Health,Numeric Transeprency,CQ32024,2.72,2.14,2.5702,-0.4301999999999997
DE,Deere & Company,Analyst Selectivity Ratio,CQ12022,34.78,52.0,50.26339999999999,1.73660000000001
DE,Deere & Company,Analyst Selectivity Ratio,CQ22022,52.0,52.17,45.424699999999994,6.745300000000007
DE,Deere & Company,Analyst Selectivity Ratio,CQ32022,52.17,50.0,48.93630000000001,1.06369999999999
DE,Deere & Company,Analyst Selectivity Ratio,CQ42022,50.0,52.17,49.602800000000016,2.5671999999999855
DE,Deere & Company,Analyst Selectivity Ratio,CQ12023,52.17,38.46,48.859200000000016,-10.399200000000015
DE,Deere & Company,Analyst Selectivity Ratio,CQ22023,38.46,37.5,44.535399999999974,-7.035399999999974
DE,Deere & Company,Analyst Selectivity Ratio,CQ32023,37.5,19.23,46.40509999999999,-27.17509999999999
DE,Deere & Company,Analyst Selectivity Ratio,CQ42023,19.23,26.92,32.85920000000001,-5.939200000000007
DE,Deere & Company,Analyst Selectivity Ratio,CQ12024,26.92,22.73,31.25259999999998,-8.52259999999998
DE,Deere & Company,Analyst Selectivity Ratio,CQ22024,22.73,36.36,28.083,8.277000000000001
DE,Deere & Company,Analyst Selectivity Ratio,CQ32024,36.36,31.82,31.422099999999986,0.39790000000001413
DE,Deere & Company,Language Complexity,CQ12022,13.63,12.16,13.018099999999997,-0.8580999999999968
DE,Deere & Company,Language Complexity,CQ22022,12.16,11.99,13.1209,-1.1309000000000005
DE,Deere & Company,Language Complexity,CQ32022,11.99,11.97,12.312700000000001,-0.34270000000000067
DE,Deere & Company,Language Complexity,CQ42022,11.97,11.75,12.044799999999995,-0.29479999999999507
DE,Deere & Company,Language Complexity,CQ12023,11.75,12.96,12.146399999999996,0.8136000000000045
DE,Deere & Company,Language Complexity,CQ22023,12.96,12.5,12.507000000000007,-0.007000000000006779
DE,Deere & Company,Language Complexity,CQ32023,12.5,13.03,12.421699999999998,0.6083000000000016
DE,Deere & Company,Language Complexity,CQ42023,13.03,12.91,12.524200000000002,0.3857999999999979
DE,Deere & Company,Language Complexity,CQ12024,12.91,12.22,12.886300000000006,-0.666300000000005
DE,Deere & Company,Language Complexity,CQ22024,12.22,13.13,12.701499999999996,0.428500000000005
DE,Deere & Company,Language Complexity,CQ32024,13.13,13.88,12.6374,1.2426000000000013
DE,Deere & Company,Net Positivity,CQ12022,1.43,0.38,1.2387000000000006,-0.8587000000000006
DE,Deere & Company,Net Positivity,CQ22022,0.38,0.76,0.48330000000000006,0.27669999999999995
DE,Deere & Company,Net Positivity,CQ32022,0.76,0.94,0.8922000000000001,0.04779999999999984
DE,Deere & Company,Net Positivity,CQ42022,0.94,1.53,1.0631,0.4669000000000001
DE,Deere & Company,Net Positivity,CQ12023,1.53,1.2,1.4941,-0.29410000000000003
DE,Deere & Company,Net Positivity,CQ22023,1.2,1.05,1.0749,-0.024899999999999922
DE,Deere & Company,Net Positivity,CQ32023,1.05,1.38,1.0307000000000002,0.3492999999999997
DE,Deere & Company,Net Positivity,CQ42023,1.38,1.73,1.2165000000000004,0.5134999999999996
DE,Deere & Company,Net Positivity,CQ12024,1.73,1.22,1.2967999999999997,-0.07679999999999976
DE,Deere & Company,Net Positivity,CQ22024,1.22,0.5,1.2716000000000003,-0.7716000000000003
DE,Deere & Company,Net Positivity,CQ32024,0.5,1.22,1.1197,0.10030000000000006
DE,Deere & Company,Numeric Transeprency,CQ12022,2.07,1.97,2.1604,-0.19040000000000012
DE,Deere & Company,Numeric Transeprency,CQ22022,1.97,1.85,2.0037999999999996,-0.1537999999999995
DE,Deere & Company,Numeric Transeprency,CQ32022,1.85,2.53,2.110900000000001,0.4190999999999989
DE,Deere & Company,Numeric Transeprency,CQ42022,2.53,2.41,2.173999999999999,0.2360000000000011
DE,Deere & Company,Numeric Transeprency,CQ12023,2.41,2.13,2.2506,-0.12060000000000004
DE,Deere & Company,Numeric Transeprency,CQ22023,2.13,2.08,2.3610000000000007,-0.2810000000000006
DE,Deere & Company,Numeric Transeprency,CQ32023,2.08,3.15,2.3493,0.8007
DE,Deere & Company,Numeric Transeprency,CQ42023,3.15,1.62,2.385999999999999,-0.7659999999999987
DE,Deere & Company,Numeric Transeprency,CQ12024,1.62,1.81,2.1033999999999997,-0.29339999999999966
DE,Deere & Company,Numeric Transeprency,CQ22024,1.81,2.14,2.2656999999999994,-0.12569999999999926
DE,Deere & Company,Numeric Transeprency,CQ32024,2.14,2.85,2.6305999999999994,0.2194000000000007
DHR,Danaher Corporation,Analyst Selectivity Ratio,CQ12022,25.0,30.0,27.732200000000002,2.2677999999999976
DHR,Danaher Corporation,Analyst Selectivity Ratio,CQ22022,30.0,27.78,26.043299999999984,1.7367000000000168
DHR,Danaher Corporation,Analyst Selectivity Ratio,CQ32022,27.78,33.33,26.875999999999998,6.454000000000001
DHR,Danaher Corporation,Analyst Selectivity Ratio,CQ42022,33.33,27.78,31.238300000000002,-3.4583000000000013
DHR,Danaher Corporation,Analyst Selectivity Ratio,CQ12023,27.78,25.0,28.383299999999995,-3.383299999999995
DHR,Danaher Corporation,Analyst Selectivity Ratio,CQ22023,25.0,35.0,26.9622,8.0378
DHR,Danaher Corporation,Analyst Selectivity Ratio,CQ32023,35.0,50.0,30.49529999999999,19.50470000000001
DHR,Danaher Corporation,Analyst Selectivity Ratio,CQ42023,50.0,26.09,40.68659999999999,-14.596599999999992
DHR,Danaher Corporation,Analyst Selectivity Ratio,CQ12024,26.09,20.83,32.199900000000014,-11.369900000000015
DHR,Danaher Corporation,Analyst Selectivity Ratio,CQ22024,20.83,27.27,30.536799999999992,-3.266799999999993
DHR,Danaher Corporation,Analyst Selectivity Ratio,CQ32024,27.27,18.18,32.34179999999999,-14.161799999999992
DHR,Danaher Corporation,Language Complexity,CQ12022,11.98,12.9,12.477299999999996,0.4227000000000043
DHR,Danaher Corporation,Language Complexity,CQ22022,12.9,12.71,12.692000000000005,0.017999999999995353
DHR,Danaher Corporation,Language Complexity,CQ32022,12.71,12.04,12.648600000000002,-0.6086000000000027
DHR,Danaher Corporation,Language Complexity,CQ42022,12.04,11.85,12.5478,-0.6978000000000009
DHR,Danaher Corporation,Language Complexity,CQ12023,11.85,12.31,12.3797,-0.06969999999999921
DHR,Danaher Corporation,Language Complexity,CQ22023,12.31,12.45,12.488000000000001,-0.03800000000000203
DHR,Danaher Corporation,Language Complexity,CQ32023,12.45,12.97,12.389800000000001,0.5801999999999996
DHR,Danaher Corporation,Language Complexity,CQ42023,12.97,12.49,12.391099999999996,0.09890000000000398
DHR,Danaher Corporation,Language Complexity,CQ12024,12.49,12.62,12.5617,0.05829999999999913
DHR,Danaher Corporation,Language Complexity,CQ22024,12.62,12.84,12.6285,0.21149999999999913
DHR,Danaher Corporation,Language Complexity,CQ32024,12.84,12.72,12.872700000000007,-0.1527000000000065
DHR,Danaher Corporation,Net Positivity,CQ12022,1.24,1.44,1.258500000000001,0.18149999999999888
DHR,Danaher Corporation,Net Positivity,CQ22022,1.44,0.89,1.2368999999999994,-0.34689999999999943
DHR,Danaher Corporation,Net Positivity,CQ32022,0.89,1.48,1.2503999999999993,0.2296000000000007
DHR,Danaher Corporation,Net Positivity,CQ42022,1.48,1.17,1.1982,-0.028200000000000003
DHR,Danaher Corporation,Net Positivity,CQ12023,1.17,0.83,1.2707000000000006,-0.44070000000000065
DHR,Danaher Corporation,Net Positivity,CQ22023,0.83,0.91,0.9737000000000002,-0.0637000000000002
DHR,Danaher Corporation,Net Positivity,CQ32023,0.91,0.63,1.0846,-0.4546
DHR,Danaher Corporation,Net Positivity,CQ42023,0.63,1.0,0.8181000000000007,0.18189999999999928
DHR,Danaher Corporation,Net Positivity,CQ12024,1.0,1.28,1.0274000000000003,0.2525999999999997
DHR,Danaher Corporation,Net Positivity,CQ22024,1.28,0.86,1.0561999999999998,-0.19619999999999982
DHR,Danaher Corporation,Net Positivity,CQ32024,0.86,1.49,0.9779999999999996,0.5120000000000003
DHR,Danaher Corporation,Numeric Transeprency,CQ12022,2.59,1.58,2.1899,-0.6099000000000001
DHR,Danaher Corporation,Numeric Transeprency,CQ22022,1.58,2.23,1.9412999999999994,0.2887000000000006
DHR,Danaher Corporation,Numeric Transeprency,CQ32022,2.23,1.61,2.0692,-0.45919999999999983
DHR,Danaher Corporation,Numeric Transeprency,CQ42022,1.61,2.19,1.8638,0.32620000000000005
DHR,Danaher Corporation,Numeric Transeprency,CQ12023,2.19,1.67,1.9327000000000003,-0.2627000000000004
DHR,Danaher Corporation,Numeric Transeprency,CQ22023,1.67,1.74,1.7970000000000002,-0.05700000000000016
DHR,Danaher Corporation,Numeric Transeprency,CQ32023,1.74,1.63,1.8663000000000005,-0.23630000000000062
DHR,Danaher Corporation,Numeric Transeprency,CQ42023,1.63,1.74,1.8806000000000005,-0.1406000000000005
DHR,Danaher Corporation,Numeric Transeprency,CQ12024,1.74,1.26,1.7218000000000009,-0.4618000000000009
DHR,Danaher Corporation,Numeric Transeprency,CQ22024,1.26,1.49,1.4727000000000001,0.01729999999999987
DHR,Danaher Corporation,Numeric Transeprency,CQ32024,1.49,1.35,1.6927000000000003,-0.3427000000000002
DOC,Healthpeak Properties,Analyst Selectivity Ratio,CQ12022,63.64,36.36,49.69219999999998,-13.332199999999979
DOC,Healthpeak Properties,Analyst Selectivity Ratio,CQ22022,36.36,33.33,49.05589999999998,-15.725899999999982
DOC,Healthpeak Properties,Analyst Selectivity Ratio,CQ32022,33.33,50.0,43.58870000000001,6.41129999999999
DOC,Healthpeak Properties,Analyst Selectivity Ratio,CQ42022,50.0,50.0,45.2116,4.788400000000003
DOC,Healthpeak Properties,Analyst Selectivity Ratio,CQ12023,50.0,50.0,43.56854999999999,6.431450000000012
DOC,Healthpeak Properties,Analyst Selectivity Ratio,CQ22023,50.0,57.14,39.95379999999997,17.186200000000028
DOC,Healthpeak Properties,Analyst Selectivity Ratio,CQ42023,,60.0,50.85909999999999,9.14090000000001
DOC,Healthpeak Properties,Analyst Selectivity Ratio,CQ12024,60.0,50.0,55.38649999999998,-5.386499999999977
DOC,Healthpeak Properties,Analyst Selectivity Ratio,CQ22024,50.0,57.14,53.54100000000001,3.5989999999999895
DOC,Healthpeak Properties,Analyst Selectivity Ratio,CQ32024,57.14,57.14,54.53390000000001,2.6060999999999908
DOC,Healthpeak Properties,Language Complexity,CQ12022,10.96,11.67,11.321899999999998,0.3481000000000023
DOC,Healthpeak Properties,Language Complexity,CQ22022,11.67,10.52,11.574900000000003,-1.0549000000000035
DOC,Healthpeak Properties,Language Complexity,CQ32022,10.52,10.84,10.9868,-0.1468000000000007
DOC,Healthpeak Properties,Language Complexity,CQ42022,10.84,11.2,11.131500000000003,0.06849999999999667
DOC,Healthpeak Properties,Language Complexity,CQ12023,11.2,10.68,11.2712,-0.5912000000000006
DOC,Healthpeak Properties,Language Complexity,CQ22023,10.68,10.91,10.7544,0.15559999999999974
DOC,Healthpeak Properties,Language Complexity,CQ42023,,10.44,10.874400000000005,-0.43440000000000545
DOC,Healthpeak Properties,Language Complexity,CQ12024,10.44,11.11,10.793100000000004,0.3168999999999951
DOC,Healthpeak Properties,Language Complexity,CQ22024,11.11,10.38,10.9677,-0.5876999999999999
DOC,Healthpeak Properties,Language Complexity,CQ32024,10.38,10.38,10.802499999999995,-0.4224999999999941
DOC,Healthpeak Properties,Net Positivity,CQ12022,0.76,0.72,0.9864000000000007,-0.26640000000000075
DOC,Healthpeak Properties,Net Positivity,CQ22022,0.72,1.11,0.6979999999999998,0.41200000000000025
DOC,Healthpeak Properties,Net Positivity,CQ32022,1.11,0.99,1.2529000000000006,-0.2629000000000006
DOC,Healthpeak Properties,Net Positivity,CQ42022,0.99,0.97,0.8923999999999999,0.07760000000000011
DOC,Healthpeak Properties,Net Positivity,CQ12023,0.97,1.13,0.9791000000000001,0.1508999999999998
DOC,Healthpeak Properties,Net Positivity,CQ22023,1.13,1.06,1.0677999999999999,-0.007799999999999807
DOC,Healthpeak Properties,Net Positivity,CQ42023,,0.91,0.8248999999999996,0.0851000000000004
DOC,Healthpeak Properties,Net Positivity,CQ12024,0.91,0.6,1.0589000000000004,-0.4589000000000004
DOC,Healthpeak Properties,Net Positivity,CQ22024,0.6,1.66,0.8786000000000004,0.7813999999999995
DOC,Healthpeak Properties,Net Positivity,CQ32024,1.66,1.53,1.2520999999999995,0.2779000000000005
DOC,Healthpeak Properties,Numeric Transeprency,CQ12022,2.76,2.4,2.3320000000000007,0.06799999999999917
DOC,Healthpeak Properties,Numeric Transeprency,CQ22022,2.4,2.62,2.4960000000000018,0.12399999999999833
DOC,Healthpeak Properties,Numeric Transeprency,CQ32022,2.62,2.39,2.6112999999999995,-0.22129999999999939
DOC,Healthpeak Properties,Numeric Transeprency,CQ42022,2.39,3.2,2.5759000000000016,0.6240999999999985
DOC,Healthpeak Properties,Numeric Transeprency,CQ12023,3.2,2.34,2.7203999999999997,-0.38039999999999985
DOC,Healthpeak Properties,Numeric Transeprency,CQ22023,2.34,2.35,2.3583000000000003,-0.008300000000000196
DOC,Healthpeak Properties,Numeric Transeprency,CQ42023,,3.26,3.0134999999999996,0.24650000000000016
DOC,Healthpeak Properties,Numeric Transeprency,CQ12024,3.26,2.43,2.532600000000001,-0.10260000000000069
DOC,Healthpeak Properties,Numeric Transeprency,CQ22024,2.43,2.11,2.8406000000000002,-0.7306000000000004
DOC,Healthpeak Properties,Numeric Transeprency,CQ32024,2.11,2.67,2.4184000000000014,0.2515999999999985
DRI,Darden Restaurants,Analyst Selectivity Ratio,CQ12022,68.97,59.26,66.70790000000001,-7.447900000000011
DRI,Darden Restaurants,Analyst Selectivity Ratio,CQ22022,59.26,74.07,59.43070000000001,14.639299999999984
DRI,Darden Restaurants,Analyst Selectivity Ratio,CQ32022,74.07,64.29,63.739399999999996,0.55060000000001
DRI,Darden Restaurants,Analyst Selectivity Ratio,CQ42022,64.29,59.26,59.91949999999999,-0.6594999999999942
DRI,Darden Restaurants,Analyst Selectivity Ratio,CQ12023,59.26,72.0,61.18720000000001,10.812799999999989
DRI,Darden Restaurants,Analyst Selectivity Ratio,CQ22023,72.0,72.0,63.27470000000001,8.72529999999999
DRI,Darden Restaurants,Analyst Selectivity Ratio,CQ32023,72.0,59.26,62.887000000000015,-3.6270000000000167
DRI,Darden Restaurants,Analyst Selectivity Ratio,CQ42023,59.26,48.0,59.7933,-11.793300000000002
DRI,Darden Restaurants,Analyst Selectivity Ratio,CQ12024,48.0,64.0,60.851899999999986,3.1481000000000137
DRI,Darden Restaurants,Analyst Selectivity Ratio,CQ22024,64.0,58.33,57.904299999999964,0.4257000000000346
DRI,Darden Restaurants,Analyst Selectivity Ratio,CQ32024,58.33,52.0,51.60100000000001,0.3989999999999867
DRI,Darden Restaurants,Language Complexity,CQ12022,11.12,11.6,11.1514,0.448599999999999
DRI,Darden Restaurants,Language Complexity,CQ22022,11.6,10.82,11.153600000000006,-0.3336000000000059
DRI,Darden Restaurants,Language Complexity,CQ32022,10.82,10.85,11.118500000000006,-0.2685000000000066
DRI,Darden Restaurants,Language Complexity,CQ42022,10.85,10.88,11.197299999999998,-0.3172999999999977
DRI,Darden Restaurants,Language Complexity,CQ12023,10.88,11.04,11.018200000000002,0.021799999999997155
DRI,Darden Restaurants,Language Complexity,CQ22023,11.04,11.02,10.940400000000002,0.07959999999999745
DRI,Darden Restaurants,Language Complexity,CQ32023,11.02,11.26,11.065699999999994,0.19430000000000547
DRI,Darden Restaurants,Language Complexity,CQ42023,11.26,11.16,11.165800000000004,-0.005800000000004246
DRI,Darden Restaurants,Language Complexity,CQ12024,11.16,10.77,11.275599999999999,-0.5055999999999994
DRI,Darden Restaurants,Language Complexity,CQ22024,10.77,10.28,11.026499999999997,-0.7464999999999975
DRI,Darden Restaurants,Language Complexity,CQ32024,10.28,11.07,10.8595,0.2104999999999997
DRI,Darden Restaurants,Net Positivity,CQ12022,0.9,0.98,1.2071,-0.22710000000000008
DRI,Darden Restaurants,Net Positivity,CQ22022,0.98,0.78,0.7974999999999998,-0.017499999999999738
DRI,Darden Restaurants,Net Positivity,CQ32022,0.78,1.31,1.0071,0.30289999999999995
DRI,Darden Restaurants,Net Positivity,CQ42022,1.31,1.24,1.2561000000000002,-0.016100000000000225
DRI,Darden Restaurants,Net Positivity,CQ12023,1.24,1.08,1.2089000000000003,-0.12890000000000024
DRI,Darden Restaurants,Net Positivity,CQ22023,1.08,0.75,1.1883999999999997,-0.4383999999999997
DRI,Darden Restaurants,Net Positivity,CQ32023,0.75,1.35,0.9318,0.4182000000000001
DRI,Darden Restaurants,Net Positivity,CQ42023,1.35,1.23,1.1218000000000001,0.10819999999999985
DRI,Darden Restaurants,Net Positivity,CQ12024,1.23,1.35,1.2434999999999998,0.10650000000000026
DRI,Darden Restaurants,Net Positivity,CQ22024,1.35,0.93,1.0693999999999995,-0.1393999999999994
DRI,Darden Restaurants,Net Positivity,CQ32024,0.93,1.71,1.151,0.5589999999999999
DRI,Darden Restaurants,Numeric Transeprency,CQ12022,1.55,1.64,1.5241999999999998,0.11580000000000013
DRI,Darden Restaurants,Numeric Transeprency,CQ22022,1.64,1.64,1.7692999999999994,-0.12929999999999953
DRI,Darden Restaurants,Numeric Transeprency,CQ32022,1.64,1.83,1.6710000000000003,0.1589999999999998
DRI,Darden Restaurants,Numeric Transeprency,CQ42022,1.83,1.85,1.5816999999999999,0.2683000000000002
DRI,Darden Restaurants,Numeric Transeprency,CQ12023,1.85,2.46,1.564699999999999,0.8953000000000009
DRI,Darden Restaurants,Numeric Transeprency,CQ22023,2.46,1.58,1.8895999999999993,-0.3095999999999992
DRI,Darden Restaurants,Numeric Transeprency,CQ32023,1.58,1.56,1.7708000000000002,-0.2108000000000001
DRI,Darden Restaurants,Numeric Transeprency,CQ42023,1.56,2.11,2.0403,0.0697000000000001
DRI,Darden Restaurants,Numeric Transeprency,CQ12024,2.11,2.49,2.208800000000001,0.28119999999999923
DRI,Darden Restaurants,Numeric Transeprency,CQ22024,2.49,1.21,1.8608000000000005,-0.6508000000000005
DRI,Darden Restaurants,Numeric Transeprency,CQ32024,1.21,1.85,1.4031,0.4469000000000001
DUK,Duke Energy,Analyst Selectivity Ratio,CQ12022,35.29,15.79,35.3274,-19.537399999999998
DUK,Duke Energy,Analyst Selectivity Ratio,CQ22022,15.79,38.89,29.892400000000002,8.997599999999998
DUK,Duke Energy,Analyst Selectivity Ratio,CQ32022,38.89,44.44,32.13009999999999,12.309900000000006
DUK,Duke Energy,Analyst Selectivity Ratio,CQ42022,44.44,41.18,34.1536,7.026400000000002
DUK,Duke Energy,Analyst Selectivity Ratio,CQ12023,41.18,25.0,37.880199999999995,-12.880199999999995
DUK,Duke Energy,Analyst Selectivity Ratio,CQ22023,25.0,29.41,33.344699999999996,-3.934699999999996
DUK,Duke Energy,Analyst Selectivity Ratio,CQ32023,29.41,22.22,35.38400000000001,-13.164000000000009
DUK,Duke Energy,Analyst Selectivity Ratio,CQ42023,22.22,36.84,29.87500000000001,6.964999999999993
DUK,Duke Energy,Analyst Selectivity Ratio,CQ12024,36.84,33.33,33.05939999999998,0.27060000000001594
DUK,Duke Energy,Analyst Selectivity Ratio,CQ22024,33.33,23.53,30.603199999999987,-7.073199999999986
DUK,Duke Energy,Analyst Selectivity Ratio,CQ32024,23.53,25.0,26.764800000000008,-1.7648000000000081
DUK,Duke Energy,Language Complexity,CQ12022,12.62,12.17,12.713599999999994,-0.5435999999999943
DUK,Duke Energy,Language Complexity,CQ22022,12.17,13.07,12.656800000000002,0.413199999999998
DUK,Duke Energy,Language Complexity,CQ32022,13.07,12.59,13.062499999999998,-0.47249999999999837
DUK,Duke Energy,Language Complexity,CQ42022,12.59,12.88,12.749199999999997,0.13080000000000425
DUK,Duke Energy,Language Complexity,CQ12023,12.88,13.47,12.776299999999999,0.6937000000000015
DUK,Duke Energy,Language Complexity,CQ22023,13.47,13.0,13.022499999999996,-0.022499999999995524
DUK,Duke Energy,Language Complexity,CQ32023,13.0,13.15,13.032799999999995,0.11720000000000574
DUK,Duke Energy,Language Complexity,CQ42023,13.15,13.49,13.266100000000002,0.22389999999999866
DUK,Duke Energy,Language Complexity,CQ12024,13.49,12.74,13.325900000000006,-0.5859000000000059
DUK,Duke Energy,Language Complexity,CQ22024,12.74,13.39,12.959900000000005,0.43009999999999593
DUK,Duke Energy,Language Complexity,CQ32024,13.39,12.06,13.1544,-1.0944000000000003
DUK,Duke Energy,Net Positivity,CQ12022,1.43,0.56,1.3788999999999996,-0.8188999999999995
DUK,Duke Energy,Net Positivity,CQ22022,0.56,1.26,1.1929000000000003,0.06709999999999972
DUK,Duke Energy,Net Positivity,CQ32022,1.26,1.21,0.9431,0.2668999999999999
DUK,Duke Energy,Net Positivity,CQ42022,1.21,0.87,1.0148000000000001,-0.14480000000000015
DUK,Duke Energy,Net Positivity,CQ12023,0.87,1.43,1.0481,0.3818999999999999
DUK,Duke Energy,Net Positivity,CQ22023,1.43,0.97,1.2166,-0.24659999999999993
DUK,Duke Energy,Net Positivity,CQ32023,0.97,1.12,0.9414999999999999,0.17850000000000021
DUK,Duke Energy,Net Positivity,CQ42023,1.12,1.56,0.9997000000000004,0.5602999999999997
DUK,Duke Energy,Net Positivity,CQ12024,1.56,1.72,1.3518000000000003,0.36819999999999964
DUK,Duke Energy,Net Positivity,CQ22024,1.72,1.29,1.4180999999999997,-0.12809999999999966
DUK,Duke Energy,Net Positivity,CQ32024,1.29,0.56,1.4651000000000005,-0.9051000000000005
DUK,Duke Energy,Numeric Transeprency,CQ12022,3.65,3.11,2.5888999999999998,0.5211000000000001
DUK,Duke Energy,Numeric Transeprency,CQ22022,3.11,1.89,2.4932000000000007,-0.6032000000000008
DUK,Duke Energy,Numeric Transeprency,CQ32022,1.89,2.79,2.3459999999999996,0.4440000000000004
DUK,Duke Energy,Numeric Transeprency,CQ42022,2.79,2.88,3.2132999999999994,-0.3332999999999995
DUK,Duke Energy,Numeric Transeprency,CQ12023,2.88,2.49,2.5215000000000005,-0.031500000000000306
DUK,Duke Energy,Numeric Transeprency,CQ22023,2.49,2.55,2.5060999999999996,0.04390000000000027
DUK,Duke Energy,Numeric Transeprency,CQ32023,2.55,3.27,2.6171999999999995,0.6528000000000005
DUK,Duke Energy,Numeric Transeprency,CQ42023,3.27,3.31,2.751700000000001,0.5582999999999991
DUK,Duke Energy,Numeric Transeprency,CQ12024,3.31,2.57,2.8429999999999995,-0.2729999999999997
DUK,Duke Energy,Numeric Transeprency,CQ22024,2.57,2.16,2.6881999999999993,-0.5281999999999991
DUK,Duke Energy,Numeric Transeprency,CQ32024,2.16,3.05,2.7438000000000007,0.30619999999999914
DVA,DaVita,Analyst Selectivity Ratio,CQ12022,66.67,37.5,52.28710000000003,-14.78710000000003
DVA,DaVita,Analyst Selectivity Ratio,CQ22022,37.5,66.67,47.008599999999994,19.661400000000008
DVA,DaVita,Analyst Selectivity Ratio,CQ32022,66.67,33.33,62.625099999999954,-29.295099999999955
DVA,DaVita,Analyst Selectivity Ratio,CQ42022,33.33,60.0,50.223499999999994,9.776500000000006
DVA,DaVita,Analyst Selectivity Ratio,CQ12023,60.0,33.33,56.979900000000015,-23.649900000000017
DVA,DaVita,Analyst Selectivity Ratio,CQ22023,33.33,14.29,44.54149999999998,-30.25149999999998
DVA,DaVita,Analyst Selectivity Ratio,CQ32023,14.29,28.57,40.57330000000001,-12.00330000000001
DVA,DaVita,Analyst Selectivity Ratio,CQ42023,28.57,28.57,38.8084,-10.238399999999999
DVA,DaVita,Analyst Selectivity Ratio,CQ12024,28.57,57.14,30.773699999999998,26.366300000000003
DVA,DaVita,Analyst Selectivity Ratio,CQ22024,57.14,66.67,40.9521,25.7179
DVA,DaVita,Analyst Selectivity Ratio,CQ32024,66.67,66.67,53.9217,12.7483
DVA,DaVita,Language Complexity,CQ12022,10.74,10.91,10.944600000000005,-0.03460000000000463
DVA,DaVita,Language Complexity,CQ22022,10.91,10.83,11.097500000000002,-0.26750000000000185
DVA,DaVita,Language Complexity,CQ32022,10.83,10.38,11.007800000000001,-0.6278000000000006
DVA,DaVita,Language Complexity,CQ42022,10.38,10.8,10.823500000000001,-0.0235000000000003
DVA,DaVita,Language Complexity,CQ12023,10.8,11.12,11.152199999999999,-0.03219999999999956
DVA,DaVita,Language Complexity,CQ22023,11.12,11.21,11.2394,-0.029399999999998983
DVA,DaVita,Language Complexity,CQ32023,11.21,11.2,11.044400000000003,0.15559999999999619
DVA,DaVita,Language Complexity,CQ42023,11.2,11.95,11.335400000000002,0.6145999999999976
DVA,DaVita,Language Complexity,CQ12024,11.95,11.03,11.393999999999997,-0.3639999999999972
DVA,DaVita,Language Complexity,CQ22024,11.03,10.89,11.627299999999996,-0.7372999999999958
DVA,DaVita,Language Complexity,CQ32024,10.89,10.15,11.401,-1.2509999999999994
DVA,DaVita,Net Positivity,CQ12022,-0.2,0.3,0.2676,0.032399999999999984
DVA,DaVita,Net Positivity,CQ22022,0.3,0.28,-0.05529999999999999,0.33530000000000004
DVA,DaVita,Net Positivity,CQ32022,0.28,-0.48,0.48309999999999986,-0.9630999999999998
DVA,DaVita,Net Positivity,CQ42022,-0.48,0.58,0.13620000000000007,0.44379999999999986
DVA,DaVita,Net Positivity,CQ12023,0.58,0.76,0.5911000000000002,0.16889999999999983
DVA,DaVita,Net Positivity,CQ22023,0.76,0.85,1.0811999999999993,-0.2311999999999993
DVA,DaVita,Net Positivity,CQ32023,0.85,0.33,0.9980000000000001,-0.6680000000000001
DVA,DaVita,Net Positivity,CQ42023,0.33,0.47,0.7274999999999998,-0.25749999999999984
DVA,DaVita,Net Positivity,CQ12024,0.47,0.51,0.7003,-0.19030000000000002
DVA,DaVita,Net Positivity,CQ22024,0.51,-0.07,0.5524000000000001,-0.6224000000000001
DVA,DaVita,Net Positivity,CQ32024,-0.07,-0.24,0.4953999999999999,-0.7353999999999998
DVA,DaVita,Numeric Transeprency,CQ12022,2.45,3.04,2.5666999999999995,0.4733000000000005
DVA,DaVita,Numeric Transeprency,CQ22022,3.04,2.1,2.604099999999999,-0.5040999999999989
DVA,DaVita,Numeric Transeprency,CQ32022,2.1,2.91,2.4244,0.48560000000000025
DVA,DaVita,Numeric Transeprency,CQ42022,2.91,3.33,2.791099999999999,0.5389000000000013
DVA,DaVita,Numeric Transeprency,CQ12023,3.33,2.56,3.027500000000001,-0.46750000000000114
DVA,DaVita,Numeric Transeprency,CQ22023,2.56,1.16,2.5715,-1.4115
DVA,DaVita,Numeric Transeprency,CQ32023,1.16,2.58,1.7397999999999993,0.8402000000000007
DVA,DaVita,Numeric Transeprency,CQ42023,2.58,3.71,2.5290999999999992,1.1809000000000007
DVA,DaVita,Numeric Transeprency,CQ12024,3.71,2.33,2.3653000000000004,-0.03530000000000033
DVA,DaVita,Numeric Transeprency,CQ22024,2.33,2.91,2.4724999999999997,0.43750000000000044
DVA,DaVita,Numeric Transeprency,CQ32024,2.91,2.07,3.2330000000000005,-1.1630000000000007
ECL,Ecolab,Analyst Selectivity Ratio,CQ12022,68.75,57.14,55.258300000000006,1.881699999999995
ECL,Ecolab,Analyst Selectivity Ratio,CQ22022,57.14,61.9,54.67780000000002,7.2221999999999795
ECL,Ecolab,Analyst Selectivity Ratio,CQ32022,61.9,73.68,58.41829999999998,15.261700000000026
ECL,Ecolab,Analyst Selectivity Ratio,CQ42022,73.68,57.14,61.66329999999999,-4.523299999999992
ECL,Ecolab,Analyst Selectivity Ratio,CQ12023,57.14,75.0,57.86669999999998,17.13330000000002
ECL,Ecolab,Analyst Selectivity Ratio,CQ22023,75.0,66.67,62.136099999999985,4.533900000000017
ECL,Ecolab,Analyst Selectivity Ratio,CQ32023,66.67,65.0,64.54939999999999,0.45060000000000855
ECL,Ecolab,Analyst Selectivity Ratio,CQ42023,65.0,60.0,57.86099999999996,2.1390000000000384
ECL,Ecolab,Analyst Selectivity Ratio,CQ12024,60.0,66.67,64.54589999999999,2.1241000000000128
ECL,Ecolab,Analyst Selectivity Ratio,CQ22024,66.67,70.0,60.347599999999986,9.652400000000014
ECL,Ecolab,Analyst Selectivity Ratio,CQ32024,70.0,72.22,59.92450000000001,12.29549999999999
ECL,Ecolab,Language Complexity,CQ12022,10.57,11.08,11.130399999999991,-0.050399999999990897
ECL,Ecolab,Language Complexity,CQ22022,11.08,10.83,11.240100000000002,-0.4101000000000017
ECL,Ecolab,Language Complexity,CQ32022,10.83,11.29,11.116799999999998,0.17320000000000135
ECL,Ecolab,Language Complexity,CQ42022,11.29,10.22,11.4074,-1.1874000000000002
ECL,Ecolab,Language Complexity,CQ12023,10.22,10.61,10.736799999999995,-0.1267999999999958
ECL,Ecolab,Language Complexity,CQ22023,10.61,11.44,11.011000000000003,0.4289999999999967
ECL,Ecolab,Language Complexity,CQ32023,11.44,11.86,11.279699999999993,0.5803000000000065
ECL,Ecolab,Language Complexity,CQ42023,11.86,11.56,11.483200000000002,0.07679999999999865
ECL,Ecolab,Language Complexity,CQ12024,11.56,11.64,11.444500000000005,0.19549999999999557
ECL,Ecolab,Language Complexity,CQ22024,11.64,12.33,11.707399999999996,0.6226000000000038
ECL,Ecolab,Language Complexity,CQ32024,12.33,11.97,11.823799999999999,0.1462000000000021
ECL,Ecolab,Net Positivity,CQ12022,1.45,0.97,1.3603,-0.3903000000000001
ECL,Ecolab,Net Positivity,CQ22022,0.97,0.99,1.1752000000000007,-0.1852000000000007
ECL,Ecolab,Net Positivity,CQ32022,0.99,1.41,1.117,0.2929999999999999
ECL,Ecolab,Net Positivity,CQ42022,1.41,1.35,1.1795000000000002,0.17049999999999987
ECL,Ecolab,Net Positivity,CQ12023,1.35,1.92,1.3015999999999999,0.6184000000000001
ECL,Ecolab,Net Positivity,CQ22023,1.92,2.16,1.3376999999999994,0.8223000000000007
ECL,Ecolab,Net Positivity,CQ32023,2.16,2.27,1.579399999999999,0.690600000000001
ECL,Ecolab,Net Positivity,CQ42023,2.27,2.01,2.1178,-0.10780000000000012
ECL,Ecolab,Net Positivity,CQ12024,2.01,1.94,2.2247000000000003,-0.2847000000000004
ECL,Ecolab,Net Positivity,CQ22024,1.94,2.04,2.1322999999999994,-0.09229999999999938
ECL,Ecolab,Net Positivity,CQ32024,2.04,2.22,2.3166000000000007,-0.09660000000000046
ECL,Ecolab,Numeric Transeprency,CQ12022,2.42,2.15,1.5827,0.5672999999999999
ECL,Ecolab,Numeric Transeprency,CQ22022,2.15,1.35,1.7961999999999998,-0.4461999999999997
ECL,Ecolab,Numeric Transeprency,CQ32022,1.35,1.43,1.7210000000000003,-0.29100000000000037
ECL,Ecolab,Numeric Transeprency,CQ42022,1.43,1.73,1.914500000000001,-0.184500000000001
ECL,Ecolab,Numeric Transeprency,CQ12023,1.73,1.54,1.8756999999999993,-0.3356999999999992
ECL,Ecolab,Numeric Transeprency,CQ22023,1.54,1.32,1.4671000000000007,-0.14710000000000067
ECL,Ecolab,Numeric Transeprency,CQ32023,1.32,1.45,1.4179000000000002,0.032099999999999795
ECL,Ecolab,Numeric Transeprency,CQ42023,1.45,1.83,1.4785999999999992,0.3514000000000008
ECL,Ecolab,Numeric Transeprency,CQ12024,1.83,1.53,1.5762000000000007,-0.046200000000000685
ECL,Ecolab,Numeric Transeprency,CQ22024,1.53,2.43,1.4103999999999997,1.0196000000000005
ECL,Ecolab,Numeric Transeprency,CQ32024,2.43,2.63,1.8534000000000006,0.7765999999999993
EFX,Equifax,Analyst Selectivity Ratio,CQ12022,68.42,71.43,62.7037,8.726300000000009
EFX,Equifax,Analyst Selectivity Ratio,CQ22022,71.43,63.16,61.039100000000005,2.120899999999992
EFX,Equifax,Analyst Selectivity Ratio,CQ32022,63.16,78.95,59.9463,19.003700000000002
EFX,Equifax,Analyst Selectivity Ratio,CQ42022,78.95,68.42,63.89230000000001,4.527699999999989
EFX,Equifax,Analyst Selectivity Ratio,CQ12023,68.42,72.22,62.81099999999999,9.409000000000006
EFX,Equifax,Analyst Selectivity Ratio,CQ22023,72.22,65.0,66.99919999999999,-1.9991999999999877
EFX,Equifax,Analyst Selectivity Ratio,CQ32023,65.0,75.0,62.16470000000002,12.835299999999982
EFX,Equifax,Analyst Selectivity Ratio,CQ42023,75.0,28.57,65.16600000000001,-36.59600000000001
EFX,Equifax,Analyst Selectivity Ratio,CQ12024,28.57,70.0,50.19850000000003,19.80149999999997
EFX,Equifax,Analyst Selectivity Ratio,CQ22024,70.0,65.0,61.04009999999998,3.959900000000019
EFX,Equifax,Analyst Selectivity Ratio,CQ32024,65.0,50.0,59.590499999999984,-9.590499999999984
EFX,Equifax,Language Complexity,CQ12022,13.49,12.07,13.268100000000004,-1.1981000000000037
EFX,Equifax,Language Complexity,CQ22022,12.07,13.24,12.68810000000001,0.551899999999991
EFX,Equifax,Language Complexity,CQ32022,13.24,12.24,13.071000000000002,-0.8310000000000013
EFX,Equifax,Language Complexity,CQ42022,12.24,13.01,12.503400000000005,0.5065999999999953
EFX,Equifax,Language Complexity,CQ12023,13.01,12.72,12.487599999999995,0.2324000000000055
EFX,Equifax,Language Complexity,CQ22023,12.72,13.03,12.895199999999996,0.1348000000000038
EFX,Equifax,Language Complexity,CQ32023,13.03,12.43,13.154200000000001,-0.7242000000000015
EFX,Equifax,Language Complexity,CQ42023,12.43,13.58,12.7,0.8800000000000008
EFX,Equifax,Language Complexity,CQ12024,13.58,12.0,12.654700000000005,-0.6547000000000054
EFX,Equifax,Language Complexity,CQ22024,12.0,12.07,12.511999999999995,-0.44199999999999484
EFX,Equifax,Language Complexity,CQ32024,12.07,12.55,12.094199999999995,0.4558000000000053
EFX,Equifax,Net Positivity,CQ12022,1.06,0.72,0.5257,0.19430000000000003
EFX,Equifax,Net Positivity,CQ22022,0.72,0.34,0.4919999999999999,-0.15199999999999986
EFX,Equifax,Net Positivity,CQ32022,0.34,0.65,0.7653000000000003,-0.11530000000000029
EFX,Equifax,Net Positivity,CQ42022,0.65,0.57,0.8098000000000003,-0.23980000000000035
EFX,Equifax,Net Positivity,CQ12023,0.57,0.69,0.5751999999999999,0.11480000000000001
EFX,Equifax,Net Positivity,CQ22023,0.69,0.78,0.7125,0.0675
EFX,Equifax,Net Positivity,CQ32023,0.78,0.06,0.39320000000000005,-0.33320000000000005
EFX,Equifax,Net Positivity,CQ42023,0.06,0.7,0.6325000000000002,0.06749999999999978
EFX,Equifax,Net Positivity,CQ12024,0.7,0.97,0.7972000000000002,0.17279999999999973
EFX,Equifax,Net Positivity,CQ22024,0.97,1.33,0.8306000000000006,0.4993999999999995
EFX,Equifax,Net Positivity,CQ32024,1.33,1.13,1.2331999999999999,-0.10319999999999996
EFX,Equifax,Numeric Transeprency,CQ12022,4.4,4.01,3.7966333333333298,0.21336666666667004
EFX,Equifax,Numeric Transeprency,CQ22022,4.01,3.84,3.593599999999999,0.24640000000000084
EFX,Equifax,Numeric Transeprency,CQ32022,3.84,3.86,4.097150000000001,-0.23715000000000108
EFX,Equifax,Numeric Transeprency,CQ42022,3.86,4.22,3.8083999999999993,0.4116000000000004
EFX,Equifax,Numeric Transeprency,CQ12023,4.22,3.56,3.6304,-0.0703999999999998
EFX,Equifax,Numeric Transeprency,CQ22023,3.56,3.54,3.5572000000000004,-0.017200000000000326
EFX,Equifax,Numeric Transeprency,CQ32023,3.54,3.33,3.330799999999999,-0.0007999999999990237
EFX,Equifax,Numeric Transeprency,CQ42023,3.33,5.34,3.5468000000000006,1.7931999999999992
EFX,Equifax,Numeric Transeprency,CQ12024,5.34,3.0,3.6014500000000003,-0.6014500000000003
EFX,Equifax,Numeric Transeprency,CQ22024,3.0,2.7,3.513000000000001,-0.8130000000000006
EFX,Equifax,Numeric Transeprency,CQ32024,2.7,3.34,3.7339,-0.39390000000000036
EIX,Edison International,Analyst Selectivity Ratio,CQ12022,31.25,25.0,30.7275,-5.727499999999999
EIX,Edison International,Analyst Selectivity Ratio,CQ22022,25.0,25.0,31.450300000000006,-6.450300000000006
EIX,Edison International,Analyst Selectivity Ratio,CQ32022,25.0,18.75,29.56609999999999,-10.816099999999992
EIX,Edison International,Analyst Selectivity Ratio,CQ42022,18.75,33.33,27.699099999999998,5.6309000000000005
EIX,Edison International,Analyst Selectivity Ratio,CQ12023,33.33,21.43,32.34469999999999,-10.91469999999999
EIX,Edison International,Analyst Selectivity Ratio,CQ22023,21.43,33.33,26.6505,6.679499999999997
EIX,Edison International,Analyst Selectivity Ratio,CQ32023,33.33,37.5,32.5373,4.962699999999998
EIX,Edison International,Analyst Selectivity Ratio,CQ42023,37.5,52.94,35.4096,17.5304
EIX,Edison International,Analyst Selectivity Ratio,CQ12024,52.94,20.0,42.41320000000002,-22.413200000000018
EIX,Edison International,Analyst Selectivity Ratio,CQ22024,20.0,29.41,35.31230000000001,-5.902300000000007
EIX,Edison International,Analyst Selectivity Ratio,CQ32024,29.41,35.29,35.24050000000001,0.049499999999987665
EIX,Edison International,Language Complexity,CQ12022,13.24,12.64,13.507299999999992,-0.8672999999999913
EIX,Edison International,Language Complexity,CQ22022,12.64,12.88,13.023299999999995,-0.14329999999999465
EIX,Edison International,Language Complexity,CQ32022,12.88,12.85,12.909000000000006,-0.05900000000000638
EIX,Edison International,Language Complexity,CQ42022,12.85,12.27,12.850200000000003,-0.5802000000000032
EIX,Edison International,Language Complexity,CQ12023,12.27,13.44,12.406,1.033999999999999
EIX,Edison International,Language Complexity,CQ22023,13.44,13.08,12.751799999999994,0.32820000000000604
EIX,Edison International,Language Complexity,CQ32023,13.08,12.87,12.756999999999996,0.1130000000000031
EIX,Edison International,Language Complexity,CQ42023,12.87,11.84,13.069399999999996,-1.2293999999999965
EIX,Edison International,Language Complexity,CQ12024,11.84,13.56,12.309500000000005,1.2504999999999953
EIX,Edison International,Language Complexity,CQ22024,13.56,14.09,13.077700000000007,1.0122999999999927
EIX,Edison International,Language Complexity,CQ32024,14.09,12.56,13.362600000000004,-0.8026000000000035
EIX,Edison International,Net Positivity,CQ12022,0.62,-0.32,0.8313999999999991,-1.151399999999999
EIX,Edison International,Net Positivity,CQ22022,-0.32,0.85,-0.05880000000000002,0.9088
EIX,Edison International,Net Positivity,CQ32022,0.85,-0.02,0.9534999999999999,-0.9734999999999999
EIX,Edison International,Net Positivity,CQ42022,-0.02,0.6,0.4989999999999999,0.10100000000000009
EIX,Edison International,Net Positivity,CQ12023,0.6,1.12,0.8531999999999997,0.26680000000000037
EIX,Edison International,Net Positivity,CQ22023,1.12,0.67,0.8896000000000001,-0.21960000000000002
EIX,Edison International,Net Positivity,CQ32023,0.67,0.61,0.8465999999999998,-0.2365999999999998
EIX,Edison International,Net Positivity,CQ42023,0.61,0.71,0.8065000000000002,-0.09650000000000025
EIX,Edison International,Net Positivity,CQ12024,0.71,0.7,0.7482999999999999,-0.0482999999999999
EIX,Edison International,Net Positivity,CQ22024,0.7,1.28,0.6878000000000003,0.5921999999999997
EIX,Edison International,Net Positivity,CQ32024,1.28,0.36,1.1408000000000005,-0.7808000000000005
EIX,Edison International,Numeric Transeprency,CQ12022,2.17,2.97,2.307599999999999,0.6624000000000012
EIX,Edison International,Numeric Transeprency,CQ22022,2.97,2.74,2.6565000000000003,0.08349999999999991
EIX,Edison International,Numeric Transeprency,CQ32022,2.74,3.52,2.959199999999999,0.5608000000000009
EIX,Edison International,Numeric Transeprency,CQ42022,3.52,3.79,2.541700000000001,1.248299999999999
EIX,Edison International,Numeric Transeprency,CQ12023,3.79,3.51,3.3138999999999994,0.19610000000000039
EIX,Edison International,Numeric Transeprency,CQ22023,3.51,3.88,3.3566000000000016,0.5233999999999983
EIX,Edison International,Numeric Transeprency,CQ32023,3.88,2.95,3.1520999999999986,-0.2020999999999984
EIX,Edison International,Numeric Transeprency,CQ42023,2.95,3.58,3.350300000000002,0.22969999999999802
EIX,Edison International,Numeric Transeprency,CQ12024,3.58,2.35,3.302799999999999,-0.952799999999999
EIX,Edison International,Numeric Transeprency,CQ22024,2.35,2.8,2.8146,-0.014600000000000168
EIX,Edison International,Numeric Transeprency,CQ32024,2.8,2.33,3.1668000000000003,-0.8368000000000002
EMR,Emerson Electric,Analyst Selectivity Ratio,CQ12022,37.5,41.67,39.818900000000006,1.8510999999999953
EMR,Emerson Electric,Analyst Selectivity Ratio,CQ22022,41.67,34.78,37.42790000000001,-2.647900000000007
EMR,Emerson Electric,Analyst Selectivity Ratio,CQ32022,34.78,45.45,35.33869999999999,10.111300000000014
EMR,Emerson Electric,Analyst Selectivity Ratio,CQ42022,45.45,52.94,41.2057,11.734299999999998
EMR,Emerson Electric,Analyst Selectivity Ratio,CQ12023,52.94,36.84,45.188999999999986,-8.348999999999982
EMR,Emerson Electric,Analyst Selectivity Ratio,CQ22023,36.84,36.84,41.952799999999996,-5.112799999999993
EMR,Emerson Electric,Analyst Selectivity Ratio,CQ32023,36.84,42.11,46.1812,-4.0711999999999975
EMR,Emerson Electric,Analyst Selectivity Ratio,CQ42023,42.11,36.36,39.382400000000004,-3.0224000000000046
EMR,Emerson Electric,Analyst Selectivity Ratio,CQ12024,36.36,38.1,38.24670000000001,-0.14670000000000982
EMR,Emerson Electric,Analyst Selectivity Ratio,CQ22024,38.1,42.86,35.220400000000005,7.639599999999994
EMR,Emerson Electric,Analyst Selectivity Ratio,CQ32024,42.86,23.81,39.2564,-15.4464
EMR,Emerson Electric,Language Complexity,CQ12022,13.07,12.53,12.537099999999999,-0.00709999999999944
EMR,Emerson Electric,Language Complexity,CQ22022,12.53,12.95,12.795499999999997,0.1545000000000023
EMR,Emerson Electric,Language Complexity,CQ32022,12.95,13.2,12.937700000000007,0.26229999999999265
EMR,Emerson Electric,Language Complexity,CQ42022,13.2,10.94,12.948900000000002,-2.0089000000000024
EMR,Emerson Electric,Language Complexity,CQ12023,10.94,12.12,12.4629,-0.3429000000000002
EMR,Emerson Electric,Language Complexity,CQ22023,12.12,13.19,12.075700000000001,1.1142999999999983
EMR,Emerson Electric,Language Complexity,CQ32023,13.19,12.75,12.473100000000006,0.27689999999999415
EMR,Emerson Electric,Language Complexity,CQ42023,12.75,12.29,12.429400000000003,-0.13940000000000374
EMR,Emerson Electric,Language Complexity,CQ12024,12.29,12.6,12.627899999999997,-0.02789999999999715
EMR,Emerson Electric,Language Complexity,CQ22024,12.6,12.35,12.833,-0.48300000000000054
EMR,Emerson Electric,Language Complexity,CQ32024,12.35,14.41,12.652199999999993,1.7578000000000067
EMR,Emerson Electric,Net Positivity,CQ12022,1.19,1.29,1.2985999999999998,-0.008599999999999719
EMR,Emerson Electric,Net Positivity,CQ22022,1.29,0.77,0.7201000000000003,0.04989999999999972
EMR,Emerson Electric,Net Positivity,CQ32022,0.77,1.44,0.8540999999999999,0.5859000000000001
EMR,Emerson Electric,Net Positivity,CQ42022,1.44,0.96,1.2989999999999997,-0.33899999999999975
EMR,Emerson Electric,Net Positivity,CQ12023,0.96,1.88,0.8694000000000002,1.0105999999999997
EMR,Emerson Electric,Net Positivity,CQ22023,1.88,2.28,1.2741999999999996,1.0058000000000002
EMR,Emerson Electric,Net Positivity,CQ32023,2.28,1.37,1.717899999999999,-0.347899999999999
EMR,Emerson Electric,Net Positivity,CQ42023,1.37,1.69,1.6177999999999995,0.07220000000000049
EMR,Emerson Electric,Net Positivity,CQ12024,1.69,1.7,1.8361999999999998,-0.13619999999999988
EMR,Emerson Electric,Net Positivity,CQ22024,1.7,1.14,1.7878999999999998,-0.6478999999999999
EMR,Emerson Electric,Net Positivity,CQ32024,1.14,1.43,1.4628,-0.03280000000000016
EMR,Emerson Electric,Numeric Transeprency,CQ12022,1.91,2.18,2.128199999999999,0.051800000000000956
EMR,Emerson Electric,Numeric Transeprency,CQ22022,2.18,3.06,2.710099999999999,0.3499000000000012
EMR,Emerson Electric,Numeric Transeprency,CQ32022,3.06,3.16,2.6670000000000003,0.4929999999999999
EMR,Emerson Electric,Numeric Transeprency,CQ42022,3.16,1.89,2.5143999999999997,-0.6243999999999998
EMR,Emerson Electric,Numeric Transeprency,CQ12023,1.89,2.25,2.0807000000000007,0.16929999999999934
EMR,Emerson Electric,Numeric Transeprency,CQ22023,2.25,2.45,2.5151000000000003,-0.06510000000000016
EMR,Emerson Electric,Numeric Transeprency,CQ32023,2.45,4.36,2.758999999999999,1.6010000000000013
EMR,Emerson Electric,Numeric Transeprency,CQ42023,4.36,2.65,2.647600000000001,0.0023999999999988475
EMR,Emerson Electric,Numeric Transeprency,CQ12024,2.65,2.54,2.5049000000000006,0.035099999999999465
EMR,Emerson Electric,Numeric Transeprency,CQ22024,2.54,2.33,3.114699999999999,-0.7846999999999991
EMR,Emerson Electric,Numeric Transeprency,CQ32024,2.33,3.16,2.914000000000001,0.2459999999999991
EOG,EOG Resources,Analyst Selectivity Ratio,CQ12022,29.03,23.33,33.4199,-10.0899
EOG,EOG Resources,Analyst Selectivity Ratio,CQ22022,23.33,26.92,27.274400000000004,-0.3544000000000018
EOG,EOG Resources,Analyst Selectivity Ratio,CQ32022,26.92,23.08,25.880699999999994,-2.8006999999999955
EOG,EOG Resources,Analyst Selectivity Ratio,CQ42022,23.08,22.22,25.044400000000014,-2.824400000000015
EOG,EOG Resources,Analyst Selectivity Ratio,CQ12023,22.22,23.08,25.567499999999995,-2.487499999999997
EOG,EOG Resources,Analyst Selectivity Ratio,CQ22023,23.08,30.77,24.352800000000006,6.417199999999994
EOG,EOG Resources,Analyst Selectivity Ratio,CQ32023,30.77,34.62,26.137599999999992,8.482400000000005
EOG,EOG Resources,Analyst Selectivity Ratio,CQ42023,34.62,30.77,32.7571,-1.9871000000000016
EOG,EOG Resources,Analyst Selectivity Ratio,CQ12024,30.77,30.77,29.555699999999998,1.2143000000000015
EOG,EOG Resources,Analyst Selectivity Ratio,CQ22024,30.77,25.0,30.907099999999986,-5.907099999999986
EOG,EOG Resources,Analyst Selectivity Ratio,CQ32024,25.0,19.05,31.642500000000013,-12.592500000000012
EOG,EOG Resources,Language Complexity,CQ12022,13.0,13.41,12.559200000000006,0.8507999999999942
EOG,EOG Resources,Language Complexity,CQ22022,13.41,13.45,12.935399999999992,0.5146000000000068
EOG,EOG Resources,Language Complexity,CQ32022,13.45,12.7,13.172599999999997,-0.47259999999999813
EOG,EOG Resources,Language Complexity,CQ42022,12.7,12.77,12.945300000000001,-0.1753000000000018
EOG,EOG Resources,Language Complexity,CQ12023,12.77,12.72,13.137300000000003,-0.41730000000000267
EOG,EOG Resources,Language Complexity,CQ22023,12.72,13.38,12.9818,0.398200000000001
EOG,EOG Resources,Language Complexity,CQ32023,13.38,12.88,13.0365,-0.15649999999999942
EOG,EOG Resources,Language Complexity,CQ42023,12.88,13.16,12.837899999999996,0.32210000000000427
EOG,EOG Resources,Language Complexity,CQ12024,13.16,12.53,13.081400000000006,-0.5514000000000063
EOG,EOG Resources,Language Complexity,CQ22024,12.53,13.14,12.9473,0.19270000000000032
EOG,EOG Resources,Language Complexity,CQ32024,13.14,13.41,12.655699999999998,0.7543000000000024
EOG,EOG Resources,Net Positivity,CQ12022,1.56,1.47,1.5357000000000005,-0.06570000000000054
EOG,EOG Resources,Net Positivity,CQ22022,1.47,0.99,1.4371000000000007,-0.4471000000000007
EOG,EOG Resources,Net Positivity,CQ32022,0.99,1.08,1.3093999999999995,-0.22939999999999938
EOG,EOG Resources,Net Positivity,CQ42022,1.08,1.74,1.1367000000000003,0.6032999999999997
EOG,EOG Resources,Net Positivity,CQ12023,1.74,1.29,1.3502000000000003,-0.06020000000000025
EOG,EOG Resources,Net Positivity,CQ22023,1.29,1.5,1.3554,0.14460000000000006
EOG,EOG Resources,Net Positivity,CQ32023,1.5,1.98,1.3154,0.6646000000000001
EOG,EOG Resources,Net Positivity,CQ42023,1.98,1.53,1.6340999999999994,-0.10409999999999942
EOG,EOG Resources,Net Positivity,CQ12024,1.53,2.01,1.6726999999999996,0.33730000000000016
EOG,EOG Resources,Net Positivity,CQ22024,2.01,0.93,1.7394999999999994,-0.8094999999999993
EOG,EOG Resources,Net Positivity,CQ32024,0.93,1.28,1.310699999999999,-0.03069999999999906
EOG,EOG Resources,Numeric Transeprency,CQ12022,2.25,2.04,2.0665000000000013,-0.0265000000000013
EOG,EOG Resources,Numeric Transeprency,CQ22022,2.04,1.4,1.8020999999999996,-0.4020999999999997
EOG,EOG Resources,Numeric Transeprency,CQ32022,1.4,2.07,1.9228999999999998,0.1471
EOG,EOG Resources,Numeric Transeprency,CQ42022,2.07,2.08,2.0658000000000016,0.014199999999998436
EOG,EOG Resources,Numeric Transeprency,CQ12023,2.08,1.7,1.8283999999999991,-0.12839999999999918
EOG,EOG Resources,Numeric Transeprency,CQ22023,1.7,1.77,1.765900000000001,0.004099999999999104
EOG,EOG Resources,Numeric Transeprency,CQ32023,1.77,1.98,1.9220000000000002,0.05799999999999983
EOG,EOG Resources,Numeric Transeprency,CQ42023,1.98,2.39,1.9217000000000004,0.4682999999999997
EOG,EOG Resources,Numeric Transeprency,CQ12024,2.39,1.68,1.849400000000001,-0.1694000000000011
EOG,EOG Resources,Numeric Transeprency,CQ22024,1.68,1.6,1.8683,-0.2683
EOG,EOG Resources,Numeric Transeprency,CQ32024,1.6,1.86,1.8653999999999993,-0.005399999999999183
EQR,Equity Residential,Analyst Selectivity Ratio,CQ12022,25.0,12.5,32.580200000000005,-20.080200000000005
EQR,Equity Residential,Analyst Selectivity Ratio,CQ22022,12.5,11.11,34.46889999999999,-23.35889999999999
EQR,Equity Residential,Analyst Selectivity Ratio,CQ32022,11.11,22.22,44.379400000000025,-22.159400000000026
EQR,Equity Residential,Analyst Selectivity Ratio,CQ42022,22.22,30.0,22.005300000000013,7.9946999999999875
EQR,Equity Residential,Analyst Selectivity Ratio,CQ12023,30.0,50.0,29.098500000000023,20.901499999999977
EQR,Equity Residential,Analyst Selectivity Ratio,CQ22023,50.0,25.0,32.34186,-7.341859999999997
EQR,Equity Residential,Analyst Selectivity Ratio,CQ32023,25.0,28.57,30.2793,-1.709299999999999
EQR,Equity Residential,Analyst Selectivity Ratio,CQ42023,28.57,50.0,33.05799999999999,16.942000000000007
EQR,Equity Residential,Analyst Selectivity Ratio,CQ12024,50.0,12.5,40.65059999999998,-28.150599999999983
EQR,Equity Residential,Analyst Selectivity Ratio,CQ22024,12.5,37.5,36.913999999999994,0.5860000000000056
EQR,Equity Residential,Analyst Selectivity Ratio,CQ32024,37.5,40.0,33.91319999999999,6.086800000000011
EQR,Equity Residential,Language Complexity,CQ12022,11.0,11.64,11.239700000000004,0.4002999999999961
EQR,Equity Residential,Language Complexity,CQ22022,11.64,11.64,11.518400000000003,0.12159999999999727
EQR,Equity Residential,Language Complexity,CQ32022,11.64,11.85,11.795100000000001,0.05489999999999817
EQR,Equity Residential,Language Complexity,CQ42022,11.85,12.15,11.653499999999998,0.49650000000000283
EQR,Equity Residential,Language Complexity,CQ12023,12.15,11.27,12.004200000000003,-0.7342000000000031
EQR,Equity Residential,Language Complexity,CQ22023,11.27,12.16,11.889499999999998,0.27050000000000196
EQR,Equity Residential,Language Complexity,CQ32023,12.16,11.7,11.7213,-0.021300000000000097
EQR,Equity Residential,Language Complexity,CQ42023,11.7,11.38,11.632400000000002,-0.2524000000000015
EQR,Equity Residential,Language Complexity,CQ12024,11.38,12.15,11.806899999999999,0.3431000000000015
EQR,Equity Residential,Language Complexity,CQ22024,12.15,12.13,11.637700000000004,0.49229999999999663
EQR,Equity Residential,Language Complexity,CQ32024,12.13,12.33,11.629000000000001,0.7009999999999987
EQR,Equity Residential,Net Positivity,CQ12022,0.82,0.64,0.7992000000000004,-0.15920000000000034
EQR,Equity Residential,Net Positivity,CQ22022,0.64,0.79,0.8216999999999999,-0.03169999999999984
EQR,Equity Residential,Net Positivity,CQ32022,0.79,0.2,0.8696,-0.6696
EQR,Equity Residential,Net Positivity,CQ42022,0.2,-0.03,0.5905999999999995,-0.6205999999999995
EQR,Equity Residential,Net Positivity,CQ12023,-0.03,0.33,0.45710000000000006,-0.12710000000000005
EQR,Equity Residential,Net Positivity,CQ22023,0.33,0.91,0.3308999999999999,0.5791000000000002
EQR,Equity Residential,Net Positivity,CQ32023,0.91,-0.14,0.6080999999999998,-0.7480999999999998
EQR,Equity Residential,Net Positivity,CQ42023,-0.14,0.75,0.35619999999999996,0.39380000000000004
EQR,Equity Residential,Net Positivity,CQ12024,0.75,1.0,0.6639000000000008,0.3360999999999992
EQR,Equity Residential,Net Positivity,CQ22024,1.0,1.11,0.9488000000000001,0.1612
EQR,Equity Residential,Net Positivity,CQ32024,1.11,1.13,1.0714000000000004,0.05859999999999954
EQR,Equity Residential,Numeric Transeprency,CQ12022,2.31,1.53,1.9463000000000008,-0.4163000000000008
EQR,Equity Residential,Numeric Transeprency,CQ22022,1.53,1.58,1.8441000000000003,-0.2641000000000002
EQR,Equity Residential,Numeric Transeprency,CQ32022,1.58,1.92,1.7875999999999996,0.1324000000000003
EQR,Equity Residential,Numeric Transeprency,CQ42022,1.92,2.0,1.8640999999999996,0.13590000000000035
EQR,Equity Residential,Numeric Transeprency,CQ12023,2.0,1.44,1.6403999999999999,-0.2003999999999999
EQR,Equity Residential,Numeric Transeprency,CQ22023,1.44,1.57,1.7821000000000007,-0.21210000000000062
EQR,Equity Residential,Numeric Transeprency,CQ32023,1.57,1.8,1.7991000000000001,0.0008999999999999009
EQR,Equity Residential,Numeric Transeprency,CQ42023,1.8,1.85,1.7644,0.08560000000000012
EQR,Equity Residential,Numeric Transeprency,CQ12024,1.85,1.64,1.7083000000000002,-0.06830000000000025
EQR,Equity Residential,Numeric Transeprency,CQ22024,1.64,1.52,1.6791000000000003,-0.15910000000000024
EQR,Equity Residential,Numeric Transeprency,CQ32024,1.52,1.58,1.683800000000001,-0.103800000000001
ETN,Eaton Corporation,Analyst Selectivity Ratio,CQ12022,42.86,38.1,42.48819999999998,-4.388199999999976
ETN,Eaton Corporation,Analyst Selectivity Ratio,CQ22022,38.1,40.0,42.3813,-2.381300000000003
ETN,Eaton Corporation,Analyst Selectivity Ratio,CQ32022,40.0,57.89,42.69729999999997,15.19270000000003
ETN,Eaton Corporation,Analyst Selectivity Ratio,CQ42022,57.89,35.29,40.514599999999994,-5.224599999999995
ETN,Eaton Corporation,Analyst Selectivity Ratio,CQ12023,35.29,41.18,42.362400000000015,-1.1824000000000154
ETN,Eaton Corporation,Analyst Selectivity Ratio,CQ22023,41.18,42.11,39.213999999999984,2.896000000000015
ETN,Eaton Corporation,Analyst Selectivity Ratio,CQ32023,42.11,40.0,42.88489999999997,-2.8848999999999734
ETN,Eaton Corporation,Analyst Selectivity Ratio,CQ42023,40.0,27.78,40.7329,-12.9529
ETN,Eaton Corporation,Analyst Selectivity Ratio,CQ12024,27.78,47.37,39.43090000000001,7.939099999999989
ETN,Eaton Corporation,Analyst Selectivity Ratio,CQ22024,47.37,50.0,38.0002,11.9998
ETN,Eaton Corporation,Analyst Selectivity Ratio,CQ32024,50.0,40.0,45.94324999999999,-5.943249999999992
ETN,Eaton Corporation,Language Complexity,CQ12022,11.45,11.7,11.853800000000005,-0.1538000000000057
ETN,Eaton Corporation,Language Complexity,CQ22022,11.7,11.98,11.8337,0.1463000000000001
ETN,Eaton Corporation,Language Complexity,CQ32022,11.98,11.2,12.0425,-0.8425000000000011
ETN,Eaton Corporation,Language Complexity,CQ42022,11.2,10.86,11.689200000000003,-0.8292000000000037
ETN,Eaton Corporation,Language Complexity,CQ12023,10.86,12.06,11.385300000000003,0.6746999999999979
ETN,Eaton Corporation,Language Complexity,CQ22023,12.06,11.59,11.656800000000002,-0.06680000000000241
ETN,Eaton Corporation,Language Complexity,CQ32023,11.59,11.2,11.674799999999998,-0.47479999999999833
ETN,Eaton Corporation,Language Complexity,CQ42023,11.2,11.49,11.304699999999999,0.18530000000000157
ETN,Eaton Corporation,Language Complexity,CQ12024,11.49,11.71,11.707699999999999,0.002300000000001745
ETN,Eaton Corporation,Language Complexity,CQ22024,11.71,11.74,11.708300000000001,0.03169999999999895
ETN,Eaton Corporation,Language Complexity,CQ32024,11.74,12.15,11.597100000000001,0.5528999999999993
ETN,Eaton Corporation,Net Positivity,CQ12022,1.03,1.27,1.1019999999999985,0.16800000000000148
ETN,Eaton Corporation,Net Positivity,CQ22022,1.27,0.64,1.1466999999999996,-0.5066999999999996
ETN,Eaton Corporation,Net Positivity,CQ32022,0.64,1.11,0.7696999999999999,0.34030000000000016
ETN,Eaton Corporation,Net Positivity,CQ42022,1.11,1.15,1.0369000000000006,0.11309999999999931
ETN,Eaton Corporation,Net Positivity,CQ12023,1.15,1.14,1.0663,0.07369999999999988
ETN,Eaton Corporation,Net Positivity,CQ22023,1.14,0.86,1.0694,-0.20939999999999992
ETN,Eaton Corporation,Net Positivity,CQ32023,0.86,1.19,0.9692000000000003,0.22079999999999966
ETN,Eaton Corporation,Net Positivity,CQ42023,1.19,1.15,0.9519,0.19809999999999994
ETN,Eaton Corporation,Net Positivity,CQ12024,1.15,1.01,1.0218999999999994,-0.011899999999999356
ETN,Eaton Corporation,Net Positivity,CQ22024,1.01,0.8,0.9719000000000001,-0.17190000000000005
ETN,Eaton Corporation,Net Positivity,CQ32024,0.8,0.59,1.0213000000000005,-0.43130000000000057
ETN,Eaton Corporation,Numeric Transeprency,CQ12022,2.29,1.76,2.134900000000001,-0.3749000000000009
ETN,Eaton Corporation,Numeric Transeprency,CQ22022,1.76,1.97,2.0394999999999985,-0.06949999999999856
ETN,Eaton Corporation,Numeric Transeprency,CQ32022,1.97,2.04,2.0809,-0.04090000000000016
ETN,Eaton Corporation,Numeric Transeprency,CQ42022,2.04,3.06,2.1517,0.9083000000000001
ETN,Eaton Corporation,Numeric Transeprency,CQ12023,3.06,2.69,2.0599999999999983,0.6300000000000017
ETN,Eaton Corporation,Numeric Transeprency,CQ22023,2.69,2.39,2.378099999999999,0.011900000000001132
ETN,Eaton Corporation,Numeric Transeprency,CQ32023,2.39,2.58,2.9259999999999997,-0.34599999999999964
ETN,Eaton Corporation,Numeric Transeprency,CQ42023,2.58,3.29,2.9024,0.38759999999999994
ETN,Eaton Corporation,Numeric Transeprency,CQ12024,3.29,2.27,2.849700000000002,-0.5797000000000021
ETN,Eaton Corporation,Numeric Transeprency,CQ22024,2.27,2.15,2.4821999999999997,-0.33219999999999983
ETN,Eaton Corporation,Numeric Transeprency,CQ32024,2.15,2.66,2.7328999999999994,-0.0728999999999993
ETR,Entergy,Analyst Selectivity Ratio,CQ12022,18.75,29.41,28.245800000000003,1.1641999999999975
ETR,Entergy,Analyst Selectivity Ratio,CQ22022,29.41,17.65,34.421,-16.771
ETR,Entergy,Analyst Selectivity Ratio,CQ32022,17.65,44.44,25.530000000000005,18.909999999999993
ETR,Entergy,Analyst Selectivity Ratio,CQ42022,44.44,35.29,32.54110000000001,2.748899999999992
ETR,Entergy,Analyst Selectivity Ratio,CQ12023,35.29,31.25,37.81580000000001,-6.56580000000001
ETR,Entergy,Analyst Selectivity Ratio,CQ22023,31.25,18.75,33.553000000000004,-14.803000000000004
ETR,Entergy,Analyst Selectivity Ratio,CQ32023,18.75,41.18,30.79880000000001,10.381199999999989
ETR,Entergy,Analyst Selectivity Ratio,CQ42023,41.18,15.79,32.01540000000002,-16.225400000000022
ETR,Entergy,Analyst Selectivity Ratio,CQ12024,15.79,44.44,30.05830000000001,14.381699999999988
ETR,Entergy,Analyst Selectivity Ratio,CQ22024,44.44,29.41,32.79360000000001,-3.383600000000012
ETR,Entergy,Analyst Selectivity Ratio,CQ32024,29.41,35.71,34.7458,0.9641999999999982
ETR,Entergy,Language Complexity,CQ12022,13.77,12.44,13.12720000000001,-0.6872000000000114
ETR,Entergy,Language Complexity,CQ22022,12.44,13.63,13.132900000000005,0.4970999999999961
ETR,Entergy,Language Complexity,CQ32022,13.63,13.31,13.56590000000001,-0.25590000000000934
ETR,Entergy,Language Complexity,CQ42022,13.31,13.73,13.362800000000004,0.36719999999999686
ETR,Entergy,Language Complexity,CQ12023,13.73,13.4,13.319000000000003,0.08099999999999774
ETR,Entergy,Language Complexity,CQ22023,13.4,13.68,13.6599,0.02009999999999934
ETR,Entergy,Language Complexity,CQ32023,13.68,14.11,13.551700000000007,0.558299999999992
ETR,Entergy,Language Complexity,CQ42023,14.11,14.61,13.5415,1.0685000000000002
ETR,Entergy,Language Complexity,CQ12024,14.61,13.31,13.750000000000009,-0.4400000000000084
ETR,Entergy,Language Complexity,CQ22024,13.31,13.34,13.8016,-0.4616000000000007
ETR,Entergy,Language Complexity,CQ32024,13.34,13.14,13.303300000000002,-0.16330000000000133
ETR,Entergy,Net Positivity,CQ12022,1.47,0.66,1.3873999999999995,-0.7273999999999995
ETR,Entergy,Net Positivity,CQ22022,0.66,1.02,1.1330000000000007,-0.11300000000000066
ETR,Entergy,Net Positivity,CQ32022,1.02,1.35,0.8839999999999999,0.4660000000000002
ETR,Entergy,Net Positivity,CQ42022,1.35,0.83,1.0831,-0.2531
ETR,Entergy,Net Positivity,CQ12023,0.83,0.91,0.9371999999999996,-0.027199999999999558
ETR,Entergy,Net Positivity,CQ22023,0.91,1.18,0.7772999999999997,0.4027000000000003
ETR,Entergy,Net Positivity,CQ32023,1.18,0.83,0.9367000000000004,-0.10670000000000046
ETR,Entergy,Net Positivity,CQ42023,0.83,1.24,1.0243000000000002,0.21569999999999978
ETR,Entergy,Net Positivity,CQ12024,1.24,0.99,1.1200000000000008,-0.13000000000000078
ETR,Entergy,Net Positivity,CQ22024,0.99,1.16,1.0433999999999994,0.11660000000000048
ETR,Entergy,Net Positivity,CQ32024,1.16,0.94,1.1274999999999995,-0.18749999999999956
ETR,Entergy,Numeric Transeprency,CQ12022,2.04,1.49,1.5550999999999993,-0.06509999999999927
ETR,Entergy,Numeric Transeprency,CQ22022,1.49,1.28,1.6389000000000002,-0.3589000000000002
ETR,Entergy,Numeric Transeprency,CQ32022,1.28,1.65,1.4896000000000003,0.16039999999999965
ETR,Entergy,Numeric Transeprency,CQ42022,1.65,2.0,1.6223999999999992,0.3776000000000008
ETR,Entergy,Numeric Transeprency,CQ12023,2.0,2.14,1.6044999999999998,0.5355000000000003
ETR,Entergy,Numeric Transeprency,CQ22023,2.14,1.52,1.563699999999999,-0.04369999999999896
ETR,Entergy,Numeric Transeprency,CQ32023,1.52,1.75,1.8921000000000001,-0.14210000000000012
ETR,Entergy,Numeric Transeprency,CQ42023,1.75,2.84,1.8693999999999995,0.9706000000000004
ETR,Entergy,Numeric Transeprency,CQ12024,2.84,1.48,1.8701999999999999,-0.3901999999999999
ETR,Entergy,Numeric Transeprency,CQ22024,1.48,1.4,1.6303000000000003,-0.2303000000000004
ETR,Entergy,Numeric Transeprency,CQ32024,1.4,1.57,2.3279,-0.7579
EXC,Exelon,Analyst Selectivity Ratio,CQ12022,,22.22,35.739199999999975,-13.519199999999977
EXC,Exelon,Analyst Selectivity Ratio,CQ22022,22.22,23.53,23.725899999999992,-0.19589999999999108
EXC,Exelon,Analyst Selectivity Ratio,CQ32022,23.53,29.41,22.89509999999999,6.5149000000000115
EXC,Exelon,Analyst Selectivity Ratio,CQ42022,29.41,25.0,26.127799999999997,-1.127799999999997
EXC,Exelon,Analyst Selectivity Ratio,CQ12023,25.0,33.33,27.104999999999997,6.225000000000001
EXC,Exelon,Analyst Selectivity Ratio,CQ22023,33.33,23.53,29.75779999999999,-6.227799999999988
EXC,Exelon,Analyst Selectivity Ratio,CQ32023,23.53,11.11,29.538899999999995,-18.428899999999995
EXC,Exelon,Analyst Selectivity Ratio,CQ42023,11.11,22.22,26.881200000000003,-4.6612000000000045
EXC,Exelon,Analyst Selectivity Ratio,CQ12024,22.22,5.88,24.8681,-18.9881
EXC,Exelon,Analyst Selectivity Ratio,CQ22024,5.88,25.0,15.629899999999997,9.370100000000003
EXC,Exelon,Analyst Selectivity Ratio,CQ32024,25.0,20.0,24.484099999999998,-4.484099999999998
EXC,Exelon,Language Complexity,CQ12022,,13.66,12.8812,0.7788000000000004
EXC,Exelon,Language Complexity,CQ22022,13.66,13.42,13.301200000000001,0.11879999999999846
EXC,Exelon,Language Complexity,CQ32022,13.42,13.26,13.561300000000001,-0.30130000000000123
EXC,Exelon,Language Complexity,CQ42022,13.26,14.16,13.5254,0.6346000000000007
EXC,Exelon,Language Complexity,CQ12023,14.16,14.25,13.445900000000002,0.8040999999999983
EXC,Exelon,Language Complexity,CQ22023,14.25,14.17,13.587300000000003,0.5826999999999973
EXC,Exelon,Language Complexity,CQ32023,14.17,15.3,13.775100000000007,1.5248999999999935
EXC,Exelon,Language Complexity,CQ42023,15.3,15.08,14.343899999999996,0.736100000000004
EXC,Exelon,Language Complexity,CQ12024,15.08,16.51,14.657299999999994,1.8527000000000076
EXC,Exelon,Language Complexity,CQ22024,16.51,13.98,15.100899999999994,-1.1208999999999936
EXC,Exelon,Language Complexity,CQ32024,13.98,12.93,14.495599999999994,-1.5655999999999946
EXC,Exelon,Net Positivity,CQ12022,,1.29,1.0281000000000002,0.2618999999999998
EXC,Exelon,Net Positivity,CQ22022,1.29,1.22,1.0413999999999997,0.17860000000000031
EXC,Exelon,Net Positivity,CQ32022,1.22,1.34,0.9916999999999999,0.34830000000000017
EXC,Exelon,Net Positivity,CQ42022,1.34,1.14,1.2735999999999996,-0.13359999999999972
EXC,Exelon,Net Positivity,CQ12023,1.14,0.97,1.2289999999999999,-0.2589999999999999
EXC,Exelon,Net Positivity,CQ22023,0.97,0.91,1.0508000000000002,-0.14080000000000015
EXC,Exelon,Net Positivity,CQ32023,0.91,1.13,0.9594000000000001,0.17059999999999975
EXC,Exelon,Net Positivity,CQ42023,1.13,1.22,0.9232999999999996,0.2967000000000004
EXC,Exelon,Net Positivity,CQ12024,1.22,1.21,1.0462999999999998,0.16370000000000018
EXC,Exelon,Net Positivity,CQ22024,1.21,0.96,1.0976999999999995,-0.1376999999999995
EXC,Exelon,Net Positivity,CQ32024,0.96,0.69,1.0397,-0.3497000000000001
EXC,Exelon,Numeric Transeprency,CQ12022,,3.47,1.805,1.6650000000000003
EXC,Exelon,Numeric Transeprency,CQ22022,3.47,2.56,2.2241999999999993,0.33580000000000076
EXC,Exelon,Numeric Transeprency,CQ32022,2.56,3.31,2.3546,0.9554
EXC,Exelon,Numeric Transeprency,CQ42022,3.31,4.54,3.180599999999998,1.3594000000000022
EXC,Exelon,Numeric Transeprency,CQ12023,4.54,2.94,4.371450277777774,-1.4314502777777744
EXC,Exelon,Numeric Transeprency,CQ22023,2.94,2.88,2.7998000000000007,0.08019999999999916
EXC,Exelon,Numeric Transeprency,CQ32023,2.88,2.9,3.161299999999999,-0.261299999999999
EXC,Exelon,Numeric Transeprency,CQ42023,2.9,3.26,3.3382000000000005,-0.07820000000000071
EXC,Exelon,Numeric Transeprency,CQ12024,3.26,2.75,2.973899999999999,-0.2238999999999991
EXC,Exelon,Numeric Transeprency,CQ22024,2.75,1.67,2.682000000000001,-1.012000000000001
EXC,Exelon,Numeric Transeprency,CQ32024,1.67,1.63,2.2714999999999987,-0.6414999999999988
F,Ford Motor Company,Analyst Selectivity Ratio,CQ12022,4.76,47.62,38.35229999999999,9.267700000000005
F,Ford Motor Company,Analyst Selectivity Ratio,CQ22022,47.62,41.18,43.28230000000001,-2.102300000000014
F,Ford Motor Company,Analyst Selectivity Ratio,CQ32022,41.18,31.58,45.8857,-14.305700000000002
F,Ford Motor Company,Analyst Selectivity Ratio,CQ42022,31.58,33.33,40.379500000000014,-7.049500000000016
F,Ford Motor Company,Analyst Selectivity Ratio,CQ12023,33.33,40.0,35.063500000000005,4.936499999999995
F,Ford Motor Company,Analyst Selectivity Ratio,CQ22023,40.0,30.0,37.17450000000001,-7.174500000000009
F,Ford Motor Company,Analyst Selectivity Ratio,CQ32023,30.0,25.0,36.4057,-11.405700000000003
F,Ford Motor Company,Analyst Selectivity Ratio,CQ42023,25.0,30.0,35.832100000000004,-5.832100000000004
F,Ford Motor Company,Analyst Selectivity Ratio,CQ12024,30.0,27.27,34.9638,-7.6937999999999995
F,Ford Motor Company,Analyst Selectivity Ratio,CQ22024,27.27,19.05,30.364199999999997,-11.314199999999996
F,Ford Motor Company,Analyst Selectivity Ratio,CQ32024,19.05,20.0,27.21580000000001,-7.215800000000009
F,Ford Motor Company,Language Complexity,CQ12022,10.8,10.33,11.595100000000004,-1.2651000000000039
F,Ford Motor Company,Language Complexity,CQ22022,10.33,10.57,11.159300000000007,-0.5893000000000068
F,Ford Motor Company,Language Complexity,CQ32022,10.57,11.86,11.055100000000007,0.8048999999999928
F,Ford Motor Company,Language Complexity,CQ42022,11.86,11.47,11.629599999999998,-0.15959999999999752
F,Ford Motor Company,Language Complexity,CQ12023,11.47,11.19,11.473500000000001,-0.28350000000000186
F,Ford Motor Company,Language Complexity,CQ22023,11.19,11.96,11.3781,0.581900000000001
F,Ford Motor Company,Language Complexity,CQ32023,11.96,12.69,11.7611,0.9288999999999987
F,Ford Motor Company,Language Complexity,CQ42023,12.69,11.03,12.200499999999998,-1.1704999999999988
F,Ford Motor Company,Language Complexity,CQ12024,11.03,10.69,11.537799999999999,-0.8477999999999994
F,Ford Motor Company,Language Complexity,CQ22024,10.69,12.37,11.252,1.1179999999999986
F,Ford Motor Company,Language Complexity,CQ32024,12.37,11.19,11.893499999999996,-0.7034999999999965
F,Ford Motor Company,Net Positivity,CQ12022,1.74,1.16,0.9601999999999998,0.1998000000000001
F,Ford Motor Company,Net Positivity,CQ22022,1.16,0.83,0.9493999999999994,-0.1193999999999994
F,Ford Motor Company,Net Positivity,CQ32022,0.83,1.15,0.9471999999999993,0.20280000000000065
F,Ford Motor Company,Net Positivity,CQ42022,1.15,1.19,1.1842,0.005800000000000027
F,Ford Motor Company,Net Positivity,CQ12023,1.19,1.39,1.106199999999999,0.28380000000000094
F,Ford Motor Company,Net Positivity,CQ22023,1.39,1.13,1.2257999999999998,-0.09579999999999989
F,Ford Motor Company,Net Positivity,CQ32023,1.13,1.24,1.0622999999999998,0.1777000000000002
F,Ford Motor Company,Net Positivity,CQ42023,1.24,1.07,1.2262,-0.1561999999999999
F,Ford Motor Company,Net Positivity,CQ12024,1.07,0.96,1.2287,-0.26869999999999994
F,Ford Motor Company,Net Positivity,CQ22024,0.96,1.17,1.0687000000000004,0.1012999999999995
F,Ford Motor Company,Net Positivity,CQ32024,1.17,1.3,0.8711999999999999,0.4288000000000002
F,Ford Motor Company,Numeric Transeprency,CQ12022,1.48,1.57,1.1900000000000002,0.3799999999999999
F,Ford Motor Company,Numeric Transeprency,CQ22022,1.57,1.57,1.6470999999999998,-0.07709999999999972
F,Ford Motor Company,Numeric Transeprency,CQ32022,1.57,1.71,1.886000000000002,-0.17600000000000193
F,Ford Motor Company,Numeric Transeprency,CQ42022,1.71,1.94,1.5116000000000003,0.42839999999999967
F,Ford Motor Company,Numeric Transeprency,CQ12023,1.94,1.81,1.8146000000000013,-0.00460000000000127
F,Ford Motor Company,Numeric Transeprency,CQ22023,1.81,1.74,1.8976000000000004,-0.1576000000000004
F,Ford Motor Company,Numeric Transeprency,CQ32023,1.74,1.7,1.6029999999999995,0.09700000000000042
F,Ford Motor Company,Numeric Transeprency,CQ42023,1.7,2.58,1.9743000000000006,0.6056999999999995
F,Ford Motor Company,Numeric Transeprency,CQ12024,2.58,2.19,2.1233999999999997,0.06660000000000021
F,Ford Motor Company,Numeric Transeprency,CQ22024,2.19,1.69,2.091399999999999,-0.40139999999999887
F,Ford Motor Company,Numeric Transeprency,CQ32024,1.69,2.24,2.048499999999999,0.19150000000000134
FDX,FedEx,Analyst Selectivity Ratio,CQ12022,40.0,53.33,45.9608,7.369199999999999
FDX,FedEx,Analyst Selectivity Ratio,CQ22022,53.33,53.33,47.10370000000001,6.226299999999988
FDX,FedEx,Analyst Selectivity Ratio,CQ32022,53.33,40.0,46.84810000000002,-6.8481000000000165
FDX,FedEx,Analyst Selectivity Ratio,CQ42022,40.0,59.26,39.338799999999985,19.921200000000013
FDX,FedEx,Analyst Selectivity Ratio,CQ12023,59.26,51.72,52.54699999999999,-0.8269999999999911
FDX,FedEx,Analyst Selectivity Ratio,CQ22023,51.72,48.28,51.4348,-3.1548000000000016
FDX,FedEx,Analyst Selectivity Ratio,CQ32023,48.28,53.33,54.13539999999999,-0.8053999999999917
FDX,FedEx,Analyst Selectivity Ratio,CQ42023,53.33,46.43,54.15430000000001,-7.724300000000014
FDX,FedEx,Analyst Selectivity Ratio,CQ12024,46.43,44.83,51.46423333333335,-6.6342333333333485
FDX,FedEx,Analyst Selectivity Ratio,CQ22024,44.83,29.63,48.31199999999999,-18.68199999999999
FDX,FedEx,Analyst Selectivity Ratio,CQ32024,29.63,31.03,47.158500000000004,-16.128500000000003
FDX,FedEx,Language Complexity,CQ12022,12.64,12.43,12.9908,-0.5608000000000004
FDX,FedEx,Language Complexity,CQ22022,12.43,12.0,12.780100000000003,-0.7801000000000027
FDX,FedEx,Language Complexity,CQ32022,12.0,12.37,12.776700000000003,-0.4067000000000043
FDX,FedEx,Language Complexity,CQ42022,12.37,11.75,12.392299999999999,-0.6422999999999988
FDX,FedEx,Language Complexity,CQ12023,11.75,12.44,11.798800000000005,0.6411999999999942
FDX,FedEx,Language Complexity,CQ22023,12.44,12.03,12.169,-0.13900000000000112
FDX,FedEx,Language Complexity,CQ32023,12.03,12.0,12.201200000000002,-0.20120000000000182
FDX,FedEx,Language Complexity,CQ42023,12.0,12.88,11.915800000000004,0.9641999999999964
FDX,FedEx,Language Complexity,CQ12024,12.88,12.6,12.474000000000004,0.1259999999999959
FDX,FedEx,Language Complexity,CQ22024,12.6,12.79,12.4384,0.35159999999999947
FDX,FedEx,Language Complexity,CQ32024,12.79,13.39,12.562999999999999,0.8270000000000017
FDX,FedEx,Net Positivity,CQ12022,1.66,1.11,1.6124,-0.5024
FDX,FedEx,Net Positivity,CQ22022,1.11,0.48,1.2093000000000003,-0.7293000000000003
FDX,FedEx,Net Positivity,CQ32022,0.48,1.47,0.9869999999999999,0.4830000000000001
FDX,FedEx,Net Positivity,CQ42022,1.47,1.65,1.3047999999999995,0.3452000000000004
FDX,FedEx,Net Positivity,CQ12023,1.65,1.18,1.6256000000000008,-0.4456000000000009
FDX,FedEx,Net Positivity,CQ22023,1.18,2.08,1.1585999999999999,0.9214000000000002
FDX,FedEx,Net Positivity,CQ32023,2.08,1.69,1.5145999999999997,0.17540000000000022
FDX,FedEx,Net Positivity,CQ42023,1.69,2.07,1.6381000000000001,0.43189999999999973
FDX,FedEx,Net Positivity,CQ12024,2.07,2.01,1.7403000000000008,0.26969999999999894
FDX,FedEx,Net Positivity,CQ22024,2.01,1.49,1.9476,-0.4576
FDX,FedEx,Net Positivity,CQ32024,1.49,2.06,1.7131999999999996,0.34680000000000044
FDX,FedEx,Numeric Transeprency,CQ12022,1.61,1.63,1.7181000000000006,-0.08810000000000073
FDX,FedEx,Numeric Transeprency,CQ22022,1.63,1.84,1.8111,0.028900000000000148
FDX,FedEx,Numeric Transeprency,CQ32022,1.84,1.76,1.4590999999999994,0.3009000000000006
FDX,FedEx,Numeric Transeprency,CQ42022,1.76,1.54,1.7581999999999995,-0.2181999999999995
FDX,FedEx,Numeric Transeprency,CQ12023,1.54,2.73,1.6981999999999997,1.0318000000000003
FDX,FedEx,Numeric Transeprency,CQ22023,2.73,1.78,1.9687000000000001,-0.1887000000000001
FDX,FedEx,Numeric Transeprency,CQ32023,1.78,1.3,1.7610000000000008,-0.46100000000000074
FDX,FedEx,Numeric Transeprency,CQ42023,1.3,1.92,1.9969000000000006,-0.07690000000000063
FDX,FedEx,Numeric Transeprency,CQ12024,1.92,2.63,2.0098,0.6202000000000001
FDX,FedEx,Numeric Transeprency,CQ22024,2.63,1.41,1.818799999999999,-0.40879999999999916
FDX,FedEx,Numeric Transeprency,CQ32024,1.41,1.99,1.6894000000000002,0.30059999999999976
FIS,Fidelity National Information Services,Analyst Selectivity Ratio,CQ12022,23.33,27.59,26.895599999999995,0.6944000000000052
FIS,Fidelity National Information Services,Analyst Selectivity Ratio,CQ22022,27.59,20.0,25.781999999999996,-5.7819999999999965
FIS,Fidelity National Information Services,Analyst Selectivity Ratio,CQ32022,20.0,20.0,25.39749999999999,-5.39749999999999
FIS,Fidelity National Information Services,Analyst Selectivity Ratio,CQ42022,20.0,30.0,25.370100000000008,4.629899999999992
FIS,Fidelity National Information Services,Analyst Selectivity Ratio,CQ12023,30.0,34.62,27.7137,6.906299999999998
FIS,Fidelity National Information Services,Analyst Selectivity Ratio,CQ22023,34.62,33.33,30.4943,2.835699999999999
FIS,Fidelity National Information Services,Analyst Selectivity Ratio,CQ32023,33.33,23.08,29.356199999999998,-6.276199999999999
FIS,Fidelity National Information Services,Analyst Selectivity Ratio,CQ42023,23.08,26.09,29.9557,-3.8657000000000004
FIS,Fidelity National Information Services,Analyst Selectivity Ratio,CQ12024,26.09,0.0,28.926400000000005,-28.926400000000005
FIS,Fidelity National Information Services,Analyst Selectivity Ratio,CQ22024,0.0,38.46,24.310100000000002,14.149899999999999
FIS,Fidelity National Information Services,Analyst Selectivity Ratio,CQ32024,38.46,32.0,31.134299999999982,0.8657000000000181
FIS,Fidelity National Information Services,Language Complexity,CQ12022,12.05,11.05,12.079699999999995,-1.0296999999999947
FIS,Fidelity National Information Services,Language Complexity,CQ22022,11.05,12.43,11.994599999999993,0.43540000000000667
FIS,Fidelity National Information Services,Language Complexity,CQ32022,12.43,12.99,11.764399999999997,1.2256000000000036
FIS,Fidelity National Information Services,Language Complexity,CQ42022,12.99,12.98,12.572000000000003,0.4079999999999977
FIS,Fidelity National Information Services,Language Complexity,CQ12023,12.98,12.41,12.524600000000003,-0.11460000000000292
FIS,Fidelity National Information Services,Language Complexity,CQ22023,12.41,12.33,12.625400000000004,-0.2954000000000043
FIS,Fidelity National Information Services,Language Complexity,CQ32023,12.33,12.76,12.770900000000005,-0.010900000000004795
FIS,Fidelity National Information Services,Language Complexity,CQ42023,12.76,13.4,12.746699999999999,0.6533000000000015
FIS,Fidelity National Information Services,Language Complexity,CQ12024,13.4,14.76,12.795499999999999,1.964500000000001
FIS,Fidelity National Information Services,Language Complexity,CQ22024,14.76,11.67,13.802600000000007,-2.132600000000007
FIS,Fidelity National Information Services,Language Complexity,CQ32024,11.67,11.32,13.0676,-1.7476000000000003
FIS,Fidelity National Information Services,Net Positivity,CQ12022,1.81,1.48,1.8433999999999997,-0.3633999999999997
FIS,Fidelity National Information Services,Net Positivity,CQ22022,1.48,1.21,1.5089999999999995,-0.2989999999999995
FIS,Fidelity National Information Services,Net Positivity,CQ32022,1.21,0.89,1.4114999999999998,-0.5214999999999997
FIS,Fidelity National Information Services,Net Positivity,CQ42022,0.89,0.96,1.1184000000000003,-0.15840000000000032
FIS,Fidelity National Information Services,Net Positivity,CQ12023,0.96,2.03,0.6851000000000002,1.3448999999999995
FIS,Fidelity National Information Services,Net Positivity,CQ22023,2.03,1.22,1.2248999999999997,-0.004899999999999682
FIS,Fidelity National Information Services,Net Positivity,CQ32023,1.22,1.72,1.188,0.532
FIS,Fidelity National Information Services,Net Positivity,CQ42023,1.72,1.34,1.6223,-0.2823
FIS,Fidelity National Information Services,Net Positivity,CQ12024,1.34,1.61,1.6021999999999996,0.007800000000000473
FIS,Fidelity National Information Services,Net Positivity,CQ22024,1.61,1.96,1.5220000000000005,0.4379999999999995
FIS,Fidelity National Information Services,Net Positivity,CQ32024,1.96,1.51,1.8213000000000001,-0.31130000000000013
FIS,Fidelity National Information Services,Numeric Transeprency,CQ12022,2.55,2.18,2.3529000000000013,-0.17290000000000116
FIS,Fidelity National Information Services,Numeric Transeprency,CQ22022,2.18,1.76,2.2205999999999992,-0.46059999999999923
FIS,Fidelity National Information Services,Numeric Transeprency,CQ32022,1.76,1.88,2.264499999999999,-0.3844999999999992
FIS,Fidelity National Information Services,Numeric Transeprency,CQ42022,1.88,1.96,2.0824000000000003,-0.12240000000000029
FIS,Fidelity National Information Services,Numeric Transeprency,CQ12023,1.96,2.22,1.7317000000000002,0.48829999999999996
FIS,Fidelity National Information Services,Numeric Transeprency,CQ22023,2.22,2.2,1.9354,0.26460000000000017
FIS,Fidelity National Information Services,Numeric Transeprency,CQ32023,2.2,3.06,2.1797999999999997,0.8802000000000003
FIS,Fidelity National Information Services,Numeric Transeprency,CQ42023,3.06,4.54,2.202900000000001,2.337099999999999
FIS,Fidelity National Information Services,Numeric Transeprency,CQ12024,4.54,6.48,3.45915,3.0208500000000003
FIS,Fidelity National Information Services,Numeric Transeprency,CQ22024,6.48,2.11,3.8572999999999986,-1.7472999999999987
FIS,Fidelity National Information Services,Numeric Transeprency,CQ32024,2.11,2.34,2.3649,-0.024900000000000144
FISV,Fiserv,Analyst Selectivity Ratio,CQ12022,24.14,25.93,27.26129999999999,-1.3312999999999917
FISV,Fiserv,Analyst Selectivity Ratio,CQ22022,25.93,24.14,25.743000000000006,-1.603000000000005
FISV,Fiserv,Analyst Selectivity Ratio,CQ32022,24.14,17.24,25.143599999999996,-7.903599999999997
FISV,Fiserv,Analyst Selectivity Ratio,CQ42022,17.24,25.0,21.098499999999998,3.901500000000002
FISV,Fiserv,Analyst Selectivity Ratio,CQ12023,25.0,19.23,22.782000000000004,-3.552000000000003
FISV,Fiserv,Analyst Selectivity Ratio,CQ22023,19.23,24.14,23.163399999999992,0.9766000000000084
FISV,Fiserv,Analyst Selectivity Ratio,CQ32023,24.14,24.14,20.489400000000014,3.6505999999999865
FISV,Fiserv,Analyst Selectivity Ratio,CQ42023,24.14,21.21,23.08580000000001,-1.8758000000000088
FISV,Fiserv,Analyst Selectivity Ratio,CQ12024,21.21,27.27,24.584800000000005,2.6851999999999947
FISV,Fiserv,Analyst Selectivity Ratio,CQ22024,27.27,25.0,24.73160000000001,0.2683999999999891
FISV,Fiserv,Analyst Selectivity Ratio,CQ32024,25.0,21.43,26.211999999999993,-4.781999999999993
FISV,Fiserv,Language Complexity,CQ12022,13.73,12.5,13.453999999999999,-0.9539999999999988
FISV,Fiserv,Language Complexity,CQ22022,12.5,12.31,12.942200000000003,-0.6322000000000028
FISV,Fiserv,Language Complexity,CQ32022,12.31,12.9,12.761999999999999,0.13800000000000168
FISV,Fiserv,Language Complexity,CQ42022,12.9,13.22,13.018400000000002,0.2015999999999991
FISV,Fiserv,Language Complexity,CQ12023,13.22,12.44,12.918299999999999,-0.47829999999999906
FISV,Fiserv,Language Complexity,CQ22023,12.44,12.57,12.861500000000005,-0.29150000000000453
FISV,Fiserv,Language Complexity,CQ32023,12.57,12.85,12.833399999999997,0.01660000000000217
FISV,Fiserv,Language Complexity,CQ42023,12.85,13.53,13.012700000000002,0.517299999999997
FISV,Fiserv,Language Complexity,CQ12024,13.53,12.58,12.9219,-0.34190000000000076
FISV,Fiserv,Language Complexity,CQ22024,12.58,13.87,12.6653,1.204699999999999
FISV,Fiserv,Language Complexity,CQ32024,13.87,13.13,13.104099999999994,0.02590000000000714
FISV,Fiserv,Net Positivity,CQ12022,2.04,1.69,1.6690999999999996,0.020900000000000363
FISV,Fiserv,Net Positivity,CQ22022,1.69,2.08,1.5236,0.5564
FISV,Fiserv,Net Positivity,CQ32022,2.08,2.01,1.7479,0.2620999999999998
FISV,Fiserv,Net Positivity,CQ42022,2.01,1.44,1.9676,-0.5276000000000001
FISV,Fiserv,Net Positivity,CQ12023,1.44,2.11,1.7461000000000007,0.3638999999999992
FISV,Fiserv,Net Positivity,CQ22023,2.11,1.89,1.8644999999999996,0.0255000000000003
FISV,Fiserv,Net Positivity,CQ32023,1.89,1.58,1.7922000000000005,-0.2122000000000004
FISV,Fiserv,Net Positivity,CQ42023,1.58,1.56,1.7698000000000007,-0.20980000000000065
FISV,Fiserv,Net Positivity,CQ12024,1.56,1.47,1.7915,-0.3215000000000001
FISV,Fiserv,Net Positivity,CQ22024,1.47,1.43,1.6791,-0.2491000000000001
FISV,Fiserv,Net Positivity,CQ32024,1.43,1.39,1.5873000000000004,-0.19730000000000047
FISV,Fiserv,Numeric Transeprency,CQ12022,4.21,2.37,2.6327000000000003,-0.26270000000000016
FISV,Fiserv,Numeric Transeprency,CQ22022,2.37,3.44,2.634499999999999,0.8055000000000008
FISV,Fiserv,Numeric Transeprency,CQ32022,3.44,3.18,3.365000000000001,-0.18500000000000094
FISV,Fiserv,Numeric Transeprency,CQ42022,3.18,3.82,3.588999999999999,0.23100000000000076
FISV,Fiserv,Numeric Transeprency,CQ12023,3.82,2.33,3.1443000000000025,-0.8143000000000025
FISV,Fiserv,Numeric Transeprency,CQ22023,2.33,2.89,2.7243,0.16570000000000018
FISV,Fiserv,Numeric Transeprency,CQ32023,2.89,3.35,3.0893000000000006,0.2606999999999995
FISV,Fiserv,Numeric Transeprency,CQ42023,3.35,3.67,2.9690000000000007,0.7009999999999992
FISV,Fiserv,Numeric Transeprency,CQ12024,3.67,3.13,3.072400000000002,0.0575999999999981
FISV,Fiserv,Numeric Transeprency,CQ22024,3.13,2.93,3.0012000000000008,-0.0712000000000006
FISV,Fiserv,Numeric Transeprency,CQ32024,2.93,3.23,3.1097,0.12029999999999985
FITB,Fifth Third Bancorp,Analyst Selectivity Ratio,CQ12022,31.82,52.38,43.943200000000004,8.436799999999998
FITB,Fifth Third Bancorp,Analyst Selectivity Ratio,CQ22022,52.38,36.84,45.267499999999984,-8.42749999999998
FITB,Fifth Third Bancorp,Analyst Selectivity Ratio,CQ32022,36.84,40.0,37.23399999999999,2.7660000000000124
FITB,Fifth Third Bancorp,Analyst Selectivity Ratio,CQ42022,40.0,31.82,37.6265,-5.8065
FITB,Fifth Third Bancorp,Analyst Selectivity Ratio,CQ12023,31.82,36.36,40.59030000000001,-4.230300000000014
FITB,Fifth Third Bancorp,Analyst Selectivity Ratio,CQ22023,36.36,28.57,35.8914,-7.321399999999997
FITB,Fifth Third Bancorp,Analyst Selectivity Ratio,CQ32023,28.57,36.36,32.259299999999996,4.100700000000003
FITB,Fifth Third Bancorp,Analyst Selectivity Ratio,CQ42023,36.36,31.82,32.56310000000002,-0.7431000000000196
FITB,Fifth Third Bancorp,Analyst Selectivity Ratio,CQ12024,31.82,34.78,30.389699999999994,4.390300000000007
FITB,Fifth Third Bancorp,Analyst Selectivity Ratio,CQ22024,34.78,34.78,33.648599999999995,1.1314000000000064
FITB,Fifth Third Bancorp,Analyst Selectivity Ratio,CQ32024,34.78,35.0,35.07429999999998,-0.0742999999999796
FITB,Fifth Third Bancorp,Language Complexity,CQ12022,13.99,12.98,13.200200000000002,-0.22020000000000195
FITB,Fifth Third Bancorp,Language Complexity,CQ22022,12.98,13.72,13.209399999999995,0.5106000000000055
FITB,Fifth Third Bancorp,Language Complexity,CQ32022,13.72,12.66,13.269700000000002,-0.6097000000000019
FITB,Fifth Third Bancorp,Language Complexity,CQ42022,12.66,12.84,13.024799999999997,-0.1847999999999974
FITB,Fifth Third Bancorp,Language Complexity,CQ12023,12.84,13.25,13.275000000000004,-0.025000000000003908
FITB,Fifth Third Bancorp,Language Complexity,CQ22023,13.25,13.41,13.181199999999999,0.22880000000000145
FITB,Fifth Third Bancorp,Language Complexity,CQ32023,13.41,12.64,13.110899999999997,-0.47089999999999677
FITB,Fifth Third Bancorp,Language Complexity,CQ42023,12.64,13.62,12.7991,0.8209
FITB,Fifth Third Bancorp,Language Complexity,CQ12024,13.62,12.81,13.031399999999998,-0.22139999999999738
FITB,Fifth Third Bancorp,Language Complexity,CQ22024,12.81,12.74,13.095,-0.3550000000000004
FITB,Fifth Third Bancorp,Language Complexity,CQ32024,12.74,12.98,12.898999999999996,0.08100000000000485
FITB,Fifth Third Bancorp,Net Positivity,CQ12022,1.22,1.45,1.4227999999999994,0.027200000000000557
FITB,Fifth Third Bancorp,Net Positivity,CQ22022,1.45,0.67,0.9690000000000002,-0.29900000000000015
FITB,Fifth Third Bancorp,Net Positivity,CQ32022,0.67,1.09,1.0382999999999993,0.051700000000000745
FITB,Fifth Third Bancorp,Net Positivity,CQ42022,1.09,0.77,0.9982999999999997,-0.22829999999999973
FITB,Fifth Third Bancorp,Net Positivity,CQ12023,0.77,0.2,0.9795000000000005,-0.7795000000000005
FITB,Fifth Third Bancorp,Net Positivity,CQ22023,0.2,0.31,0.6524,-0.3424
FITB,Fifth Third Bancorp,Net Positivity,CQ32023,0.31,0.56,0.4857000000000001,0.07429999999999998
FITB,Fifth Third Bancorp,Net Positivity,CQ42023,0.56,0.77,0.5599999999999998,0.2100000000000002
FITB,Fifth Third Bancorp,Net Positivity,CQ12024,0.77,0.82,0.7685,0.05149999999999999
FITB,Fifth Third Bancorp,Net Positivity,CQ22024,0.82,0.78,0.6291999999999998,0.15080000000000027
FITB,Fifth Third Bancorp,Net Positivity,CQ32024,0.78,0.85,0.9476000000000002,-0.09760000000000024
FITB,Fifth Third Bancorp,Numeric Transeprency,CQ12022,2.87,2.16,2.890699999999999,-0.7306999999999988
FITB,Fifth Third Bancorp,Numeric Transeprency,CQ22022,2.16,2.88,2.5559999999999996,0.3240000000000003
FITB,Fifth Third Bancorp,Numeric Transeprency,CQ32022,2.88,2.59,2.7481999999999998,-0.1581999999999999
FITB,Fifth Third Bancorp,Numeric Transeprency,CQ42022,2.59,3.17,2.6928000000000014,0.4771999999999985
FITB,Fifth Third Bancorp,Numeric Transeprency,CQ12023,3.17,2.85,2.4356,0.4144000000000001
FITB,Fifth Third Bancorp,Numeric Transeprency,CQ22023,2.85,2.72,2.6474000000000006,0.07259999999999955
FITB,Fifth Third Bancorp,Numeric Transeprency,CQ32023,2.72,2.52,2.8932000000000007,-0.37320000000000064
FITB,Fifth Third Bancorp,Numeric Transeprency,CQ42023,2.52,3.46,2.9858000000000002,0.47419999999999973
FITB,Fifth Third Bancorp,Numeric Transeprency,CQ12024,3.46,2.69,2.687100000000001,0.0028999999999990145
FITB,Fifth Third Bancorp,Numeric Transeprency,CQ22024,2.69,2.48,2.5297,-0.04970000000000008
FITB,Fifth Third Bancorp,Numeric Transeprency,CQ32024,2.48,2.59,3.0699000000000005,-0.47990000000000066
GD,General Dynamics,Analyst Selectivity Ratio,CQ12022,66.67,62.5,59.007999999999996,3.4920000000000044
GD,General Dynamics,Analyst Selectivity Ratio,CQ22022,62.5,46.15,56.51330000000001,-10.36330000000001
GD,General Dynamics,Analyst Selectivity Ratio,CQ32022,46.15,42.86,56.24490000000001,-13.384900000000009
GD,General Dynamics,Analyst Selectivity Ratio,CQ42022,42.86,56.25,55.15789999999999,1.0921000000000092
GD,General Dynamics,Analyst Selectivity Ratio,CQ12023,56.25,58.82,48.1042,10.715800000000002
GD,General Dynamics,Analyst Selectivity Ratio,CQ22023,58.82,50.0,51.199300000000015,-1.1993000000000151
GD,General Dynamics,Analyst Selectivity Ratio,CQ32023,50.0,38.89,54.3228,-15.4328
GD,General Dynamics,Analyst Selectivity Ratio,CQ42023,38.89,52.94,51.85419999999999,1.085800000000006
GD,General Dynamics,Analyst Selectivity Ratio,CQ12024,52.94,57.89,50.6282,7.261800000000001
GD,General Dynamics,Analyst Selectivity Ratio,CQ22024,57.89,47.37,49.77719999999999,-2.407199999999996
GD,General Dynamics,Analyst Selectivity Ratio,CQ32024,47.37,33.33,52.147300000000016,-18.817300000000017
GD,General Dynamics,Language Complexity,CQ12022,10.6,11.01,10.841400000000004,0.1685999999999961
GD,General Dynamics,Language Complexity,CQ22022,11.01,11.29,11.043099999999999,0.24690000000000012
GD,General Dynamics,Language Complexity,CQ32022,11.29,10.46,11.244200000000001,-0.7842000000000002
GD,General Dynamics,Language Complexity,CQ42022,10.46,11.45,10.592699999999994,0.8573000000000057
GD,General Dynamics,Language Complexity,CQ12023,11.45,11.14,11.384899999999993,-0.24489999999999235
GD,General Dynamics,Language Complexity,CQ22023,11.14,10.68,11.269700000000006,-0.5897000000000059
GD,General Dynamics,Language Complexity,CQ32023,10.68,11.34,11.062899999999997,0.27710000000000257
GD,General Dynamics,Language Complexity,CQ42023,11.34,11.31,11.412300000000002,-0.10230000000000139
GD,General Dynamics,Language Complexity,CQ12024,11.31,10.59,11.5047,-0.9146999999999998
GD,General Dynamics,Language Complexity,CQ22024,10.59,10.32,10.8728,-0.5527999999999995
GD,General Dynamics,Language Complexity,CQ32024,10.32,10.85,10.846200000000009,0.003799999999991144
GD,General Dynamics,Net Positivity,CQ12022,0.89,0.76,0.9042999999999998,-0.14429999999999976
GD,General Dynamics,Net Positivity,CQ22022,0.76,0.21,0.825,-0.615
GD,General Dynamics,Net Positivity,CQ32022,0.21,0.54,0.6511,-0.11109999999999998
GD,General Dynamics,Net Positivity,CQ42022,0.54,0.99,0.6576000000000002,0.3323999999999998
GD,General Dynamics,Net Positivity,CQ12023,0.99,0.76,0.9295,-0.16949999999999998
GD,General Dynamics,Net Positivity,CQ22023,0.76,1.18,0.7931000000000001,0.3868999999999998
GD,General Dynamics,Net Positivity,CQ32023,1.18,1.07,0.9951999999999996,0.07480000000000042
GD,General Dynamics,Net Positivity,CQ42023,1.07,1.24,0.9316000000000001,0.3083999999999999
GD,General Dynamics,Net Positivity,CQ12024,1.24,0.49,1.168,-0.6779999999999999
GD,General Dynamics,Net Positivity,CQ22024,0.49,0.67,0.9456000000000002,-0.2756000000000002
GD,General Dynamics,Net Positivity,CQ32024,0.67,0.86,0.8877000000000004,-0.02770000000000039
GD,General Dynamics,Numeric Transeprency,CQ12022,4.87,3.07,3.4545000000000017,-0.38450000000000184
GD,General Dynamics,Numeric Transeprency,CQ22022,3.07,2.43,3.413199999999999,-0.9831999999999987
GD,General Dynamics,Numeric Transeprency,CQ32022,2.43,2.88,3.0575,-0.1775000000000002
GD,General Dynamics,Numeric Transeprency,CQ42022,2.88,3.85,3.5281000000000002,0.32189999999999985
GD,General Dynamics,Numeric Transeprency,CQ12023,3.85,2.23,2.7970999999999986,-0.5670999999999986
GD,General Dynamics,Numeric Transeprency,CQ22023,2.23,2.95,2.3885999999999985,0.5614000000000017
GD,General Dynamics,Numeric Transeprency,CQ32023,2.95,3.15,3.5406999999999984,-0.3906999999999985
GD,General Dynamics,Numeric Transeprency,CQ42023,3.15,3.84,3.3986,0.4413999999999998
GD,General Dynamics,Numeric Transeprency,CQ12024,3.84,2.49,3.042999999999999,-0.5529999999999986
GD,General Dynamics,Numeric Transeprency,CQ22024,2.49,3.79,2.6170999999999993,1.1729000000000007
GD,General Dynamics,Numeric Transeprency,CQ32024,3.79,2.76,3.568499999999999,-0.8084999999999991
GE,GE Aerospace,Analyst Selectivity Ratio,CQ12022,42.11,40.0,44.22940000000001,-4.2294000000000125
GE,GE Aerospace,Analyst Selectivity Ratio,CQ22022,40.0,38.89,43.0761,-4.186099999999996
GE,GE Aerospace,Analyst Selectivity Ratio,CQ32022,38.89,41.18,41.4432,-0.26319999999999766
GE,GE Aerospace,Analyst Selectivity Ratio,CQ42022,41.18,50.0,45.4023,4.597700000000003
GE,GE Aerospace,Analyst Selectivity Ratio,CQ12023,50.0,52.94,38.584900000000005,14.355099999999993
GE,GE Aerospace,Analyst Selectivity Ratio,CQ22023,52.94,44.44,44.5012,-0.06119999999999948
GE,GE Aerospace,Analyst Selectivity Ratio,CQ32023,44.44,46.67,45.03219999999997,1.6378000000000341
GE,GE Aerospace,Analyst Selectivity Ratio,CQ42023,46.67,40.0,47.62040000000002,-7.620400000000018
GE,GE Aerospace,Analyst Selectivity Ratio,CQ12024,40.0,62.5,45.4662,17.0338
GE,GE Aerospace,Analyst Selectivity Ratio,CQ22024,62.5,61.54,46.1245,15.415500000000002
GE,GE Aerospace,Analyst Selectivity Ratio,CQ32024,61.54,60.0,54.559,5.4410000000000025
GE,GE Aerospace,Language Complexity,CQ12022,12.94,12.44,12.329699999999997,0.11030000000000229
GE,GE Aerospace,Language Complexity,CQ22022,12.44,12.74,12.683999999999994,0.05600000000000627
GE,GE Aerospace,Language Complexity,CQ32022,12.74,11.99,12.415400000000002,-0.42540000000000155
GE,GE Aerospace,Language Complexity,CQ42022,11.99,11.55,12.5063,-0.9562999999999988
GE,GE Aerospace,Language Complexity,CQ12023,11.55,11.48,11.7064,-0.22639999999999993
GE,GE Aerospace,Language Complexity,CQ22023,11.48,11.45,12.108599999999997,-0.6585999999999981
GE,GE Aerospace,Language Complexity,CQ32023,11.45,11.32,11.659300000000005,-0.33930000000000504
GE,GE Aerospace,Language Complexity,CQ42023,11.32,11.86,11.3421,0.5178999999999991
GE,GE Aerospace,Language Complexity,CQ12024,11.86,11.84,11.6438,0.19619999999999926
GE,GE Aerospace,Language Complexity,CQ22024,11.84,11.92,11.8055,0.1144999999999996
GE,GE Aerospace,Language Complexity,CQ32024,11.92,11.57,11.764900000000003,-0.1949000000000023
GE,GE Aerospace,Net Positivity,CQ12022,1.65,1.23,1.8188000000000009,-0.5888000000000009
GE,GE Aerospace,Net Positivity,CQ22022,1.23,1.39,1.340299999999999,0.049700000000000966
GE,GE Aerospace,Net Positivity,CQ32022,1.39,1.32,1.3402,-0.020199999999999996
GE,GE Aerospace,Net Positivity,CQ42022,1.32,1.72,1.4093999999999993,0.31060000000000065
GE,GE Aerospace,Net Positivity,CQ12023,1.72,2.31,1.5394999999999994,0.7705000000000006
GE,GE Aerospace,Net Positivity,CQ22023,2.31,2.28,1.7517999999999998,0.5282
GE,GE Aerospace,Net Positivity,CQ32023,2.28,1.88,2.1074,-0.22740000000000027
GE,GE Aerospace,Net Positivity,CQ42023,1.88,1.73,2.1105,-0.38050000000000006
GE,GE Aerospace,Net Positivity,CQ12024,1.73,1.72,2.0973000000000006,-0.37730000000000063
GE,GE Aerospace,Net Positivity,CQ22024,1.72,1.41,1.9931000000000012,-0.5831000000000013
GE,GE Aerospace,Net Positivity,CQ32024,1.41,1.29,1.6242999999999994,-0.3342999999999994
GE,GE Aerospace,Numeric Transeprency,CQ12022,3.0,1.58,2.3955999999999995,-0.8155999999999994
GE,GE Aerospace,Numeric Transeprency,CQ22022,1.58,2.09,1.9564000000000004,0.1335999999999995
GE,GE Aerospace,Numeric Transeprency,CQ32022,2.09,2.34,2.2340000000000004,0.10599999999999943
GE,GE Aerospace,Numeric Transeprency,CQ42022,2.34,3.12,2.4175,0.7025000000000001
GE,GE Aerospace,Numeric Transeprency,CQ12023,3.12,1.8,2.4721,-0.6721000000000001
GE,GE Aerospace,Numeric Transeprency,CQ22023,1.8,1.91,2.1094,-0.19940000000000002
GE,GE Aerospace,Numeric Transeprency,CQ32023,1.91,2.63,2.2899000000000003,0.3400999999999996
GE,GE Aerospace,Numeric Transeprency,CQ42023,2.63,4.14,2.602100000000001,1.5378999999999987
GE,GE Aerospace,Numeric Transeprency,CQ12024,4.14,2.41,2.577,-0.16699999999999982
GE,GE Aerospace,Numeric Transeprency,CQ22024,2.41,2.44,2.5107999999999993,-0.07079999999999931
GE,GE Aerospace,Numeric Transeprency,CQ32024,2.44,2.97,3.1837999999999997,-0.21379999999999955
GILD,Gilead Sciences,Analyst Selectivity Ratio,CQ12022,30.77,30.77,30.469199999999997,0.3008000000000024
GILD,Gilead Sciences,Analyst Selectivity Ratio,CQ22022,30.77,33.33,26.7722,6.557799999999997
GILD,Gilead Sciences,Analyst Selectivity Ratio,CQ32022,33.33,25.0,28.584799999999994,-3.584799999999994
GILD,Gilead Sciences,Analyst Selectivity Ratio,CQ42022,25.0,32.0,29.6625,2.3374999999999986
GILD,Gilead Sciences,Analyst Selectivity Ratio,CQ12023,32.0,27.27,29.5025,-2.2325000000000017
GILD,Gilead Sciences,Analyst Selectivity Ratio,CQ22023,27.27,38.46,30.696800000000003,7.763199999999998
GILD,Gilead Sciences,Analyst Selectivity Ratio,CQ32023,38.46,26.92,32.50129999999999,-5.581299999999992
GILD,Gilead Sciences,Analyst Selectivity Ratio,CQ42023,26.92,23.08,33.6121,-10.5321
GILD,Gilead Sciences,Analyst Selectivity Ratio,CQ12024,23.08,30.77,28.54780000000001,2.22219999999999
GILD,Gilead Sciences,Analyst Selectivity Ratio,CQ22024,30.77,32.0,28.64710000000001,3.352899999999991
GILD,Gilead Sciences,Analyst Selectivity Ratio,CQ32024,32.0,31.82,29.872099999999982,1.9479000000000184
GILD,Gilead Sciences,Language Complexity,CQ12022,12.72,12.04,12.542099999999998,-0.5020999999999987
GILD,Gilead Sciences,Language Complexity,CQ22022,12.04,12.35,12.621299999999998,-0.2712999999999983
GILD,Gilead Sciences,Language Complexity,CQ32022,12.35,13.14,12.414100000000001,0.7258999999999993
GILD,Gilead Sciences,Language Complexity,CQ42022,13.14,12.62,12.675300000000002,-0.05530000000000257
GILD,Gilead Sciences,Language Complexity,CQ12023,12.62,12.68,12.633400000000002,0.046599999999997976
GILD,Gilead Sciences,Language Complexity,CQ22023,12.68,13.11,12.7465,0.36350000000000016
GILD,Gilead Sciences,Language Complexity,CQ32023,13.11,13.3,13.0122,0.2878000000000007
GILD,Gilead Sciences,Language Complexity,CQ42023,13.3,13.65,13.021500000000009,0.6284999999999918
GILD,Gilead Sciences,Language Complexity,CQ12024,13.65,12.68,13.097300000000004,-0.41730000000000445
GILD,Gilead Sciences,Language Complexity,CQ22024,12.68,13.03,13.101499999999998,-0.07149999999999856
GILD,Gilead Sciences,Language Complexity,CQ32024,13.03,12.8,13.088299999999995,-0.2882999999999942
GILD,Gilead Sciences,Net Positivity,CQ12022,0.84,0.92,0.5886,0.33140000000000003
GILD,Gilead Sciences,Net Positivity,CQ22022,0.92,1.07,1.0672999999999995,0.002700000000000591
GILD,Gilead Sciences,Net Positivity,CQ32022,1.07,1.25,1.0352000000000003,0.21479999999999966
GILD,Gilead Sciences,Net Positivity,CQ42022,1.25,1.53,1.1543000000000008,0.37569999999999926
GILD,Gilead Sciences,Net Positivity,CQ12023,1.53,1.23,1.3416999999999997,-0.11169999999999969
GILD,Gilead Sciences,Net Positivity,CQ22023,1.23,1.62,1.2882999999999996,0.33170000000000055
GILD,Gilead Sciences,Net Positivity,CQ32023,1.62,1.23,1.3651999999999995,-0.13519999999999954
GILD,Gilead Sciences,Net Positivity,CQ42023,1.23,0.94,1.3226,-0.38260000000000005
GILD,Gilead Sciences,Net Positivity,CQ12024,0.94,1.04,1.1155000000000006,-0.07550000000000057
GILD,Gilead Sciences,Net Positivity,CQ22024,1.04,1.06,1.2140999999999995,-0.15409999999999946
GILD,Gilead Sciences,Net Positivity,CQ32024,1.06,0.76,1.1963,-0.4362999999999999
GILD,Gilead Sciences,Numeric Transeprency,CQ12022,2.88,1.98,2.1339000000000006,-0.1539000000000006
GILD,Gilead Sciences,Numeric Transeprency,CQ22022,1.98,2.48,1.9819999999999995,0.49800000000000044
GILD,Gilead Sciences,Numeric Transeprency,CQ32022,2.48,2.53,2.4977999999999994,0.03220000000000045
GILD,Gilead Sciences,Numeric Transeprency,CQ42022,2.53,3.55,2.9297000000000013,0.6202999999999985
GILD,Gilead Sciences,Numeric Transeprency,CQ12023,3.55,2.01,2.3365000000000005,-0.3265000000000007
GILD,Gilead Sciences,Numeric Transeprency,CQ22023,2.01,2.67,2.369300000000001,0.3006999999999991
GILD,Gilead Sciences,Numeric Transeprency,CQ32023,2.67,3.09,2.5491,0.5408999999999997
GILD,Gilead Sciences,Numeric Transeprency,CQ42023,3.09,3.93,3.0885000000000007,0.8414999999999995
GILD,Gilead Sciences,Numeric Transeprency,CQ12024,3.93,2.29,2.705100000000001,-0.41510000000000113
GILD,Gilead Sciences,Numeric Transeprency,CQ22024,2.29,2.8,2.6749,0.12509999999999977
GILD,Gilead Sciences,Numeric Transeprency,CQ32024,2.8,3.21,3.2456,-0.035600000000000076
GIS,General Mills,Analyst Selectivity Ratio,CQ12022,55.0,47.06,53.34589999999999,-6.285899999999991
GIS,General Mills,Analyst Selectivity Ratio,CQ22022,47.06,50.0,48.9992,1.0007999999999981
GIS,General Mills,Analyst Selectivity Ratio,CQ32022,50.0,38.89,46.63429999999998,-7.744299999999981
GIS,General Mills,Analyst Selectivity Ratio,CQ42022,38.89,35.29,45.1064,-9.816400000000002
GIS,General Mills,Analyst Selectivity Ratio,CQ12023,35.29,50.0,43.92570000000001,6.074299999999987
GIS,General Mills,Analyst Selectivity Ratio,CQ22023,50.0,29.41,41.8032,-12.393199999999997
GIS,General Mills,Analyst Selectivity Ratio,CQ32023,29.41,42.11,39.5581,2.5518999999999963
GIS,General Mills,Analyst Selectivity Ratio,CQ42023,42.11,41.18,38.9117,2.2682999999999964
GIS,General Mills,Analyst Selectivity Ratio,CQ12024,41.18,50.0,42.148099999999985,7.851900000000015
GIS,General Mills,Analyst Selectivity Ratio,CQ22024,50.0,46.67,44.96649999999999,1.7035000000000124
GIS,General Mills,Analyst Selectivity Ratio,CQ32024,46.67,35.0,42.94749999999999,-7.947499999999991
GIS,General Mills,Language Complexity,CQ12022,10.28,10.45,10.648699999999996,-0.198699999999997
GIS,General Mills,Language Complexity,CQ22022,10.45,10.72,10.5395,0.18050000000000033
GIS,General Mills,Language Complexity,CQ32022,10.72,10.9,10.587000000000003,0.31299999999999706
GIS,General Mills,Language Complexity,CQ42022,10.9,10.62,10.8764,-0.25640000000000107
GIS,General Mills,Language Complexity,CQ12023,10.62,11.08,10.733099999999997,0.3469000000000033
GIS,General Mills,Language Complexity,CQ22023,11.08,10.02,11.149999999999999,-1.129999999999999
GIS,General Mills,Language Complexity,CQ32023,10.02,11.32,10.826399999999996,0.49360000000000426
GIS,General Mills,Language Complexity,CQ42023,11.32,10.44,11.029900000000005,-0.5899000000000054
GIS,General Mills,Language Complexity,CQ12024,10.44,10.61,10.808900000000001,-0.19890000000000185
GIS,General Mills,Language Complexity,CQ22024,10.61,10.44,10.842600000000004,-0.40260000000000495
GIS,General Mills,Language Complexity,CQ32024,10.44,10.71,10.758599999999994,-0.048599999999993315
GIS,General Mills,Net Positivity,CQ12022,0.92,0.0,0.7176999999999997,-0.7176999999999997
GIS,General Mills,Net Positivity,CQ22022,0.0,0.3,0.6213999999999997,-0.32139999999999974
GIS,General Mills,Net Positivity,CQ32022,0.3,1.19,0.5222000000000001,0.6677999999999998
GIS,General Mills,Net Positivity,CQ42022,1.19,0.84,0.8142,0.025799999999999934
GIS,General Mills,Net Positivity,CQ12023,0.84,0.75,1.0774000000000001,-0.32740000000000014
GIS,General Mills,Net Positivity,CQ22023,0.75,0.74,0.7128000000000001,0.02719999999999989
GIS,General Mills,Net Positivity,CQ32023,0.74,1.04,0.7256000000000001,0.3143999999999999
GIS,General Mills,Net Positivity,CQ42023,1.04,1.23,1.1852,0.04479999999999995
GIS,General Mills,Net Positivity,CQ12024,1.23,1.22,1.1354999999999997,0.08450000000000024
GIS,General Mills,Net Positivity,CQ22024,1.22,1.73,1.1000000000000005,0.6299999999999994
GIS,General Mills,Net Positivity,CQ32024,1.73,1.0,1.3366999999999996,-0.33669999999999956
GIS,General Mills,Numeric Transeprency,CQ12022,0.79,1.38,0.8454999999999999,0.5345
GIS,General Mills,Numeric Transeprency,CQ22022,1.38,0.72,1.1404999999999996,-0.42049999999999965
GIS,General Mills,Numeric Transeprency,CQ32022,0.72,0.5,0.8557999999999995,-0.35579999999999945
GIS,General Mills,Numeric Transeprency,CQ42022,0.5,0.71,0.7583,-0.04830000000000001
GIS,General Mills,Numeric Transeprency,CQ12023,0.71,0.9,0.818,0.08200000000000007
GIS,General Mills,Numeric Transeprency,CQ22023,0.9,0.9,0.6626000000000002,0.23739999999999983
GIS,General Mills,Numeric Transeprency,CQ32023,0.9,0.96,0.8243,0.13569999999999993
GIS,General Mills,Numeric Transeprency,CQ42023,0.96,0.58,1.0408999999999997,-0.46089999999999975
GIS,General Mills,Numeric Transeprency,CQ12024,0.58,0.84,0.926800000000001,-0.08680000000000099
GIS,General Mills,Numeric Transeprency,CQ22024,0.84,0.58,0.7259000000000003,-0.14590000000000036
GIS,General Mills,Numeric Transeprency,CQ32024,0.58,0.98,0.9419000000000003,0.03809999999999969
GM,General Motors,Analyst Selectivity Ratio,CQ12022,36.36,41.67,42.681799999999996,-1.0117999999999938
GM,General Motors,Analyst Selectivity Ratio,CQ22022,41.67,57.14,42.414300000000004,14.725699999999996
GM,General Motors,Analyst Selectivity Ratio,CQ32022,57.14,52.63,45.20490000000001,7.425099999999993
GM,General Motors,Analyst Selectivity Ratio,CQ42022,52.63,52.63,45.7633,6.866700000000002
GM,General Motors,Analyst Selectivity Ratio,CQ12023,52.63,50.0,48.79419999999999,1.2058000000000106
GM,General Motors,Analyst Selectivity Ratio,CQ22023,50.0,47.37,53.122699999999995,-5.752699999999997
GM,General Motors,Analyst Selectivity Ratio,CQ32023,47.37,38.1,48.49929999999999,-10.39929999999999
GM,General Motors,Analyst Selectivity Ratio,CQ42023,38.1,40.0,44.08759999999998,-4.087599999999981
GM,General Motors,Analyst Selectivity Ratio,CQ12024,40.0,33.33,42.84109999999999,-9.511099999999992
GM,General Motors,Analyst Selectivity Ratio,CQ22024,33.33,36.0,38.0101,-2.0101000000000013
GM,General Motors,Analyst Selectivity Ratio,CQ32024,36.0,40.91,35.546800000000005,5.363199999999992
GM,General Motors,Language Complexity,CQ12022,12.83,12.77,13.2248,-0.45480000000000054
GM,General Motors,Language Complexity,CQ22022,12.77,12.17,13.181000000000006,-1.0110000000000063
GM,General Motors,Language Complexity,CQ32022,12.17,11.9,12.407699999999991,-0.5076999999999909
GM,General Motors,Language Complexity,CQ42022,11.9,13.23,12.442899999999995,0.7871000000000059
GM,General Motors,Language Complexity,CQ12023,13.23,12.22,12.500199999999998,-0.2801999999999971
GM,General Motors,Language Complexity,CQ22023,12.22,12.21,12.3966,-0.18659999999999854
GM,General Motors,Language Complexity,CQ32023,12.21,12.72,12.1995,0.5205000000000002
GM,General Motors,Language Complexity,CQ42023,12.72,12.53,12.646600000000001,-0.11660000000000181
GM,General Motors,Language Complexity,CQ12024,12.53,11.73,12.404699999999997,-0.6746999999999961
GM,General Motors,Language Complexity,CQ22024,11.73,11.94,12.334900000000005,-0.39490000000000514
GM,General Motors,Language Complexity,CQ32024,11.94,12.37,12.080900000000003,0.2890999999999959
GM,General Motors,Net Positivity,CQ12022,1.37,1.35,1.0456000000000003,0.3043999999999998
GM,General Motors,Net Positivity,CQ22022,1.35,0.8,0.9610999999999994,-0.16109999999999935
GM,General Motors,Net Positivity,CQ32022,0.8,1.23,0.9613,0.26869999999999994
GM,General Motors,Net Positivity,CQ42022,1.23,1.65,1.1557999999999997,0.4942000000000002
GM,General Motors,Net Positivity,CQ12023,1.65,1.65,1.3299,0.32009999999999983
GM,General Motors,Net Positivity,CQ22023,1.65,1.49,1.4107000000000003,0.0792999999999997
GM,General Motors,Net Positivity,CQ32023,1.49,1.77,1.3639999999999999,0.40600000000000014
GM,General Motors,Net Positivity,CQ42023,1.77,1.55,1.878200000000001,-0.32820000000000094
GM,General Motors,Net Positivity,CQ12024,1.55,2.03,1.5348000000000002,0.49519999999999964
GM,General Motors,Net Positivity,CQ22024,2.03,1.73,1.7935999999999996,-0.06359999999999966
GM,General Motors,Net Positivity,CQ32024,1.73,1.29,1.697399999999999,-0.4073999999999989
GM,General Motors,Numeric Transeprency,CQ12022,2.15,1.92,1.5035999999999994,0.41640000000000055
GM,General Motors,Numeric Transeprency,CQ22022,1.92,2.02,1.6580000000000004,0.36199999999999966
GM,General Motors,Numeric Transeprency,CQ32022,2.02,2.13,2.0357,0.09430000000000005
GM,General Motors,Numeric Transeprency,CQ42022,2.13,2.82,2.3660000000000005,0.4539999999999993
GM,General Motors,Numeric Transeprency,CQ12023,2.82,2.07,2.1402000000000005,-0.0702000000000007
GM,General Motors,Numeric Transeprency,CQ22023,2.07,1.95,1.9253999999999991,0.024600000000000843
GM,General Motors,Numeric Transeprency,CQ32023,1.95,1.53,2.2365999999999997,-0.7065999999999997
GM,General Motors,Numeric Transeprency,CQ42023,1.53,2.91,2.0395000000000003,0.8704999999999998
GM,General Motors,Numeric Transeprency,CQ12024,2.91,1.88,2.1658999999999993,-0.2858999999999994
GM,General Motors,Numeric Transeprency,CQ22024,1.88,1.98,1.9347999999999994,0.04520000000000057
GM,General Motors,Numeric Transeprency,CQ32024,1.98,1.79,2.3745999999999996,-0.5845999999999996
GOOGL,Alphabet Inc. (Class A),Analyst Selectivity Ratio,CQ12022,20.0,19.05,21.135499999999997,-2.085499999999996
GOOGL,Alphabet Inc. (Class A),Analyst Selectivity Ratio,CQ22022,19.05,14.29,21.6775,-7.387499999999999
GOOGL,Alphabet Inc. (Class A),Analyst Selectivity Ratio,CQ32022,14.29,13.95,20.489999999999995,-6.539999999999996
GOOGL,Alphabet Inc. (Class A),Analyst Selectivity Ratio,CQ42022,13.95,11.63,20.435899999999997,-8.805899999999996
GOOGL,Alphabet Inc. (Class A),Analyst Selectivity Ratio,CQ12023,11.63,12.24,13.435599999999997,-1.195599999999997
GOOGL,Alphabet Inc. (Class A),Analyst Selectivity Ratio,CQ22023,12.24,12.77,14.349399999999997,-1.579399999999998
GOOGL,Alphabet Inc. (Class A),Analyst Selectivity Ratio,CQ32023,12.77,13.64,12.598799999999997,1.0412000000000035
GOOGL,Alphabet Inc. (Class A),Analyst Selectivity Ratio,CQ42023,13.64,10.2,12.640700000000002,-2.440700000000003
GOOGL,Alphabet Inc. (Class A),Analyst Selectivity Ratio,CQ12024,10.2,12.5,12.141800000000003,0.3581999999999965
GOOGL,Alphabet Inc. (Class A),Analyst Selectivity Ratio,CQ22024,12.5,7.41,12.187899999999997,-4.777899999999997
GOOGL,Alphabet Inc. (Class A),Analyst Selectivity Ratio,CQ32024,7.41,9.8,10.85555,-1.0555499999999984
GOOGL,Alphabet Inc. (Class A),Language Complexity,CQ12022,12.54,12.48,12.380999999999998,0.09900000000000198
GOOGL,Alphabet Inc. (Class A),Language Complexity,CQ22022,12.48,12.39,12.659000000000002,-0.2690000000000019
GOOGL,Alphabet Inc. (Class A),Language Complexity,CQ32022,12.39,12.69,12.458800000000005,0.23119999999999408
GOOGL,Alphabet Inc. (Class A),Language Complexity,CQ42022,12.69,13.33,12.354800000000004,0.9751999999999956
GOOGL,Alphabet Inc. (Class A),Language Complexity,CQ12023,13.33,13.01,13.425399999999994,-0.41539999999999466
GOOGL,Alphabet Inc. (Class A),Language Complexity,CQ22023,13.01,12.53,13.368400000000003,-0.8384000000000036
GOOGL,Alphabet Inc. (Class A),Language Complexity,CQ32023,12.53,13.04,12.790900000000004,0.249099999999995
GOOGL,Alphabet Inc. (Class A),Language Complexity,CQ42023,13.04,12.89,13.777999999999999,-0.8879999999999981
GOOGL,Alphabet Inc. (Class A),Language Complexity,CQ12024,12.89,13.07,13.040899999999999,0.029100000000001458
GOOGL,Alphabet Inc. (Class A),Language Complexity,CQ22024,13.07,12.76,13.342000000000002,-0.5820000000000025
GOOGL,Alphabet Inc. (Class A),Language Complexity,CQ32024,12.76,12.72,13.152400000000002,-0.43240000000000123
GOOGL,Alphabet Inc. (Class A),Net Positivity,CQ12022,1.85,1.63,1.7535000000000003,-0.12350000000000039
GOOGL,Alphabet Inc. (Class A),Net Positivity,CQ22022,1.63,1.56,1.4964999999999988,0.06350000000000122
GOOGL,Alphabet Inc. (Class A),Net Positivity,CQ32022,1.56,1.35,1.4208000000000012,-0.07080000000000108
GOOGL,Alphabet Inc. (Class A),Net Positivity,CQ42022,1.35,2.11,1.4724999999999993,0.6375000000000006
GOOGL,Alphabet Inc. (Class A),Net Positivity,CQ12023,2.11,2.25,1.6683000000000014,0.5816999999999986
GOOGL,Alphabet Inc. (Class A),Net Positivity,CQ22023,2.25,2.5,1.7634999999999996,0.7365000000000004
GOOGL,Alphabet Inc. (Class A),Net Positivity,CQ32023,2.5,2.34,2.2176999999999993,0.12230000000000052
GOOGL,Alphabet Inc. (Class A),Net Positivity,CQ42023,2.34,2.5,2.4122,0.0878000000000001
GOOGL,Alphabet Inc. (Class A),Net Positivity,CQ12024,2.5,2.52,2.4426000000000005,0.07739999999999947
GOOGL,Alphabet Inc. (Class A),Net Positivity,CQ22024,2.52,2.44,2.479400000000001,-0.03940000000000099
GOOGL,Alphabet Inc. (Class A),Net Positivity,CQ32024,2.44,2.22,2.142900000000001,0.07709999999999928
GOOGL,Alphabet Inc. (Class A),Numeric Transeprency,CQ12022,1.99,1.91,1.6286999999999994,0.28130000000000055
GOOGL,Alphabet Inc. (Class A),Numeric Transeprency,CQ22022,1.91,1.31,1.5627999999999995,-0.25279999999999947
GOOGL,Alphabet Inc. (Class A),Numeric Transeprency,CQ32022,1.31,1.5,1.3525,0.14749999999999996
GOOGL,Alphabet Inc. (Class A),Numeric Transeprency,CQ42022,1.5,1.97,1.5669000000000006,0.40309999999999935
GOOGL,Alphabet Inc. (Class A),Numeric Transeprency,CQ12023,1.97,1.49,1.752900000000001,-0.262900000000001
GOOGL,Alphabet Inc. (Class A),Numeric Transeprency,CQ22023,1.49,1.53,1.5958999999999992,-0.06589999999999918
GOOGL,Alphabet Inc. (Class A),Numeric Transeprency,CQ32023,1.53,1.51,1.5624999999999993,-0.052499999999999325
GOOGL,Alphabet Inc. (Class A),Numeric Transeprency,CQ42023,1.51,1.91,1.6095999999999997,0.3004000000000002
GOOGL,Alphabet Inc. (Class A),Numeric Transeprency,CQ12024,1.91,1.8,1.7264000000000004,0.07359999999999967
GOOGL,Alphabet Inc. (Class A),Numeric Transeprency,CQ22024,1.8,1.6,1.599100000000001,0.0008999999999990127
GOOGL,Alphabet Inc. (Class A),Numeric Transeprency,CQ32024,1.6,2.01,1.4682999999999993,0.5417000000000005
GPC,Genuine Parts Company,Analyst Selectivity Ratio,CQ12022,46.15,57.14,44.96989999999998,12.17010000000002
GPC,Genuine Parts Company,Analyst Selectivity Ratio,CQ22022,57.14,38.46,52.7509,-14.2909
GPC,Genuine Parts Company,Analyst Selectivity Ratio,CQ32022,38.46,38.46,43.267299999999985,-4.807299999999984
GPC,Genuine Parts Company,Analyst Selectivity Ratio,CQ42022,38.46,46.15,45.8399,0.3100999999999985
GPC,Genuine Parts Company,Analyst Selectivity Ratio,CQ12023,46.15,46.15,47.38439999999998,-1.2343999999999795
GPC,Genuine Parts Company,Analyst Selectivity Ratio,CQ22023,46.15,46.15,45.34780000000001,0.802199999999992
GPC,Genuine Parts Company,Analyst Selectivity Ratio,CQ32023,46.15,41.67,48.21769999999999,-6.547699999999985
GPC,Genuine Parts Company,Analyst Selectivity Ratio,CQ42023,41.67,42.86,49.04599999999999,-6.185999999999993
GPC,Genuine Parts Company,Analyst Selectivity Ratio,CQ12024,42.86,33.33,51.955,-18.625
GPC,Genuine Parts Company,Analyst Selectivity Ratio,CQ22024,33.33,33.33,44.38009999999999,-11.050099999999993
GPC,Genuine Parts Company,Analyst Selectivity Ratio,CQ32024,33.33,54.55,35.61,18.939999999999998
GPC,Genuine Parts Company,Language Complexity,CQ12022,12.67,12.23,12.833100000000002,-0.6031000000000013
GPC,Genuine Parts Company,Language Complexity,CQ22022,12.23,12.86,12.506900000000003,0.353099999999996
GPC,Genuine Parts Company,Language Complexity,CQ32022,12.86,13.44,12.854100000000003,0.585899999999997
GPC,Genuine Parts Company,Language Complexity,CQ42022,13.44,12.89,12.84609999999999,0.043900000000011374
GPC,Genuine Parts Company,Language Complexity,CQ12023,12.89,12.61,12.8222,-0.21220000000000105
GPC,Genuine Parts Company,Language Complexity,CQ22023,12.61,12.13,12.864599999999998,-0.7345999999999968
GPC,Genuine Parts Company,Language Complexity,CQ32023,12.13,12.86,12.733300000000003,0.12669999999999604
GPC,Genuine Parts Company,Language Complexity,CQ42023,12.86,13.65,12.447700000000005,1.2022999999999957
GPC,Genuine Parts Company,Language Complexity,CQ12024,13.65,13.0,13.289999999999997,-0.28999999999999737
GPC,Genuine Parts Company,Language Complexity,CQ22024,13.0,13.42,12.830700000000002,0.5892999999999979
GPC,Genuine Parts Company,Language Complexity,CQ32024,13.42,14.39,13.039500000000006,1.350499999999995
GPC,Genuine Parts Company,Net Positivity,CQ12022,2.73,2.87,2.349299999999999,0.520700000000001
GPC,Genuine Parts Company,Net Positivity,CQ22022,2.87,1.95,2.5989999999999993,-0.6489999999999994
GPC,Genuine Parts Company,Net Positivity,CQ32022,1.95,2.05,2.3922999999999983,-0.3422999999999985
GPC,Genuine Parts Company,Net Positivity,CQ42022,2.05,2.05,2.527800000000002,-0.477800000000002
GPC,Genuine Parts Company,Net Positivity,CQ12023,2.05,1.52,2.2022999999999997,-0.6822999999999997
GPC,Genuine Parts Company,Net Positivity,CQ22023,1.52,1.95,1.9139,0.03610000000000002
GPC,Genuine Parts Company,Net Positivity,CQ32023,1.95,1.5,1.9871000000000014,-0.4871000000000014
GPC,Genuine Parts Company,Net Positivity,CQ42023,1.5,1.95,1.7646999999999997,0.18530000000000024
GPC,Genuine Parts Company,Net Positivity,CQ12024,1.95,1.77,1.7488999999999992,0.021100000000000785
GPC,Genuine Parts Company,Net Positivity,CQ22024,1.77,1.14,1.6642,-0.5242
GPC,Genuine Parts Company,Net Positivity,CQ32024,1.14,0.69,1.4042,-0.7142
GPC,Genuine Parts Company,Numeric Transeprency,CQ12022,3.52,2.5,2.918499999999999,-0.418499999999999
GPC,Genuine Parts Company,Numeric Transeprency,CQ22022,2.5,2.14,2.7121000000000004,-0.5721000000000003
GPC,Genuine Parts Company,Numeric Transeprency,CQ32022,2.14,2.35,2.465700000000001,-0.1157000000000008
GPC,Genuine Parts Company,Numeric Transeprency,CQ42022,2.35,4.01,2.621900000000001,1.3880999999999988
GPC,Genuine Parts Company,Numeric Transeprency,CQ12023,4.01,2.51,2.5256000000000007,-0.015600000000000946
GPC,Genuine Parts Company,Numeric Transeprency,CQ22023,2.51,2.34,2.4112999999999998,-0.07129999999999992
GPC,Genuine Parts Company,Numeric Transeprency,CQ32023,2.34,2.41,2.925100000000001,-0.5151000000000008
GPC,Genuine Parts Company,Numeric Transeprency,CQ42023,2.41,3.56,3.132800000000001,0.42719999999999914
GPC,Genuine Parts Company,Numeric Transeprency,CQ12024,3.56,2.69,2.5239000000000003,0.1660999999999997
GPC,Genuine Parts Company,Numeric Transeprency,CQ22024,2.69,1.99,2.4233000000000002,-0.43330000000000024
GPC,Genuine Parts Company,Numeric Transeprency,CQ32024,1.99,2.59,2.4175000000000013,0.17249999999999854
GS,Goldman Sachs,Analyst Selectivity Ratio,CQ12022,46.15,38.46,48.941099999999985,-10.481099999999984
GS,Goldman Sachs,Analyst Selectivity Ratio,CQ22022,38.46,41.67,45.63059999999999,-3.9605999999999852
GS,Goldman Sachs,Analyst Selectivity Ratio,CQ32022,41.67,41.67,39.5274,2.1426000000000016
GS,Goldman Sachs,Analyst Selectivity Ratio,CQ42022,41.67,41.67,44.72680000000001,-3.0568000000000097
GS,Goldman Sachs,Analyst Selectivity Ratio,CQ12023,41.67,45.83,40.729299999999995,5.100700000000003
GS,Goldman Sachs,Analyst Selectivity Ratio,CQ22023,45.83,41.67,41.540600000000005,0.12939999999999685
GS,Goldman Sachs,Analyst Selectivity Ratio,CQ32023,41.67,34.78,43.91999999999999,-9.139999999999986
GS,Goldman Sachs,Analyst Selectivity Ratio,CQ42023,34.78,33.33,41.0914,-7.761400000000002
GS,Goldman Sachs,Analyst Selectivity Ratio,CQ12024,33.33,40.91,34.30499999999998,6.605000000000018
GS,Goldman Sachs,Analyst Selectivity Ratio,CQ22024,40.91,43.48,39.2262,4.253799999999998
GS,Goldman Sachs,Analyst Selectivity Ratio,CQ32024,43.48,35.29,39.21039999999999,-3.9203999999999937
GS,Goldman Sachs,Language Complexity,CQ12022,12.62,12.83,13.068,-0.23799999999999955
GS,Goldman Sachs,Language Complexity,CQ22022,12.83,12.78,13.120900000000006,-0.34090000000000664
GS,Goldman Sachs,Language Complexity,CQ32022,12.78,12.41,13.027099999999997,-0.6170999999999971
GS,Goldman Sachs,Language Complexity,CQ42022,12.41,12.24,12.5933,-0.35329999999999906
GS,Goldman Sachs,Language Complexity,CQ12023,12.24,12.18,12.485000000000003,-0.30500000000000327
GS,Goldman Sachs,Language Complexity,CQ22023,12.18,12.33,12.276999999999994,0.05300000000000615
GS,Goldman Sachs,Language Complexity,CQ32023,12.33,12.1,12.570600000000002,-0.4706000000000028
GS,Goldman Sachs,Language Complexity,CQ42023,12.1,13.01,11.981200000000001,1.0287999999999986
GS,Goldman Sachs,Language Complexity,CQ12024,13.01,12.06,12.293399999999995,-0.23339999999999428
GS,Goldman Sachs,Language Complexity,CQ22024,12.06,13.24,12.587999999999997,0.6520000000000028
GS,Goldman Sachs,Language Complexity,CQ32024,13.24,12.71,12.72880000000001,-0.018800000000009476
GS,Goldman Sachs,Net Positivity,CQ12022,1.63,0.67,1.1863999999999997,-0.5163999999999996
GS,Goldman Sachs,Net Positivity,CQ22022,0.67,0.13,1.0593000000000001,-0.9293000000000001
GS,Goldman Sachs,Net Positivity,CQ32022,0.13,1.36,0.48020000000000024,0.8797999999999999
GS,Goldman Sachs,Net Positivity,CQ42022,1.36,0.89,1.1709999999999992,-0.28099999999999914
GS,Goldman Sachs,Net Positivity,CQ12023,0.89,0.69,1.0120000000000005,-0.3220000000000005
GS,Goldman Sachs,Net Positivity,CQ22023,0.69,1.02,0.7458000000000001,0.2741999999999999
GS,Goldman Sachs,Net Positivity,CQ32023,1.02,0.88,1.0426,-0.16259999999999997
GS,Goldman Sachs,Net Positivity,CQ42023,0.88,1.52,0.9605999999999998,0.5594000000000002
GS,Goldman Sachs,Net Positivity,CQ12024,1.52,1.37,1.4320999999999993,-0.062099999999999156
GS,Goldman Sachs,Net Positivity,CQ22024,1.37,1.19,1.3249999999999995,-0.13499999999999956
GS,Goldman Sachs,Net Positivity,CQ32024,1.19,1.21,1.2928,-0.08279999999999998
GS,Goldman Sachs,Numeric Transeprency,CQ12022,2.65,1.98,1.8411999999999995,0.13880000000000048
GS,Goldman Sachs,Numeric Transeprency,CQ22022,1.98,2.04,1.993299999999999,0.046700000000001074
GS,Goldman Sachs,Numeric Transeprency,CQ32022,2.04,1.78,2.3862999999999994,-0.6062999999999994
GS,Goldman Sachs,Numeric Transeprency,CQ42022,1.78,2.43,2.1679000000000013,0.2620999999999989
GS,Goldman Sachs,Numeric Transeprency,CQ12023,2.43,1.83,1.9808999999999994,-0.15089999999999937
GS,Goldman Sachs,Numeric Transeprency,CQ22023,1.83,1.98,2.036800000000001,-0.05680000000000085
GS,Goldman Sachs,Numeric Transeprency,CQ32023,1.98,1.98,2.0885999999999996,-0.10859999999999959
GS,Goldman Sachs,Numeric Transeprency,CQ42023,1.98,2.68,2.198000000000001,0.4819999999999993
GS,Goldman Sachs,Numeric Transeprency,CQ12024,2.68,1.7,2.113699999999999,-0.41369999999999885
GS,Goldman Sachs,Numeric Transeprency,CQ22024,1.7,2.06,1.8786999999999994,0.18130000000000068
GS,Goldman Sachs,Numeric Transeprency,CQ32024,2.06,1.84,2.39,-0.55
HAL,Halliburton,Analyst Selectivity Ratio,CQ12022,30.77,32.0,28.885099999999998,3.1149000000000022
HAL,Halliburton,Analyst Selectivity Ratio,CQ22022,32.0,28.0,29.0462,-1.046199999999999
HAL,Halliburton,Analyst Selectivity Ratio,CQ32022,28.0,30.77,27.536099999999998,3.233900000000002
HAL,Halliburton,Analyst Selectivity Ratio,CQ42022,30.77,40.91,26.91529999999999,13.994700000000005
HAL,Halliburton,Analyst Selectivity Ratio,CQ12023,40.91,36.0,36.77820000000001,-0.7782000000000124
HAL,Halliburton,Analyst Selectivity Ratio,CQ22023,36.0,30.77,42.05009999999999,-11.280099999999994
HAL,Halliburton,Analyst Selectivity Ratio,CQ32023,30.77,37.04,33.70590000000001,3.3340999999999923
HAL,Halliburton,Analyst Selectivity Ratio,CQ42023,37.04,37.04,38.72820000000002,-1.6882000000000232
HAL,Halliburton,Analyst Selectivity Ratio,CQ12024,37.04,40.74,33.809899999999985,6.930100000000017
HAL,Halliburton,Analyst Selectivity Ratio,CQ22024,40.74,37.5,38.769900000000014,-1.269900000000014
HAL,Halliburton,Analyst Selectivity Ratio,CQ32024,37.5,20.83,34.90559999999999,-14.075599999999994
HAL,Halliburton,Language Complexity,CQ12022,13.09,13.4,13.383299999999998,0.016700000000001936
HAL,Halliburton,Language Complexity,CQ22022,13.4,13.73,13.167699999999995,0.5623000000000058
HAL,Halliburton,Language Complexity,CQ32022,13.73,11.76,13.333200000000003,-1.5732000000000035
HAL,Halliburton,Language Complexity,CQ42022,11.76,12.17,12.7336,-0.5635999999999992
HAL,Halliburton,Language Complexity,CQ12023,12.17,12.24,12.4951,-0.25510000000000055
HAL,Halliburton,Language Complexity,CQ22023,12.24,12.13,12.454399999999996,-0.32439999999999536
HAL,Halliburton,Language Complexity,CQ32023,12.13,12.54,11.947899999999997,0.5921000000000021
HAL,Halliburton,Language Complexity,CQ42023,12.54,12.11,12.361999999999993,-0.25199999999999356
HAL,Halliburton,Language Complexity,CQ12024,12.11,11.13,12.245599999999992,-1.1155999999999917
HAL,Halliburton,Language Complexity,CQ22024,11.13,11.36,12.0725,-0.7125000000000004
HAL,Halliburton,Language Complexity,CQ32024,11.36,12.74,11.8552,0.8848000000000003
HAL,Halliburton,Net Positivity,CQ12022,1.7,0.99,1.7177000000000007,-0.7277000000000007
HAL,Halliburton,Net Positivity,CQ22022,0.99,1.68,1.0319,0.6480999999999999
HAL,Halliburton,Net Positivity,CQ32022,1.68,1.63,1.4591999999999998,0.17080000000000006
HAL,Halliburton,Net Positivity,CQ42022,1.63,1.38,1.6656000000000006,-0.28560000000000074
HAL,Halliburton,Net Positivity,CQ12023,1.38,2.02,1.1645999999999994,0.8554000000000006
HAL,Halliburton,Net Positivity,CQ22023,2.02,1.52,1.6080999999999996,-0.08809999999999962
HAL,Halliburton,Net Positivity,CQ32023,1.52,1.76,1.6671000000000005,0.09289999999999954
HAL,Halliburton,Net Positivity,CQ42023,1.76,1.76,1.822400000000001,-0.0624000000000009
HAL,Halliburton,Net Positivity,CQ12024,1.76,1.95,1.8773999999999995,0.07260000000000044
HAL,Halliburton,Net Positivity,CQ22024,1.95,1.84,1.6735000000000009,0.1664999999999992
HAL,Halliburton,Net Positivity,CQ32024,1.84,1.33,1.7685999999999995,-0.43859999999999943
HAL,Halliburton,Numeric Transeprency,CQ12022,2.24,1.59,1.733700000000001,-0.14370000000000083
HAL,Halliburton,Numeric Transeprency,CQ22022,1.59,1.5,1.3158,0.18419999999999992
HAL,Halliburton,Numeric Transeprency,CQ32022,1.5,1.65,1.7317000000000002,-0.08170000000000033
HAL,Halliburton,Numeric Transeprency,CQ42022,1.65,2.68,1.8055,0.8745
HAL,Halliburton,Numeric Transeprency,CQ12023,2.68,2.02,1.4839000000000002,0.5360999999999998
HAL,Halliburton,Numeric Transeprency,CQ22023,2.02,2.1,2.0145999999999993,0.08540000000000081
HAL,Halliburton,Numeric Transeprency,CQ32023,2.1,2.02,2.4545000000000003,-0.43450000000000033
HAL,Halliburton,Numeric Transeprency,CQ42023,2.02,2.47,2.1056999999999992,0.36430000000000096
HAL,Halliburton,Numeric Transeprency,CQ12024,2.47,1.91,2.2772999999999994,-0.3672999999999995
HAL,Halliburton,Numeric Transeprency,CQ22024,1.91,2.31,1.9516999999999995,0.3583000000000005
HAL,Halliburton,Numeric Transeprency,CQ32024,2.31,2.06,2.1893999999999996,-0.12939999999999952
HAS,Hasbro,Analyst Selectivity Ratio,CQ12022,69.23,61.54,59.004200000000026,2.5357999999999734
HAS,Hasbro,Analyst Selectivity Ratio,CQ22022,61.54,58.33,55.0259,3.3040999999999983
HAS,Hasbro,Analyst Selectivity Ratio,CQ32022,58.33,66.67,57.398700000000005,9.271299999999997
HAS,Hasbro,Analyst Selectivity Ratio,CQ42022,66.67,63.64,64.88319999999999,-1.2431999999999874
HAS,Hasbro,Analyst Selectivity Ratio,CQ12023,63.64,27.27,60.114600000000024,-32.84460000000003
HAS,Hasbro,Analyst Selectivity Ratio,CQ22023,27.27,40.0,58.324,-18.323999999999998
HAS,Hasbro,Analyst Selectivity Ratio,CQ32023,40.0,54.55,52.85499999999999,1.6950000000000074
HAS,Hasbro,Analyst Selectivity Ratio,CQ42023,54.55,50.0,48.452500000000015,1.5474999999999852
HAS,Hasbro,Analyst Selectivity Ratio,CQ12024,50.0,58.33,43.9902,14.339799999999997
HAS,Hasbro,Analyst Selectivity Ratio,CQ22024,58.33,45.45,59.30240000000001,-13.85240000000001
HAS,Hasbro,Analyst Selectivity Ratio,CQ32024,45.45,55.56,56.90490000000003,-1.344900000000031
HAS,Hasbro,Language Complexity,CQ12022,12.68,11.94,12.496399999999994,-0.5563999999999947
HAS,Hasbro,Language Complexity,CQ22022,11.94,11.71,11.9854,-0.2753999999999994
HAS,Hasbro,Language Complexity,CQ32022,11.71,11.95,12.137,-0.18700000000000117
HAS,Hasbro,Language Complexity,CQ42022,11.95,11.96,11.588899999999999,0.371100000000002
HAS,Hasbro,Language Complexity,CQ12023,11.96,12.33,11.854000000000006,0.47599999999999376
HAS,Hasbro,Language Complexity,CQ22023,12.33,12.49,12.073300000000001,0.41669999999999874
HAS,Hasbro,Language Complexity,CQ32023,12.49,11.68,11.879200000000003,-0.19920000000000293
HAS,Hasbro,Language Complexity,CQ42023,11.68,12.65,12.183700000000002,0.4662999999999986
HAS,Hasbro,Language Complexity,CQ12024,12.65,11.26,12.2698,-1.0098000000000003
HAS,Hasbro,Language Complexity,CQ22024,11.26,11.9,11.842799999999995,0.05720000000000525
HAS,Hasbro,Language Complexity,CQ32024,11.9,11.4,11.886800000000001,-0.48680000000000057
HAS,Hasbro,Net Positivity,CQ12022,1.53,1.73,1.1410999999999993,0.5889000000000006
HAS,Hasbro,Net Positivity,CQ22022,1.73,1.24,1.4478999999999993,-0.2078999999999993
HAS,Hasbro,Net Positivity,CQ32022,1.24,1.27,1.3070000000000002,-0.037000000000000144
HAS,Hasbro,Net Positivity,CQ42022,1.27,1.07,1.3439999999999999,-0.2739999999999998
HAS,Hasbro,Net Positivity,CQ12023,1.07,1.64,1.2268000000000001,0.4131999999999998
HAS,Hasbro,Net Positivity,CQ22023,1.64,0.71,1.4830000000000003,-0.7730000000000004
HAS,Hasbro,Net Positivity,CQ32023,0.71,0.81,1.1121000000000005,-0.3021000000000005
HAS,Hasbro,Net Positivity,CQ42023,0.81,0.93,0.7495,0.1805
HAS,Hasbro,Net Positivity,CQ12024,0.93,0.98,1.1263,-0.1463000000000001
HAS,Hasbro,Net Positivity,CQ22024,0.98,1.05,1.1173000000000004,-0.06730000000000036
HAS,Hasbro,Net Positivity,CQ32024,1.05,1.12,1.0885,0.031500000000000083
HAS,Hasbro,Numeric Transeprency,CQ12022,2.42,2.0,1.5581000000000003,0.44189999999999974
HAS,Hasbro,Numeric Transeprency,CQ22022,2.0,1.64,1.8680000000000003,-0.22800000000000042
HAS,Hasbro,Numeric Transeprency,CQ32022,1.64,1.81,1.9132999999999996,-0.1032999999999995
HAS,Hasbro,Numeric Transeprency,CQ42022,1.81,2.49,1.8880000000000003,0.6019999999999999
HAS,Hasbro,Numeric Transeprency,CQ12023,2.49,2.03,1.7559999999999996,0.27400000000000024
HAS,Hasbro,Numeric Transeprency,CQ22023,2.03,2.58,1.9887999999999995,0.5912000000000006
HAS,Hasbro,Numeric Transeprency,CQ32023,2.58,2.75,2.1487,0.6013000000000002
HAS,Hasbro,Numeric Transeprency,CQ42023,2.75,2.98,2.047600000000001,0.932399999999999
HAS,Hasbro,Numeric Transeprency,CQ12024,2.98,1.79,2.5730000000000013,-0.7830000000000013
HAS,Hasbro,Numeric Transeprency,CQ22024,1.79,2.12,2.1402,-0.020199999999999996
HAS,Hasbro,Numeric Transeprency,CQ32024,2.12,2.19,2.595300000000001,-0.4053000000000009
HIG,Hartford Financial,Analyst Selectivity Ratio,CQ12022,33.33,44.44,37.705600000000004,6.734399999999994
HIG,Hartford Financial,Analyst Selectivity Ratio,CQ22022,44.44,50.0,37.130300000000005,12.869699999999995
HIG,Hartford Financial,Analyst Selectivity Ratio,CQ32022,50.0,55.56,43.92809999999999,11.631900000000009
HIG,Hartford Financial,Analyst Selectivity Ratio,CQ42022,55.56,50.0,43.5708,6.429200000000002
HIG,Hartford Financial,Analyst Selectivity Ratio,CQ12023,50.0,47.06,47.65620000000002,-0.5962000000000174
HIG,Hartford Financial,Analyst Selectivity Ratio,CQ22023,47.06,47.06,51.4785,-4.4184999999999945
HIG,Hartford Financial,Analyst Selectivity Ratio,CQ32023,47.06,35.29,46.37355,-11.083550000000002
HIG,Hartford Financial,Analyst Selectivity Ratio,CQ42023,35.29,44.44,45.869800000000005,-1.4298000000000073
HIG,Hartford Financial,Analyst Selectivity Ratio,CQ12024,44.44,50.0,43.90529999999999,6.09470000000001
HIG,Hartford Financial,Analyst Selectivity Ratio,CQ22024,50.0,29.41,41.549,-12.139
HIG,Hartford Financial,Analyst Selectivity Ratio,CQ32024,29.41,42.86,39.8402,3.0197999999999965
HIG,Hartford Financial,Language Complexity,CQ12022,12.72,12.37,12.476600000000001,-0.10660000000000203
HIG,Hartford Financial,Language Complexity,CQ22022,12.37,12.69,12.430599999999997,0.25940000000000296
HIG,Hartford Financial,Language Complexity,CQ32022,12.69,12.35,12.2492,0.10079999999999956
HIG,Hartford Financial,Language Complexity,CQ42022,12.35,12.74,12.473100000000002,0.2668999999999979
HIG,Hartford Financial,Language Complexity,CQ12023,12.74,12.62,12.496900000000005,0.12309999999999377
HIG,Hartford Financial,Language Complexity,CQ22023,12.62,12.81,12.375100000000005,0.4348999999999954
HIG,Hartford Financial,Language Complexity,CQ32023,12.81,11.92,12.360300000000004,-0.44030000000000413
HIG,Hartford Financial,Language Complexity,CQ42023,11.92,11.97,12.178999999999988,-0.2089999999999872
HIG,Hartford Financial,Language Complexity,CQ12024,11.97,12.12,12.132900000000005,-0.012900000000005463
HIG,Hartford Financial,Language Complexity,CQ22024,12.12,12.7,11.931700000000001,0.7682999999999982
HIG,Hartford Financial,Language Complexity,CQ32024,12.7,12.04,12.456400000000006,-0.41640000000000654
HIG,Hartford Financial,Net Positivity,CQ12022,0.63,0.22,0.8717000000000005,-0.6517000000000005
HIG,Hartford Financial,Net Positivity,CQ22022,0.22,0.46,0.6114,-0.15140000000000003
HIG,Hartford Financial,Net Positivity,CQ32022,0.46,0.14,0.4941000000000001,-0.3541000000000001
HIG,Hartford Financial,Net Positivity,CQ42022,0.14,0.88,0.5673000000000001,0.31269999999999987
HIG,Hartford Financial,Net Positivity,CQ12023,0.88,0.65,0.7253000000000003,-0.07530000000000026
HIG,Hartford Financial,Net Positivity,CQ22023,0.65,0.83,0.6343,0.19569999999999999
HIG,Hartford Financial,Net Positivity,CQ32023,0.83,0.77,0.8017999999999996,-0.031799999999999606
HIG,Hartford Financial,Net Positivity,CQ42023,0.77,1.53,0.8871999999999999,0.6428000000000001
HIG,Hartford Financial,Net Positivity,CQ12024,1.53,1.01,1.3481999999999998,-0.33819999999999983
HIG,Hartford Financial,Net Positivity,CQ22024,1.01,1.2,1.0155000000000007,0.18449999999999922
HIG,Hartford Financial,Net Positivity,CQ32024,1.2,1.03,1.0836999999999997,-0.05369999999999964
HIG,Hartford Financial,Numeric Transeprency,CQ12022,3.82,2.89,3.227900000000001,-0.33790000000000076
HIG,Hartford Financial,Numeric Transeprency,CQ22022,2.89,2.14,2.7102000000000004,-0.5702000000000003
HIG,Hartford Financial,Numeric Transeprency,CQ32022,2.14,2.05,2.613,-0.5630000000000002
HIG,Hartford Financial,Numeric Transeprency,CQ42022,2.05,3.21,2.629300000000001,0.5806999999999989
HIG,Hartford Financial,Numeric Transeprency,CQ12023,3.21,2.14,2.5540000000000003,-0.41400000000000015
HIG,Hartford Financial,Numeric Transeprency,CQ22023,2.14,2.34,2.3235999999999994,0.016400000000000414
HIG,Hartford Financial,Numeric Transeprency,CQ32023,2.34,2.27,2.4833,-0.21329999999999982
HIG,Hartford Financial,Numeric Transeprency,CQ42023,2.27,3.66,2.7020000000000004,0.9579999999999997
HIG,Hartford Financial,Numeric Transeprency,CQ12024,3.66,2.26,2.531300000000001,-0.27130000000000143
HIG,Hartford Financial,Numeric Transeprency,CQ22024,2.26,2.32,2.2699,0.05010000000000003
HIG,Hartford Financial,Numeric Transeprency,CQ32024,2.32,2.04,2.602699999999999,-0.5626999999999991
HPQ,HP Inc.,Analyst Selectivity Ratio,CQ12022,47.06,41.18,38.5042,2.6758000000000024
HPQ,HP Inc.,Analyst Selectivity Ratio,CQ22022,41.18,42.86,43.556999999999995,-0.6969999999999956
HPQ,HP Inc.,Analyst Selectivity Ratio,CQ32022,42.86,38.46,37.711199999999984,0.748800000000017
HPQ,HP Inc.,Analyst Selectivity Ratio,CQ42022,38.46,35.71,45.05280000000002,-9.342800000000018
HPQ,HP Inc.,Analyst Selectivity Ratio,CQ12023,35.71,40.0,35.770999999999994,4.229000000000006
HPQ,HP Inc.,Analyst Selectivity Ratio,CQ22023,40.0,37.5,35.208200000000005,2.291799999999995
HPQ,HP Inc.,Analyst Selectivity Ratio,CQ32023,37.5,40.0,36.335899999999995,3.664100000000005
HPQ,HP Inc.,Analyst Selectivity Ratio,CQ42023,40.0,33.33,38.27819999999999,-4.948199999999993
HPQ,HP Inc.,Analyst Selectivity Ratio,CQ12024,33.33,35.71,34.84310000000001,0.866899999999994
HPQ,HP Inc.,Analyst Selectivity Ratio,CQ22024,35.71,28.57,35.04860000000001,-6.478600000000007
HPQ,HP Inc.,Analyst Selectivity Ratio,CQ32024,28.57,50.0,32.06940000000001,17.93059999999999
HPQ,HP Inc.,Language Complexity,CQ12022,12.57,12.84,12.520500000000002,0.3194999999999979
HPQ,HP Inc.,Language Complexity,CQ22022,12.84,13.27,12.60700000000001,0.6629999999999896
HPQ,HP Inc.,Language Complexity,CQ32022,13.27,12.99,13.425500000000008,-0.4355000000000082
HPQ,HP Inc.,Language Complexity,CQ42022,12.99,12.81,12.995099999999995,-0.18509999999999494
HPQ,HP Inc.,Language Complexity,CQ12023,12.81,12.59,12.912400000000002,-0.3224000000000018
HPQ,HP Inc.,Language Complexity,CQ22023,12.59,12.85,12.641999999999998,0.20800000000000196
HPQ,HP Inc.,Language Complexity,CQ32023,12.85,13.02,13.1549,-0.13490000000000002
HPQ,HP Inc.,Language Complexity,CQ42023,13.02,13.43,12.961099999999993,0.46890000000000676
HPQ,HP Inc.,Language Complexity,CQ12024,13.43,12.8,12.654399999999995,0.14560000000000528
HPQ,HP Inc.,Language Complexity,CQ22024,12.8,12.57,12.945999999999996,-0.3759999999999959
HPQ,HP Inc.,Language Complexity,CQ32024,12.57,12.68,12.811699999999998,-0.1316999999999986
HPQ,HP Inc.,Net Positivity,CQ12022,1.08,1.15,1.2958999999999998,-0.14589999999999992
HPQ,HP Inc.,Net Positivity,CQ22022,1.15,0.49,1.0406000000000002,-0.5506000000000002
HPQ,HP Inc.,Net Positivity,CQ32022,0.49,0.87,0.9335999999999999,-0.06359999999999988
HPQ,HP Inc.,Net Positivity,CQ42022,0.87,1.3,0.9991999999999996,0.3008000000000004
HPQ,HP Inc.,Net Positivity,CQ12023,1.3,1.92,1.2193000000000005,0.7006999999999994
HPQ,HP Inc.,Net Positivity,CQ22023,1.92,1.48,1.4340999999999995,0.045900000000000496
HPQ,HP Inc.,Net Positivity,CQ32023,1.48,1.75,1.1215999999999995,0.6284000000000005
HPQ,HP Inc.,Net Positivity,CQ42023,1.75,1.48,1.7003000000000004,-0.22030000000000038
HPQ,HP Inc.,Net Positivity,CQ12024,1.48,1.89,1.688199999999999,0.20180000000000087
HPQ,HP Inc.,Net Positivity,CQ22024,1.89,1.73,1.6507999999999996,0.07920000000000038
HPQ,HP Inc.,Net Positivity,CQ32024,1.73,1.96,1.7477999999999991,0.21220000000000083
HPQ,HP Inc.,Numeric Transeprency,CQ12022,2.1,2.6,1.9111000000000014,0.6888999999999987
HPQ,HP Inc.,Numeric Transeprency,CQ22022,2.6,2.32,2.3547000000000007,-0.03470000000000084
HPQ,HP Inc.,Numeric Transeprency,CQ32022,2.32,3.04,2.456899999999999,0.5831000000000008
HPQ,HP Inc.,Numeric Transeprency,CQ42022,3.04,2.0,2.3017000000000003,-0.3017000000000003
HPQ,HP Inc.,Numeric Transeprency,CQ12023,2.0,1.83,2.2775000000000003,-0.44750000000000023
HPQ,HP Inc.,Numeric Transeprency,CQ22023,1.83,1.93,2.3241999999999994,-0.39419999999999944
HPQ,HP Inc.,Numeric Transeprency,CQ32023,1.93,2.74,2.2074000000000003,0.5326
HPQ,HP Inc.,Numeric Transeprency,CQ42023,2.74,2.41,1.9851999999999996,0.4248000000000005
HPQ,HP Inc.,Numeric Transeprency,CQ12024,2.41,2.25,2.3247000000000013,-0.07470000000000132
HPQ,HP Inc.,Numeric Transeprency,CQ22024,2.25,1.93,2.4029,-0.4728999999999999
HPQ,HP Inc.,Numeric Transeprency,CQ32024,1.93,1.8,2.212100000000001,-0.4121000000000008
HSY,Hershey Company,Analyst Selectivity Ratio,CQ12022,68.42,60.0,53.2584,6.741599999999998
HSY,Hershey Company,Analyst Selectivity Ratio,CQ22022,60.0,50.0,56.5563,-6.5563
HSY,Hershey Company,Analyst Selectivity Ratio,CQ32022,50.0,61.11,55.455799999999996,5.654200000000003
HSY,Hershey Company,Analyst Selectivity Ratio,CQ42022,61.11,76.47,59.70450000000003,16.765499999999967
HSY,Hershey Company,Analyst Selectivity Ratio,CQ12023,76.47,68.75,59.69540000000003,9.054599999999972
HSY,Hershey Company,Analyst Selectivity Ratio,CQ22023,68.75,70.59,62.19130000000002,8.398699999999984
HSY,Hershey Company,Analyst Selectivity Ratio,CQ32023,70.59,52.63,57.529600000000016,-4.899600000000014
HSY,Hershey Company,Analyst Selectivity Ratio,CQ42023,52.63,47.62,58.653,-11.033000000000001
HSY,Hershey Company,Analyst Selectivity Ratio,CQ12024,47.62,55.0,53.322100000000006,1.677899999999994
HSY,Hershey Company,Analyst Selectivity Ratio,CQ22024,55.0,52.63,54.8569,-2.2269000000000005
HSY,Hershey Company,Analyst Selectivity Ratio,CQ32024,52.63,42.86,50.486900000000006,-7.626900000000006
HSY,Hershey Company,Language Complexity,CQ12022,10.78,10.8,11.149200000000002,-0.3492000000000015
HSY,Hershey Company,Language Complexity,CQ22022,10.8,10.5,10.906600000000005,-0.4066000000000045
HSY,Hershey Company,Language Complexity,CQ32022,10.5,10.54,10.771700000000003,-0.23170000000000357
HSY,Hershey Company,Language Complexity,CQ42022,10.54,11.05,10.820900000000005,0.22909999999999542
HSY,Hershey Company,Language Complexity,CQ12023,11.05,10.99,10.912000000000003,0.07799999999999763
HSY,Hershey Company,Language Complexity,CQ22023,10.99,10.38,10.946900000000003,-0.5669000000000022
HSY,Hershey Company,Language Complexity,CQ32023,10.38,11.04,10.777000000000001,0.2629999999999981
HSY,Hershey Company,Language Complexity,CQ42023,11.04,10.65,11.125300000000003,-0.4753000000000025
HSY,Hershey Company,Language Complexity,CQ12024,10.65,10.46,10.836700000000002,-0.37670000000000137
HSY,Hershey Company,Language Complexity,CQ22024,10.46,10.0,10.726200000000004,-0.726200000000004
HSY,Hershey Company,Language Complexity,CQ32024,10.0,10.08,10.5891,-0.5091000000000001
HSY,Hershey Company,Net Positivity,CQ12022,1.5,1.25,1.6922000000000006,-0.4422000000000006
HSY,Hershey Company,Net Positivity,CQ22022,1.25,0.49,1.2611,-0.7711000000000001
HSY,Hershey Company,Net Positivity,CQ32022,0.49,0.93,0.7463000000000004,0.18369999999999964
HSY,Hershey Company,Net Positivity,CQ42022,0.93,1.31,0.9505000000000002,0.3594999999999998
HSY,Hershey Company,Net Positivity,CQ12023,1.31,1.28,1.3002999999999993,-0.02029999999999932
HSY,Hershey Company,Net Positivity,CQ22023,1.28,1.07,1.0748,-0.0047999999999999154
HSY,Hershey Company,Net Positivity,CQ32023,1.07,1.39,0.6229,0.7670999999999999
HSY,Hershey Company,Net Positivity,CQ42023,1.39,0.98,1.3964999999999994,-0.4164999999999994
HSY,Hershey Company,Net Positivity,CQ12024,0.98,1.33,1.1772,0.15280000000000005
HSY,Hershey Company,Net Positivity,CQ22024,1.33,0.88,1.0936000000000003,-0.21360000000000035
HSY,Hershey Company,Net Positivity,CQ32024,0.88,0.86,0.9608999999999998,-0.10089999999999977
HSY,Hershey Company,Numeric Transeprency,CQ12022,0.51,0.4,0.8575000000000003,-0.45750000000000024
HSY,Hershey Company,Numeric Transeprency,CQ22022,0.4,0.87,0.5551999999999999,0.3148000000000001
HSY,Hershey Company,Numeric Transeprency,CQ32022,0.87,0.88,0.5819000000000001,0.2980999999999999
HSY,Hershey Company,Numeric Transeprency,CQ42022,0.88,0.74,0.8177,-0.07769999999999999
HSY,Hershey Company,Numeric Transeprency,CQ12023,0.74,0.87,0.7995,0.07050000000000001
HSY,Hershey Company,Numeric Transeprency,CQ22023,0.87,0.59,0.8761999999999999,-0.2861999999999999
HSY,Hershey Company,Numeric Transeprency,CQ32023,0.59,0.52,0.5216000000000001,-0.0016000000000000458
HSY,Hershey Company,Numeric Transeprency,CQ42023,0.52,0.96,0.6593000000000001,0.30069999999999986
HSY,Hershey Company,Numeric Transeprency,CQ12024,0.96,0.59,0.9192000000000005,-0.3292000000000005
HSY,Hershey Company,Numeric Transeprency,CQ22024,0.59,0.73,0.7975000000000008,-0.06750000000000078
HSY,Hershey Company,Numeric Transeprency,CQ32024,0.73,0.97,0.6448999999999999,0.32510000000000006
HUM,Humana,Analyst Selectivity Ratio,CQ12022,60.87,52.38,55.10640000000002,-2.7264000000000195
HUM,Humana,Analyst Selectivity Ratio,CQ22022,52.38,55.0,55.749900000000025,-0.7499000000000251
HUM,Humana,Analyst Selectivity Ratio,CQ32022,55.0,57.89,57.07010000000001,0.8198999999999899
HUM,Humana,Analyst Selectivity Ratio,CQ42022,57.89,55.0,59.5511,-4.551099999999998
HUM,Humana,Analyst Selectivity Ratio,CQ12023,55.0,65.0,60.18660000000002,4.81339999999998
HUM,Humana,Analyst Selectivity Ratio,CQ22023,65.0,40.0,58.400200000000005,-18.400200000000005
HUM,Humana,Analyst Selectivity Ratio,CQ32023,40.0,52.63,52.7297,-0.09969999999999857
HUM,Humana,Analyst Selectivity Ratio,CQ42023,52.63,70.59,54.686500000000024,15.90349999999998
HUM,Humana,Analyst Selectivity Ratio,CQ12024,70.59,50.0,59.35609999999999,-9.35609999999999
HUM,Humana,Analyst Selectivity Ratio,CQ22024,50.0,57.89,57.41879999999999,0.4712000000000103
HUM,Humana,Analyst Selectivity Ratio,CQ32024,57.89,31.25,52.468700000000005,-21.218700000000005
HUM,Humana,Language Complexity,CQ12022,14.89,15.19,13.591400000000005,1.598599999999994
HUM,Humana,Language Complexity,CQ22022,15.19,14.71,15.1762,-0.46619999999999884
HUM,Humana,Language Complexity,CQ32022,14.71,14.5,14.839199999999996,-0.3391999999999964
HUM,Humana,Language Complexity,CQ42022,14.5,15.0,14.761799999999996,0.2382000000000044
HUM,Humana,Language Complexity,CQ12023,15.0,14.5,14.9946,-0.49460000000000015
HUM,Humana,Language Complexity,CQ22023,14.5,15.96,14.588500000000002,1.3714999999999993
HUM,Humana,Language Complexity,CQ32023,15.96,15.13,15.139100000000001,-0.009100000000000108
HUM,Humana,Language Complexity,CQ42023,15.13,13.25,14.806400000000002,-1.5564000000000018
HUM,Humana,Language Complexity,CQ12024,13.25,13.56,14.483499999999992,-0.9234999999999918
HUM,Humana,Language Complexity,CQ22024,13.56,12.42,14.112400000000004,-1.6924000000000046
HUM,Humana,Language Complexity,CQ32024,12.42,12.27,13.230500000000001,-0.9605000000000015
HUM,Humana,Net Positivity,CQ12022,1.41,1.03,1.2100999999999997,-0.1800999999999997
HUM,Humana,Net Positivity,CQ22022,1.03,1.49,1.0192999999999999,0.4707000000000001
HUM,Humana,Net Positivity,CQ32022,1.49,1.62,1.2106999999999999,0.4093000000000002
HUM,Humana,Net Positivity,CQ42022,1.62,1.37,1.3556000000000004,0.014399999999999746
HUM,Humana,Net Positivity,CQ12023,1.37,1.38,1.319,0.06099999999999994
HUM,Humana,Net Positivity,CQ22023,1.38,2.11,1.3451000000000002,0.7648999999999997
HUM,Humana,Net Positivity,CQ32023,2.11,1.32,1.5980000000000003,-0.27800000000000025
HUM,Humana,Net Positivity,CQ42023,1.32,0.07,1.5094,-1.4394
HUM,Humana,Net Positivity,CQ12024,0.07,0.58,0.8470999999999997,-0.2670999999999998
HUM,Humana,Net Positivity,CQ22024,0.58,1.16,0.6248,0.5351999999999999
HUM,Humana,Net Positivity,CQ32024,1.16,0.75,0.8779999999999997,-0.12799999999999967
HUM,Humana,Numeric Transeprency,CQ12022,2.38,1.93,1.9198999999999997,0.01010000000000022
HUM,Humana,Numeric Transeprency,CQ22022,1.93,1.95,2.2455999999999996,-0.29559999999999964
HUM,Humana,Numeric Transeprency,CQ32022,1.95,2.09,2.2028,-0.11280000000000001
HUM,Humana,Numeric Transeprency,CQ42022,2.09,3.49,2.3253999999999992,1.164600000000001
HUM,Humana,Numeric Transeprency,CQ12023,3.49,1.97,2.455699999999999,-0.4856999999999989
HUM,Humana,Numeric Transeprency,CQ22023,1.97,3.0,2.312299999999999,0.6877000000000009
HUM,Humana,Numeric Transeprency,CQ32023,3.0,2.64,2.6258999999999992,0.01410000000000089
HUM,Humana,Numeric Transeprency,CQ42023,2.64,1.53,2.7619,-1.2318999999999998
HUM,Humana,Numeric Transeprency,CQ12024,1.53,1.36,1.9931000000000005,-0.6331000000000004
HUM,Humana,Numeric Transeprency,CQ22024,1.36,1.01,2.1978,-1.1878
HUM,Humana,Numeric Transeprency,CQ32024,1.01,1.88,1.4615000000000007,0.4184999999999992
IBM,IBM,Analyst Selectivity Ratio,CQ12022,54.55,50.0,47.5092,2.4908
IBM,IBM,Analyst Selectivity Ratio,CQ22022,50.0,42.86,47.76699999999999,-4.906999999999989
IBM,IBM,Analyst Selectivity Ratio,CQ32022,42.86,46.15,47.11319999999997,-0.9631999999999721
IBM,IBM,Analyst Selectivity Ratio,CQ42022,46.15,35.71,46.0841,-10.374099999999999
IBM,IBM,Analyst Selectivity Ratio,CQ12023,35.71,38.46,41.348599999999976,-2.8885999999999754
IBM,IBM,Analyst Selectivity Ratio,CQ22023,38.46,40.0,39.21220000000001,0.7877999999999901
IBM,IBM,Analyst Selectivity Ratio,CQ32023,40.0,40.0,38.46750000000001,1.5324999999999918
IBM,IBM,Analyst Selectivity Ratio,CQ42023,40.0,35.29,37.12720000000001,-1.83720000000001
IBM,IBM,Analyst Selectivity Ratio,CQ12024,35.29,35.29,38.756299999999975,-3.4662999999999755
IBM,IBM,Analyst Selectivity Ratio,CQ22024,35.29,27.78,36.36040000000001,-8.580400000000012
IBM,IBM,Analyst Selectivity Ratio,CQ32024,27.78,35.29,32.713600000000014,2.5763999999999854
IBM,IBM,Language Complexity,CQ12022,12.84,12.45,12.484499999999995,-0.03449999999999598
IBM,IBM,Language Complexity,CQ22022,12.45,12.12,12.484400000000003,-0.3644000000000034
IBM,IBM,Language Complexity,CQ32022,12.12,11.95,12.552799999999989,-0.6027999999999896
IBM,IBM,Language Complexity,CQ42022,11.95,12.47,12.219099999999992,0.25090000000000856
IBM,IBM,Language Complexity,CQ12023,12.47,12.49,12.208199999999994,0.2818000000000058
IBM,IBM,Language Complexity,CQ22023,12.49,12.15,12.417799999999998,-0.2677999999999976
IBM,IBM,Language Complexity,CQ32023,12.15,12.34,12.138799999999996,0.2012000000000036
IBM,IBM,Language Complexity,CQ42023,12.34,12.52,12.626099999999997,-0.10609999999999786
IBM,IBM,Language Complexity,CQ12024,12.52,12.8,12.514399999999998,0.2856000000000023
IBM,IBM,Language Complexity,CQ22024,12.8,12.41,12.5386,-0.1286000000000005
IBM,IBM,Language Complexity,CQ32024,12.41,13.11,12.553700000000003,0.5562999999999967
IBM,IBM,Net Positivity,CQ12022,0.94,0.61,1.1549999999999996,-0.5449999999999996
IBM,IBM,Net Positivity,CQ22022,0.61,0.59,0.9259000000000002,-0.3359000000000002
IBM,IBM,Net Positivity,CQ32022,0.59,1.05,0.7626999999999998,0.2873000000000002
IBM,IBM,Net Positivity,CQ42022,1.05,1.18,1.164800000000001,0.015199999999998992
IBM,IBM,Net Positivity,CQ12023,1.18,0.82,0.8608999999999998,-0.040899999999999825
IBM,IBM,Net Positivity,CQ22023,0.82,1.38,0.9325999999999998,0.44740000000000013
IBM,IBM,Net Positivity,CQ32023,1.38,1.37,1.2087999999999992,0.1612000000000009
IBM,IBM,Net Positivity,CQ42023,1.37,1.4,1.3577,0.042300000000000004
IBM,IBM,Net Positivity,CQ12024,1.4,1.41,1.4002999999999994,0.009700000000000486
IBM,IBM,Net Positivity,CQ22024,1.41,1.5,1.3603999999999996,0.1396000000000004
IBM,IBM,Net Positivity,CQ32024,1.5,1.43,1.3791,0.050899999999999945
IBM,IBM,Numeric Transeprency,CQ12022,2.98,2.1,2.2427999999999995,-0.14279999999999937
IBM,IBM,Numeric Transeprency,CQ22022,2.1,2.7,2.3029,0.3971
IBM,IBM,Numeric Transeprency,CQ32022,2.7,2.82,2.5230000000000006,0.29699999999999926
IBM,IBM,Numeric Transeprency,CQ42022,2.82,2.89,2.7759999999999985,0.11400000000000166
IBM,IBM,Numeric Transeprency,CQ12023,2.89,2.73,2.4307999999999996,0.29920000000000035
IBM,IBM,Numeric Transeprency,CQ22023,2.73,2.29,3.0333000000000014,-0.7433000000000014
IBM,IBM,Numeric Transeprency,CQ32023,2.29,2.72,2.7114999999999996,0.008500000000000618
IBM,IBM,Numeric Transeprency,CQ42023,2.72,3.3,2.686199999999998,0.6138000000000017
IBM,IBM,Numeric Transeprency,CQ12024,3.3,2.3,2.6608,-0.36080000000000023
IBM,IBM,Numeric Transeprency,CQ22024,2.3,2.28,2.3296000000000014,-0.04960000000000164
IBM,IBM,Numeric Transeprency,CQ32024,2.28,2.79,2.724000000000001,0.06599999999999895
ICE,Intercontinental Exchange,Analyst Selectivity Ratio,CQ12022,58.82,44.44,46.2925,-1.8524999999999991
ICE,Intercontinental Exchange,Analyst Selectivity Ratio,CQ22022,44.44,50.0,49.25719999999998,0.7428000000000168
ICE,Intercontinental Exchange,Analyst Selectivity Ratio,CQ32022,50.0,21.43,46.213,-24.783
ICE,Intercontinental Exchange,Analyst Selectivity Ratio,CQ42022,21.43,57.14,39.11729999999999,18.022700000000007
ICE,Intercontinental Exchange,Analyst Selectivity Ratio,CQ12023,57.14,42.86,36.43719999999999,6.422800000000009
ICE,Intercontinental Exchange,Analyst Selectivity Ratio,CQ22023,42.86,33.33,38.0136,-4.683599999999998
ICE,Intercontinental Exchange,Analyst Selectivity Ratio,CQ32023,33.33,46.15,34.6598,11.490200000000002
ICE,Intercontinental Exchange,Analyst Selectivity Ratio,CQ42023,46.15,31.25,45.37929999999999,-14.129299999999994
ICE,Intercontinental Exchange,Analyst Selectivity Ratio,CQ12024,31.25,43.75,38.325199999999974,5.424800000000026
ICE,Intercontinental Exchange,Analyst Selectivity Ratio,CQ22024,43.75,42.86,39.84990000000001,3.010099999999987
ICE,Intercontinental Exchange,Analyst Selectivity Ratio,CQ32024,42.86,40.0,40.422,-0.42199999999999704
ICE,Intercontinental Exchange,Language Complexity,CQ12022,12.76,14.59,13.334499999999998,1.2555000000000014
ICE,Intercontinental Exchange,Language Complexity,CQ22022,14.59,13.3,13.290700000000006,0.009299999999994313
ICE,Intercontinental Exchange,Language Complexity,CQ32022,13.3,13.77,13.167499999999997,0.6025000000000027
ICE,Intercontinental Exchange,Language Complexity,CQ42022,13.77,13.44,13.221999999999996,0.21800000000000352
ICE,Intercontinental Exchange,Language Complexity,CQ12023,13.44,13.6,13.726199999999999,-0.12619999999999898
ICE,Intercontinental Exchange,Language Complexity,CQ22023,13.6,13.82,13.529399999999995,0.29060000000000485
ICE,Intercontinental Exchange,Language Complexity,CQ32023,13.82,14.45,13.616699999999994,0.8333000000000048
ICE,Intercontinental Exchange,Language Complexity,CQ42023,14.45,14.71,13.701400000000003,1.0085999999999977
ICE,Intercontinental Exchange,Language Complexity,CQ12024,14.71,14.13,14.0381,0.09190000000000076
ICE,Intercontinental Exchange,Language Complexity,CQ22024,14.13,14.21,14.261200000000006,-0.05120000000000502
ICE,Intercontinental Exchange,Language Complexity,CQ32024,14.21,15.16,14.424800000000005,0.7351999999999954
ICE,Intercontinental Exchange,Net Positivity,CQ12022,0.91,1.43,0.9997000000000001,0.4302999999999998
ICE,Intercontinental Exchange,Net Positivity,CQ22022,1.43,0.87,0.3544000000000001,0.5155999999999998
ICE,Intercontinental Exchange,Net Positivity,CQ32022,0.87,0.9,0.8522000000000002,0.04779999999999984
ICE,Intercontinental Exchange,Net Positivity,CQ42022,0.9,0.74,1.0156999999999994,-0.2756999999999994
ICE,Intercontinental Exchange,Net Positivity,CQ12023,0.74,1.1,0.8085000000000002,0.29149999999999987
ICE,Intercontinental Exchange,Net Positivity,CQ22023,1.1,1.19,1.0624000000000005,0.1275999999999995
ICE,Intercontinental Exchange,Net Positivity,CQ32023,1.19,0.89,1.0318999999999996,-0.14189999999999958
ICE,Intercontinental Exchange,Net Positivity,CQ42023,0.89,1.05,0.9657999999999999,0.08420000000000016
ICE,Intercontinental Exchange,Net Positivity,CQ12024,1.05,1.4,1.1257000000000006,0.2742999999999993
ICE,Intercontinental Exchange,Net Positivity,CQ22024,1.4,1.09,1.1809999999999998,-0.09099999999999975
ICE,Intercontinental Exchange,Net Positivity,CQ32024,1.09,0.98,1.1711000000000003,-0.19110000000000027
ICE,Intercontinental Exchange,Numeric Transeprency,CQ12022,2.15,1.99,1.7473999999999998,0.24260000000000015
ICE,Intercontinental Exchange,Numeric Transeprency,CQ22022,1.99,1.58,1.7497,-0.16969999999999996
ICE,Intercontinental Exchange,Numeric Transeprency,CQ32022,1.58,1.44,1.8869999999999991,-0.4469999999999992
ICE,Intercontinental Exchange,Numeric Transeprency,CQ42022,1.44,2.06,1.7012000000000003,0.3587999999999998
ICE,Intercontinental Exchange,Numeric Transeprency,CQ12023,2.06,1.38,1.7065999999999995,-0.32659999999999956
ICE,Intercontinental Exchange,Numeric Transeprency,CQ22023,1.38,1.68,1.6782000000000001,0.0017999999999998018
ICE,Intercontinental Exchange,Numeric Transeprency,CQ32023,1.68,1.36,1.730099999999999,-0.370099999999999
ICE,Intercontinental Exchange,Numeric Transeprency,CQ42023,1.36,2.41,1.6606,0.7494000000000001
ICE,Intercontinental Exchange,Numeric Transeprency,CQ12024,2.41,1.46,1.6925999999999994,-0.23259999999999947
ICE,Intercontinental Exchange,Numeric Transeprency,CQ22024,1.46,1.66,1.612,0.04799999999999982
ICE,Intercontinental Exchange,Numeric Transeprency,CQ32024,1.66,2.13,1.8706999999999994,0.25930000000000053
IFF,International Flavors & Fragrances,Analyst Selectivity Ratio,CQ12022,55.56,68.75,56.348100000000024,12.401899999999976
IFF,International Flavors & Fragrances,Analyst Selectivity Ratio,CQ22022,68.75,66.67,58.42009999999999,8.249900000000011
IFF,International Flavors & Fragrances,Analyst Selectivity Ratio,CQ32022,66.67,50.0,61.289900000000024,-11.289900000000024
IFF,International Flavors & Fragrances,Analyst Selectivity Ratio,CQ42022,50.0,61.11,59.72779999999999,1.3822000000000116
IFF,International Flavors & Fragrances,Analyst Selectivity Ratio,CQ12023,61.11,41.18,59.170300000000026,-17.990300000000026
IFF,International Flavors & Fragrances,Analyst Selectivity Ratio,CQ22023,41.18,27.78,55.8212,-28.041199999999996
IFF,International Flavors & Fragrances,Analyst Selectivity Ratio,CQ32023,27.78,44.44,44.463100000000004,-0.02310000000000656
IFF,International Flavors & Fragrances,Analyst Selectivity Ratio,CQ42023,44.44,52.94,40.6914,12.248599999999996
IFF,International Flavors & Fragrances,Analyst Selectivity Ratio,CQ12024,52.94,56.25,49.502399999999994,6.747600000000006
IFF,International Flavors & Fragrances,Analyst Selectivity Ratio,CQ22024,56.25,66.67,51.926399999999994,14.743600000000008
IFF,International Flavors & Fragrances,Analyst Selectivity Ratio,CQ32024,66.67,62.5,60.0888,2.411200000000001
IFF,International Flavors & Fragrances,Language Complexity,CQ12022,13.97,13.35,13.3971,-0.047100000000000364
IFF,International Flavors & Fragrances,Language Complexity,CQ22022,13.35,14.5,13.0921,1.4078999999999997
IFF,International Flavors & Fragrances,Language Complexity,CQ32022,14.5,13.24,14.028200000000004,-0.7882000000000033
IFF,International Flavors & Fragrances,Language Complexity,CQ42022,13.24,14.33,13.2592,1.0708000000000002
IFF,International Flavors & Fragrances,Language Complexity,CQ12023,14.33,14.1,13.681700000000005,0.418299999999995
IFF,International Flavors & Fragrances,Language Complexity,CQ22023,14.1,13.73,13.8764,-0.14639999999999986
IFF,International Flavors & Fragrances,Language Complexity,CQ32023,13.73,12.54,13.6713,-1.1313000000000013
IFF,International Flavors & Fragrances,Language Complexity,CQ42023,12.54,12.43,13.144199999999994,-0.7141999999999946
IFF,International Flavors & Fragrances,Language Complexity,CQ12024,12.43,12.71,12.800100000000002,-0.0901000000000014
IFF,International Flavors & Fragrances,Language Complexity,CQ22024,12.71,13.17,12.869200000000001,0.30079999999999885
IFF,International Flavors & Fragrances,Language Complexity,CQ32024,13.17,12.49,12.743099999999997,-0.25309999999999633
IFF,International Flavors & Fragrances,Net Positivity,CQ12022,1.73,1.76,1.6151999999999997,0.14480000000000026
IFF,International Flavors & Fragrances,Net Positivity,CQ22022,1.76,1.72,1.9051000000000005,-0.1851000000000005
IFF,International Flavors & Fragrances,Net Positivity,CQ32022,1.72,0.82,1.6822000000000006,-0.8622000000000006
IFF,International Flavors & Fragrances,Net Positivity,CQ42022,0.82,1.48,1.2013000000000007,0.2786999999999993
IFF,International Flavors & Fragrances,Net Positivity,CQ12023,1.48,1.3,1.478799999999999,-0.17879999999999896
IFF,International Flavors & Fragrances,Net Positivity,CQ22023,1.3,1.71,1.2755999999999998,0.4344000000000001
IFF,International Flavors & Fragrances,Net Positivity,CQ32023,1.71,1.93,1.3312000000000004,0.5987999999999996
IFF,International Flavors & Fragrances,Net Positivity,CQ42023,1.93,2.51,1.6258000000000004,0.8841999999999994
IFF,International Flavors & Fragrances,Net Positivity,CQ12024,2.51,3.06,1.954099999999999,1.105900000000001
IFF,International Flavors & Fragrances,Net Positivity,CQ22024,3.06,2.58,2.408600000000001,0.1713999999999989
IFF,International Flavors & Fragrances,Net Positivity,CQ32024,2.58,2.36,2.4988999999999995,-0.13889999999999958
IFF,International Flavors & Fragrances,Numeric Transeprency,CQ12022,3.66,1.88,2.428,-0.548
IFF,International Flavors & Fragrances,Numeric Transeprency,CQ22022,1.88,2.02,2.2364000000000006,-0.2164000000000006
IFF,International Flavors & Fragrances,Numeric Transeprency,CQ32022,2.02,1.69,2.6676000000000015,-0.9776000000000016
IFF,International Flavors & Fragrances,Numeric Transeprency,CQ42022,1.69,2.4,2.6278,-0.22780000000000022
IFF,International Flavors & Fragrances,Numeric Transeprency,CQ12023,2.4,1.88,1.7904999999999993,0.08950000000000058
IFF,International Flavors & Fragrances,Numeric Transeprency,CQ22023,1.88,2.2,1.8830999999999989,0.3169000000000013
IFF,International Flavors & Fragrances,Numeric Transeprency,CQ32023,2.2,2.22,2.1550000000000007,0.0649999999999995
IFF,International Flavors & Fragrances,Numeric Transeprency,CQ42023,2.22,2.4,2.2886,0.11139999999999972
IFF,International Flavors & Fragrances,Numeric Transeprency,CQ12024,2.4,1.53,2.2833999999999994,-0.7533999999999994
IFF,International Flavors & Fragrances,Numeric Transeprency,CQ22024,1.53,1.79,1.9485999999999992,-0.15859999999999919
IFF,International Flavors & Fragrances,Numeric Transeprency,CQ32024,1.79,2.21,2.015399999999999,0.19460000000000077
INTC,Intel,Analyst Selectivity Ratio,CQ12022,25.0,28.21,24.905600000000003,3.3043999999999976
INTC,Intel,Analyst Selectivity Ratio,CQ22022,28.21,11.76,25.5224,-13.762400000000001
INTC,Intel,Analyst Selectivity Ratio,CQ32022,11.76,16.67,24.762900000000005,-8.092900000000004
INTC,Intel,Analyst Selectivity Ratio,CQ42022,16.67,19.44,20.487700000000007,-1.047700000000006
INTC,Intel,Analyst Selectivity Ratio,CQ12023,19.44,19.44,20.703400000000002,-1.2634000000000007
INTC,Intel,Analyst Selectivity Ratio,CQ22023,19.44,13.51,21.924200000000006,-8.414200000000006
INTC,Intel,Analyst Selectivity Ratio,CQ32023,13.51,19.44,19.3515,0.0884999999999998
INTC,Intel,Analyst Selectivity Ratio,CQ42023,19.44,10.53,20.9504,-10.420399999999999
INTC,Intel,Analyst Selectivity Ratio,CQ12024,10.53,20.0,14.600699999999993,5.399300000000007
INTC,Intel,Analyst Selectivity Ratio,CQ22024,20.0,19.44,20.5177,-1.0777
INTC,Intel,Analyst Selectivity Ratio,CQ32024,19.44,13.89,22.263900000000003,-8.373900000000003
INTC,Intel,Language Complexity,CQ12022,12.59,12.32,12.217299999999993,0.10270000000000756
INTC,Intel,Language Complexity,CQ22022,12.32,12.99,12.446600000000004,0.5433999999999966
INTC,Intel,Language Complexity,CQ32022,12.99,13.23,12.937099999999996,0.2929000000000048
INTC,Intel,Language Complexity,CQ42022,13.23,12.86,13.508000000000003,-0.6480000000000032
INTC,Intel,Language Complexity,CQ12023,12.86,12.75,13.304200000000003,-0.5542000000000034
INTC,Intel,Language Complexity,CQ22023,12.75,13.22,13.011699999999992,0.20830000000000837
INTC,Intel,Language Complexity,CQ32023,13.22,13.1,13.373800000000001,-0.2738000000000014
INTC,Intel,Language Complexity,CQ42023,13.1,13.23,12.978700000000002,0.25129999999999875
INTC,Intel,Language Complexity,CQ12024,13.23,12.12,13.196399999999997,-1.0763999999999978
INTC,Intel,Language Complexity,CQ22024,12.12,12.94,13.001000000000008,-0.061000000000008825
INTC,Intel,Language Complexity,CQ32024,12.94,12.26,13.401500000000008,-1.1415000000000077
INTC,Intel,Net Positivity,CQ12022,2.16,1.78,2.077399999999999,-0.297399999999999
INTC,Intel,Net Positivity,CQ22022,1.78,1.46,1.9755999999999994,-0.5155999999999994
INTC,Intel,Net Positivity,CQ32022,1.46,1.82,1.8482999999999992,-0.028299999999999104
INTC,Intel,Net Positivity,CQ42022,1.82,1.11,1.8681000000000012,-0.7581000000000011
INTC,Intel,Net Positivity,CQ12023,1.11,1.72,1.5060999999999998,0.2139000000000002
INTC,Intel,Net Positivity,CQ22023,1.72,2.5,1.4829999999999999,1.0170000000000001
INTC,Intel,Net Positivity,CQ32023,2.5,2.18,1.917999999999999,0.2620000000000011
INTC,Intel,Net Positivity,CQ42023,2.18,2.26,2.193799999999999,0.0662000000000007
INTC,Intel,Net Positivity,CQ12024,2.26,2.04,2.1862999999999997,-0.14629999999999965
INTC,Intel,Net Positivity,CQ22024,2.04,1.73,1.8337999999999992,-0.10379999999999923
INTC,Intel,Net Positivity,CQ32024,1.73,1.71,2.0162999999999993,-0.30629999999999935
INTC,Intel,Numeric Transeprency,CQ12022,2.42,2.04,2.0332999999999983,0.006700000000001705
INTC,Intel,Numeric Transeprency,CQ22022,2.04,1.81,1.8531999999999997,-0.04319999999999968
INTC,Intel,Numeric Transeprency,CQ32022,1.81,2.39,2.0694999999999997,0.32050000000000045
INTC,Intel,Numeric Transeprency,CQ42022,2.39,3.03,2.141299999999999,0.8887000000000009
INTC,Intel,Numeric Transeprency,CQ12023,3.03,2.01,2.336300000000001,-0.32630000000000114
INTC,Intel,Numeric Transeprency,CQ22023,2.01,1.79,1.9647999999999994,-0.1747999999999994
INTC,Intel,Numeric Transeprency,CQ32023,1.79,2.18,2.4925999999999995,-0.3125999999999993
INTC,Intel,Numeric Transeprency,CQ42023,2.18,2.82,2.403100000000001,0.4168999999999987
INTC,Intel,Numeric Transeprency,CQ12024,2.82,1.9,2.017900000000001,-0.117900000000001
INTC,Intel,Numeric Transeprency,CQ22024,1.9,2.05,2.074900000000001,-0.024900000000001032
INTC,Intel,Numeric Transeprency,CQ32024,2.05,2.01,2.2857,-0.27570000000000006
INTU,Intuit,Analyst Selectivity Ratio,CQ12022,61.9,31.82,45.18899999999997,-13.368999999999971
INTU,Intuit,Analyst Selectivity Ratio,CQ22022,31.82,44.44,47.2712,-2.8312000000000026
INTU,Intuit,Analyst Selectivity Ratio,CQ32022,44.44,45.0,39.556299999999986,5.443700000000014
INTU,Intuit,Analyst Selectivity Ratio,CQ42022,45.0,40.0,45.481399999999994,-5.481399999999994
INTU,Intuit,Analyst Selectivity Ratio,CQ12023,40.0,37.5,43.2413,-5.7413000000000025
INTU,Intuit,Analyst Selectivity Ratio,CQ22023,37.5,37.5,42.6608,-5.160800000000002
INTU,Intuit,Analyst Selectivity Ratio,CQ32023,37.5,29.63,41.83979999999999,-12.20979999999999
INTU,Intuit,Analyst Selectivity Ratio,CQ42023,29.63,43.48,33.72959999999999,9.750400000000006
INTU,Intuit,Analyst Selectivity Ratio,CQ12024,43.48,57.14,39.893999999999984,17.246000000000016
INTU,Intuit,Analyst Selectivity Ratio,CQ22024,57.14,33.33,49.69009999999999,-16.36009999999999
INTU,Intuit,Analyst Selectivity Ratio,CQ32024,33.33,28.0,39.791,-11.790999999999997
INTU,Intuit,Language Complexity,CQ12022,12.36,11.86,12.483399999999996,-0.6233999999999966
INTU,Intuit,Language Complexity,CQ22022,11.86,11.9,12.262700000000002,-0.362700000000002
INTU,Intuit,Language Complexity,CQ32022,11.9,12.12,11.911499999999998,0.2085000000000008
INTU,Intuit,Language Complexity,CQ42022,12.12,12.15,11.7721,0.37790000000000035
INTU,Intuit,Language Complexity,CQ12023,12.15,12.31,11.917099999999998,0.3929000000000027
INTU,Intuit,Language Complexity,CQ22023,12.31,12.18,12.2776,-0.09759999999999991
INTU,Intuit,Language Complexity,CQ32023,12.18,11.81,12.220899999999995,-0.4108999999999945
INTU,Intuit,Language Complexity,CQ42023,11.81,12.51,11.9448,0.565199999999999
INTU,Intuit,Language Complexity,CQ12024,12.51,12.26,12.260199999999996,-0.00019999999999598117
INTU,Intuit,Language Complexity,CQ22024,12.26,12.5,12.5592,-0.059200000000000585
INTU,Intuit,Language Complexity,CQ32024,12.5,12.46,12.323399999999994,0.13660000000000672
INTU,Intuit,Net Positivity,CQ12022,1.48,0.9,1.3234000000000001,-0.4234000000000001
INTU,Intuit,Net Positivity,CQ22022,0.9,1.25,1.2461000000000002,0.0038999999999997925
INTU,Intuit,Net Positivity,CQ32022,1.25,1.08,1.1703000000000001,-0.09030000000000005
INTU,Intuit,Net Positivity,CQ42022,1.08,1.81,1.1894999999999998,0.6205000000000003
INTU,Intuit,Net Positivity,CQ12023,1.81,1.02,1.3281999999999998,-0.3081999999999998
INTU,Intuit,Net Positivity,CQ22023,1.02,1.74,1.2457,0.49429999999999996
INTU,Intuit,Net Positivity,CQ32023,1.74,1.46,1.3462999999999996,0.11370000000000036
INTU,Intuit,Net Positivity,CQ42023,1.46,1.7,1.6391999999999995,0.06080000000000041
INTU,Intuit,Net Positivity,CQ12024,1.7,1.65,1.540000000000001,0.10999999999999899
INTU,Intuit,Net Positivity,CQ22024,1.65,1.52,1.6736000000000002,-0.15360000000000018
INTU,Intuit,Net Positivity,CQ32024,1.52,1.84,1.525,0.31500000000000017
INTU,Intuit,Numeric Transeprency,CQ12022,1.33,2.19,1.2215000000000003,0.9684999999999997
INTU,Intuit,Numeric Transeprency,CQ22022,2.19,2.59,1.6378999999999992,0.9521000000000006
INTU,Intuit,Numeric Transeprency,CQ32022,2.59,1.68,1.9304999999999999,-0.25049999999999994
INTU,Intuit,Numeric Transeprency,CQ42022,1.68,1.65,1.8083000000000005,-0.15830000000000055
INTU,Intuit,Numeric Transeprency,CQ12023,1.65,2.23,2.130500000000002,0.09949999999999815
INTU,Intuit,Numeric Transeprency,CQ22023,2.23,2.34,2.2553,0.08469999999999978
INTU,Intuit,Numeric Transeprency,CQ32023,2.34,1.58,1.9876000000000011,-0.4076000000000011
INTU,Intuit,Numeric Transeprency,CQ42023,1.58,1.55,1.9898999999999993,-0.4398999999999993
INTU,Intuit,Numeric Transeprency,CQ12024,1.55,2.26,1.9981999999999993,0.2618000000000005
INTU,Intuit,Numeric Transeprency,CQ22024,2.26,2.71,2.1266000000000003,0.5833999999999997
INTU,Intuit,Numeric Transeprency,CQ32024,2.71,1.48,1.8122,-0.33220000000000005
IP,International Paper,Analyst Selectivity Ratio,CQ12022,64.29,57.14,59.5663,-2.4262999999999977
IP,International Paper,Analyst Selectivity Ratio,CQ22022,57.14,53.85,57.1646,-3.3145999999999987
IP,International Paper,Analyst Selectivity Ratio,CQ32022,53.85,53.85,57.28689999999999,-3.436899999999987
IP,International Paper,Analyst Selectivity Ratio,CQ42022,53.85,50.0,52.92470000000001,-2.9247000000000085
IP,International Paper,Analyst Selectivity Ratio,CQ12023,50.0,60.0,47.912400000000005,12.087599999999995
IP,International Paper,Analyst Selectivity Ratio,CQ22023,60.0,60.0,57.41870000000001,2.5812999999999917
IP,International Paper,Analyst Selectivity Ratio,CQ32023,60.0,66.67,58.30320000000002,8.366799999999984
IP,International Paper,Analyst Selectivity Ratio,CQ42023,66.67,60.0,58.9053,1.0947000000000031
IP,International Paper,Analyst Selectivity Ratio,CQ12024,60.0,62.5,57.452500000000015,5.047499999999985
IP,International Paper,Analyst Selectivity Ratio,CQ22024,62.5,71.43,60.86110000000002,10.568899999999985
IP,International Paper,Analyst Selectivity Ratio,CQ32024,71.43,44.44,63.8684,-19.428400000000003
IP,International Paper,Language Complexity,CQ12022,11.98,12.14,12.116300000000006,0.023699999999994503
IP,International Paper,Language Complexity,CQ22022,12.14,11.62,12.0441,-0.42410000000000103
IP,International Paper,Language Complexity,CQ32022,11.62,12.55,12.014400000000006,0.5355999999999952
IP,International Paper,Language Complexity,CQ42022,12.55,12.67,12.3421,0.32789999999999964
IP,International Paper,Language Complexity,CQ12023,12.67,12.16,12.104099999999999,0.05590000000000117
IP,International Paper,Language Complexity,CQ22023,12.16,12.17,11.881400000000003,0.2885999999999971
IP,International Paper,Language Complexity,CQ32023,12.17,11.85,12.3617,-0.5117000000000012
IP,International Paper,Language Complexity,CQ42023,11.85,12.35,11.922300000000009,0.42769999999999087
IP,International Paper,Language Complexity,CQ12024,12.35,12.25,12.1646,0.08539999999999992
IP,International Paper,Language Complexity,CQ22024,12.25,11.07,12.2356,-1.1655999999999995
IP,International Paper,Language Complexity,CQ32024,11.07,11.3,11.486100000000004,-0.18610000000000326
IP,International Paper,Net Positivity,CQ12022,0.3,1.39,0.8305000000000002,0.5594999999999997
IP,International Paper,Net Positivity,CQ22022,1.39,1.44,1.0937000000000001,0.34629999999999983
IP,International Paper,Net Positivity,CQ32022,1.44,0.5,1.0056000000000003,-0.5056000000000003
IP,International Paper,Net Positivity,CQ42022,0.5,1.16,0.8251000000000004,0.33489999999999953
IP,International Paper,Net Positivity,CQ12023,1.16,0.8,1.1293,-0.3292999999999999
IP,International Paper,Net Positivity,CQ22023,0.8,0.56,1.0864000000000005,-0.5264000000000004
IP,International Paper,Net Positivity,CQ32023,0.56,1.85,0.8263000000000003,1.0236999999999998
IP,International Paper,Net Positivity,CQ42023,1.85,1.17,1.1467999999999996,0.02320000000000033
IP,International Paper,Net Positivity,CQ12024,1.17,0.9,1.2413999999999996,-0.3413999999999996
IP,International Paper,Net Positivity,CQ22024,0.9,1.16,1.27,-0.1100000000000001
IP,International Paper,Net Positivity,CQ32024,1.16,1.56,1.1973000000000003,0.3626999999999998
IP,International Paper,Numeric Transeprency,CQ12022,2.66,2.03,1.8979999999999992,0.13200000000000056
IP,International Paper,Numeric Transeprency,CQ22022,2.03,1.46,2.1300000000000003,-0.6700000000000004
IP,International Paper,Numeric Transeprency,CQ32022,1.46,1.33,1.7400000000000009,-0.4100000000000008
IP,International Paper,Numeric Transeprency,CQ42022,1.33,2.15,2.1507,-0.000700000000000145
IP,International Paper,Numeric Transeprency,CQ12023,2.15,1.24,1.6998,-0.4598
IP,International Paper,Numeric Transeprency,CQ22023,1.24,1.26,1.5635999999999999,-0.30359999999999987
IP,International Paper,Numeric Transeprency,CQ32023,1.26,1.35,1.5731,-0.22309999999999985
IP,International Paper,Numeric Transeprency,CQ42023,1.35,1.49,1.6998999999999989,-0.20989999999999887
IP,International Paper,Numeric Transeprency,CQ12024,1.49,1.79,1.3588999999999996,0.4311000000000005
IP,International Paper,Numeric Transeprency,CQ22024,1.79,1.73,1.5189,0.21110000000000007
IP,International Paper,Numeric Transeprency,CQ32024,1.73,1.74,1.5804999999999996,0.15950000000000042
IRM,Iron Mountain,Analyst Selectivity Ratio,CQ12022,100.0,100.0,69.0975,30.902500000000003
IRM,Iron Mountain,Analyst Selectivity Ratio,CQ22022,100.0,66.67,72.97649999999999,-6.306499999999986
IRM,Iron Mountain,Analyst Selectivity Ratio,CQ32022,66.67,83.33,73.9685,9.361499999999992
IRM,Iron Mountain,Analyst Selectivity Ratio,CQ42022,83.33,33.33,74.78119999999998,-41.451199999999986
IRM,Iron Mountain,Analyst Selectivity Ratio,CQ12023,33.33,83.33,56.09490000000002,27.23509999999998
IRM,Iron Mountain,Analyst Selectivity Ratio,CQ22023,83.33,83.33,74.18939999999996,9.140600000000035
IRM,Iron Mountain,Analyst Selectivity Ratio,CQ32023,83.33,80.0,71.44909999999999,8.550900000000013
IRM,Iron Mountain,Analyst Selectivity Ratio,CQ42023,80.0,80.0,71.17389999999999,8.826100000000011
IRM,Iron Mountain,Analyst Selectivity Ratio,CQ12024,80.0,50.0,74.39189999999999,-24.391899999999993
IRM,Iron Mountain,Analyst Selectivity Ratio,CQ22024,50.0,80.0,63.842600000000004,16.157399999999996
IRM,Iron Mountain,Analyst Selectivity Ratio,CQ32024,80.0,100.0,66.9788,33.02119999999999
IRM,Iron Mountain,Language Complexity,CQ12022,12.87,12.71,13.3626,-0.6525999999999996
IRM,Iron Mountain,Language Complexity,CQ22022,12.71,13.61,12.9678,0.642199999999999
IRM,Iron Mountain,Language Complexity,CQ32022,13.61,13.84,13.127600000000003,0.712399999999997
IRM,Iron Mountain,Language Complexity,CQ42022,13.84,13.62,13.337899999999996,0.28210000000000335
IRM,Iron Mountain,Language Complexity,CQ12023,13.62,13.4,13.455400000000008,-0.055400000000007665
IRM,Iron Mountain,Language Complexity,CQ22023,13.4,13.39,13.573599999999994,-0.1835999999999931
IRM,Iron Mountain,Language Complexity,CQ32023,13.39,13.55,13.341099999999997,0.20890000000000342
IRM,Iron Mountain,Language Complexity,CQ42023,13.55,13.09,13.473899999999992,-0.3838999999999917
IRM,Iron Mountain,Language Complexity,CQ12024,13.09,12.75,13.494899999999996,-0.7448999999999959
IRM,Iron Mountain,Language Complexity,CQ22024,12.75,13.0,13.0825,-0.08249999999999957
IRM,Iron Mountain,Language Complexity,CQ32024,13.0,12.48,12.816299999999998,-0.3362999999999978
IRM,Iron Mountain,Net Positivity,CQ12022,1.81,1.9,1.6274000000000002,0.27259999999999973
IRM,Iron Mountain,Net Positivity,CQ22022,1.9,2.12,1.6268999999999998,0.4931000000000003
IRM,Iron Mountain,Net Positivity,CQ32022,2.12,1.61,1.8500999999999994,-0.24009999999999931
IRM,Iron Mountain,Net Positivity,CQ42022,1.61,1.85,1.9850999999999994,-0.13509999999999933
IRM,Iron Mountain,Net Positivity,CQ12023,1.85,1.56,1.9049999999999998,-0.34499999999999975
IRM,Iron Mountain,Net Positivity,CQ22023,1.56,1.42,1.7005,-0.28049999999999997
IRM,Iron Mountain,Net Positivity,CQ32023,1.42,1.86,1.5189000000000008,0.3410999999999993
IRM,Iron Mountain,Net Positivity,CQ42023,1.86,1.82,1.8169999999999993,0.00300000000000078
IRM,Iron Mountain,Net Positivity,CQ12024,1.82,2.07,1.6347,0.4352999999999998
IRM,Iron Mountain,Net Positivity,CQ22024,2.07,1.82,1.8154999999999994,0.004500000000000615
IRM,Iron Mountain,Net Positivity,CQ32024,1.82,1.49,2.2664,-0.7764
IRM,Iron Mountain,Numeric Transeprency,CQ12022,2.83,2.52,2.5073000000000003,0.012699999999999712
IRM,Iron Mountain,Numeric Transeprency,CQ22022,2.52,1.76,2.4851000000000014,-0.7251000000000014
IRM,Iron Mountain,Numeric Transeprency,CQ32022,1.76,2.55,2.2426000000000004,0.30739999999999945
IRM,Iron Mountain,Numeric Transeprency,CQ42022,2.55,3.74,2.5954000000000015,1.1445999999999987
IRM,Iron Mountain,Numeric Transeprency,CQ12023,3.74,1.66,2.6702999999999997,-1.0102999999999998
IRM,Iron Mountain,Numeric Transeprency,CQ22023,1.66,1.71,2.2019,-0.4919000000000002
IRM,Iron Mountain,Numeric Transeprency,CQ32023,1.71,2.22,2.4816000000000007,-0.2616000000000005
IRM,Iron Mountain,Numeric Transeprency,CQ42023,2.22,2.9,2.6374,0.26259999999999994
IRM,Iron Mountain,Numeric Transeprency,CQ12024,2.9,1.94,2.0311,-0.09109999999999996
IRM,Iron Mountain,Numeric Transeprency,CQ22024,1.94,2.0,1.9071999999999998,0.09280000000000022
IRM,Iron Mountain,Numeric Transeprency,CQ32024,2.0,2.59,2.5490999999999997,0.04090000000000016
ISRG,Intuitive Surgical,Analyst Selectivity Ratio,CQ12022,23.53,25.0,26.381499999999996,-1.3814999999999955
ISRG,Intuitive Surgical,Analyst Selectivity Ratio,CQ22022,25.0,33.33,25.568599999999993,7.761400000000005
ISRG,Intuitive Surgical,Analyst Selectivity Ratio,CQ32022,33.33,42.11,29.1465,12.9635
ISRG,Intuitive Surgical,Analyst Selectivity Ratio,CQ42022,42.11,33.33,33.367900000000006,-0.037900000000007594
ISRG,Intuitive Surgical,Analyst Selectivity Ratio,CQ12023,33.33,30.0,36.4991,-6.4990999999999985
ISRG,Intuitive Surgical,Analyst Selectivity Ratio,CQ22023,30.0,31.82,30.312400000000004,1.5075999999999965
ISRG,Intuitive Surgical,Analyst Selectivity Ratio,CQ32023,31.82,30.77,36.415200000000006,-5.645200000000006
ISRG,Intuitive Surgical,Analyst Selectivity Ratio,CQ42023,30.77,21.43,33.36230000000001,-11.932300000000012
ISRG,Intuitive Surgical,Analyst Selectivity Ratio,CQ12024,21.43,30.77,28.796000000000003,1.9739999999999966
ISRG,Intuitive Surgical,Analyst Selectivity Ratio,CQ22024,30.77,32.0,29.877700000000004,2.1222999999999956
ISRG,Intuitive Surgical,Analyst Selectivity Ratio,CQ32024,32.0,25.0,29.5594,-4.5594
ISRG,Intuitive Surgical,Language Complexity,CQ12022,13.8,13.23,13.424000000000001,-0.19400000000000084
ISRG,Intuitive Surgical,Language Complexity,CQ22022,13.23,13.36,13.3951,-0.03509999999999991
ISRG,Intuitive Surgical,Language Complexity,CQ32022,13.36,12.99,13.419800000000002,-0.42980000000000196
ISRG,Intuitive Surgical,Language Complexity,CQ42022,12.99,14.04,13.253099999999996,0.7869000000000028
ISRG,Intuitive Surgical,Language Complexity,CQ12023,14.04,13.18,13.066400000000002,0.11359999999999815
ISRG,Intuitive Surgical,Language Complexity,CQ22023,13.18,13.41,13.309299999999993,0.1007000000000069
ISRG,Intuitive Surgical,Language Complexity,CQ32023,13.41,12.64,13.284899999999999,-0.644899999999998
ISRG,Intuitive Surgical,Language Complexity,CQ42023,12.64,12.42,13.123999999999993,-0.7039999999999935
ISRG,Intuitive Surgical,Language Complexity,CQ12024,12.42,12.03,12.7121,-0.6821000000000002
ISRG,Intuitive Surgical,Language Complexity,CQ22024,12.03,11.91,12.312399999999995,-0.40239999999999476
ISRG,Intuitive Surgical,Language Complexity,CQ32024,11.91,12.9,12.044400000000001,0.855599999999999
ISRG,Intuitive Surgical,Net Positivity,CQ12022,0.84,0.35,0.7184999999999998,-0.3684999999999998
ISRG,Intuitive Surgical,Net Positivity,CQ22022,0.35,0.71,0.8042000000000002,-0.09420000000000028
ISRG,Intuitive Surgical,Net Positivity,CQ32022,0.71,0.76,0.6030000000000001,0.15699999999999992
ISRG,Intuitive Surgical,Net Positivity,CQ42022,0.76,0.79,0.7469000000000001,0.043099999999999916
ISRG,Intuitive Surgical,Net Positivity,CQ12023,0.79,0.76,0.6918999999999998,0.06810000000000016
ISRG,Intuitive Surgical,Net Positivity,CQ22023,0.76,0.89,0.8220000000000005,0.0679999999999995
ISRG,Intuitive Surgical,Net Positivity,CQ32023,0.89,0.43,0.9782999999999997,-0.5482999999999998
ISRG,Intuitive Surgical,Net Positivity,CQ42023,0.43,1.37,0.8603000000000004,0.5096999999999997
ISRG,Intuitive Surgical,Net Positivity,CQ12024,1.37,0.84,1.0957000000000003,-0.25570000000000037
ISRG,Intuitive Surgical,Net Positivity,CQ22024,0.84,1.0,1.1013000000000002,-0.10130000000000017
ISRG,Intuitive Surgical,Net Positivity,CQ32024,1.0,1.45,1.0575999999999999,0.3924000000000001
ISRG,Intuitive Surgical,Numeric Transeprency,CQ12022,3.32,3.18,2.7851999999999997,0.3948000000000005
ISRG,Intuitive Surgical,Numeric Transeprency,CQ22022,3.18,2.74,2.6958,0.04420000000000002
ISRG,Intuitive Surgical,Numeric Transeprency,CQ32022,2.74,2.83,2.9687,-0.13870000000000005
ISRG,Intuitive Surgical,Numeric Transeprency,CQ42022,2.83,3.3,3.3858000000000015,-0.08580000000000165
ISRG,Intuitive Surgical,Numeric Transeprency,CQ12023,3.3,2.57,2.952399999999999,-0.3823999999999992
ISRG,Intuitive Surgical,Numeric Transeprency,CQ22023,2.57,2.47,2.4556,0.01440000000000019
ISRG,Intuitive Surgical,Numeric Transeprency,CQ32023,2.47,3.03,2.9597,0.07029999999999959
ISRG,Intuitive Surgical,Numeric Transeprency,CQ42023,3.03,3.76,3.0563999999999987,0.7036000000000011
ISRG,Intuitive Surgical,Numeric Transeprency,CQ12024,3.76,2.81,2.9535,-0.14349999999999996
ISRG,Intuitive Surgical,Numeric Transeprency,CQ22024,2.81,2.61,2.7901999999999987,-0.1801999999999988
ISRG,Intuitive Surgical,Numeric Transeprency,CQ32024,2.61,3.17,3.3100999999999994,-0.14009999999999945
ITW,Illinois Tool Works,Analyst Selectivity Ratio,CQ12022,33.33,33.33,36.47469999999999,-3.144699999999993
ITW,Illinois Tool Works,Analyst Selectivity Ratio,CQ22022,33.33,33.33,33.5698,-0.23980000000000246
ITW,Illinois Tool Works,Analyst Selectivity Ratio,CQ32022,33.33,50.0,32.1559,17.844099999999997
ITW,Illinois Tool Works,Analyst Selectivity Ratio,CQ42022,50.0,26.32,40.25312000000001,-13.93312000000001
ITW,Illinois Tool Works,Analyst Selectivity Ratio,CQ12023,26.32,35.0,33.88590000000001,1.1140999999999934
ITW,Illinois Tool Works,Analyst Selectivity Ratio,CQ22023,35.0,30.0,33.0075,-3.0075000000000003
ITW,Illinois Tool Works,Analyst Selectivity Ratio,CQ32023,30.0,38.89,34.51339999999999,4.3766000000000105
ITW,Illinois Tool Works,Analyst Selectivity Ratio,CQ42023,38.89,35.29,34.351200000000006,0.9387999999999934
ITW,Illinois Tool Works,Analyst Selectivity Ratio,CQ12024,35.29,16.67,34.94319999999999,-18.27319999999999
ITW,Illinois Tool Works,Analyst Selectivity Ratio,CQ22024,16.67,33.33,34.83400000000002,-1.504000000000019
ITW,Illinois Tool Works,Analyst Selectivity Ratio,CQ32024,33.33,25.0,36.61930000000001,-11.61930000000001
ITW,Illinois Tool Works,Language Complexity,CQ12022,12.8,11.47,12.467000000000002,-0.9970000000000017
ITW,Illinois Tool Works,Language Complexity,CQ22022,11.47,11.89,12.079000000000006,-0.18900000000000539
ITW,Illinois Tool Works,Language Complexity,CQ32022,11.89,12.01,11.889400000000002,0.12059999999999782
ITW,Illinois Tool Works,Language Complexity,CQ42022,12.01,11.92,11.709100000000003,0.21089999999999698
ITW,Illinois Tool Works,Language Complexity,CQ12023,11.92,11.09,11.991600000000004,-0.9016000000000037
ITW,Illinois Tool Works,Language Complexity,CQ22023,11.09,12.02,11.700700000000001,0.31929999999999836
ITW,Illinois Tool Works,Language Complexity,CQ32023,12.02,12.05,11.821499999999997,0.22850000000000392
ITW,Illinois Tool Works,Language Complexity,CQ42023,12.05,12.72,11.904399999999999,0.8156000000000017
ITW,Illinois Tool Works,Language Complexity,CQ12024,12.72,11.64,11.971200000000003,-0.3312000000000026
ITW,Illinois Tool Works,Language Complexity,CQ22024,11.64,12.67,12.272600000000004,0.39739999999999576
ITW,Illinois Tool Works,Language Complexity,CQ32024,12.67,12.76,12.344799999999998,0.41520000000000223
ITW,Illinois Tool Works,Net Positivity,CQ12022,1.11,0.84,0.7673000000000001,0.07269999999999988
ITW,Illinois Tool Works,Net Positivity,CQ22022,0.84,0.78,0.6843999999999998,0.09560000000000024
ITW,Illinois Tool Works,Net Positivity,CQ32022,0.78,0.57,0.7585,-0.1885
ITW,Illinois Tool Works,Net Positivity,CQ42022,0.57,1.26,0.7477999999999996,0.5122000000000004
ITW,Illinois Tool Works,Net Positivity,CQ12023,1.26,0.91,1.0534000000000006,-0.14340000000000053
ITW,Illinois Tool Works,Net Positivity,CQ22023,0.91,1.63,1.0175999999999994,0.6124000000000005
ITW,Illinois Tool Works,Net Positivity,CQ32023,1.63,1.41,1.2075999999999996,0.20240000000000036
ITW,Illinois Tool Works,Net Positivity,CQ42023,1.41,1.19,1.3825999999999996,-0.19259999999999966
ITW,Illinois Tool Works,Net Positivity,CQ12024,1.19,1.56,1.2921000000000005,0.2678999999999996
ITW,Illinois Tool Works,Net Positivity,CQ22024,1.56,1.39,1.286599999999999,0.10340000000000082
ITW,Illinois Tool Works,Net Positivity,CQ32024,1.39,1.61,1.3341999999999998,0.27580000000000027
ITW,Illinois Tool Works,Numeric Transeprency,CQ12022,4.05,3.77,2.6433,1.1267
ITW,Illinois Tool Works,Numeric Transeprency,CQ22022,3.77,3.68,3.488700000000001,0.19129999999999914
ITW,Illinois Tool Works,Numeric Transeprency,CQ32022,3.68,3.06,3.8316999999999983,-0.7716999999999983
ITW,Illinois Tool Works,Numeric Transeprency,CQ42022,3.06,4.85,3.3947000000000003,1.4552999999999994
ITW,Illinois Tool Works,Numeric Transeprency,CQ12023,4.85,3.11,3.7800500000000006,-0.6700500000000007
ITW,Illinois Tool Works,Numeric Transeprency,CQ22023,3.11,4.1,3.516099999999999,0.5839000000000008
ITW,Illinois Tool Works,Numeric Transeprency,CQ32023,4.1,3.26,4.100400000000002,-0.8404000000000025
ITW,Illinois Tool Works,Numeric Transeprency,CQ42023,3.26,4.36,3.875100000000005,0.4848999999999952
ITW,Illinois Tool Works,Numeric Transeprency,CQ12024,4.36,3.79,4.013599999999998,-0.22359999999999758
ITW,Illinois Tool Works,Numeric Transeprency,CQ22024,3.79,3.76,3.6768,0.08319999999999972
ITW,Illinois Tool Works,Numeric Transeprency,CQ32024,3.76,3.47,3.9526000000000017,-0.4826000000000015
IVZ,Invesco,Analyst Selectivity Ratio,CQ12022,64.29,57.14,59.2505,-2.110500000000002
IVZ,Invesco,Analyst Selectivity Ratio,CQ22022,57.14,41.67,61.1199,-19.4499
IVZ,Invesco,Analyst Selectivity Ratio,CQ32022,41.67,50.0,44.98199999999999,5.018000000000008
IVZ,Invesco,Analyst Selectivity Ratio,CQ42022,50.0,57.14,51.00219999999999,6.137800000000013
IVZ,Invesco,Analyst Selectivity Ratio,CQ12023,57.14,28.57,51.395200000000024,-22.825200000000024
IVZ,Invesco,Analyst Selectivity Ratio,CQ22023,28.57,42.86,41.87219999999999,0.9878000000000071
IVZ,Invesco,Analyst Selectivity Ratio,CQ32023,42.86,57.14,42.41379999999998,14.72620000000002
IVZ,Invesco,Analyst Selectivity Ratio,CQ42023,57.14,50.0,45.753,4.247
IVZ,Invesco,Analyst Selectivity Ratio,CQ12024,50.0,42.86,46.52409999999998,-3.6640999999999835
IVZ,Invesco,Analyst Selectivity Ratio,CQ22024,42.86,57.14,46.0386,11.101399999999998
IVZ,Invesco,Analyst Selectivity Ratio,CQ32024,57.14,53.85,54.46650000000002,-0.6165000000000163
IVZ,Invesco,Language Complexity,CQ12022,11.96,12.11,12.0808,0.02919999999999945
IVZ,Invesco,Language Complexity,CQ22022,12.11,12.35,11.958199999999998,0.3918000000000017
IVZ,Invesco,Language Complexity,CQ32022,12.35,12.1,12.284599999999996,-0.1845999999999961
IVZ,Invesco,Language Complexity,CQ42022,12.1,13.07,12.224700000000002,0.8452999999999982
IVZ,Invesco,Language Complexity,CQ12023,13.07,12.58,12.478999999999992,0.10100000000000797
IVZ,Invesco,Language Complexity,CQ22023,12.58,13.34,12.7631,0.5769000000000002
IVZ,Invesco,Language Complexity,CQ32023,13.34,13.28,12.783599999999993,0.4964000000000066
IVZ,Invesco,Language Complexity,CQ42023,13.28,13.41,13.231599999999993,0.178400000000007
IVZ,Invesco,Language Complexity,CQ12024,13.41,13.31,13.397600000000004,-0.08760000000000367
IVZ,Invesco,Language Complexity,CQ22024,13.31,13.14,13.3508,-0.210799999999999
IVZ,Invesco,Language Complexity,CQ32024,13.14,12.58,13.53449999999999,-0.9544999999999906
IVZ,Invesco,Net Positivity,CQ12022,1.8,1.27,1.301500000000001,-0.03150000000000097
IVZ,Invesco,Net Positivity,CQ22022,1.27,0.6,1.1597000000000002,-0.5597000000000002
IVZ,Invesco,Net Positivity,CQ32022,0.6,0.51,0.9678,-0.4578
IVZ,Invesco,Net Positivity,CQ42022,0.51,0.92,0.8258000000000004,0.09419999999999962
IVZ,Invesco,Net Positivity,CQ12023,0.92,1.57,0.7936999999999997,0.7763000000000003
IVZ,Invesco,Net Positivity,CQ22023,1.57,1.31,1.340599999999999,-0.03059999999999885
IVZ,Invesco,Net Positivity,CQ32023,1.31,1.4,1.1963,0.2037
IVZ,Invesco,Net Positivity,CQ42023,1.4,1.22,1.3807000000000005,-0.1607000000000005
IVZ,Invesco,Net Positivity,CQ12024,1.22,1.25,1.2485000000000004,0.0014999999999996128
IVZ,Invesco,Net Positivity,CQ22024,1.25,2.0,1.1831,0.8169
IVZ,Invesco,Net Positivity,CQ32024,2.0,2.1,1.4962999999999989,0.6037000000000012
IVZ,Invesco,Numeric Transeprency,CQ12022,3.02,2.47,2.1375999999999995,0.3324000000000007
IVZ,Invesco,Numeric Transeprency,CQ22022,2.47,1.79,2.346400000000001,-0.5564000000000009
IVZ,Invesco,Numeric Transeprency,CQ32022,1.79,1.63,2.193900000000002,-0.5639000000000021
IVZ,Invesco,Numeric Transeprency,CQ42022,1.63,2.09,2.1561999999999997,-0.06619999999999981
IVZ,Invesco,Numeric Transeprency,CQ12023,2.09,2.19,2.1338000000000004,0.056199999999999584
IVZ,Invesco,Numeric Transeprency,CQ22023,2.19,2.19,1.779600000000001,0.410399999999999
IVZ,Invesco,Numeric Transeprency,CQ32023,2.19,2.02,2.1763999999999992,-0.1563999999999992
IVZ,Invesco,Numeric Transeprency,CQ42023,2.02,2.38,2.2071000000000005,0.1728999999999994
IVZ,Invesco,Numeric Transeprency,CQ12024,2.38,2.26,2.5645000000000016,-0.30450000000000177
IVZ,Invesco,Numeric Transeprency,CQ22024,2.26,2.13,2.3908,-0.26080000000000014
IVZ,Invesco,Numeric Transeprency,CQ32024,2.13,1.79,2.2434000000000003,-0.45340000000000025
JNJ,Johnson & Johnson,Analyst Selectivity Ratio,CQ12022,47.06,50.0,45.915300000000016,4.084699999999984
JNJ,Johnson & Johnson,Analyst Selectivity Ratio,CQ22022,50.0,41.18,44.586600000000004,-3.4066000000000045
JNJ,Johnson & Johnson,Analyst Selectivity Ratio,CQ32022,41.18,41.18,46.9325,-5.752499999999998
JNJ,Johnson & Johnson,Analyst Selectivity Ratio,CQ42022,41.18,37.5,47.3942,-9.894199999999998
JNJ,Johnson & Johnson,Analyst Selectivity Ratio,CQ12023,37.5,33.33,42.113900000000015,-8.783900000000017
JNJ,Johnson & Johnson,Analyst Selectivity Ratio,CQ22023,33.33,35.0,35.695699999999995,-0.6956999999999951
JNJ,Johnson & Johnson,Analyst Selectivity Ratio,CQ32023,35.0,71.43,39.32170000000001,32.1083
JNJ,Johnson & Johnson,Analyst Selectivity Ratio,CQ42023,71.43,52.63,48.12979999999999,4.500200000000014
JNJ,Johnson & Johnson,Analyst Selectivity Ratio,CQ12024,52.63,31.58,42.221000000000004,-10.641000000000005
JNJ,Johnson & Johnson,Analyst Selectivity Ratio,CQ22024,31.58,63.64,46.54829999999998,17.091700000000017
JNJ,Johnson & Johnson,Analyst Selectivity Ratio,CQ32024,63.64,31.25,56.991499999999995,-25.741499999999995
JNJ,Johnson & Johnson,Language Complexity,CQ12022,15.2,13.82,13.415499999999986,0.40450000000001474
JNJ,Johnson & Johnson,Language Complexity,CQ22022,13.82,14.31,14.352000000000006,-0.042000000000005144
JNJ,Johnson & Johnson,Language Complexity,CQ32022,14.31,13.65,14.00120000000001,-0.3512000000000093
JNJ,Johnson & Johnson,Language Complexity,CQ42022,13.65,14.57,14.033400000000006,0.5365999999999946
JNJ,Johnson & Johnson,Language Complexity,CQ12023,14.57,13.12,14.371000000000004,-1.2510000000000048
JNJ,Johnson & Johnson,Language Complexity,CQ22023,13.12,14.11,13.4646,0.6453999999999986
JNJ,Johnson & Johnson,Language Complexity,CQ32023,14.11,13.49,14.008399999999996,-0.5183999999999962
JNJ,Johnson & Johnson,Language Complexity,CQ42023,13.49,13.42,13.662399999999998,-0.24239999999999817
JNJ,Johnson & Johnson,Language Complexity,CQ12024,13.42,13.67,13.816899999999997,-0.14689999999999692
JNJ,Johnson & Johnson,Language Complexity,CQ22024,13.67,13.54,13.700100000000003,-0.16010000000000346
JNJ,Johnson & Johnson,Language Complexity,CQ32024,13.54,13.77,13.810299999999994,-0.040299999999994895
JNJ,Johnson & Johnson,Net Positivity,CQ12022,1.64,1.08,1.5179999999999996,-0.4379999999999995
JNJ,Johnson & Johnson,Net Positivity,CQ22022,1.08,1.95,1.4140999999999997,0.5359000000000003
JNJ,Johnson & Johnson,Net Positivity,CQ32022,1.95,1.09,1.3448000000000007,-0.2548000000000006
JNJ,Johnson & Johnson,Net Positivity,CQ42022,1.09,0.99,1.4112999999999998,-0.4212999999999998
JNJ,Johnson & Johnson,Net Positivity,CQ12023,0.99,1.5,1.1724000000000003,0.32759999999999967
JNJ,Johnson & Johnson,Net Positivity,CQ22023,1.5,1.32,1.3348,-0.014799999999999924
JNJ,Johnson & Johnson,Net Positivity,CQ32023,1.32,1.19,1.1787999999999998,0.011200000000000099
JNJ,Johnson & Johnson,Net Positivity,CQ42023,1.19,2.06,1.3598000000000001,0.7001999999999999
JNJ,Johnson & Johnson,Net Positivity,CQ12024,2.06,1.83,1.4649999999999994,0.36500000000000066
JNJ,Johnson & Johnson,Net Positivity,CQ22024,1.83,1.7,1.4372999999999996,0.2627000000000004
JNJ,Johnson & Johnson,Net Positivity,CQ32024,1.7,1.4,1.6495000000000002,-0.24950000000000028
JNJ,Johnson & Johnson,Numeric Transeprency,CQ12022,3.22,2.24,2.9633999999999996,-0.7233999999999994
JNJ,Johnson & Johnson,Numeric Transeprency,CQ22022,2.24,2.77,2.8300999999999994,-0.060099999999999376
JNJ,Johnson & Johnson,Numeric Transeprency,CQ32022,2.77,2.99,3.2046999999999985,-0.21469999999999834
JNJ,Johnson & Johnson,Numeric Transeprency,CQ42022,2.99,3.62,3.1039000000000017,0.5160999999999984
JNJ,Johnson & Johnson,Numeric Transeprency,CQ12023,3.62,2.98,2.7107,0.2692999999999999
JNJ,Johnson & Johnson,Numeric Transeprency,CQ22023,2.98,2.85,3.0304999999999995,-0.18049999999999944
JNJ,Johnson & Johnson,Numeric Transeprency,CQ32023,2.85,2.67,3.0338,-0.3637999999999999
JNJ,Johnson & Johnson,Numeric Transeprency,CQ42023,2.67,3.61,3.0069,0.6031
JNJ,Johnson & Johnson,Numeric Transeprency,CQ12024,3.61,2.56,2.8933,-0.33329999999999993
JNJ,Johnson & Johnson,Numeric Transeprency,CQ22024,2.56,3.12,2.7582999999999975,0.3617000000000026
JNJ,Johnson & Johnson,Numeric Transeprency,CQ32024,3.12,2.91,3.1024000000000007,-0.19240000000000057
JPM,JPMorgan Chase,Analyst Selectivity Ratio,CQ12022,36.0,40.0,40.465599999999995,-0.4655999999999949
JPM,JPMorgan Chase,Analyst Selectivity Ratio,CQ22022,40.0,37.5,37.41270000000001,0.08729999999999194
JPM,JPMorgan Chase,Analyst Selectivity Ratio,CQ32022,37.5,34.78,39.0898,-4.309799999999996
JPM,JPMorgan Chase,Analyst Selectivity Ratio,CQ42022,34.78,39.13,38.737799999999986,0.39220000000001676
JPM,JPMorgan Chase,Analyst Selectivity Ratio,CQ12023,39.13,37.5,37.30449999999999,0.19550000000000978
JPM,JPMorgan Chase,Analyst Selectivity Ratio,CQ22023,37.5,39.13,38.07649999999999,1.0535000000000139
JPM,JPMorgan Chase,Analyst Selectivity Ratio,CQ32023,39.13,34.78,35.94979999999999,-1.169799999999988
JPM,JPMorgan Chase,Analyst Selectivity Ratio,CQ42023,34.78,29.17,37.74069999999999,-8.570699999999988
JPM,JPMorgan Chase,Analyst Selectivity Ratio,CQ12024,29.17,31.82,32.4183,-0.5983000000000018
JPM,JPMorgan Chase,Analyst Selectivity Ratio,CQ22024,31.82,35.0,33.023,1.9769999999999968
JPM,JPMorgan Chase,Analyst Selectivity Ratio,CQ32024,35.0,42.11,35.936800000000005,6.173199999999994
JPM,JPMorgan Chase,Language Complexity,CQ12022,10.96,10.05,11.071100000000001,-1.0211000000000006
JPM,JPMorgan Chase,Language Complexity,CQ22022,10.05,9.59,10.718299999999997,-1.1282999999999976
JPM,JPMorgan Chase,Language Complexity,CQ32022,9.59,9.93,10.639299999999997,-0.7092999999999972
JPM,JPMorgan Chase,Language Complexity,CQ42022,9.93,10.99,10.425300000000002,0.5646999999999984
JPM,JPMorgan Chase,Language Complexity,CQ12023,10.99,10.16,10.572800000000003,-0.4128000000000025
JPM,JPMorgan Chase,Language Complexity,CQ22023,10.16,11.12,10.648600000000005,0.4713999999999938
JPM,JPMorgan Chase,Language Complexity,CQ32023,11.12,11.48,10.6691,0.8109000000000002
JPM,JPMorgan Chase,Language Complexity,CQ42023,11.48,11.23,11.114000000000003,0.11599999999999788
JPM,JPMorgan Chase,Language Complexity,CQ12024,11.23,10.95,11.139299999999999,-0.18929999999999936
JPM,JPMorgan Chase,Language Complexity,CQ22024,10.95,12.34,11.414999999999997,0.9250000000000025
JPM,JPMorgan Chase,Language Complexity,CQ32024,12.34,10.73,11.608699999999997,-0.8786999999999967
JPM,JPMorgan Chase,Net Positivity,CQ12022,0.38,-0.3,0.24640000000000023,-0.5464000000000002
JPM,JPMorgan Chase,Net Positivity,CQ22022,-0.3,-0.54,-0.08940000000000001,-0.4506
JPM,JPMorgan Chase,Net Positivity,CQ32022,-0.54,-0.61,-0.12909999999999994,-0.48090000000000005
JPM,JPMorgan Chase,Net Positivity,CQ42022,-0.61,-0.36,-0.07029999999999995,-0.28970000000000007
JPM,JPMorgan Chase,Net Positivity,CQ12023,-0.36,-0.65,0.050499999999999996,-0.7005
JPM,JPMorgan Chase,Net Positivity,CQ22023,-0.65,-0.07,-0.1563,0.08629999999999999
JPM,JPMorgan Chase,Net Positivity,CQ32023,-0.07,-0.17,0.0695,-0.23950000000000002
JPM,JPMorgan Chase,Net Positivity,CQ42023,-0.17,0.31,0.21219999999999983,0.09780000000000016
JPM,JPMorgan Chase,Net Positivity,CQ12024,0.31,0.23,0.4848000000000002,-0.25480000000000014
JPM,JPMorgan Chase,Net Positivity,CQ22024,0.23,0.35,0.4198000000000002,-0.0698000000000002
JPM,JPMorgan Chase,Net Positivity,CQ32024,0.35,-0.02,0.40730000000000005,-0.42730000000000007
JPM,JPMorgan Chase,Numeric Transeprency,CQ12022,2.4,2.1,2.3333,-0.23329999999999984
JPM,JPMorgan Chase,Numeric Transeprency,CQ22022,2.1,3.0,2.1105,0.8895
JPM,JPMorgan Chase,Numeric Transeprency,CQ32022,3.0,2.79,2.1731000000000003,0.6168999999999998
JPM,JPMorgan Chase,Numeric Transeprency,CQ42022,2.79,2.7,2.4904000000000006,0.20959999999999956
JPM,JPMorgan Chase,Numeric Transeprency,CQ12023,2.7,2.18,2.5256000000000016,-0.34560000000000146
JPM,JPMorgan Chase,Numeric Transeprency,CQ22023,2.18,2.31,2.5503000000000005,-0.2403000000000004
JPM,JPMorgan Chase,Numeric Transeprency,CQ32023,2.31,2.11,2.6519000000000017,-0.5419000000000018
JPM,JPMorgan Chase,Numeric Transeprency,CQ42023,2.11,3.13,2.6333,0.4966999999999997
JPM,JPMorgan Chase,Numeric Transeprency,CQ12024,3.13,1.96,2.5746999999999995,-0.6146999999999996
JPM,JPMorgan Chase,Numeric Transeprency,CQ22024,1.96,2.11,2.1863999999999995,-0.07639999999999958
JPM,JPMorgan Chase,Numeric Transeprency,CQ32024,2.11,1.74,2.491000000000001,-0.751000000000001
KEY,KeyCorp,Analyst Selectivity Ratio,CQ12022,47.62,52.63,43.009799999999984,9.620200000000018
KEY,KeyCorp,Analyst Selectivity Ratio,CQ22022,52.63,26.32,47.038700000000006,-20.718700000000005
KEY,KeyCorp,Analyst Selectivity Ratio,CQ32022,26.32,52.63,42.2223,10.407700000000006
KEY,KeyCorp,Analyst Selectivity Ratio,CQ42022,52.63,42.86,44.513900000000014,-1.6539000000000144
KEY,KeyCorp,Analyst Selectivity Ratio,CQ12023,42.86,38.1,43.78189999999999,-5.681899999999992
KEY,KeyCorp,Analyst Selectivity Ratio,CQ22023,38.1,45.0,35.0919,9.908099999999997
KEY,KeyCorp,Analyst Selectivity Ratio,CQ32023,45.0,50.0,42.29639999999999,7.703600000000009
KEY,KeyCorp,Analyst Selectivity Ratio,CQ42023,50.0,40.91,40.59040000000002,0.3195999999999799
KEY,KeyCorp,Analyst Selectivity Ratio,CQ12024,40.91,31.82,42.9159,-11.0959
KEY,KeyCorp,Analyst Selectivity Ratio,CQ22024,31.82,45.45,42.2637,3.186300000000003
KEY,KeyCorp,Analyst Selectivity Ratio,CQ32024,45.45,31.25,43.591300000000004,-12.341300000000004
KEY,KeyCorp,Language Complexity,CQ12022,11.3,11.23,11.6576,-0.4276
KEY,KeyCorp,Language Complexity,CQ22022,11.23,12.22,11.815400000000002,0.4045999999999985
KEY,KeyCorp,Language Complexity,CQ32022,12.22,11.88,12.034299999999996,-0.15429999999999566
KEY,KeyCorp,Language Complexity,CQ42022,11.88,11.18,11.683699999999995,-0.5036999999999949
KEY,KeyCorp,Language Complexity,CQ12023,11.18,11.17,11.769599999999992,-0.5995999999999917
KEY,KeyCorp,Language Complexity,CQ22023,11.17,11.19,11.8092,-0.6192000000000011
KEY,KeyCorp,Language Complexity,CQ32023,11.19,11.18,11.483000000000002,-0.3030000000000026
KEY,KeyCorp,Language Complexity,CQ42023,11.18,11.49,11.385100000000001,0.10489999999999888
KEY,KeyCorp,Language Complexity,CQ12024,11.49,11.2,11.434700000000003,-0.23470000000000368
KEY,KeyCorp,Language Complexity,CQ22024,11.2,10.68,11.352100000000002,-0.6721000000000021
KEY,KeyCorp,Language Complexity,CQ32024,10.68,11.58,11.075799999999997,0.5042000000000026
KEY,KeyCorp,Net Positivity,CQ12022,1.06,0.83,1.0389,-0.20889999999999997
KEY,KeyCorp,Net Positivity,CQ22022,0.83,0.91,0.7531999999999998,0.15680000000000027
KEY,KeyCorp,Net Positivity,CQ32022,0.91,0.11,0.9252999999999997,-0.8152999999999997
KEY,KeyCorp,Net Positivity,CQ42022,0.11,0.12,0.6582000000000001,-0.5382000000000001
KEY,KeyCorp,Net Positivity,CQ12023,0.12,0.1,0.1523,-0.052299999999999985
KEY,KeyCorp,Net Positivity,CQ22023,0.1,0.19,0.23550000000000007,-0.04550000000000007
KEY,KeyCorp,Net Positivity,CQ32023,0.19,0.34,0.29260000000000014,0.04739999999999989
KEY,KeyCorp,Net Positivity,CQ42023,0.34,0.78,0.5603000000000004,0.21969999999999967
KEY,KeyCorp,Net Positivity,CQ12024,0.78,-0.07,0.7604999999999998,-0.8304999999999998
KEY,KeyCorp,Net Positivity,CQ22024,-0.07,0.55,0.3629,0.18710000000000004
KEY,KeyCorp,Net Positivity,CQ32024,0.55,0.63,0.5395,0.09050000000000002
KEY,KeyCorp,Numeric Transeprency,CQ12022,2.99,2.54,2.8269,-0.28690000000000015
KEY,KeyCorp,Numeric Transeprency,CQ22022,2.54,3.28,2.9837999999999987,0.29620000000000113
KEY,KeyCorp,Numeric Transeprency,CQ32022,3.28,2.94,2.7898999999999994,0.15010000000000057
KEY,KeyCorp,Numeric Transeprency,CQ42022,2.94,3.08,2.898200000000001,0.18179999999999907
KEY,KeyCorp,Numeric Transeprency,CQ12023,3.08,3.13,2.715200000000001,0.4147999999999987
KEY,KeyCorp,Numeric Transeprency,CQ22023,3.13,3.13,2.764,0.3660000000000001
KEY,KeyCorp,Numeric Transeprency,CQ32023,3.13,2.55,2.978099999999999,-0.42809999999999926
KEY,KeyCorp,Numeric Transeprency,CQ42023,2.55,3.22,3.134499999999999,0.08550000000000102
KEY,KeyCorp,Numeric Transeprency,CQ12024,3.22,2.39,3.1443000000000008,-0.7543000000000006
KEY,KeyCorp,Numeric Transeprency,CQ22024,2.39,2.92,2.5119000000000002,0.4080999999999997
KEY,KeyCorp,Numeric Transeprency,CQ32024,2.92,3.15,3.0376000000000016,0.11239999999999828
KMB,Kimberly-Clark,Analyst Selectivity Ratio,CQ12022,50.0,43.75,43.78109999999998,-0.03109999999998081
KMB,Kimberly-Clark,Analyst Selectivity Ratio,CQ22022,43.75,42.86,43.97830000000001,-1.118300000000012
KMB,Kimberly-Clark,Analyst Selectivity Ratio,CQ32022,42.86,46.15,47.12909999999997,-0.9790999999999741
KMB,Kimberly-Clark,Analyst Selectivity Ratio,CQ42022,46.15,42.86,45.225999999999985,-2.3659999999999854
KMB,Kimberly-Clark,Analyst Selectivity Ratio,CQ12023,42.86,35.71,42.34769999999999,-6.637699999999988
KMB,Kimberly-Clark,Analyst Selectivity Ratio,CQ22023,35.71,53.33,42.869,10.460999999999999
KMB,Kimberly-Clark,Analyst Selectivity Ratio,CQ32023,53.33,25.0,39.730499999999985,-14.730499999999985
KMB,Kimberly-Clark,Analyst Selectivity Ratio,CQ42023,25.0,35.29,38.6583,-3.368299999999998
KMB,Kimberly-Clark,Analyst Selectivity Ratio,CQ12024,35.29,41.18,33.76880000000001,7.411199999999987
KMB,Kimberly-Clark,Analyst Selectivity Ratio,CQ22024,41.18,46.67,36.69859999999999,9.97140000000001
KMB,Kimberly-Clark,Analyst Selectivity Ratio,CQ32024,46.67,40.0,38.689499999999995,1.3105000000000047
KMB,Kimberly-Clark,Language Complexity,CQ12022,11.34,10.26,11.163099999999993,-0.9030999999999931
KMB,Kimberly-Clark,Language Complexity,CQ22022,10.26,10.17,11.091000000000001,-0.9210000000000012
KMB,Kimberly-Clark,Language Complexity,CQ32022,10.17,10.75,10.983600000000001,-0.23360000000000092
KMB,Kimberly-Clark,Language Complexity,CQ42022,10.75,10.45,11.000999999999998,-0.5509999999999984
KMB,Kimberly-Clark,Language Complexity,CQ12023,10.45,11.03,10.640200000000002,0.3897999999999975
KMB,Kimberly-Clark,Language Complexity,CQ22023,11.03,11.58,10.6319,0.9481000000000002
KMB,Kimberly-Clark,Language Complexity,CQ32023,11.58,11.42,11.220599999999992,0.1994000000000078
KMB,Kimberly-Clark,Language Complexity,CQ42023,11.42,10.82,11.0307,-0.21069999999999922
KMB,Kimberly-Clark,Language Complexity,CQ12024,10.82,10.9,11.129199999999999,-0.22919999999999874
KMB,Kimberly-Clark,Language Complexity,CQ22024,10.9,11.13,11.193900000000006,-0.06390000000000562
KMB,Kimberly-Clark,Language Complexity,CQ32024,11.13,11.53,11.353,0.1769999999999996
KMB,Kimberly-Clark,Net Positivity,CQ12022,0.79,1.29,0.7113999999999998,0.5786000000000002
KMB,Kimberly-Clark,Net Positivity,CQ22022,1.29,0.77,0.9695,-0.1995
KMB,Kimberly-Clark,Net Positivity,CQ32022,0.77,0.43,0.8351999999999997,-0.4051999999999997
KMB,Kimberly-Clark,Net Positivity,CQ42022,0.43,1.02,0.7646000000000005,0.2553999999999995
KMB,Kimberly-Clark,Net Positivity,CQ12023,1.02,1.67,0.9259000000000008,0.7440999999999991
KMB,Kimberly-Clark,Net Positivity,CQ22023,1.67,1.99,1.3124999999999993,0.6775000000000007
KMB,Kimberly-Clark,Net Positivity,CQ32023,1.99,1.34,1.4208,-0.08079999999999998
KMB,Kimberly-Clark,Net Positivity,CQ42023,1.34,1.07,1.5024999999999995,-0.43249999999999944
KMB,Kimberly-Clark,Net Positivity,CQ12024,1.07,1.62,1.5029000000000001,0.11709999999999998
KMB,Kimberly-Clark,Net Positivity,CQ22024,1.62,2.0,1.6295,0.37050000000000005
KMB,Kimberly-Clark,Net Positivity,CQ32024,2.0,1.37,1.5812000000000004,-0.21120000000000028
KMB,Kimberly-Clark,Numeric Transeprency,CQ12022,1.0,0.75,0.7891000000000004,-0.03910000000000036
KMB,Kimberly-Clark,Numeric Transeprency,CQ22022,0.75,0.74,0.9127000000000003,-0.1727000000000003
KMB,Kimberly-Clark,Numeric Transeprency,CQ32022,0.74,0.89,0.7298,0.1602
KMB,Kimberly-Clark,Numeric Transeprency,CQ42022,0.89,1.3,0.9478999999999996,0.3521000000000004
KMB,Kimberly-Clark,Numeric Transeprency,CQ12023,1.3,1.81,1.0244000000000002,0.7855999999999999
KMB,Kimberly-Clark,Numeric Transeprency,CQ22023,1.81,1.43,1.5129000000000001,-0.0829000000000002
KMB,Kimberly-Clark,Numeric Transeprency,CQ32023,1.43,2.79,1.3061999999999996,1.4838000000000005
KMB,Kimberly-Clark,Numeric Transeprency,CQ42023,2.79,1.33,1.6962000000000002,-0.3662000000000001
KMB,Kimberly-Clark,Numeric Transeprency,CQ12024,1.33,1.49,1.9360999999999993,-0.4460999999999993
KMB,Kimberly-Clark,Numeric Transeprency,CQ22024,1.49,1.09,2.0096000000000003,-0.9196000000000002
KMB,Kimberly-Clark,Numeric Transeprency,CQ32024,1.09,1.04,1.4858000000000005,-0.4458000000000004
KO,Coca-Cola Company,Analyst Selectivity Ratio,CQ12022,48.0,52.17,43.1967,8.973300000000002
KO,Coca-Cola Company,Analyst Selectivity Ratio,CQ22022,52.17,50.0,46.84780000000001,3.1521999999999935
KO,Coca-Cola Company,Analyst Selectivity Ratio,CQ32022,50.0,61.9,46.75839999999998,15.141600000000018
KO,Coca-Cola Company,Analyst Selectivity Ratio,CQ42022,61.9,57.14,54.464699999999986,2.6753000000000142
KO,Coca-Cola Company,Analyst Selectivity Ratio,CQ12023,57.14,57.14,58.027400000000014,-0.8874000000000137
KO,Coca-Cola Company,Analyst Selectivity Ratio,CQ22023,57.14,38.1,57.85430000000002,-19.754300000000022
KO,Coca-Cola Company,Analyst Selectivity Ratio,CQ32023,38.1,55.0,52.2059,2.7941000000000003
KO,Coca-Cola Company,Analyst Selectivity Ratio,CQ42023,55.0,55.0,50.09709999999999,4.90290000000001
KO,Coca-Cola Company,Analyst Selectivity Ratio,CQ12024,55.0,60.0,46.00120000000001,13.998799999999989
KO,Coca-Cola Company,Analyst Selectivity Ratio,CQ22024,60.0,50.0,50.37709999999999,-0.37709999999999155
KO,Coca-Cola Company,Analyst Selectivity Ratio,CQ32024,50.0,55.0,56.24639999999999,-1.246399999999987
KO,Coca-Cola Company,Language Complexity,CQ12022,12.89,14.05,13.151799999999998,0.8982000000000028
KO,Coca-Cola Company,Language Complexity,CQ22022,14.05,13.29,13.234000000000005,0.05599999999999383
KO,Coca-Cola Company,Language Complexity,CQ32022,13.29,13.49,13.358499999999998,0.13150000000000261
KO,Coca-Cola Company,Language Complexity,CQ42022,13.49,14.05,13.491199999999997,0.5588000000000033
KO,Coca-Cola Company,Language Complexity,CQ12023,14.05,12.94,13.490399999999998,-0.550399999999998
KO,Coca-Cola Company,Language Complexity,CQ22023,12.94,12.98,13.234099999999989,-0.25409999999998867
KO,Coca-Cola Company,Language Complexity,CQ32023,12.98,13.52,13.159,0.3609999999999989
KO,Coca-Cola Company,Language Complexity,CQ42023,13.52,12.76,13.134199999999996,-0.37419999999999654
KO,Coca-Cola Company,Language Complexity,CQ12024,12.76,12.73,12.8466,-0.11660000000000004
KO,Coca-Cola Company,Language Complexity,CQ22024,12.73,13.27,12.871599999999999,0.39840000000000053
KO,Coca-Cola Company,Language Complexity,CQ32024,13.27,12.55,13.222500000000002,-0.6725000000000012
KO,Coca-Cola Company,Net Positivity,CQ12022,1.65,1.18,1.6302999999999996,-0.4502999999999997
KO,Coca-Cola Company,Net Positivity,CQ22022,1.18,0.91,1.5529000000000002,-0.6429000000000001
KO,Coca-Cola Company,Net Positivity,CQ32022,0.91,1.49,1.1778,0.31220000000000003
KO,Coca-Cola Company,Net Positivity,CQ42022,1.49,1.28,1.3097,-0.02970000000000006
KO,Coca-Cola Company,Net Positivity,CQ12023,1.28,2.03,1.2635999999999994,0.7664000000000004
KO,Coca-Cola Company,Net Positivity,CQ22023,2.03,1.59,1.4221999999999997,0.1678000000000004
KO,Coca-Cola Company,Net Positivity,CQ32023,1.59,1.36,1.4659999999999997,-0.10599999999999965
KO,Coca-Cola Company,Net Positivity,CQ42023,1.36,1.06,1.5985999999999998,-0.5385999999999997
KO,Coca-Cola Company,Net Positivity,CQ12024,1.06,1.72,1.41,0.31000000000000005
KO,Coca-Cola Company,Net Positivity,CQ22024,1.72,1.75,1.5192999999999999,0.23070000000000013
KO,Coca-Cola Company,Net Positivity,CQ32024,1.75,0.97,1.6323000000000005,-0.6623000000000006
KO,Coca-Cola Company,Numeric Transeprency,CQ12022,1.85,1.03,1.4056000000000006,-0.3756000000000006
KO,Coca-Cola Company,Numeric Transeprency,CQ22022,1.03,0.95,1.2594999999999996,-0.30949999999999966
KO,Coca-Cola Company,Numeric Transeprency,CQ32022,0.95,1.09,1.012,0.07800000000000007
KO,Coca-Cola Company,Numeric Transeprency,CQ42022,1.09,2.05,1.3195,0.7304999999999999
KO,Coca-Cola Company,Numeric Transeprency,CQ12023,2.05,1.12,1.4452000000000005,-0.3252000000000004
KO,Coca-Cola Company,Numeric Transeprency,CQ22023,1.12,1.08,1.2990999999999995,-0.2190999999999994
KO,Coca-Cola Company,Numeric Transeprency,CQ32023,1.08,1.28,1.1100999999999999,0.16990000000000016
KO,Coca-Cola Company,Numeric Transeprency,CQ42023,1.28,2.76,1.5182,1.2417999999999998
KO,Coca-Cola Company,Numeric Transeprency,CQ12024,2.76,1.32,1.3933999999999997,-0.07339999999999969
KO,Coca-Cola Company,Numeric Transeprency,CQ22024,1.32,1.2,1.5777999999999994,-0.37779999999999947
KO,Coca-Cola Company,Numeric Transeprency,CQ32024,1.2,1.39,1.605400000000001,-0.21540000000000115
KR,Kroger,Analyst Selectivity Ratio,CQ12022,25.93,34.48,24.586299999999998,9.893699999999999
KR,Kroger,Analyst Selectivity Ratio,CQ22022,34.48,27.27,27.994499999999995,-0.7244999999999955
KR,Kroger,Analyst Selectivity Ratio,CQ32022,27.27,28.0,27.366399999999988,0.6336000000000119
KR,Kroger,Analyst Selectivity Ratio,CQ42022,28.0,36.84,26.956300000000006,9.883699999999997
KR,Kroger,Analyst Selectivity Ratio,CQ12023,36.84,36.36,31.90249999999999,4.45750000000001
KR,Kroger,Analyst Selectivity Ratio,CQ22023,36.36,45.45,34.46449999999999,10.985500000000016
KR,Kroger,Analyst Selectivity Ratio,CQ32023,45.45,34.78,36.4514,-1.6713999999999984
KR,Kroger,Analyst Selectivity Ratio,CQ42023,34.78,42.86,37.3792,5.480800000000002
KR,Kroger,Analyst Selectivity Ratio,CQ12024,42.86,36.36,43.19110000000003,-6.831100000000028
KR,Kroger,Analyst Selectivity Ratio,CQ22024,36.36,34.78,39.66390000000001,-4.883900000000011
KR,Kroger,Analyst Selectivity Ratio,CQ32024,34.78,31.82,38.02879999999998,-6.208799999999982
KR,Kroger,Language Complexity,CQ12022,13.67,12.72,13.524999999999999,-0.8049999999999979
KR,Kroger,Language Complexity,CQ22022,12.72,12.91,13.323499999999997,-0.4134999999999973
KR,Kroger,Language Complexity,CQ32022,12.91,12.95,13.079999999999995,-0.12999999999999545
KR,Kroger,Language Complexity,CQ42022,12.95,13.76,12.966899999999995,0.7931000000000044
KR,Kroger,Language Complexity,CQ12023,13.76,13.37,13.135900000000001,0.23409999999999798
KR,Kroger,Language Complexity,CQ22023,13.37,13.45,13.447100000000004,0.0028999999999950177
KR,Kroger,Language Complexity,CQ32023,13.45,13.55,13.116799999999998,0.4332000000000029
KR,Kroger,Language Complexity,CQ42023,13.55,13.36,13.5341,-0.17410000000000103
KR,Kroger,Language Complexity,CQ12024,13.36,12.69,13.417099999999994,-0.7270999999999948
KR,Kroger,Language Complexity,CQ22024,12.69,12.99,13.041899999999998,-0.05189999999999806
KR,Kroger,Language Complexity,CQ32024,12.99,12.63,13.074699999999996,-0.44469999999999565
KR,Kroger,Net Positivity,CQ12022,1.93,1.72,1.755199999999999,-0.03519999999999901
KR,Kroger,Net Positivity,CQ22022,1.72,2.2,1.4206999999999994,0.7793000000000008
KR,Kroger,Net Positivity,CQ32022,2.2,1.52,1.791,-0.2709999999999999
KR,Kroger,Net Positivity,CQ42022,1.52,2.3,1.8878000000000008,0.412199999999999
KR,Kroger,Net Positivity,CQ12023,2.3,1.86,2.035900000000001,-0.17590000000000106
KR,Kroger,Net Positivity,CQ22023,1.86,1.65,1.9483000000000006,-0.2983000000000007
KR,Kroger,Net Positivity,CQ32023,1.65,1.58,1.9313999999999996,-0.3513999999999995
KR,Kroger,Net Positivity,CQ42023,1.58,2.56,2.0435000000000003,0.5164999999999997
KR,Kroger,Net Positivity,CQ12024,2.56,2.21,2.1484000000000005,0.06159999999999943
KR,Kroger,Net Positivity,CQ22024,2.21,2.36,1.756,0.6039999999999999
KR,Kroger,Net Positivity,CQ32024,2.36,2.43,2.3992999999999993,0.030700000000000838
KR,Kroger,Numeric Transeprency,CQ12022,2.26,1.28,1.8944999999999996,-0.6144999999999996
KR,Kroger,Numeric Transeprency,CQ22022,1.28,1.25,1.1973999999999998,0.0526000000000002
KR,Kroger,Numeric Transeprency,CQ32022,1.25,1.34,1.4897000000000002,-0.14970000000000017
KR,Kroger,Numeric Transeprency,CQ42022,1.34,2.02,1.6340999999999999,0.38590000000000013
KR,Kroger,Numeric Transeprency,CQ12023,2.02,1.11,1.4280999999999995,-0.3180999999999994
KR,Kroger,Numeric Transeprency,CQ22023,1.11,1.4,1.3205999999999998,0.07940000000000014
KR,Kroger,Numeric Transeprency,CQ32023,1.4,1.34,1.5334,-0.19340000000000002
KR,Kroger,Numeric Transeprency,CQ42023,1.34,1.89,1.5848999999999998,0.30510000000000015
KR,Kroger,Numeric Transeprency,CQ12024,1.89,0.94,1.4077999999999997,-0.46779999999999977
KR,Kroger,Numeric Transeprency,CQ22024,0.94,1.01,1.3188,-0.30879999999999996
KR,Kroger,Numeric Transeprency,CQ32024,1.01,0.71,1.2066000000000001,-0.49660000000000015
LH,Labcorp,Analyst Selectivity Ratio,CQ12022,53.33,21.43,41.04760000000001,-19.61760000000001
LH,Labcorp,Analyst Selectivity Ratio,CQ22022,21.43,58.33,35.7688,22.5612
LH,Labcorp,Analyst Selectivity Ratio,CQ32022,58.33,33.33,49.51929999999999,-16.18929999999999
LH,Labcorp,Analyst Selectivity Ratio,CQ42022,33.33,33.33,36.8834,-3.5534000000000034
LH,Labcorp,Analyst Selectivity Ratio,CQ12023,33.33,38.46,32.24909999999999,6.210900000000009
LH,Labcorp,Analyst Selectivity Ratio,CQ22023,38.46,25.0,36.35959999999999,-11.359599999999993
LH,Labcorp,Analyst Selectivity Ratio,CQ32023,25.0,30.77,33.10089999999998,-2.330899999999982
LH,Labcorp,Analyst Selectivity Ratio,CQ42023,30.77,36.36,31.305200000000003,5.054799999999997
LH,Labcorp,Analyst Selectivity Ratio,CQ12024,36.36,38.46,36.11840000000001,2.3415999999999926
LH,Labcorp,Analyst Selectivity Ratio,CQ22024,38.46,41.67,36.764599999999994,4.905400000000007
LH,Labcorp,Analyst Selectivity Ratio,CQ32024,41.67,64.29,37.00010000000002,27.28989999999999
LH,Labcorp,Language Complexity,CQ12022,12.62,12.36,12.423899999999998,-0.06389999999999851
LH,Labcorp,Language Complexity,CQ22022,12.36,13.54,12.544099999999998,0.9959000000000007
LH,Labcorp,Language Complexity,CQ32022,13.54,11.85,12.858400000000007,-1.008400000000007
LH,Labcorp,Language Complexity,CQ42022,11.85,11.48,12.146199999999997,-0.6661999999999964
LH,Labcorp,Language Complexity,CQ12023,11.48,11.52,12.165099999999995,-0.6450999999999958
LH,Labcorp,Language Complexity,CQ22023,11.52,12.72,12.009700000000004,0.7102999999999966
LH,Labcorp,Language Complexity,CQ32023,12.72,12.23,11.835999999999999,0.3940000000000019
LH,Labcorp,Language Complexity,CQ42023,12.23,12.25,12.232900000000004,0.017099999999995674
LH,Labcorp,Language Complexity,CQ12024,12.25,11.93,12.457200000000006,-0.5272000000000059
LH,Labcorp,Language Complexity,CQ22024,11.93,12.31,12.0228,0.28720000000000034
LH,Labcorp,Language Complexity,CQ32024,12.31,11.6,12.420499999999999,-0.8204999999999991
LH,Labcorp,Net Positivity,CQ12022,1.34,0.49,0.8397000000000002,-0.34970000000000023
LH,Labcorp,Net Positivity,CQ22022,0.49,1.05,0.8638000000000002,0.1861999999999998
LH,Labcorp,Net Positivity,CQ32022,1.05,0.43,0.6833000000000001,-0.25330000000000014
LH,Labcorp,Net Positivity,CQ42022,0.43,1.11,0.9211000000000005,0.18889999999999962
LH,Labcorp,Net Positivity,CQ12023,1.11,1.21,0.8325000000000006,0.3774999999999994
LH,Labcorp,Net Positivity,CQ22023,1.21,1.56,1.0663999999999998,0.49360000000000026
LH,Labcorp,Net Positivity,CQ32023,1.56,0.99,1.2975999999999996,-0.30759999999999965
LH,Labcorp,Net Positivity,CQ42023,0.99,1.66,1.1981000000000004,0.46189999999999953
LH,Labcorp,Net Positivity,CQ12024,1.66,1.38,1.4932999999999992,-0.11329999999999929
LH,Labcorp,Net Positivity,CQ22024,1.38,1.41,1.4010000000000002,0.008999999999999675
LH,Labcorp,Net Positivity,CQ32024,1.41,1.27,1.3522000000000003,-0.08220000000000027
LH,Labcorp,Numeric Transeprency,CQ12022,3.16,2.87,2.6971000000000003,0.17289999999999983
LH,Labcorp,Numeric Transeprency,CQ22022,2.87,2.37,2.9177999999999997,-0.5477999999999996
LH,Labcorp,Numeric Transeprency,CQ32022,2.37,2.51,2.9619,-0.4519000000000002
LH,Labcorp,Numeric Transeprency,CQ42022,2.51,3.84,2.7565999999999997,1.0834000000000001
LH,Labcorp,Numeric Transeprency,CQ12023,3.84,3.1,2.7696000000000005,0.3303999999999996
LH,Labcorp,Numeric Transeprency,CQ22023,3.1,2.77,2.7701000000000007,-0.00010000000000065512
LH,Labcorp,Numeric Transeprency,CQ32023,2.77,2.94,2.957700000000001,-0.017700000000000937
LH,Labcorp,Numeric Transeprency,CQ42023,2.94,2.66,3.4503000000000004,-0.7903000000000002
LH,Labcorp,Numeric Transeprency,CQ12024,2.66,1.82,2.8711999999999995,-1.0511999999999995
LH,Labcorp,Numeric Transeprency,CQ22024,1.82,2.41,2.4783,-0.0682999999999998
LH,Labcorp,Numeric Transeprency,CQ32024,2.41,2.5,2.8728,-0.3727999999999998
LIN,Linde plc,Analyst Selectivity Ratio,CQ12022,33.33,15.0,35.10559999999999,-20.10559999999999
LIN,Linde plc,Analyst Selectivity Ratio,CQ22022,15.0,40.0,30.24479999999999,9.75520000000001
LIN,Linde plc,Analyst Selectivity Ratio,CQ32022,40.0,44.44,30.916500000000006,13.523499999999991
LIN,Linde plc,Analyst Selectivity Ratio,CQ42022,44.44,52.63,33.30479999999999,19.32520000000001
LIN,Linde plc,Analyst Selectivity Ratio,CQ12023,52.63,55.0,41.8676,13.132399999999997
LIN,Linde plc,Analyst Selectivity Ratio,CQ22023,55.0,43.48,47.46589999999999,-3.985899999999994
LIN,Linde plc,Analyst Selectivity Ratio,CQ32023,43.48,47.62,47.080999999999996,0.5390000000000015
LIN,Linde plc,Analyst Selectivity Ratio,CQ42023,47.62,50.0,53.79755,-3.797550000000001
LIN,Linde plc,Analyst Selectivity Ratio,CQ12024,50.0,28.57,52.35213333333334,-23.78213333333334
LIN,Linde plc,Analyst Selectivity Ratio,CQ22024,28.57,33.33,38.67029999999999,-5.340299999999992
LIN,Linde plc,Analyst Selectivity Ratio,CQ32024,33.33,55.56,35.05109999999999,20.50890000000001
LIN,Linde plc,Language Complexity,CQ12022,11.48,11.77,11.776800000000007,-0.006800000000007245
LIN,Linde plc,Language Complexity,CQ22022,11.77,11.98,11.763799999999994,0.21620000000000594
LIN,Linde plc,Language Complexity,CQ32022,11.98,12.57,11.81729999999999,0.7527000000000097
LIN,Linde plc,Language Complexity,CQ42022,12.57,12.16,11.794499999999996,0.3655000000000044
LIN,Linde plc,Language Complexity,CQ12023,12.16,12.26,12.166400000000001,0.09359999999999857
LIN,Linde plc,Language Complexity,CQ22023,12.26,11.73,12.255699999999997,-0.525699999999997
LIN,Linde plc,Language Complexity,CQ32023,11.73,12.02,12.057299999999998,-0.037299999999998334
LIN,Linde plc,Language Complexity,CQ42023,12.02,12.08,11.868399999999998,0.21160000000000245
LIN,Linde plc,Language Complexity,CQ12024,12.08,11.7,11.895399999999997,-0.19539999999999758
LIN,Linde plc,Language Complexity,CQ22024,11.7,11.82,11.64459999999999,0.17540000000001044
LIN,Linde plc,Language Complexity,CQ32024,11.82,12.04,12.027000000000001,0.012999999999998124
LIN,Linde plc,Net Positivity,CQ12022,0.54,0.51,0.7846000000000002,-0.2746000000000002
LIN,Linde plc,Net Positivity,CQ22022,0.51,0.78,0.6766000000000001,0.10339999999999994
LIN,Linde plc,Net Positivity,CQ32022,0.78,0.48,0.6291000000000002,-0.14910000000000023
LIN,Linde plc,Net Positivity,CQ42022,0.48,0.58,0.6353999999999997,-0.05539999999999978
LIN,Linde plc,Net Positivity,CQ12023,0.58,0.55,0.7083999999999997,-0.15839999999999965
LIN,Linde plc,Net Positivity,CQ22023,0.55,1.0,0.6418999999999997,0.3581000000000003
LIN,Linde plc,Net Positivity,CQ32023,1.0,0.44,0.6854000000000003,-0.24540000000000034
LIN,Linde plc,Net Positivity,CQ42023,0.44,0.69,0.7384999999999998,-0.04849999999999988
LIN,Linde plc,Net Positivity,CQ12024,0.69,0.8,0.6827,0.11730000000000007
LIN,Linde plc,Net Positivity,CQ22024,0.8,0.69,0.7585,-0.0685
LIN,Linde plc,Net Positivity,CQ32024,0.69,0.28,0.5621999999999998,-0.2821999999999998
LIN,Linde plc,Numeric Transeprency,CQ12022,2.19,1.53,1.7657000000000007,-0.2357000000000007
LIN,Linde plc,Numeric Transeprency,CQ22022,1.53,1.73,1.7670000000000003,-0.037000000000000366
LIN,Linde plc,Numeric Transeprency,CQ32022,1.73,1.59,1.8021999999999998,-0.21219999999999972
LIN,Linde plc,Numeric Transeprency,CQ42022,1.59,2.17,1.8228000000000009,0.34719999999999906
LIN,Linde plc,Numeric Transeprency,CQ12023,2.17,1.63,1.6601999999999992,-0.03019999999999934
LIN,Linde plc,Numeric Transeprency,CQ22023,1.63,1.97,1.7225,0.24750000000000005
LIN,Linde plc,Numeric Transeprency,CQ32023,1.97,1.99,1.8292999999999997,0.1607000000000003
LIN,Linde plc,Numeric Transeprency,CQ42023,1.99,2.01,1.8048000000000002,0.2051999999999996
LIN,Linde plc,Numeric Transeprency,CQ12024,2.01,1.42,1.8418000000000003,-0.4218000000000004
LIN,Linde plc,Numeric Transeprency,CQ22024,1.42,1.4,1.9416000000000009,-0.541600000000001
LIN,Linde plc,Numeric Transeprency,CQ32024,1.4,1.51,1.6629000000000012,-0.15290000000000115
LLY,Eli Lilly,Analyst Selectivity Ratio,CQ12022,47.37,55.0,56.066999999999986,-1.066999999999986
LLY,Eli Lilly,Analyst Selectivity Ratio,CQ22022,55.0,61.9,55.518400000000014,6.381599999999985
LLY,Eli Lilly,Analyst Selectivity Ratio,CQ32022,61.9,60.0,58.4721,1.5279000000000025
LLY,Eli Lilly,Analyst Selectivity Ratio,CQ42022,60.0,65.0,56.92720000000002,8.07279999999998
LLY,Eli Lilly,Analyst Selectivity Ratio,CQ12023,65.0,47.62,61.69459999999998,-14.074599999999982
LLY,Eli Lilly,Analyst Selectivity Ratio,CQ22023,47.62,63.64,55.51409999999999,8.125900000000009
LLY,Eli Lilly,Analyst Selectivity Ratio,CQ32023,63.64,52.17,45.76030000000001,6.409699999999994
LLY,Eli Lilly,Analyst Selectivity Ratio,CQ42023,52.17,60.87,56.48420000000001,4.385799999999989
LLY,Eli Lilly,Analyst Selectivity Ratio,CQ12024,60.87,48.0,57.659400000000005,-9.659400000000005
LLY,Eli Lilly,Analyst Selectivity Ratio,CQ22024,48.0,44.0,50.93610000000002,-6.9361000000000175
LLY,Eli Lilly,Analyst Selectivity Ratio,CQ32024,44.0,36.36,45.858999999999995,-9.498999999999995
LLY,Eli Lilly,Language Complexity,CQ12022,12.2,12.61,12.702800000000003,-0.09280000000000399
LLY,Eli Lilly,Language Complexity,CQ22022,12.61,12.18,12.412999999999993,-0.23299999999999343
LLY,Eli Lilly,Language Complexity,CQ32022,12.18,12.85,12.375299999999998,0.4747000000000021
LLY,Eli Lilly,Language Complexity,CQ42022,12.85,12.09,12.421699999999998,-0.3316999999999979
LLY,Eli Lilly,Language Complexity,CQ12023,12.09,12.93,12.508799999999999,0.4212000000000007
LLY,Eli Lilly,Language Complexity,CQ22023,12.93,12.98,12.547899999999997,0.4321000000000037
LLY,Eli Lilly,Language Complexity,CQ32023,12.98,12.33,12.647600000000006,-0.3176000000000059
LLY,Eli Lilly,Language Complexity,CQ42023,12.33,12.55,12.4703,0.07970000000000077
LLY,Eli Lilly,Language Complexity,CQ12024,12.55,12.1,12.7173,-0.6173000000000002
LLY,Eli Lilly,Language Complexity,CQ22024,12.1,12.71,12.237999999999989,0.47200000000001197
LLY,Eli Lilly,Language Complexity,CQ32024,12.71,12.52,12.301699999999993,0.21830000000000638
LLY,Eli Lilly,Net Positivity,CQ12022,0.67,0.57,0.9143000000000002,-0.3443000000000003
LLY,Eli Lilly,Net Positivity,CQ22022,0.57,0.93,0.8188999999999999,0.1111000000000002
LLY,Eli Lilly,Net Positivity,CQ32022,0.93,0.82,0.8459000000000002,-0.025900000000000256
LLY,Eli Lilly,Net Positivity,CQ42022,0.82,0.68,0.9045999999999998,-0.2245999999999998
LLY,Eli Lilly,Net Positivity,CQ12023,0.68,0.81,0.8213999999999997,-0.011399999999999633
LLY,Eli Lilly,Net Positivity,CQ22023,0.81,0.64,0.9240999999999999,-0.2840999999999999
LLY,Eli Lilly,Net Positivity,CQ32023,0.64,0.57,0.9133999999999998,-0.3433999999999998
LLY,Eli Lilly,Net Positivity,CQ42023,0.57,0.86,0.8036999999999999,0.05630000000000013
LLY,Eli Lilly,Net Positivity,CQ12024,0.86,0.63,0.8277000000000005,-0.19770000000000054
LLY,Eli Lilly,Net Positivity,CQ22024,0.63,0.56,0.8825999999999995,-0.32259999999999944
LLY,Eli Lilly,Net Positivity,CQ32024,0.56,0.94,0.6848000000000002,0.25519999999999976
LLY,Eli Lilly,Numeric Transeprency,CQ12022,1.93,2.16,1.8248999999999997,0.3351000000000004
LLY,Eli Lilly,Numeric Transeprency,CQ22022,2.16,1.76,2.0127,-0.25270000000000015
LLY,Eli Lilly,Numeric Transeprency,CQ32022,1.76,1.86,1.7993999999999999,0.06060000000000021
LLY,Eli Lilly,Numeric Transeprency,CQ42022,1.86,2.25,1.9628999999999999,0.28710000000000013
LLY,Eli Lilly,Numeric Transeprency,CQ12023,2.25,2.35,2.0006999999999997,0.3493000000000004
LLY,Eli Lilly,Numeric Transeprency,CQ22023,2.35,2.47,2.0140000000000002,0.45599999999999996
LLY,Eli Lilly,Numeric Transeprency,CQ32023,2.47,1.71,2.4383,-0.7283
LLY,Eli Lilly,Numeric Transeprency,CQ42023,1.71,2.18,1.9173,0.26270000000000016
LLY,Eli Lilly,Numeric Transeprency,CQ12024,2.18,1.9,2.3960999999999997,-0.49609999999999976
LLY,Eli Lilly,Numeric Transeprency,CQ22024,1.9,1.9,1.9113999999999998,-0.011399999999999855
LLY,Eli Lilly,Numeric Transeprency,CQ32024,1.9,2.13,1.9432000000000005,0.1867999999999994
LMT,Lockheed Martin,Analyst Selectivity Ratio,CQ12022,60.0,68.75,48.7755,19.9745
LMT,Lockheed Martin,Analyst Selectivity Ratio,CQ22022,68.75,57.14,54.15349999999999,2.9865000000000137
LMT,Lockheed Martin,Analyst Selectivity Ratio,CQ32022,57.14,50.0,52.931599999999996,-2.931599999999996
LMT,Lockheed Martin,Analyst Selectivity Ratio,CQ42022,50.0,58.82,59.0431,-0.2231000000000023
LMT,Lockheed Martin,Analyst Selectivity Ratio,CQ12023,58.82,50.0,49.2042,0.7957999999999998
LMT,Lockheed Martin,Analyst Selectivity Ratio,CQ22023,50.0,58.82,56.4018,2.418199999999999
LMT,Lockheed Martin,Analyst Selectivity Ratio,CQ32023,58.82,47.37,56.5402,-9.170200000000001
LMT,Lockheed Martin,Analyst Selectivity Ratio,CQ42023,47.37,23.81,56.5972,-32.7872
LMT,Lockheed Martin,Analyst Selectivity Ratio,CQ12024,23.81,33.33,49.94349999999999,-16.613499999999995
LMT,Lockheed Martin,Analyst Selectivity Ratio,CQ22024,33.33,41.18,35.1414,6.038600000000002
LMT,Lockheed Martin,Analyst Selectivity Ratio,CQ32024,41.18,33.33,35.71210000000001,-2.3821000000000083
LMT,Lockheed Martin,Language Complexity,CQ12022,13.55,12.48,13.063600000000006,-0.5836000000000059
LMT,Lockheed Martin,Language Complexity,CQ22022,12.48,11.98,12.72780000000001,-0.7478000000000105
LMT,Lockheed Martin,Language Complexity,CQ32022,11.98,11.9,12.561200000000008,-0.661200000000008
LMT,Lockheed Martin,Language Complexity,CQ42022,11.9,12.72,12.096300000000001,0.6236999999999995
LMT,Lockheed Martin,Language Complexity,CQ12023,12.72,12.56,12.463899999999997,0.0961000000000034
LMT,Lockheed Martin,Language Complexity,CQ22023,12.56,12.73,12.377900000000002,0.3520999999999983
LMT,Lockheed Martin,Language Complexity,CQ32023,12.73,12.5,12.458099999999996,0.0419000000000036
LMT,Lockheed Martin,Language Complexity,CQ42023,12.5,13.24,12.487599999999997,0.7524000000000033
LMT,Lockheed Martin,Language Complexity,CQ12024,13.24,13.11,12.763,0.34699999999999953
LMT,Lockheed Martin,Language Complexity,CQ22024,13.11,12.85,12.869600000000005,-0.019600000000005835
LMT,Lockheed Martin,Language Complexity,CQ32024,12.85,13.1,12.871700000000002,0.22829999999999728
LMT,Lockheed Martin,Net Positivity,CQ12022,0.78,0.81,0.8362999999999998,-0.026299999999999768
LMT,Lockheed Martin,Net Positivity,CQ22022,0.81,0.42,0.8444999999999999,-0.42449999999999993
LMT,Lockheed Martin,Net Positivity,CQ32022,0.42,0.75,0.6961000000000002,0.05389999999999984
LMT,Lockheed Martin,Net Positivity,CQ42022,0.75,0.8,0.6887000000000001,0.11129999999999995
LMT,Lockheed Martin,Net Positivity,CQ12023,0.8,0.89,0.7632999999999999,0.12670000000000015
LMT,Lockheed Martin,Net Positivity,CQ22023,0.89,0.85,0.8543999999999999,-0.0043999999999999595
LMT,Lockheed Martin,Net Positivity,CQ32023,0.85,0.43,0.6128999999999999,-0.1828999999999999
LMT,Lockheed Martin,Net Positivity,CQ42023,0.43,0.57,0.8071000000000003,-0.2371000000000003
LMT,Lockheed Martin,Net Positivity,CQ12024,0.57,0.68,0.7637999999999998,-0.08379999999999976
LMT,Lockheed Martin,Net Positivity,CQ22024,0.68,1.1,0.7182000000000001,0.38180000000000003
LMT,Lockheed Martin,Net Positivity,CQ32024,1.1,0.74,1.0895,-0.3494999999999999
LMT,Lockheed Martin,Numeric Transeprency,CQ12022,2.64,2.01,2.4012000000000007,-0.3912000000000009
LMT,Lockheed Martin,Numeric Transeprency,CQ22022,2.01,2.69,2.2686,0.4213999999999998
LMT,Lockheed Martin,Numeric Transeprency,CQ32022,2.69,2.6,2.825499999999999,-0.22549999999999892
LMT,Lockheed Martin,Numeric Transeprency,CQ42022,2.6,2.84,2.6874999999999982,0.15250000000000163
LMT,Lockheed Martin,Numeric Transeprency,CQ12023,2.84,2.19,2.478300000000001,-0.2883000000000009
LMT,Lockheed Martin,Numeric Transeprency,CQ22023,2.19,2.53,2.534199999999999,-0.004199999999999093
LMT,Lockheed Martin,Numeric Transeprency,CQ32023,2.53,2.25,2.7497,-0.4996999999999998
LMT,Lockheed Martin,Numeric Transeprency,CQ42023,2.25,3.04,2.7205,0.3195000000000001
LMT,Lockheed Martin,Numeric Transeprency,CQ12024,3.04,1.86,2.472,-0.6119999999999999
LMT,Lockheed Martin,Numeric Transeprency,CQ22024,1.86,2.24,2.2479999999999998,-0.007999999999999563
LMT,Lockheed Martin,Numeric Transeprency,CQ32024,2.24,2.89,2.687100000000001,0.2028999999999992
LOW,Lowe's,Analyst Selectivity Ratio,CQ12022,25.81,21.21,24.314399999999992,-3.104399999999991
LOW,Lowe's,Analyst Selectivity Ratio,CQ22022,21.21,29.03,27.304499999999997,1.7255000000000038
LOW,Lowe's,Analyst Selectivity Ratio,CQ32022,29.03,15.15,25.05320000000001,-9.90320000000001
LOW,Lowe's,Analyst Selectivity Ratio,CQ42022,15.15,20.0,22.903900000000007,-2.9039000000000073
LOW,Lowe's,Analyst Selectivity Ratio,CQ12023,20.0,20.0,22.21120000000001,-2.2112000000000087
LOW,Lowe's,Analyst Selectivity Ratio,CQ22023,20.0,23.53,24.653200000000005,-1.1232000000000042
LOW,Lowe's,Analyst Selectivity Ratio,CQ32023,23.53,19.44,23.05650000000001,-3.616500000000009
LOW,Lowe's,Analyst Selectivity Ratio,CQ42023,19.44,17.65,23.730900000000005,-6.080900000000007
LOW,Lowe's,Analyst Selectivity Ratio,CQ12024,17.65,16.67,19.153000000000006,-2.483000000000004
LOW,Lowe's,Analyst Selectivity Ratio,CQ22024,16.67,24.32,20.417800000000007,3.9021999999999935
LOW,Lowe's,Analyst Selectivity Ratio,CQ32024,24.32,20.0,21.694700000000008,-1.694700000000008
LOW,Lowe's,Language Complexity,CQ12022,13.28,13.13,13.606099999999994,-0.47609999999999353
LOW,Lowe's,Language Complexity,CQ22022,13.13,12.71,13.525899999999996,-0.8158999999999956
LOW,Lowe's,Language Complexity,CQ32022,12.71,13.42,12.779000000000002,0.6409999999999982
LOW,Lowe's,Language Complexity,CQ42022,13.42,13.34,13.346200000000001,-0.006200000000001538
LOW,Lowe's,Language Complexity,CQ12023,13.34,13.64,13.143600000000003,0.49639999999999773
LOW,Lowe's,Language Complexity,CQ22023,13.64,13.85,13.3297,0.5202999999999989
LOW,Lowe's,Language Complexity,CQ32023,13.85,13.78,13.511,0.26900000000000013
LOW,Lowe's,Language Complexity,CQ42023,13.78,13.44,13.421999999999999,0.018000000000000682
LOW,Lowe's,Language Complexity,CQ12024,13.44,13.19,13.461299999999994,-0.27129999999999477
LOW,Lowe's,Language Complexity,CQ22024,13.19,13.09,13.548099999999998,-0.4580999999999982
LOW,Lowe's,Language Complexity,CQ32024,13.09,13.28,13.3975,-0.11750000000000149
LOW,Lowe's,Net Positivity,CQ12022,1.98,1.91,1.9899000000000007,-0.07990000000000075
LOW,Lowe's,Net Positivity,CQ22022,1.91,1.63,1.9489999999999998,-0.31899999999999995
LOW,Lowe's,Net Positivity,CQ32022,1.63,1.65,2.0272000000000006,-0.37720000000000065
LOW,Lowe's,Net Positivity,CQ42022,1.65,1.27,1.8245000000000005,-0.5545000000000004
LOW,Lowe's,Net Positivity,CQ12023,1.27,2.01,1.5415000000000005,0.46849999999999925
LOW,Lowe's,Net Positivity,CQ22023,2.01,1.82,1.7233999999999992,0.09660000000000091
LOW,Lowe's,Net Positivity,CQ32023,1.82,1.52,1.6039000000000012,-0.0839000000000012
LOW,Lowe's,Net Positivity,CQ42023,1.52,2.04,1.6782999999999995,0.3617000000000006
LOW,Lowe's,Net Positivity,CQ12024,2.04,2.15,1.925599999999999,0.22440000000000082
LOW,Lowe's,Net Positivity,CQ22024,2.15,1.5,1.8111000000000006,-0.3111000000000006
LOW,Lowe's,Net Positivity,CQ32024,1.5,1.6,1.6948,-0.0948
LOW,Lowe's,Numeric Transeprency,CQ12022,2.6,1.96,1.7697000000000003,0.1902999999999997
LOW,Lowe's,Numeric Transeprency,CQ22022,1.96,1.69,1.99,-0.30000000000000004
LOW,Lowe's,Numeric Transeprency,CQ32022,1.69,1.92,2.0661999999999994,-0.14619999999999944
LOW,Lowe's,Numeric Transeprency,CQ42022,1.92,2.43,2.0833999999999993,0.3466000000000009
LOW,Lowe's,Numeric Transeprency,CQ12023,2.43,1.51,1.8307999999999987,-0.32079999999999864
LOW,Lowe's,Numeric Transeprency,CQ22023,1.51,1.65,1.8610999999999986,-0.21109999999999873
LOW,Lowe's,Numeric Transeprency,CQ32023,1.65,1.25,1.9840000000000007,-0.7340000000000007
LOW,Lowe's,Numeric Transeprency,CQ42023,1.25,1.79,1.6635,0.12650000000000006
LOW,Lowe's,Numeric Transeprency,CQ12024,1.79,1.14,1.7208,-0.5808000000000002
LOW,Lowe's,Numeric Transeprency,CQ22024,1.14,1.11,1.4953,-0.3853
LOW,Lowe's,Numeric Transeprency,CQ32024,1.11,1.05,1.2610999999999997,-0.21109999999999962
LRCX,Lam Research,Analyst Selectivity Ratio,CQ12022,33.33,48.0,40.91769999999999,7.082300000000011
LRCX,Lam Research,Analyst Selectivity Ratio,CQ22022,48.0,47.83,47.5796,0.25039999999999907
LRCX,Lam Research,Analyst Selectivity Ratio,CQ32022,47.83,34.62,48.871999999999986,-14.251999999999988
LRCX,Lam Research,Analyst Selectivity Ratio,CQ42022,34.62,42.86,43.146100000000004,-0.2861000000000047
LRCX,Lam Research,Analyst Selectivity Ratio,CQ12023,42.86,52.38,44.704999999999984,7.6750000000000185
LRCX,Lam Research,Analyst Selectivity Ratio,CQ22023,52.38,52.38,45.57089999999998,6.809100000000022
LRCX,Lam Research,Analyst Selectivity Ratio,CQ32023,52.38,38.46,47.2481,-8.7881
LRCX,Lam Research,Analyst Selectivity Ratio,CQ42023,38.46,38.46,42.92879999999998,-4.46879999999998
LRCX,Lam Research,Analyst Selectivity Ratio,CQ12024,38.46,40.74,47.55409999999999,-6.814099999999989
LRCX,Lam Research,Analyst Selectivity Ratio,CQ22024,40.74,34.62,42.728500000000004,-8.108500000000006
LRCX,Lam Research,Analyst Selectivity Ratio,CQ32024,34.62,32.0,34.1999,-2.1998999999999995
LRCX,Lam Research,Language Complexity,CQ12022,12.78,12.04,12.578199999999995,-0.5381999999999962
LRCX,Lam Research,Language Complexity,CQ22022,12.04,11.99,12.261400000000005,-0.2714000000000052
LRCX,Lam Research,Language Complexity,CQ32022,11.99,12.73,11.991799999999998,0.7382000000000026
LRCX,Lam Research,Language Complexity,CQ42022,12.73,11.93,12.630799999999999,-0.7007999999999992
LRCX,Lam Research,Language Complexity,CQ12023,11.93,12.06,11.862599999999997,0.19740000000000357
LRCX,Lam Research,Language Complexity,CQ22023,12.06,11.87,12.009500000000008,-0.13950000000000884
LRCX,Lam Research,Language Complexity,CQ32023,11.87,11.86,12.018800000000004,-0.15880000000000472
LRCX,Lam Research,Language Complexity,CQ42023,11.86,11.81,11.7973,0.0127000000000006
LRCX,Lam Research,Language Complexity,CQ12024,11.81,11.29,12.128000000000009,-0.8380000000000098
LRCX,Lam Research,Language Complexity,CQ22024,11.29,11.86,11.563099999999999,0.29690000000000083
LRCX,Lam Research,Language Complexity,CQ32024,11.86,11.58,11.874400000000005,-0.2944000000000049
LRCX,Lam Research,Net Positivity,CQ12022,0.31,0.4,0.6171999999999997,-0.21719999999999973
LRCX,Lam Research,Net Positivity,CQ22022,0.4,1.08,0.2499999999999999,0.8300000000000002
LRCX,Lam Research,Net Positivity,CQ32022,1.08,0.66,0.5937000000000001,0.06629999999999991
LRCX,Lam Research,Net Positivity,CQ42022,0.66,0.91,0.6734999999999995,0.2365000000000005
LRCX,Lam Research,Net Positivity,CQ12023,0.91,0.6,0.9519000000000003,-0.3519000000000003
LRCX,Lam Research,Net Positivity,CQ22023,0.6,1.36,0.7911000000000005,0.5688999999999996
LRCX,Lam Research,Net Positivity,CQ32023,1.36,1.23,1.1476,0.08240000000000003
LRCX,Lam Research,Net Positivity,CQ42023,1.23,1.17,1.2517999999999994,-0.08179999999999943
LRCX,Lam Research,Net Positivity,CQ12024,1.17,1.12,1.4089999999999998,-0.2889999999999997
LRCX,Lam Research,Net Positivity,CQ22024,1.12,1.24,1.1953000000000005,0.04469999999999952
LRCX,Lam Research,Net Positivity,CQ32024,1.24,1.35,0.7923000000000004,0.5576999999999996
LRCX,Lam Research,Numeric Transeprency,CQ12022,1.94,1.32,1.3579999999999997,-0.03799999999999959
LRCX,Lam Research,Numeric Transeprency,CQ22022,1.32,1.32,1.4814,-0.1614
LRCX,Lam Research,Numeric Transeprency,CQ32022,1.32,2.02,1.5725000000000002,0.4474999999999998
LRCX,Lam Research,Numeric Transeprency,CQ42022,2.02,2.45,1.6785999999999992,0.771400000000001
LRCX,Lam Research,Numeric Transeprency,CQ12023,2.45,1.96,1.9324999999999994,0.027500000000000524
LRCX,Lam Research,Numeric Transeprency,CQ22023,1.96,1.8,1.9702000000000004,-0.17020000000000035
LRCX,Lam Research,Numeric Transeprency,CQ32023,1.8,1.6,2.0016999999999996,-0.4016999999999995
LRCX,Lam Research,Numeric Transeprency,CQ42023,1.6,1.83,2.0559000000000007,-0.22590000000000066
LRCX,Lam Research,Numeric Transeprency,CQ12024,1.83,1.88,2.0610999999999997,-0.18109999999999982
LRCX,Lam Research,Numeric Transeprency,CQ22024,1.88,1.82,1.7592999999999992,0.060700000000000864
LRCX,Lam Research,Numeric Transeprency,CQ32024,1.82,1.83,1.5541000000000003,0.2758999999999998
MA,Mastercard,Analyst Selectivity Ratio,CQ12022,42.42,33.33,30.8488,2.4811999999999976
MA,Mastercard,Analyst Selectivity Ratio,CQ22022,33.33,16.67,34.712799999999994,-18.042799999999993
MA,Mastercard,Analyst Selectivity Ratio,CQ32022,16.67,30.3,36.525900000000014,-6.2259000000000135
MA,Mastercard,Analyst Selectivity Ratio,CQ42022,30.3,22.86,34.94039999999999,-12.08039999999999
MA,Mastercard,Analyst Selectivity Ratio,CQ12023,22.86,25.0,22.334999999999994,2.6650000000000063
MA,Mastercard,Analyst Selectivity Ratio,CQ22023,25.0,27.27,22.759899999999995,4.510100000000005
MA,Mastercard,Analyst Selectivity Ratio,CQ32023,27.27,33.33,25.640699999999995,7.689300000000003
MA,Mastercard,Analyst Selectivity Ratio,CQ42023,33.33,23.53,32.462700000000005,-8.932700000000004
MA,Mastercard,Analyst Selectivity Ratio,CQ12024,23.53,27.78,26.6826,1.0974000000000004
MA,Mastercard,Analyst Selectivity Ratio,CQ22024,27.78,28.57,26.639499999999998,1.930500000000002
MA,Mastercard,Analyst Selectivity Ratio,CQ32024,28.57,21.88,27.843300000000003,-5.963300000000004
MA,Mastercard,Language Complexity,CQ12022,11.96,12.53,12.014200000000011,0.515799999999988
MA,Mastercard,Language Complexity,CQ22022,12.53,12.56,12.205800000000002,0.35419999999999874
MA,Mastercard,Language Complexity,CQ32022,12.56,12.63,12.254700000000005,0.37529999999999575
MA,Mastercard,Language Complexity,CQ42022,12.63,12.27,12.382099999999998,-0.11209999999999809
MA,Mastercard,Language Complexity,CQ12023,12.27,12.2,12.222700000000001,-0.022700000000002163
MA,Mastercard,Language Complexity,CQ22023,12.2,11.84,12.278499999999994,-0.4384999999999941
MA,Mastercard,Language Complexity,CQ32023,11.84,12.29,12.0305,0.2594999999999992
MA,Mastercard,Language Complexity,CQ42023,12.29,12.86,12.303200000000004,0.5567999999999955
MA,Mastercard,Language Complexity,CQ12024,12.86,12.65,12.385599999999995,0.2644000000000055
MA,Mastercard,Language Complexity,CQ22024,12.65,12.43,12.443900000000003,-0.013900000000003132
MA,Mastercard,Language Complexity,CQ32024,12.43,12.38,12.551499999999997,-0.17149999999999643
MA,Mastercard,Net Positivity,CQ12022,1.06,1.01,1.3003000000000002,-0.2903000000000002
MA,Mastercard,Net Positivity,CQ22022,1.01,1.13,0.9675000000000002,0.16249999999999964
MA,Mastercard,Net Positivity,CQ32022,1.13,1.24,1.0989000000000004,0.14109999999999956
MA,Mastercard,Net Positivity,CQ42022,1.24,1.24,1.1580999999999995,0.08190000000000053
MA,Mastercard,Net Positivity,CQ12023,1.24,1.23,1.1058,0.12420000000000009
MA,Mastercard,Net Positivity,CQ22023,1.23,1.26,1.1751,0.08489999999999998
MA,Mastercard,Net Positivity,CQ32023,1.26,0.82,1.1327999999999996,-0.31279999999999963
MA,Mastercard,Net Positivity,CQ42023,0.82,0.94,1.0665999999999995,-0.1265999999999996
MA,Mastercard,Net Positivity,CQ12024,0.94,1.39,1.1246999999999994,0.26530000000000054
MA,Mastercard,Net Positivity,CQ22024,1.39,1.2,1.1304000000000007,0.06959999999999922
MA,Mastercard,Net Positivity,CQ32024,1.2,1.28,1.1598,0.12020000000000008
MA,Mastercard,Numeric Transeprency,CQ12022,2.36,1.97,1.6972000000000005,0.2727999999999995
MA,Mastercard,Numeric Transeprency,CQ22022,1.97,1.88,1.8356000000000003,0.04439999999999955
MA,Mastercard,Numeric Transeprency,CQ32022,1.88,1.7,1.9194,-0.21940000000000004
MA,Mastercard,Numeric Transeprency,CQ42022,1.7,2.14,2.0696,0.07040000000000024
MA,Mastercard,Numeric Transeprency,CQ12023,2.14,1.72,1.7619,-0.04190000000000005
MA,Mastercard,Numeric Transeprency,CQ22023,1.72,1.55,1.7939000000000005,-0.24390000000000045
MA,Mastercard,Numeric Transeprency,CQ32023,1.55,1.45,1.6234000000000006,-0.17340000000000066
MA,Mastercard,Numeric Transeprency,CQ42023,1.45,1.49,1.7356999999999991,-0.24569999999999914
MA,Mastercard,Numeric Transeprency,CQ12024,1.49,1.24,1.6941999999999995,-0.4541999999999995
MA,Mastercard,Numeric Transeprency,CQ22024,1.24,1.16,1.4149000000000003,-0.25490000000000035
MA,Mastercard,Numeric Transeprency,CQ32024,1.16,1.24,1.3779,-0.1378999999999999
MCD,McDonald's,Analyst Selectivity Ratio,CQ12022,33.33,38.89,34.5831,4.306899999999999
MCD,McDonald's,Analyst Selectivity Ratio,CQ22022,38.89,34.38,38.471899999999984,-4.091899999999981
MCD,McDonald's,Analyst Selectivity Ratio,CQ32022,34.38,39.39,34.48290000000001,4.907099999999993
MCD,McDonald's,Analyst Selectivity Ratio,CQ42022,39.39,29.41,35.60629999999999,-6.19629999999999
MCD,McDonald's,Analyst Selectivity Ratio,CQ12023,29.41,31.25,33.5079,-2.2578999999999994
MCD,McDonald's,Analyst Selectivity Ratio,CQ22023,31.25,26.67,35.5558,-8.885799999999996
MCD,McDonald's,Analyst Selectivity Ratio,CQ32023,26.67,30.0,30.833799999999993,-0.833799999999993
MCD,McDonald's,Analyst Selectivity Ratio,CQ42023,30.0,29.03,28.164799999999996,0.8652000000000051
MCD,McDonald's,Analyst Selectivity Ratio,CQ12024,29.03,40.0,29.921800000000008,10.078199999999992
MCD,McDonald's,Analyst Selectivity Ratio,CQ22024,40.0,33.33,35.6814,-2.351399999999998
MCD,McDonald's,Analyst Selectivity Ratio,CQ32024,33.33,25.0,34.55989999999999,-9.559899999999992
MCD,McDonald's,Language Complexity,CQ12022,13.13,12.28,12.626800000000003,-0.34680000000000355
MCD,McDonald's,Language Complexity,CQ22022,12.28,12.69,12.610400000000004,0.07959999999999567
MCD,McDonald's,Language Complexity,CQ32022,12.69,13.1,12.813400000000001,0.2865999999999982
MCD,McDonald's,Language Complexity,CQ42022,13.1,13.27,12.846700000000004,0.4232999999999958
MCD,McDonald's,Language Complexity,CQ12023,13.27,13.8,12.930400000000002,0.8695999999999984
MCD,McDonald's,Language Complexity,CQ22023,13.8,13.86,13.108699999999999,0.7513000000000005
MCD,McDonald's,Language Complexity,CQ32023,13.86,13.9,13.4451,0.4549000000000003
MCD,McDonald's,Language Complexity,CQ42023,13.9,14.33,13.495800000000001,0.8341999999999992
MCD,McDonald's,Language Complexity,CQ12024,14.33,14.03,13.998799999999996,0.03120000000000367
MCD,McDonald's,Language Complexity,CQ22024,14.03,13.3,13.891299999999994,-0.5912999999999933
MCD,McDonald's,Language Complexity,CQ32024,13.3,13.13,13.4503,-0.3202999999999996
MCD,McDonald's,Net Positivity,CQ12022,1.95,1.06,1.6823000000000006,-0.6223000000000005
MCD,McDonald's,Net Positivity,CQ22022,1.06,1.5,1.427499999999999,0.0725000000000009
MCD,McDonald's,Net Positivity,CQ32022,1.5,1.51,1.5548,-0.04479999999999995
MCD,McDonald's,Net Positivity,CQ42022,1.51,2.21,1.7144,0.49560000000000004
MCD,McDonald's,Net Positivity,CQ12023,2.21,1.95,1.6066999999999996,0.3433000000000004
MCD,McDonald's,Net Positivity,CQ22023,1.95,1.92,1.8558999999999992,0.06410000000000071
MCD,McDonald's,Net Positivity,CQ32023,1.92,1.59,1.8497000000000003,-0.25970000000000026
MCD,McDonald's,Net Positivity,CQ42023,1.59,2.24,2.0075000000000007,0.23249999999999948
MCD,McDonald's,Net Positivity,CQ12024,2.24,1.93,1.8412999999999997,0.08870000000000022
MCD,McDonald's,Net Positivity,CQ22024,1.93,1.46,1.8459000000000005,-0.3859000000000006
MCD,McDonald's,Net Positivity,CQ32024,1.46,1.87,1.7208999999999997,0.14910000000000045
MCD,McDonald's,Numeric Transeprency,CQ12022,2.39,1.24,1.5813,-0.34129999999999994
MCD,McDonald's,Numeric Transeprency,CQ22022,1.24,1.1,1.4886999999999997,-0.3886999999999996
MCD,McDonald's,Numeric Transeprency,CQ32022,1.1,1.22,1.422699999999999,-0.202699999999999
MCD,McDonald's,Numeric Transeprency,CQ42022,1.22,1.84,1.6590999999999994,0.18090000000000073
MCD,McDonald's,Numeric Transeprency,CQ12023,1.84,0.92,1.1729,-0.2529
MCD,McDonald's,Numeric Transeprency,CQ22023,0.92,0.98,1.3337999999999999,-0.3537999999999999
MCD,McDonald's,Numeric Transeprency,CQ32023,0.98,0.86,1.0952000000000006,-0.23520000000000063
MCD,McDonald's,Numeric Transeprency,CQ42023,0.86,1.93,1.0536999999999999,0.8763000000000001
MCD,McDonald's,Numeric Transeprency,CQ12024,1.93,0.85,1.3772,-0.5272
MCD,McDonald's,Numeric Transeprency,CQ22024,0.85,1.14,1.0966000000000002,0.04339999999999966
MCD,McDonald's,Numeric Transeprency,CQ32024,1.14,1.16,1.3642999999999994,-0.20429999999999948
MCK,McKesson Corporation,Analyst Selectivity Ratio,CQ12022,50.0,57.14,49.099800000000016,8.040199999999984
MCK,McKesson Corporation,Analyst Selectivity Ratio,CQ22022,57.14,40.0,51.43220000000003,-11.43220000000003
MCK,McKesson Corporation,Analyst Selectivity Ratio,CQ32022,40.0,50.0,46.806,3.1940000000000026
MCK,McKesson Corporation,Analyst Selectivity Ratio,CQ42022,50.0,46.15,52.79469999999999,-6.644699999999993
MCK,McKesson Corporation,Analyst Selectivity Ratio,CQ12023,46.15,50.0,47.08259999999998,2.917400000000022
MCK,McKesson Corporation,Analyst Selectivity Ratio,CQ22023,50.0,35.71,46.33569999999999,-10.625699999999988
MCK,McKesson Corporation,Analyst Selectivity Ratio,CQ32023,35.71,46.67,46.34910000000001,0.32089999999999463
MCK,McKesson Corporation,Analyst Selectivity Ratio,CQ42023,46.67,50.0,43.994399999999985,6.005600000000015
MCK,McKesson Corporation,Analyst Selectivity Ratio,CQ12024,50.0,50.0,48.13299999999998,1.8670000000000186
MCK,McKesson Corporation,Analyst Selectivity Ratio,CQ22024,50.0,42.86,47.124399999999994,-4.264399999999995
MCK,McKesson Corporation,Analyst Selectivity Ratio,CQ32024,42.86,50.0,43.378599999999985,6.6214000000000155
MCK,McKesson Corporation,Language Complexity,CQ12022,15.66,15.42,14.797199999999993,0.6228000000000069
MCK,McKesson Corporation,Language Complexity,CQ22022,15.42,14.97,14.794699999999999,0.1753000000000018
MCK,McKesson Corporation,Language Complexity,CQ32022,14.97,14.94,14.714999999999998,0.22500000000000142
MCK,McKesson Corporation,Language Complexity,CQ42022,14.94,15.31,14.965299999999996,0.3447000000000049
MCK,McKesson Corporation,Language Complexity,CQ12023,15.31,15.26,14.8519,0.40809999999999924
MCK,McKesson Corporation,Language Complexity,CQ22023,15.26,14.93,15.128,-0.1980000000000004
MCK,McKesson Corporation,Language Complexity,CQ32023,14.93,14.49,14.683399999999992,-0.19339999999999158
MCK,McKesson Corporation,Language Complexity,CQ42023,14.49,14.96,14.730999999999993,0.22900000000000809
MCK,McKesson Corporation,Language Complexity,CQ12024,14.96,15.03,15.118100000000004,-0.08810000000000429
MCK,McKesson Corporation,Language Complexity,CQ22024,15.03,14.88,15.105600000000003,-0.2256000000000018
MCK,McKesson Corporation,Language Complexity,CQ32024,14.88,14.46,14.887199999999996,-0.4271999999999956
MCK,McKesson Corporation,Net Positivity,CQ12022,1.47,1.36,1.4136999999999997,-0.05369999999999964
MCK,McKesson Corporation,Net Positivity,CQ22022,1.36,0.93,1.254099999999999,-0.32409999999999906
MCK,McKesson Corporation,Net Positivity,CQ32022,0.93,1.01,1.2493999999999992,-0.23939999999999917
MCK,McKesson Corporation,Net Positivity,CQ42022,1.01,1.69,1.1528000000000007,0.5371999999999992
MCK,McKesson Corporation,Net Positivity,CQ12023,1.69,1.76,1.2915000000000003,0.4684999999999997
MCK,McKesson Corporation,Net Positivity,CQ22023,1.76,1.44,1.5704,-0.13040000000000007
MCK,McKesson Corporation,Net Positivity,CQ32023,1.44,0.84,1.5203000000000007,-0.6803000000000007
MCK,McKesson Corporation,Net Positivity,CQ42023,0.84,1.52,1.1760000000000004,0.34399999999999964
MCK,McKesson Corporation,Net Positivity,CQ12024,1.52,1.86,1.413,0.44700000000000006
MCK,McKesson Corporation,Net Positivity,CQ22024,1.86,1.32,1.4272000000000002,-0.10720000000000018
MCK,McKesson Corporation,Net Positivity,CQ32024,1.32,1.29,1.2313999999999998,0.05860000000000021
MCK,McKesson Corporation,Numeric Transeprency,CQ12022,3.05,3.76,2.9539,0.8060999999999998
MCK,McKesson Corporation,Numeric Transeprency,CQ22022,3.76,2.94,3.0793000000000013,-0.1393000000000013
MCK,McKesson Corporation,Numeric Transeprency,CQ32022,2.94,2.67,2.7731,-0.10309999999999997
MCK,McKesson Corporation,Numeric Transeprency,CQ42022,2.67,3.06,3.4181999999999992,-0.3581999999999992
MCK,McKesson Corporation,Numeric Transeprency,CQ12023,3.06,3.05,3.5866000000000007,-0.5366000000000009
MCK,McKesson Corporation,Numeric Transeprency,CQ22023,3.05,2.56,3.327199999999999,-0.767199999999999
MCK,McKesson Corporation,Numeric Transeprency,CQ32023,2.56,2.59,2.8815,-0.2915000000000001
MCK,McKesson Corporation,Numeric Transeprency,CQ42023,2.59,2.77,3.0799000000000003,-0.3099000000000003
MCK,McKesson Corporation,Numeric Transeprency,CQ12024,2.77,2.52,2.7950000000000013,-0.27500000000000124
MCK,McKesson Corporation,Numeric Transeprency,CQ22024,2.52,2.13,2.5561000000000003,-0.42610000000000037
MCK,McKesson Corporation,Numeric Transeprency,CQ32024,2.13,2.06,2.6757000000000004,-0.6157000000000004
MDT,Medtronic,Analyst Selectivity Ratio,CQ12022,26.92,28.0,30.121799999999993,-2.1217999999999932
MDT,Medtronic,Analyst Selectivity Ratio,CQ22022,28.0,37.04,28.228599999999993,8.811400000000006
MDT,Medtronic,Analyst Selectivity Ratio,CQ32022,37.04,27.59,33.63989999999999,-6.04989999999999
MDT,Medtronic,Analyst Selectivity Ratio,CQ42022,27.59,39.13,29.4146,9.715400000000002
MDT,Medtronic,Analyst Selectivity Ratio,CQ12023,39.13,37.5,34.33409999999998,3.165900000000022
MDT,Medtronic,Analyst Selectivity Ratio,CQ22023,37.5,20.0,34.42849999999999,-14.428499999999993
MDT,Medtronic,Analyst Selectivity Ratio,CQ32023,20.0,26.67,36.33960000000002,-9.669600000000017
MDT,Medtronic,Analyst Selectivity Ratio,CQ42023,26.67,21.43,33.334100000000014,-11.904100000000014
MDT,Medtronic,Analyst Selectivity Ratio,CQ12024,21.43,25.0,23.8,1.1999999999999993
MDT,Medtronic,Analyst Selectivity Ratio,CQ22024,25.0,27.59,22.8102,4.779800000000002
MDT,Medtronic,Analyst Selectivity Ratio,CQ32024,27.59,27.59,25.689199999999985,1.9008000000000145
MDT,Medtronic,Language Complexity,CQ12022,12.21,12.39,12.146999999999998,0.2430000000000021
MDT,Medtronic,Language Complexity,CQ22022,12.39,11.75,12.235400000000002,-0.48540000000000205
MDT,Medtronic,Language Complexity,CQ32022,11.75,11.78,12.172599999999997,-0.39259999999999806
MDT,Medtronic,Language Complexity,CQ42022,11.78,11.75,11.894399999999994,-0.14439999999999387
MDT,Medtronic,Language Complexity,CQ12023,11.75,11.14,12.124999999999995,-0.9849999999999941
MDT,Medtronic,Language Complexity,CQ22023,11.14,11.64,11.7906,-0.15059999999999896
MDT,Medtronic,Language Complexity,CQ32023,11.64,12.49,11.611500000000001,0.878499999999999
MDT,Medtronic,Language Complexity,CQ42023,12.49,12.26,11.395800000000007,0.8641999999999932
MDT,Medtronic,Language Complexity,CQ12024,12.26,11.9,11.731799999999991,0.16820000000000945
MDT,Medtronic,Language Complexity,CQ22024,11.9,10.93,11.916299999999994,-0.9862999999999946
MDT,Medtronic,Language Complexity,CQ32024,10.93,12.34,11.658000000000005,0.681999999999995
MDT,Medtronic,Net Positivity,CQ12022,1.05,0.54,1.2944000000000002,-0.7544000000000002
MDT,Medtronic,Net Positivity,CQ22022,0.54,1.3,0.6668000000000001,0.6332
MDT,Medtronic,Net Positivity,CQ32022,1.3,0.7,1.0477999999999996,-0.34779999999999966
MDT,Medtronic,Net Positivity,CQ42022,0.7,1.3,0.7757999999999996,0.5242000000000004
MDT,Medtronic,Net Positivity,CQ12023,1.3,1.63,1.0525999999999998,0.5774000000000001
MDT,Medtronic,Net Positivity,CQ22023,1.63,1.68,1.3022,0.3777999999999999
MDT,Medtronic,Net Positivity,CQ32023,1.68,1.27,1.6359000000000008,-0.3659000000000008
MDT,Medtronic,Net Positivity,CQ42023,1.27,1.64,1.4036000000000004,0.2363999999999995
MDT,Medtronic,Net Positivity,CQ12024,1.64,1.54,1.6385999999999994,-0.09859999999999935
MDT,Medtronic,Net Positivity,CQ22024,1.54,1.51,1.5416999999999996,-0.03169999999999962
MDT,Medtronic,Net Positivity,CQ32024,1.51,1.6,1.4800999999999993,0.11990000000000078
MDT,Medtronic,Numeric Transeprency,CQ12022,1.36,1.77,1.4627000000000001,0.3072999999999999
MDT,Medtronic,Numeric Transeprency,CQ22022,1.77,1.41,1.2139000000000009,0.19609999999999905
MDT,Medtronic,Numeric Transeprency,CQ32022,1.41,1.28,1.4183000000000003,-0.1383000000000003
MDT,Medtronic,Numeric Transeprency,CQ42022,1.28,1.47,1.4194000000000002,0.050599999999999756
MDT,Medtronic,Numeric Transeprency,CQ12023,1.47,1.42,1.5466000000000006,-0.1266000000000007
MDT,Medtronic,Numeric Transeprency,CQ22023,1.42,1.36,1.4028999999999998,-0.042899999999999716
MDT,Medtronic,Numeric Transeprency,CQ32023,1.36,1.51,1.3094000000000003,0.20059999999999967
MDT,Medtronic,Numeric Transeprency,CQ42023,1.51,1.24,1.3854000000000004,-0.14540000000000042
MDT,Medtronic,Numeric Transeprency,CQ12024,1.24,1.78,1.3650000000000002,0.4149999999999998
MDT,Medtronic,Numeric Transeprency,CQ22024,1.78,1.01,1.4922000000000002,-0.4822000000000002
MDT,Medtronic,Numeric Transeprency,CQ32024,1.01,1.47,1.1806,0.2893999999999999
MET,MetLife,Analyst Selectivity Ratio,CQ12022,33.33,40.0,32.051000000000016,7.948999999999984
MET,MetLife,Analyst Selectivity Ratio,CQ22022,40.0,43.75,38.5573,5.192700000000002
MET,MetLife,Analyst Selectivity Ratio,CQ32022,43.75,35.29,38.95450000000001,-3.664500000000011
MET,MetLife,Analyst Selectivity Ratio,CQ42022,35.29,17.65,39.9761,-22.326100000000004
MET,MetLife,Analyst Selectivity Ratio,CQ12023,17.65,37.5,28.7265,8.773499999999999
MET,MetLife,Analyst Selectivity Ratio,CQ22023,37.5,40.0,36.58960000000001,3.4103999999999886
MET,MetLife,Analyst Selectivity Ratio,CQ32023,40.0,42.86,35.754599999999996,7.105400000000003
MET,MetLife,Analyst Selectivity Ratio,CQ42023,42.86,46.15,33.343999999999994,12.806000000000004
MET,MetLife,Analyst Selectivity Ratio,CQ12024,46.15,15.38,45.77299999999998,-30.39299999999998
MET,MetLife,Analyst Selectivity Ratio,CQ22024,15.38,50.0,32.09479999999999,17.905200000000008
MET,MetLife,Analyst Selectivity Ratio,CQ32024,50.0,50.0,39.18010000000001,10.81989999999999
MET,MetLife,Language Complexity,CQ12022,12.44,12.22,12.623900000000003,-0.4039000000000019
MET,MetLife,Language Complexity,CQ22022,12.22,12.44,12.570200000000007,-0.13020000000000742
MET,MetLife,Language Complexity,CQ32022,12.44,12.51,12.581800000000005,-0.07180000000000497
MET,MetLife,Language Complexity,CQ42022,12.51,12.78,12.660199999999998,0.11980000000000146
MET,MetLife,Language Complexity,CQ12023,12.78,13.21,12.657300000000003,0.552699999999998
MET,MetLife,Language Complexity,CQ22023,13.21,12.78,13.094799999999996,-0.3147999999999964
MET,MetLife,Language Complexity,CQ32023,12.78,12.71,12.855399999999998,-0.14539999999999687
MET,MetLife,Language Complexity,CQ42023,12.71,13.24,12.7431,0.4969000000000001
MET,MetLife,Language Complexity,CQ12024,13.24,12.66,13.239699999999997,-0.5796999999999972
MET,MetLife,Language Complexity,CQ22024,12.66,12.06,12.8406,-0.7805999999999997
MET,MetLife,Language Complexity,CQ32024,12.06,12.15,12.712700000000007,-0.5627000000000066
MET,MetLife,Net Positivity,CQ12022,1.01,0.75,0.9591,-0.20909999999999995
MET,MetLife,Net Positivity,CQ22022,0.75,0.91,0.8573000000000001,0.05269999999999997
MET,MetLife,Net Positivity,CQ32022,0.91,1.09,0.9438000000000001,0.1462
MET,MetLife,Net Positivity,CQ42022,1.09,0.76,1.0419999999999998,-0.2819999999999998
MET,MetLife,Net Positivity,CQ12023,0.76,0.49,0.4584999999999997,0.031500000000000306
MET,MetLife,Net Positivity,CQ22023,0.49,0.9,0.8232000000000004,0.07679999999999965
MET,MetLife,Net Positivity,CQ32023,0.9,1.3,0.9317999999999997,0.3682000000000003
MET,MetLife,Net Positivity,CQ42023,1.3,0.69,0.9350999999999996,-0.24509999999999965
MET,MetLife,Net Positivity,CQ12024,0.69,1.32,1.0307999999999997,0.28920000000000035
MET,MetLife,Net Positivity,CQ22024,1.32,1.63,0.9438999999999999,0.6861
MET,MetLife,Net Positivity,CQ32024,1.63,1.23,1.3931999999999995,-0.16319999999999957
MET,MetLife,Numeric Transeprency,CQ12022,4.3,2.78,3.257900000000002,-0.4779000000000022
MET,MetLife,Numeric Transeprency,CQ22022,2.78,2.85,3.0924000000000014,-0.24240000000000128
MET,MetLife,Numeric Transeprency,CQ32022,2.85,2.97,3.3627000000000016,-0.3927000000000014
MET,MetLife,Numeric Transeprency,CQ42022,2.97,4.43,3.5578000000000007,0.872199999999999
MET,MetLife,Numeric Transeprency,CQ12023,4.43,3.23,2.8174999999999994,0.41250000000000053
MET,MetLife,Numeric Transeprency,CQ22023,3.23,3.09,3.1544000000000016,-0.06440000000000179
MET,MetLife,Numeric Transeprency,CQ32023,3.09,3.33,3.4943,-0.1642999999999999
MET,MetLife,Numeric Transeprency,CQ42023,3.33,4.49,3.4634999999999985,1.0265000000000017
MET,MetLife,Numeric Transeprency,CQ12024,4.49,3.42,3.641400000000001,-0.22140000000000093
MET,MetLife,Numeric Transeprency,CQ22024,3.42,2.76,3.2639000000000014,-0.5039000000000016
MET,MetLife,Numeric Transeprency,CQ32024,2.76,2.86,3.2173000000000003,-0.3573000000000004
META,Meta Platforms,Analyst Selectivity Ratio,CQ12022,15.38,16.0,19.921900000000004,-3.9219000000000044
META,Meta Platforms,Analyst Selectivity Ratio,CQ22022,16.0,15.22,20.123299999999993,-4.903299999999993
META,Meta Platforms,Analyst Selectivity Ratio,CQ32022,15.22,10.87,20.85569999999999,-9.985699999999992
META,Meta Platforms,Analyst Selectivity Ratio,CQ42022,10.87,11.76,13.690299999999997,-1.9302999999999972
META,Meta Platforms,Analyst Selectivity Ratio,CQ12023,11.76,14.29,12.727399999999989,1.5626000000000104
META,Meta Platforms,Analyst Selectivity Ratio,CQ22023,14.29,12.5,13.831899999999992,-1.331899999999992
META,Meta Platforms,Analyst Selectivity Ratio,CQ32023,12.5,10.42,12.615299999999998,-2.195299999999998
META,Meta Platforms,Analyst Selectivity Ratio,CQ42023,10.42,9.8,11.603499999999999,-1.8034999999999979
META,Meta Platforms,Analyst Selectivity Ratio,CQ12024,9.8,12.96,11.390600000000001,1.5694
META,Meta Platforms,Analyst Selectivity Ratio,CQ22024,12.96,12.73,11.959499999999998,0.770500000000002
META,Meta Platforms,Analyst Selectivity Ratio,CQ32024,12.73,13.46,12.151100000000008,1.3088999999999924
META,Meta Platforms,Language Complexity,CQ12022,12.45,12.6,12.261900000000008,0.33809999999999185
META,Meta Platforms,Language Complexity,CQ22022,12.6,12.05,12.388499999999997,-0.33849999999999625
META,Meta Platforms,Language Complexity,CQ32022,12.05,12.65,12.360200000000004,0.28979999999999606
META,Meta Platforms,Language Complexity,CQ42022,12.65,12.25,12.385499999999993,-0.1354999999999933
META,Meta Platforms,Language Complexity,CQ12023,12.25,13.6,12.449299999999996,1.150700000000004
META,Meta Platforms,Language Complexity,CQ22023,13.6,12.25,12.628599999999995,-0.37859999999999516
META,Meta Platforms,Language Complexity,CQ32023,12.25,13.36,12.520300000000002,0.839699999999997
META,Meta Platforms,Language Complexity,CQ42023,13.36,13.42,13.463700000000008,-0.04370000000000829
META,Meta Platforms,Language Complexity,CQ12024,13.42,13.66,15.3902,-1.7302
META,Meta Platforms,Language Complexity,CQ22024,13.66,13.21,15.534900000000004,-2.324900000000003
META,Meta Platforms,Language Complexity,CQ32024,13.21,13.18,15.543900000000002,-2.3639000000000028
META,Meta Platforms,Net Positivity,CQ12022,0.68,1.1,1.0750000000000006,0.024999999999999467
META,Meta Platforms,Net Positivity,CQ22022,1.1,1.15,0.4318000000000003,0.7181999999999996
META,Meta Platforms,Net Positivity,CQ32022,1.15,1.09,0.9932000000000001,0.0968
META,Meta Platforms,Net Positivity,CQ42022,1.09,1.35,1.1613999999999995,0.18860000000000054
META,Meta Platforms,Net Positivity,CQ12023,1.35,1.9,1.2613,0.6386999999999998
META,Meta Platforms,Net Positivity,CQ22023,1.9,1.25,1.5538999999999998,-0.30389999999999984
META,Meta Platforms,Net Positivity,CQ32023,1.25,1.74,1.3762,0.3637999999999999
META,Meta Platforms,Net Positivity,CQ42023,1.74,2.0,1.7264999999999997,0.2735000000000003
META,Meta Platforms,Net Positivity,CQ12024,2.0,2.1,1.6607000000000007,0.43929999999999936
META,Meta Platforms,Net Positivity,CQ22024,2.1,2.4,1.6319,0.7681
META,Meta Platforms,Net Positivity,CQ32024,2.4,2.02,2.2796000000000007,-0.2596000000000007
META,Meta Platforms,Numeric Transeprency,CQ12022,1.51,1.18,1.3795999999999997,-0.19959999999999978
META,Meta Platforms,Numeric Transeprency,CQ22022,1.18,1.22,0.9499,0.2701
META,Meta Platforms,Numeric Transeprency,CQ32022,1.22,2.07,1.1902,0.8797999999999999
META,Meta Platforms,Numeric Transeprency,CQ42022,2.07,1.69,1.4875999999999994,0.20240000000000058
META,Meta Platforms,Numeric Transeprency,CQ12023,1.69,1.64,1.6473999999999986,-0.007399999999998741
META,Meta Platforms,Numeric Transeprency,CQ22023,1.64,1.62,1.6629999999999996,-0.04299999999999948
META,Meta Platforms,Numeric Transeprency,CQ32023,1.62,1.68,1.7218,-0.04180000000000006
META,Meta Platforms,Numeric Transeprency,CQ42023,1.68,1.62,1.7062000000000008,-0.08620000000000072
META,Meta Platforms,Numeric Transeprency,CQ12024,1.62,1.25,1.7417000000000002,-0.49170000000000025
META,Meta Platforms,Numeric Transeprency,CQ22024,1.25,1.58,1.2728000000000002,0.3071999999999999
META,Meta Platforms,Numeric Transeprency,CQ32024,1.58,1.65,1.5702000000000005,0.07979999999999943
MKC,McCormick & Company,Analyst Selectivity Ratio,CQ12022,53.85,54.55,50.76380000000001,3.7861999999999867
MKC,McCormick & Company,Analyst Selectivity Ratio,CQ32022,,87.5,59.782300000000035,27.717699999999965
MKC,McCormick & Company,Analyst Selectivity Ratio,CQ42022,87.5,63.64,65.29189999999998,-1.6518999999999835
MKC,McCormick & Company,Analyst Selectivity Ratio,CQ12023,63.64,60.0,66.35480000000001,-6.3548000000000116
MKC,McCormick & Company,Analyst Selectivity Ratio,CQ32023,,36.36,56.701400000000014,-20.341400000000014
MKC,McCormick & Company,Analyst Selectivity Ratio,CQ42023,36.36,42.86,52.000800000000005,-9.140800000000006
MKC,McCormick & Company,Analyst Selectivity Ratio,CQ12024,42.86,38.46,48.422799999999995,-9.962799999999994
MKC,McCormick & Company,Analyst Selectivity Ratio,CQ32024,,57.14,38.569599999999994,18.570400000000006
MKC,McCormick & Company,Language Complexity,CQ12022,12.78,12.55,12.530899999999995,0.019100000000005224
MKC,McCormick & Company,Language Complexity,CQ32022,,12.34,12.770700000000001,-0.43070000000000164
MKC,McCormick & Company,Language Complexity,CQ42022,12.34,12.55,12.555899999999998,-0.005899999999996908
MKC,McCormick & Company,Language Complexity,CQ12023,12.55,12.83,12.355100000000002,0.4748999999999981
MKC,McCormick & Company,Language Complexity,CQ32023,,12.88,12.547299999999993,0.332700000000008
MKC,McCormick & Company,Language Complexity,CQ42023,12.88,12.07,13.102900000000007,-1.0329000000000068
MKC,McCormick & Company,Language Complexity,CQ12024,12.07,13.18,12.435899999999997,0.7441000000000031
MKC,McCormick & Company,Language Complexity,CQ32024,,11.94,12.389899999999997,-0.44989999999999775
MKC,McCormick & Company,Net Positivity,CQ12022,0.85,0.02,1.0000000000000002,-0.9800000000000002
MKC,McCormick & Company,Net Positivity,CQ32022,,0.5,0.8735999999999997,-0.3735999999999997
MKC,McCormick & Company,Net Positivity,CQ42022,0.5,1.49,0.5467000000000001,0.9432999999999999
MKC,McCormick & Company,Net Positivity,CQ12023,1.49,1.91,0.9856000000000001,0.9243999999999998
MKC,McCormick & Company,Net Positivity,CQ32023,,1.87,1.3770000000000002,0.4929999999999999
MKC,McCormick & Company,Net Positivity,CQ42023,1.87,1.72,1.6885000000000003,0.03149999999999964
MKC,McCormick & Company,Net Positivity,CQ12024,1.72,1.75,1.6658999999999995,0.08410000000000051
MKC,McCormick & Company,Net Positivity,CQ32024,,1.56,1.6937999999999998,-0.1337999999999997
MKC,McCormick & Company,Numeric Transeprency,CQ12022,1.72,1.81,2.0054999999999996,-0.19549999999999956
MKC,McCormick & Company,Numeric Transeprency,CQ32022,,1.71,1.5490000000000004,0.1609999999999996
MKC,McCormick & Company,Numeric Transeprency,CQ42022,1.71,1.46,1.6987999999999996,-0.23879999999999968
MKC,McCormick & Company,Numeric Transeprency,CQ12023,1.46,1.69,1.7006000000000003,-0.010600000000000387
MKC,McCormick & Company,Numeric Transeprency,CQ32023,,2.02,1.4387000000000003,0.5812999999999997
MKC,McCormick & Company,Numeric Transeprency,CQ42023,2.02,1.49,1.7229000000000008,-0.23290000000000077
MKC,McCormick & Company,Numeric Transeprency,CQ12024,1.49,1.22,1.6990999999999994,-0.4790999999999994
MKC,McCormick & Company,Numeric Transeprency,CQ32024,,1.25,1.4439999999999995,-0.1939999999999995
MMM,3M,Analyst Selectivity Ratio,CQ12022,55.56,42.86,46.4067,-3.5467000000000013
MMM,3M,Analyst Selectivity Ratio,CQ22022,42.86,61.11,49.304400000000015,11.805599999999984
MMM,3M,Analyst Selectivity Ratio,CQ32022,61.11,42.11,50.885,-8.774999999999999
MMM,3M,Analyst Selectivity Ratio,CQ42022,42.11,43.75,48.6548,-4.904800000000002
MMM,3M,Analyst Selectivity Ratio,CQ12023,43.75,60.0,45.87459999999997,14.125400000000027
MMM,3M,Analyst Selectivity Ratio,CQ22023,60.0,37.5,50.750600000000006,-13.250600000000006
MMM,3M,Analyst Selectivity Ratio,CQ32023,37.5,46.67,45.04959999999997,1.620400000000032
MMM,3M,Analyst Selectivity Ratio,CQ42023,46.67,43.75,46.66920000000001,-2.9192000000000107
MMM,3M,Analyst Selectivity Ratio,CQ12024,43.75,87.5,43.22749999999997,44.27250000000003
MMM,3M,Analyst Selectivity Ratio,CQ22024,87.5,71.43,51.95619999999999,19.47380000000002
MMM,3M,Analyst Selectivity Ratio,CQ32024,71.43,61.54,64.4884,-2.9483999999999995
MMM,3M,Language Complexity,CQ12022,12.42,12.83,12.410400000000008,0.419599999999992
MMM,3M,Language Complexity,CQ22022,12.83,12.5,12.402299999999993,0.09770000000000678
MMM,3M,Language Complexity,CQ32022,12.5,13.21,12.472600000000005,0.7373999999999956
MMM,3M,Language Complexity,CQ42022,13.21,12.49,12.976600000000003,-0.4866000000000028
MMM,3M,Language Complexity,CQ12023,12.49,12.75,13.048399999999999,-0.2983999999999991
MMM,3M,Language Complexity,CQ22023,12.75,12.26,12.850899999999994,-0.5908999999999942
MMM,3M,Language Complexity,CQ32023,12.26,11.66,12.703599999999996,-1.043599999999996
MMM,3M,Language Complexity,CQ42023,11.66,12.42,12.189400000000003,0.23059999999999725
MMM,3M,Language Complexity,CQ12024,12.42,11.54,12.296,-0.7560000000000002
MMM,3M,Language Complexity,CQ22024,11.54,11.13,11.9738,-0.8437999999999999
MMM,3M,Language Complexity,CQ32024,11.13,10.85,11.428799999999994,-0.578799999999994
MMM,3M,Net Positivity,CQ12022,0.95,-0.11,0.7969000000000004,-0.9069000000000004
MMM,3M,Net Positivity,CQ22022,-0.11,1.01,0.39940000000000025,0.6105999999999998
MMM,3M,Net Positivity,CQ32022,1.01,1.01,0.5573999999999997,0.45260000000000034
MMM,3M,Net Positivity,CQ42022,1.01,0.17,1.1584,-0.9884000000000001
MMM,3M,Net Positivity,CQ12023,0.17,0.97,0.5976999999999998,0.3723000000000002
MMM,3M,Net Positivity,CQ22023,0.97,0.58,0.9395000000000002,-0.35950000000000026
MMM,3M,Net Positivity,CQ32023,0.58,1.15,0.8105,0.3394999999999999
MMM,3M,Net Positivity,CQ42023,1.15,0.87,1.0692,-0.19919999999999993
MMM,3M,Net Positivity,CQ12024,0.87,1.23,1.017500000000001,0.21249999999999902
MMM,3M,Net Positivity,CQ22024,1.23,1.13,1.1412,-0.011200000000000099
MMM,3M,Net Positivity,CQ32024,1.13,1.14,1.2544999999999993,-0.11449999999999938
MMM,3M,Numeric Transeprency,CQ12022,2.75,3.4,2.2901,1.1099
MMM,3M,Numeric Transeprency,CQ22022,3.4,2.32,2.385100000000001,-0.06510000000000105
MMM,3M,Numeric Transeprency,CQ32022,2.32,2.71,2.4409000000000005,0.26909999999999945
MMM,3M,Numeric Transeprency,CQ42022,2.71,3.18,3.1745000000000005,0.005499999999999616
MMM,3M,Numeric Transeprency,CQ12023,3.18,2.36,2.9584999999999995,-0.5984999999999996
MMM,3M,Numeric Transeprency,CQ22023,2.36,2.51,2.4751000000000007,0.03489999999999904
MMM,3M,Numeric Transeprency,CQ32023,2.51,2.45,2.736499999999999,-0.28649999999999887
MMM,3M,Numeric Transeprency,CQ42023,2.45,3.73,2.9322000000000012,0.7977999999999987
MMM,3M,Numeric Transeprency,CQ12024,3.73,2.86,2.329,0.5309999999999997
MMM,3M,Numeric Transeprency,CQ22024,2.86,2.03,2.6496000000000004,-0.6196000000000006
MMM,3M,Numeric Transeprency,CQ32024,2.03,2.29,2.3367999999999998,-0.04679999999999973
MO,Altria,Analyst Selectivity Ratio,CQ12022,29.41,31.25,33.763600000000004,-2.513600000000004
MO,Altria,Analyst Selectivity Ratio,CQ22022,31.25,31.25,28.708200000000012,2.541799999999988
MO,Altria,Analyst Selectivity Ratio,CQ32022,31.25,31.25,25.977200000000003,5.272799999999997
MO,Altria,Analyst Selectivity Ratio,CQ42022,31.25,35.71,31.799699999999984,3.910300000000017
MO,Altria,Analyst Selectivity Ratio,CQ12023,35.71,30.77,28.939899999999987,1.8301000000000123
MO,Altria,Analyst Selectivity Ratio,CQ22023,30.77,35.71,32.45250000000001,3.257499999999993
MO,Altria,Analyst Selectivity Ratio,CQ32023,35.71,42.86,33.79630000000001,9.06369999999999
MO,Altria,Analyst Selectivity Ratio,CQ42023,42.86,27.27,38.3182,-11.048199999999998
MO,Altria,Analyst Selectivity Ratio,CQ12024,27.27,36.36,34.5979,1.7620999999999967
MO,Altria,Analyst Selectivity Ratio,CQ22024,36.36,33.33,37.05870000000001,-3.7287000000000106
MO,Altria,Analyst Selectivity Ratio,CQ32024,33.33,25.0,30.48320000000001,-5.483200000000011
MO,Altria,Language Complexity,CQ12022,14.0,13.49,13.509600000000002,-0.019600000000002282
MO,Altria,Language Complexity,CQ22022,13.49,13.62,13.5844,0.035599999999998744
MO,Altria,Language Complexity,CQ32022,13.62,12.73,13.620499999999998,-0.8904999999999976
MO,Altria,Language Complexity,CQ42022,12.73,12.63,13.118900000000004,-0.4889000000000028
MO,Altria,Language Complexity,CQ12023,12.63,13.85,12.899699999999994,0.9503000000000057
MO,Altria,Language Complexity,CQ22023,13.85,13.18,13.217200000000002,-0.03720000000000212
MO,Altria,Language Complexity,CQ32023,13.18,12.44,13.1087,-0.6687000000000012
MO,Altria,Language Complexity,CQ42023,12.44,13.71,12.856299999999994,0.853700000000007
MO,Altria,Language Complexity,CQ12024,13.71,13.28,13.235199999999995,0.04480000000000395
MO,Altria,Language Complexity,CQ22024,13.28,13.0,13.324899999999998,-0.32489999999999775
MO,Altria,Language Complexity,CQ32024,13.0,13.02,13.177500000000007,-0.15750000000000774
MO,Altria,Net Positivity,CQ12022,0.52,0.5,0.71,-0.20999999999999996
MO,Altria,Net Positivity,CQ22022,0.5,0.95,0.20099999999999985,0.7490000000000001
MO,Altria,Net Positivity,CQ32022,0.95,1.14,0.7146000000000002,0.42539999999999967
MO,Altria,Net Positivity,CQ42022,1.14,0.95,1.0541,-0.10410000000000008
MO,Altria,Net Positivity,CQ12023,0.95,0.04,0.9379000000000001,-0.8979
MO,Altria,Net Positivity,CQ22023,0.04,0.5,0.4973000000000004,0.0026999999999995916
MO,Altria,Net Positivity,CQ32023,0.5,0.41,0.5287999999999999,-0.11879999999999996
MO,Altria,Net Positivity,CQ42023,0.41,0.09,0.49339999999999984,-0.40339999999999987
MO,Altria,Net Positivity,CQ12024,0.09,0.33,0.47110000000000013,-0.14110000000000011
MO,Altria,Net Positivity,CQ22024,0.33,-0.25,0.48650000000000015,-0.7365000000000002
MO,Altria,Net Positivity,CQ32024,-0.25,0.43,0.17189999999999997,0.2581
MO,Altria,Numeric Transeprency,CQ12022,2.06,1.25,1.8683,-0.6183000000000001
MO,Altria,Numeric Transeprency,CQ22022,1.25,1.61,1.4357999999999997,0.17420000000000035
MO,Altria,Numeric Transeprency,CQ32022,1.61,1.92,1.9036000000000002,0.016399999999999748
MO,Altria,Numeric Transeprency,CQ42022,1.92,1.71,1.7316000000000005,-0.021600000000000508
MO,Altria,Numeric Transeprency,CQ12023,1.71,1.78,1.7446000000000002,0.035399999999999876
MO,Altria,Numeric Transeprency,CQ22023,1.78,1.97,1.9454000000000005,0.02459999999999951
MO,Altria,Numeric Transeprency,CQ32023,1.97,1.92,1.8278000000000005,0.0921999999999994
MO,Altria,Numeric Transeprency,CQ42023,1.92,1.95,1.9139000000000008,0.03609999999999913
MO,Altria,Numeric Transeprency,CQ12024,1.95,1.87,2.1150000000000007,-0.24500000000000055
MO,Altria,Numeric Transeprency,CQ22024,1.87,2.03,1.9929999999999999,0.03699999999999992
MO,Altria,Numeric Transeprency,CQ32024,2.03,2.84,2.0471,0.7928999999999999
MRK,Merck & Co.,Analyst Selectivity Ratio,CQ12022,31.82,36.36,42.67639999999999,-6.316399999999987
MRK,Merck & Co.,Analyst Selectivity Ratio,CQ22022,36.36,36.36,48.33459999999998,-11.974599999999981
MRK,Merck & Co.,Analyst Selectivity Ratio,CQ32022,36.36,27.27,37.750600000000006,-10.480600000000006
MRK,Merck & Co.,Analyst Selectivity Ratio,CQ42022,27.27,43.48,34.553200000000004,8.926799999999993
MRK,Merck & Co.,Analyst Selectivity Ratio,CQ12023,43.48,34.78,38.11379999999999,-3.3337999999999894
MRK,Merck & Co.,Analyst Selectivity Ratio,CQ22023,34.78,40.0,40.96059999999999,-0.9605999999999923
MRK,Merck & Co.,Analyst Selectivity Ratio,CQ32023,40.0,47.83,39.107,8.722999999999999
MRK,Merck & Co.,Analyst Selectivity Ratio,CQ42023,47.83,52.17,45.710199999999986,6.4598000000000155
MRK,Merck & Co.,Analyst Selectivity Ratio,CQ12024,52.17,40.91,45.967699999999994,-5.057699999999997
MRK,Merck & Co.,Analyst Selectivity Ratio,CQ22024,40.91,45.45,43.78960000000001,1.6603999999999957
MRK,Merck & Co.,Analyst Selectivity Ratio,CQ32024,45.45,30.0,48.57170000000002,-18.57170000000002
MRK,Merck & Co.,Language Complexity,CQ12022,13.56,13.34,13.767399999999999,-0.42739999999999867
MRK,Merck & Co.,Language Complexity,CQ22022,13.34,13.76,13.331299999999999,0.42870000000000097
MRK,Merck & Co.,Language Complexity,CQ32022,13.76,13.28,13.532999999999994,-0.2529999999999948
MRK,Merck & Co.,Language Complexity,CQ42022,13.28,13.08,13.5845,-0.5045000000000002
MRK,Merck & Co.,Language Complexity,CQ12023,13.08,13.44,13.671799999999996,-0.23179999999999623
MRK,Merck & Co.,Language Complexity,CQ22023,13.44,12.68,13.435499999999998,-0.7554999999999978
MRK,Merck & Co.,Language Complexity,CQ32023,12.68,13.41,12.998700000000003,0.4112999999999971
MRK,Merck & Co.,Language Complexity,CQ42023,13.41,12.97,13.2435,-0.2734999999999985
MRK,Merck & Co.,Language Complexity,CQ12024,12.97,12.92,12.985200000000003,-0.06520000000000259
MRK,Merck & Co.,Language Complexity,CQ22024,12.92,13.42,12.769000000000004,0.6509999999999962
MRK,Merck & Co.,Language Complexity,CQ32024,13.42,13.44,13.396799999999995,0.043200000000004124
MRK,Merck & Co.,Net Positivity,CQ12022,1.36,1.84,1.9207000000000003,-0.08070000000000022
MRK,Merck & Co.,Net Positivity,CQ22022,1.84,1.71,1.8341000000000003,-0.12410000000000032
MRK,Merck & Co.,Net Positivity,CQ32022,1.71,1.96,1.5600999999999996,0.39990000000000037
MRK,Merck & Co.,Net Positivity,CQ42022,1.96,1.67,1.5141000000000002,0.1558999999999997
MRK,Merck & Co.,Net Positivity,CQ12023,1.67,2.1,1.6773999999999998,0.4226000000000003
MRK,Merck & Co.,Net Positivity,CQ22023,2.1,1.67,1.8992000000000007,-0.22920000000000074
MRK,Merck & Co.,Net Positivity,CQ32023,1.67,2.0,1.5465000000000004,0.45349999999999957
MRK,Merck & Co.,Net Positivity,CQ42023,2.0,1.87,1.9064000000000005,-0.03640000000000043
MRK,Merck & Co.,Net Positivity,CQ12024,1.87,1.14,2.164900000000001,-1.0249000000000013
MRK,Merck & Co.,Net Positivity,CQ22024,1.14,1.45,1.3909,0.05909999999999993
MRK,Merck & Co.,Net Positivity,CQ32024,1.45,1.95,1.5914000000000001,0.3585999999999998
MRK,Merck & Co.,Numeric Transeprency,CQ12022,1.73,1.61,1.4113000000000002,0.19869999999999988
MRK,Merck & Co.,Numeric Transeprency,CQ22022,1.61,1.33,1.5734000000000004,-0.24340000000000028
MRK,Merck & Co.,Numeric Transeprency,CQ32022,1.33,1.52,1.3692999999999997,0.15070000000000028
MRK,Merck & Co.,Numeric Transeprency,CQ42022,1.52,1.95,1.6521,0.29790000000000005
MRK,Merck & Co.,Numeric Transeprency,CQ12023,1.95,1.33,1.4805000000000001,-0.15050000000000008
MRK,Merck & Co.,Numeric Transeprency,CQ22023,1.33,1.5,1.5491999999999992,-0.049199999999999244
MRK,Merck & Co.,Numeric Transeprency,CQ32023,1.5,1.64,1.5056000000000003,0.13439999999999963
MRK,Merck & Co.,Numeric Transeprency,CQ42023,1.64,1.81,1.7645000000000002,0.045499999999999874
MRK,Merck & Co.,Numeric Transeprency,CQ12024,1.81,1.37,1.7308999999999994,-0.36089999999999933
MRK,Merck & Co.,Numeric Transeprency,CQ22024,1.37,1.94,1.3370999999999995,0.6029000000000004
MRK,Merck & Co.,Numeric Transeprency,CQ32024,1.94,2.49,1.5483000000000005,0.9416999999999998
MS,Morgan Stanley,Analyst Selectivity Ratio,CQ12022,30.77,34.62,32.77209999999999,1.8479000000000099
MS,Morgan Stanley,Analyst Selectivity Ratio,CQ22022,34.62,33.33,33.66940000000002,-0.339400000000019
MS,Morgan Stanley,Analyst Selectivity Ratio,CQ32022,33.33,29.17,33.00010000000001,-3.8301000000000087
MS,Morgan Stanley,Analyst Selectivity Ratio,CQ42022,29.17,29.17,27.927299999999995,1.2427000000000064
MS,Morgan Stanley,Analyst Selectivity Ratio,CQ12023,29.17,37.5,32.1973,5.3027000000000015
MS,Morgan Stanley,Analyst Selectivity Ratio,CQ22023,37.5,33.33,30.745499999999996,2.584500000000002
MS,Morgan Stanley,Analyst Selectivity Ratio,CQ32023,33.33,33.33,32.7244,0.6055999999999955
MS,Morgan Stanley,Analyst Selectivity Ratio,CQ42023,33.33,24.0,31.493500000000008,-7.493500000000008
MS,Morgan Stanley,Analyst Selectivity Ratio,CQ12024,24.0,31.82,31.417300000000004,0.40269999999999584
MS,Morgan Stanley,Analyst Selectivity Ratio,CQ22024,31.82,34.78,30.093700000000002,4.686299999999999
MS,Morgan Stanley,Analyst Selectivity Ratio,CQ32024,34.78,27.78,32.6097,-4.829699999999995
MS,Morgan Stanley,Language Complexity,CQ12022,11.02,11.87,11.705899999999996,0.16410000000000302
MS,Morgan Stanley,Language Complexity,CQ22022,11.87,11.33,11.944399999999998,-0.6143999999999981
MS,Morgan Stanley,Language Complexity,CQ32022,11.33,11.93,11.778999999999998,0.15100000000000158
MS,Morgan Stanley,Language Complexity,CQ42022,11.93,12.06,11.6861,0.3739000000000008
MS,Morgan Stanley,Language Complexity,CQ12023,12.06,11.67,11.674699999999998,-0.004699999999997928
MS,Morgan Stanley,Language Complexity,CQ22023,11.67,11.57,11.861300000000004,-0.2913000000000032
MS,Morgan Stanley,Language Complexity,CQ32023,11.57,11.04,11.9752,-0.9352
MS,Morgan Stanley,Language Complexity,CQ42023,11.04,13.41,11.478399999999999,1.9316000000000013
MS,Morgan Stanley,Language Complexity,CQ12024,13.41,12.71,12.364500000000005,0.3454999999999959
MS,Morgan Stanley,Language Complexity,CQ22024,12.71,13.02,12.479599999999998,0.5404000000000018
MS,Morgan Stanley,Language Complexity,CQ32024,13.02,11.69,12.469500000000005,-0.7795000000000059
MS,Morgan Stanley,Net Positivity,CQ12022,1.22,0.49,0.9427000000000002,-0.4527000000000002
MS,Morgan Stanley,Net Positivity,CQ22022,0.49,-0.33,0.7595999999999999,-1.0896
MS,Morgan Stanley,Net Positivity,CQ32022,-0.33,0.23,0.3099,-0.0799
MS,Morgan Stanley,Net Positivity,CQ42022,0.23,0.85,0.6085000000000005,0.2414999999999995
MS,Morgan Stanley,Net Positivity,CQ12023,0.85,0.25,0.6886,-0.4386
MS,Morgan Stanley,Net Positivity,CQ22023,0.25,0.61,0.5623999999999996,0.04760000000000042
MS,Morgan Stanley,Net Positivity,CQ32023,0.61,0.67,0.6889999999999997,-0.018999999999999684
MS,Morgan Stanley,Net Positivity,CQ42023,0.67,1.07,0.7781,0.29190000000000005
MS,Morgan Stanley,Net Positivity,CQ12024,1.07,1.64,0.8975,0.7424999999999999
MS,Morgan Stanley,Net Positivity,CQ22024,1.64,1.04,1.2123999999999997,-0.17239999999999966
MS,Morgan Stanley,Net Positivity,CQ32024,1.04,1.29,1.0359000000000003,0.25409999999999977
MS,Morgan Stanley,Numeric Transeprency,CQ12022,2.97,1.63,2.335200000000001,-0.7052000000000009
MS,Morgan Stanley,Numeric Transeprency,CQ22022,1.63,1.76,2.0262,-0.26619999999999977
MS,Morgan Stanley,Numeric Transeprency,CQ32022,1.76,1.34,2.1685000000000016,-0.8285000000000016
MS,Morgan Stanley,Numeric Transeprency,CQ42022,1.34,2.86,2.1599857142857153,0.7000142857142846
MS,Morgan Stanley,Numeric Transeprency,CQ12023,2.86,1.85,2.3190999999999993,-0.4690999999999992
MS,Morgan Stanley,Numeric Transeprency,CQ22023,1.85,2.09,1.7335999999999998,0.35640000000000005
MS,Morgan Stanley,Numeric Transeprency,CQ32023,2.09,1.68,2.260899999999999,-0.5808999999999991
MS,Morgan Stanley,Numeric Transeprency,CQ42023,1.68,2.19,2.2112999999999996,-0.021299999999999653
MS,Morgan Stanley,Numeric Transeprency,CQ12024,2.19,1.41,1.8933999999999995,-0.4833999999999996
MS,Morgan Stanley,Numeric Transeprency,CQ22024,1.41,1.66,1.7118000000000009,-0.051800000000000956
MS,Morgan Stanley,Numeric Transeprency,CQ32024,1.66,1.32,1.8884,-0.5684
MSFT,Microsoft,Analyst Selectivity Ratio,CQ12022,14.29,16.28,18.362400000000004,-2.0824000000000034
MSFT,Microsoft,Analyst Selectivity Ratio,CQ22022,16.28,12.2,20.256499999999996,-8.056499999999996
MSFT,Microsoft,Analyst Selectivity Ratio,CQ32022,12.2,11.11,15.356100000000005,-4.2461000000000055
MSFT,Microsoft,Analyst Selectivity Ratio,CQ42022,11.11,11.36,14.581799999999998,-3.221799999999998
MSFT,Microsoft,Analyst Selectivity Ratio,CQ12023,11.36,11.63,14.231499999999993,-2.6014999999999926
MSFT,Microsoft,Analyst Selectivity Ratio,CQ22023,11.63,11.11,12.096899999999994,-0.986899999999995
MSFT,Microsoft,Analyst Selectivity Ratio,CQ32023,11.11,10.2,11.2719,-1.0719000000000012
MSFT,Microsoft,Analyst Selectivity Ratio,CQ42023,10.2,10.42,11.207400000000002,-0.7874000000000017
MSFT,Microsoft,Analyst Selectivity Ratio,CQ12024,10.42,10.0,10.7447,-0.7446999999999999
MSFT,Microsoft,Analyst Selectivity Ratio,CQ22024,10.0,10.0,10.426300000000003,-0.426300000000003
MSFT,Microsoft,Analyst Selectivity Ratio,CQ32024,10.0,10.2,10.478800000000001,-0.27880000000000216
MSFT,Microsoft,Language Complexity,CQ12022,14.44,13.7,14.457,-0.7570000000000014
MSFT,Microsoft,Language Complexity,CQ22022,13.7,13.95,14.380100000000013,-0.4301000000000137
MSFT,Microsoft,Language Complexity,CQ32022,13.95,13.31,14.403600000000004,-1.093600000000004
MSFT,Microsoft,Language Complexity,CQ42022,13.31,13.8,14.735200000000003,-0.9352000000000018
MSFT,Microsoft,Language Complexity,CQ12023,13.8,14.34,14.98860000000001,-0.6486000000000107
MSFT,Microsoft,Language Complexity,CQ22023,14.34,13.44,14.709300000000002,-1.269300000000003
MSFT,Microsoft,Language Complexity,CQ32023,13.44,14.06,15.0026,-0.9425999999999988
MSFT,Microsoft,Language Complexity,CQ42023,14.06,13.27,14.261400000000004,-0.9914000000000041
MSFT,Microsoft,Language Complexity,CQ12024,13.27,13.53,14.788699999999999,-1.2586999999999993
MSFT,Microsoft,Language Complexity,CQ22024,13.53,13.27,15.256200000000005,-1.9862000000000055
MSFT,Microsoft,Language Complexity,CQ32024,13.27,13.42,15.350899999999994,-1.930899999999994
MSFT,Microsoft,Net Positivity,CQ12022,1.57,0.9,1.5251,-0.6250999999999999
MSFT,Microsoft,Net Positivity,CQ22022,0.9,0.52,1.0731,-0.5530999999999999
MSFT,Microsoft,Net Positivity,CQ32022,0.52,0.72,0.9727000000000003,-0.25270000000000037
MSFT,Microsoft,Net Positivity,CQ42022,0.72,0.5,0.9502999999999996,-0.4502999999999996
MSFT,Microsoft,Net Positivity,CQ12023,0.5,1.32,0.8232000000000003,0.4967999999999998
MSFT,Microsoft,Net Positivity,CQ22023,1.32,1.02,1.1180000000000003,-0.09800000000000031
MSFT,Microsoft,Net Positivity,CQ32023,1.02,1.5,1.0171999999999999,0.4828000000000001
MSFT,Microsoft,Net Positivity,CQ42023,1.5,1.05,1.4055999999999997,-0.3555999999999997
MSFT,Microsoft,Net Positivity,CQ12024,1.05,1.15,1.3830000000000005,-0.23300000000000054
MSFT,Microsoft,Net Positivity,CQ22024,1.15,0.77,1.2759000000000003,-0.5059000000000002
MSFT,Microsoft,Net Positivity,CQ32024,0.77,1.17,1.0954000000000002,0.07459999999999978
MSFT,Microsoft,Numeric Transeprency,CQ12022,2.48,3.05,3.0073999999999996,0.04260000000000019
MSFT,Microsoft,Numeric Transeprency,CQ22022,3.05,3.26,3.076600000000001,0.1833999999999989
MSFT,Microsoft,Numeric Transeprency,CQ32022,3.26,3.17,2.898400000000001,0.27159999999999895
MSFT,Microsoft,Numeric Transeprency,CQ42022,3.17,3.64,2.947800000000001,0.6921999999999993
MSFT,Microsoft,Numeric Transeprency,CQ12023,3.64,3.08,3.8370250000000015,-0.7570250000000014
MSFT,Microsoft,Numeric Transeprency,CQ22023,3.08,3.11,3.829825,-0.7198250000000002
MSFT,Microsoft,Numeric Transeprency,CQ32023,3.11,3.1,3.26625,-0.1662499999999998
MSFT,Microsoft,Numeric Transeprency,CQ42023,3.1,3.22,3.8013249999999994,-0.5813249999999992
MSFT,Microsoft,Numeric Transeprency,CQ12024,3.22,2.84,3.0378999999999996,-0.19789999999999974
MSFT,Microsoft,Numeric Transeprency,CQ22024,2.84,3.32,2.9515999999999987,0.36840000000000117
MSFT,Microsoft,Numeric Transeprency,CQ32024,3.32,2.61,2.986699999999999,-0.37669999999999915
MSI,Motorola Solutions,Analyst Selectivity Ratio,CQ12022,76.92,64.29,59.4737,4.816300000000005
MSI,Motorola Solutions,Analyst Selectivity Ratio,CQ22022,64.29,66.67,59.839000000000006,6.830999999999996
MSI,Motorola Solutions,Analyst Selectivity Ratio,CQ32022,66.67,38.46,54.62530000000001,-16.16530000000001
MSI,Motorola Solutions,Analyst Selectivity Ratio,CQ42022,38.46,61.54,51.083800000000004,10.456199999999995
MSI,Motorola Solutions,Analyst Selectivity Ratio,CQ12023,61.54,30.0,56.74710000000001,-26.74710000000001
MSI,Motorola Solutions,Analyst Selectivity Ratio,CQ22023,30.0,66.67,46.693700000000014,19.976299999999988
MSI,Motorola Solutions,Analyst Selectivity Ratio,CQ32023,66.67,50.0,48.567299999999996,1.432700000000004
MSI,Motorola Solutions,Analyst Selectivity Ratio,CQ42023,50.0,60.0,51.776900000000005,8.223099999999995
MSI,Motorola Solutions,Analyst Selectivity Ratio,CQ12024,60.0,18.18,50.07250000000002,-31.89250000000002
MSI,Motorola Solutions,Analyst Selectivity Ratio,CQ22024,18.18,63.64,48.8953,14.744700000000002
MSI,Motorola Solutions,Analyst Selectivity Ratio,CQ32024,63.64,50.0,46.752399999999994,3.2476000000000056
MSI,Motorola Solutions,Language Complexity,CQ12022,12.05,11.96,11.7277,0.2323000000000004
MSI,Motorola Solutions,Language Complexity,CQ22022,11.96,12.12,11.981499999999999,0.1385000000000005
MSI,Motorola Solutions,Language Complexity,CQ32022,12.12,11.87,11.927199999999997,-0.05719999999999814
MSI,Motorola Solutions,Language Complexity,CQ42022,11.87,12.21,11.950199999999997,0.2598000000000038
MSI,Motorola Solutions,Language Complexity,CQ12023,12.21,12.44,12.0347,0.40529999999999866
MSI,Motorola Solutions,Language Complexity,CQ22023,12.44,11.88,12.228500000000004,-0.34850000000000314
MSI,Motorola Solutions,Language Complexity,CQ32023,11.88,11.49,12.096700000000004,-0.6067000000000036
MSI,Motorola Solutions,Language Complexity,CQ42023,11.49,12.18,11.996800000000006,0.18319999999999403
MSI,Motorola Solutions,Language Complexity,CQ12024,12.18,11.56,11.929800000000006,-0.369800000000005
MSI,Motorola Solutions,Language Complexity,CQ22024,11.56,12.04,11.952799999999998,0.08720000000000105
MSI,Motorola Solutions,Language Complexity,CQ32024,12.04,11.52,11.895799999999994,-0.3757999999999946
MSI,Motorola Solutions,Net Positivity,CQ12022,0.72,0.74,1.0102000000000004,-0.27020000000000044
MSI,Motorola Solutions,Net Positivity,CQ22022,0.74,0.94,0.7564000000000002,0.18359999999999976
MSI,Motorola Solutions,Net Positivity,CQ32022,0.94,0.61,1.0009999999999994,-0.39099999999999946
MSI,Motorola Solutions,Net Positivity,CQ42022,0.61,1.03,0.9061999999999999,0.12380000000000013
MSI,Motorola Solutions,Net Positivity,CQ12023,1.03,1.26,1.0314,0.22859999999999991
MSI,Motorola Solutions,Net Positivity,CQ22023,1.26,1.39,1.0634000000000003,0.32659999999999956
MSI,Motorola Solutions,Net Positivity,CQ32023,1.39,0.98,1.0305,-0.05049999999999999
MSI,Motorola Solutions,Net Positivity,CQ42023,0.98,1.61,1.2434999999999998,0.36650000000000027
MSI,Motorola Solutions,Net Positivity,CQ12024,1.61,1.26,1.3209999999999997,-0.06099999999999972
MSI,Motorola Solutions,Net Positivity,CQ22024,1.26,1.69,1.0963999999999998,0.5936000000000001
MSI,Motorola Solutions,Net Positivity,CQ32024,1.69,1.45,1.4351000000000005,0.01489999999999947
MSI,Motorola Solutions,Numeric Transeprency,CQ12022,3.48,2.41,2.856599999999999,-0.4465999999999988
MSI,Motorola Solutions,Numeric Transeprency,CQ22022,2.41,2.6,2.5535,0.046499999999999986
MSI,Motorola Solutions,Numeric Transeprency,CQ32022,2.6,3.39,2.7616,0.6284000000000001
MSI,Motorola Solutions,Numeric Transeprency,CQ42022,3.39,3.63,3.251000000000001,0.3789999999999991
MSI,Motorola Solutions,Numeric Transeprency,CQ12023,3.63,3.38,2.8040000000000007,0.5759999999999992
MSI,Motorola Solutions,Numeric Transeprency,CQ22023,3.38,2.93,3.3215,-0.39149999999999974
MSI,Motorola Solutions,Numeric Transeprency,CQ32023,2.93,3.31,3.282400000000001,0.02759999999999918
MSI,Motorola Solutions,Numeric Transeprency,CQ42023,3.31,3.65,3.6500999999999992,-9.999999999932285e-05
MSI,Motorola Solutions,Numeric Transeprency,CQ12024,3.65,3.33,3.574600000000001,-0.24460000000000104
MSI,Motorola Solutions,Numeric Transeprency,CQ22024,3.33,2.48,3.5213000000000023,-1.0413000000000023
MSI,Motorola Solutions,Numeric Transeprency,CQ32024,2.48,2.93,2.737899999999998,0.19210000000000216
MU,Micron Technology,Analyst Selectivity Ratio,CQ12022,16.67,29.41,21.9318,7.478200000000001
MU,Micron Technology,Analyst Selectivity Ratio,CQ22022,29.41,18.18,27.5133,-9.333300000000001
MU,Micron Technology,Analyst Selectivity Ratio,CQ32022,18.18,21.62,25.06600000000001,-3.4460000000000086
MU,Micron Technology,Analyst Selectivity Ratio,CQ42022,21.62,20.0,22.761000000000003,-2.761000000000003
MU,Micron Technology,Analyst Selectivity Ratio,CQ12023,20.0,12.12,23.6309,-11.510900000000001
MU,Micron Technology,Analyst Selectivity Ratio,CQ22023,12.12,15.79,20.22280000000001,-4.432800000000011
MU,Micron Technology,Analyst Selectivity Ratio,CQ32023,15.79,15.0,20.040100000000006,-5.040100000000006
MU,Micron Technology,Analyst Selectivity Ratio,CQ42023,15.0,20.0,16.8599,3.1401000000000003
MU,Micron Technology,Analyst Selectivity Ratio,CQ12024,20.0,20.0,20.826300000000007,-0.8263000000000069
MU,Micron Technology,Analyst Selectivity Ratio,CQ22024,20.0,16.13,20.685999999999993,-4.555999999999994
MU,Micron Technology,Analyst Selectivity Ratio,CQ32024,16.13,18.18,19.911399999999997,-1.7313999999999972
MU,Micron Technology,Language Complexity,CQ12022,11.39,11.64,11.215100000000005,0.4248999999999956
MU,Micron Technology,Language Complexity,CQ22022,11.64,11.13,11.6175,-0.48749999999999893
MU,Micron Technology,Language Complexity,CQ32022,11.13,11.03,11.4682,-0.43820000000000014
MU,Micron Technology,Language Complexity,CQ42022,11.03,10.67,11.4522,-0.7821999999999996
MU,Micron Technology,Language Complexity,CQ12023,10.67,10.86,11.182200000000005,-0.3222000000000058
MU,Micron Technology,Language Complexity,CQ22023,10.86,11.0,10.972899999999997,0.027100000000002566
MU,Micron Technology,Language Complexity,CQ32023,11.0,11.47,10.957399999999998,0.5126000000000026
MU,Micron Technology,Language Complexity,CQ42023,11.47,10.53,11.358900000000004,-0.8289000000000044
MU,Micron Technology,Language Complexity,CQ12024,10.53,11.37,10.786800000000001,0.5831999999999979
MU,Micron Technology,Language Complexity,CQ22024,11.37,11.73,11.563100000000002,0.16689999999999827
MU,Micron Technology,Language Complexity,CQ32024,11.73,10.25,11.652199999999999,-1.4021999999999988
MU,Micron Technology,Net Positivity,CQ12022,1.1,-0.22,0.9095999999999994,-1.1295999999999995
MU,Micron Technology,Net Positivity,CQ22022,-0.22,-0.23,0.26529999999999987,-0.49529999999999985
MU,Micron Technology,Net Positivity,CQ32022,-0.23,-0.2,0.31190000000000007,-0.5119
MU,Micron Technology,Net Positivity,CQ42022,-0.2,0.69,0.3243999999999999,0.36560000000000004
MU,Micron Technology,Net Positivity,CQ12023,0.69,0.24,0.7491000000000002,-0.5091000000000002
MU,Micron Technology,Net Positivity,CQ22023,0.24,0.5,0.5075,-0.007499999999999951
MU,Micron Technology,Net Positivity,CQ32023,0.5,0.1,0.7151000000000001,-0.6151000000000001
MU,Micron Technology,Net Positivity,CQ42023,0.1,1.46,0.6365000000000004,0.8234999999999996
MU,Micron Technology,Net Positivity,CQ12024,1.46,0.96,0.9130000000000006,0.046999999999999376
MU,Micron Technology,Net Positivity,CQ22024,0.96,1.5,1.2037,0.2963
MU,Micron Technology,Net Positivity,CQ32024,1.5,0.56,1.0872,-0.5271999999999999
MU,Micron Technology,Numeric Transeprency,CQ12022,0.88,0.99,0.9065000000000002,0.0834999999999998
MU,Micron Technology,Numeric Transeprency,CQ22022,0.99,1.3,0.4401000000000001,0.8598999999999999
MU,Micron Technology,Numeric Transeprency,CQ32022,1.3,1.48,1.0355000000000008,0.44449999999999923
MU,Micron Technology,Numeric Transeprency,CQ42022,1.48,1.33,1.3286999999999995,0.001300000000000523
MU,Micron Technology,Numeric Transeprency,CQ12023,1.33,1.74,1.182,0.558
MU,Micron Technology,Numeric Transeprency,CQ22023,1.74,1.94,1.4851000000000005,0.4548999999999994
MU,Micron Technology,Numeric Transeprency,CQ32023,1.94,1.56,1.6089000000000004,-0.04890000000000039
MU,Micron Technology,Numeric Transeprency,CQ42023,1.56,1.44,1.5309000000000006,-0.09090000000000065
MU,Micron Technology,Numeric Transeprency,CQ12024,1.44,1.58,1.6638000000000002,-0.0838000000000001
MU,Micron Technology,Numeric Transeprency,CQ22024,1.58,0.89,1.6476,-0.7575999999999999
MU,Micron Technology,Numeric Transeprency,CQ32024,0.89,1.29,1.3007999999999995,-0.010799999999999477
NDAQ,"Nasdaq, Inc.",Analyst Selectivity Ratio,CQ12022,60.0,58.82,58.51549999999998,0.30450000000001864
NDAQ,"Nasdaq, Inc.",Analyst Selectivity Ratio,CQ22022,58.82,64.29,59.1589,5.1311000000000035
NDAQ,"Nasdaq, Inc.",Analyst Selectivity Ratio,CQ32022,64.29,50.0,55.911300000000026,-5.9113000000000255
NDAQ,"Nasdaq, Inc.",Analyst Selectivity Ratio,CQ42022,50.0,52.94,56.51500000000003,-3.5750000000000313
NDAQ,"Nasdaq, Inc.",Analyst Selectivity Ratio,CQ12023,52.94,64.71,55.30460000000001,9.405399999999986
NDAQ,"Nasdaq, Inc.",Analyst Selectivity Ratio,CQ22023,64.71,41.18,59.94510000000001,-18.76510000000001
NDAQ,"Nasdaq, Inc.",Analyst Selectivity Ratio,CQ32023,41.18,35.29,50.929500000000004,-15.639500000000005
NDAQ,"Nasdaq, Inc.",Analyst Selectivity Ratio,CQ42023,35.29,61.54,43.36390000000002,18.176099999999977
NDAQ,"Nasdaq, Inc.",Analyst Selectivity Ratio,CQ12024,61.54,53.33,54.387900000000016,-1.0579000000000178
NDAQ,"Nasdaq, Inc.",Analyst Selectivity Ratio,CQ22024,53.33,46.67,50.343800000000016,-3.673800000000014
NDAQ,"Nasdaq, Inc.",Analyst Selectivity Ratio,CQ32024,46.67,56.25,52.28520000000001,3.9647999999999897
NDAQ,"Nasdaq, Inc.",Language Complexity,CQ12022,14.1,13.38,14.251999999999995,-0.8719999999999946
NDAQ,"Nasdaq, Inc.",Language Complexity,CQ22022,13.38,12.86,13.779099999999996,-0.9190999999999967
NDAQ,"Nasdaq, Inc.",Language Complexity,CQ32022,12.86,14.47,13.316999999999998,1.1530000000000022
NDAQ,"Nasdaq, Inc.",Language Complexity,CQ42022,14.47,13.89,13.623900000000015,0.26609999999998557
NDAQ,"Nasdaq, Inc.",Language Complexity,CQ12023,13.89,13.27,13.770000000000003,-0.5000000000000036
NDAQ,"Nasdaq, Inc.",Language Complexity,CQ22023,13.27,14.13,13.370200000000002,0.7597999999999985
NDAQ,"Nasdaq, Inc.",Language Complexity,CQ32023,14.13,13.47,14.029100000000001,-0.5591000000000008
NDAQ,"Nasdaq, Inc.",Language Complexity,CQ42023,13.47,12.99,13.531200000000005,-0.5412000000000052
NDAQ,"Nasdaq, Inc.",Language Complexity,CQ12024,12.99,13.41,13.370000000000003,0.03999999999999737
NDAQ,"Nasdaq, Inc.",Language Complexity,CQ22024,13.41,13.7,13.208999999999998,0.49100000000000144
NDAQ,"Nasdaq, Inc.",Language Complexity,CQ32024,13.7,13.16,13.361500000000001,-0.20150000000000112
NDAQ,"Nasdaq, Inc.",Net Positivity,CQ12022,0.96,0.66,0.9081999999999998,-0.24819999999999975
NDAQ,"Nasdaq, Inc.",Net Positivity,CQ22022,0.66,1.04,0.7959000000000003,0.24409999999999976
NDAQ,"Nasdaq, Inc.",Net Positivity,CQ32022,1.04,1.02,1.0915000000000001,-0.07150000000000012
NDAQ,"Nasdaq, Inc.",Net Positivity,CQ42022,1.02,0.92,1.0514000000000001,-0.13140000000000007
NDAQ,"Nasdaq, Inc.",Net Positivity,CQ12023,0.92,0.79,0.9319000000000002,-0.14190000000000014
NDAQ,"Nasdaq, Inc.",Net Positivity,CQ22023,0.79,0.99,0.8828000000000005,0.10719999999999952
NDAQ,"Nasdaq, Inc.",Net Positivity,CQ32023,0.99,1.06,0.9593000000000003,0.10069999999999979
NDAQ,"Nasdaq, Inc.",Net Positivity,CQ42023,1.06,1.01,0.9677,0.042300000000000004
NDAQ,"Nasdaq, Inc.",Net Positivity,CQ12024,1.01,1.83,1.0327000000000002,0.7972999999999999
NDAQ,"Nasdaq, Inc.",Net Positivity,CQ22024,1.83,1.35,1.2547000000000004,0.09529999999999972
NDAQ,"Nasdaq, Inc.",Net Positivity,CQ32024,1.35,1.6,1.3166,0.2834000000000001
NDAQ,"Nasdaq, Inc.",Numeric Transeprency,CQ12022,3.31,2.36,2.8243999999999994,-0.4643999999999995
NDAQ,"Nasdaq, Inc.",Numeric Transeprency,CQ22022,2.36,2.48,2.5401,-0.06009999999999982
NDAQ,"Nasdaq, Inc.",Numeric Transeprency,CQ32022,2.48,2.19,2.832099999999999,-0.6420999999999992
NDAQ,"Nasdaq, Inc.",Numeric Transeprency,CQ42022,2.19,3.79,2.4962000000000004,1.2937999999999996
NDAQ,"Nasdaq, Inc.",Numeric Transeprency,CQ12023,3.79,2.1,2.4794,-0.37939999999999996
NDAQ,"Nasdaq, Inc.",Numeric Transeprency,CQ22023,2.1,2.86,2.4524999999999992,0.40750000000000064
NDAQ,"Nasdaq, Inc.",Numeric Transeprency,CQ32023,2.86,2.6,2.6194,-0.019400000000000084
NDAQ,"Nasdaq, Inc.",Numeric Transeprency,CQ42023,2.6,3.13,2.9920000000000018,0.13799999999999812
NDAQ,"Nasdaq, Inc.",Numeric Transeprency,CQ12024,3.13,2.56,2.6686000000000014,-0.10860000000000136
NDAQ,"Nasdaq, Inc.",Numeric Transeprency,CQ22024,2.56,2.69,2.5820999999999996,0.10790000000000033
NDAQ,"Nasdaq, Inc.",Numeric Transeprency,CQ32024,2.69,2.96,2.9457999999999993,0.014200000000000657
NEE,NextEra Energy,Analyst Selectivity Ratio,CQ12022,30.0,19.05,30.487499999999983,-11.437499999999982
NEE,NextEra Energy,Analyst Selectivity Ratio,CQ22022,19.05,30.0,29.901599999999995,0.09840000000000515
NEE,NextEra Energy,Analyst Selectivity Ratio,CQ32022,30.0,31.58,30.94420000000001,0.635799999999989
NEE,NextEra Energy,Analyst Selectivity Ratio,CQ42022,31.58,17.65,29.068199999999997,-11.418199999999999
NEE,NextEra Energy,Analyst Selectivity Ratio,CQ12023,17.65,33.33,25.297400000000003,8.032599999999995
NEE,NextEra Energy,Analyst Selectivity Ratio,CQ22023,33.33,26.32,32.03110000000001,-5.711100000000009
NEE,NextEra Energy,Analyst Selectivity Ratio,CQ32023,26.32,25.0,29.65879999999998,-4.658799999999982
NEE,NextEra Energy,Analyst Selectivity Ratio,CQ42023,25.0,20.0,26.03249999999999,-6.032499999999992
NEE,NextEra Energy,Analyst Selectivity Ratio,CQ12024,20.0,23.81,26.57789999999999,-2.7678999999999903
NEE,NextEra Energy,Analyst Selectivity Ratio,CQ22024,23.81,33.33,22.794200000000004,10.535799999999995
NEE,NextEra Energy,Analyst Selectivity Ratio,CQ32024,33.33,15.79,29.323499999999996,-13.533499999999997
NEE,NextEra Energy,Language Complexity,CQ12022,16.34,14.75,16.616,-1.8659999999999997
NEE,NextEra Energy,Language Complexity,CQ22022,14.75,15.23,16.932899999999997,-1.702899999999996
NEE,NextEra Energy,Language Complexity,CQ32022,15.23,15.32,15.846599999999999,-0.5265999999999984
NEE,NextEra Energy,Language Complexity,CQ42022,15.32,15.99,15.060299999999994,0.9297000000000057
NEE,NextEra Energy,Language Complexity,CQ12023,15.99,16.01,14.723599999999994,1.2864000000000075
NEE,NextEra Energy,Language Complexity,CQ22023,16.01,14.07,15.755999999999998,-1.6859999999999982
NEE,NextEra Energy,Language Complexity,CQ32023,14.07,13.74,14.518899999999999,-0.7788999999999984
NEE,NextEra Energy,Language Complexity,CQ42023,13.74,15.08,14.587099999999996,0.4929000000000041
NEE,NextEra Energy,Language Complexity,CQ12024,15.08,14.03,14.400400000000005,-0.3704000000000054
NEE,NextEra Energy,Language Complexity,CQ22024,14.03,13.64,14.1748,-0.5347999999999988
NEE,NextEra Energy,Language Complexity,CQ32024,13.64,13.62,13.891500000000002,-0.2715000000000032
NEE,NextEra Energy,Net Positivity,CQ12022,1.75,1.03,1.5708000000000004,-0.5408000000000004
NEE,NextEra Energy,Net Positivity,CQ22022,1.03,1.15,1.2397999999999998,-0.08979999999999988
NEE,NextEra Energy,Net Positivity,CQ32022,1.15,1.12,1.4131000000000002,-0.29310000000000014
NEE,NextEra Energy,Net Positivity,CQ42022,1.12,1.13,1.2564999999999993,-0.1264999999999994
NEE,NextEra Energy,Net Positivity,CQ12023,1.13,1.59,1.1767999999999998,0.41320000000000023
NEE,NextEra Energy,Net Positivity,CQ22023,1.59,1.11,1.3454000000000002,-0.23540000000000005
NEE,NextEra Energy,Net Positivity,CQ32023,1.11,1.4,1.0184999999999997,0.3815000000000002
NEE,NextEra Energy,Net Positivity,CQ42023,1.4,1.16,1.3981000000000003,-0.23810000000000042
NEE,NextEra Energy,Net Positivity,CQ12024,1.16,1.02,1.2429999999999997,-0.22299999999999964
NEE,NextEra Energy,Net Positivity,CQ22024,1.02,0.98,1.2429999999999997,-0.2629999999999997
NEE,NextEra Energy,Net Positivity,CQ32024,0.98,0.58,1.0091999999999997,-0.4291999999999997
NEE,NextEra Energy,Numeric Transeprency,CQ12022,3.66,3.1,2.7485999999999997,0.3514000000000004
NEE,NextEra Energy,Numeric Transeprency,CQ22022,3.1,2.87,3.0569000000000006,-0.1869000000000005
NEE,NextEra Energy,Numeric Transeprency,CQ32022,2.87,3.1,3.2495999999999996,-0.1495999999999995
NEE,NextEra Energy,Numeric Transeprency,CQ42022,3.1,3.5,3.192600000000001,0.307399999999999
NEE,NextEra Energy,Numeric Transeprency,CQ12023,3.5,3.16,3.0232000000000014,0.1367999999999987
NEE,NextEra Energy,Numeric Transeprency,CQ22023,3.16,2.9,2.8703999999999996,0.029600000000000293
NEE,NextEra Energy,Numeric Transeprency,CQ32023,2.9,3.07,3.030300000000001,0.03969999999999896
NEE,NextEra Energy,Numeric Transeprency,CQ42023,3.07,3.46,3.1329999999999996,0.3270000000000004
NEE,NextEra Energy,Numeric Transeprency,CQ12024,3.46,2.84,2.960100000000001,-0.1201000000000012
NEE,NextEra Energy,Numeric Transeprency,CQ22024,2.84,2.03,2.6102,-0.5802
NEE,NextEra Energy,Numeric Transeprency,CQ32024,2.03,2.34,2.272700000000001,0.06729999999999903
NEM,Newmont,Analyst Selectivity Ratio,CQ12022,21.05,55.56,31.484299999999998,24.075700000000005
NEM,Newmont,Analyst Selectivity Ratio,CQ22022,55.56,50.0,38.49710000000001,11.50289999999999
NEM,Newmont,Analyst Selectivity Ratio,CQ32022,50.0,29.41,39.74949999999998,-10.339499999999983
NEM,Newmont,Analyst Selectivity Ratio,CQ42022,29.41,43.75,34.84980000000001,8.900199999999991
NEM,Newmont,Analyst Selectivity Ratio,CQ12023,43.75,29.41,45.2165,-15.806500000000003
NEM,Newmont,Analyst Selectivity Ratio,CQ22023,29.41,25.0,38.493,-13.493000000000002
NEM,Newmont,Analyst Selectivity Ratio,CQ32023,25.0,26.67,32.454800000000006,-5.784800000000004
NEM,Newmont,Analyst Selectivity Ratio,CQ42023,26.67,13.33,34.4488,-21.1188
NEM,Newmont,Analyst Selectivity Ratio,CQ12024,13.33,26.32,23.79300000000001,2.5269999999999904
NEM,Newmont,Analyst Selectivity Ratio,CQ22024,26.32,25.0,22.767599999999998,2.232400000000002
NEM,Newmont,Analyst Selectivity Ratio,CQ32024,25.0,33.33,23.906699999999987,9.423300000000012
NEM,Newmont,Language Complexity,CQ12022,14.04,12.66,13.342500000000003,-0.6825000000000028
NEM,Newmont,Language Complexity,CQ22022,12.66,14.0,13.346200000000001,0.6537999999999986
NEM,Newmont,Language Complexity,CQ32022,14.0,12.57,13.434800000000006,-0.864800000000006
NEM,Newmont,Language Complexity,CQ42022,12.57,13.26,13.264800000000003,-0.004800000000003024
NEM,Newmont,Language Complexity,CQ12023,13.26,14.31,13.081799999999994,1.2282000000000064
NEM,Newmont,Language Complexity,CQ22023,14.31,12.39,13.394600000000002,-1.0046000000000017
NEM,Newmont,Language Complexity,CQ32023,12.39,14.25,13.100099999999998,1.1499000000000024
NEM,Newmont,Language Complexity,CQ42023,14.25,14.95,13.545600000000004,1.4043999999999954
NEM,Newmont,Language Complexity,CQ12024,14.95,13.02,13.8233,-0.8033000000000001
NEM,Newmont,Language Complexity,CQ22024,13.02,11.96,13.054099999999996,-1.0940999999999956
NEM,Newmont,Language Complexity,CQ32024,11.96,12.91,12.996199999999993,-0.08619999999999273
NEM,Newmont,Net Positivity,CQ12022,1.36,0.18,1.2628999999999992,-1.0828999999999993
NEM,Newmont,Net Positivity,CQ22022,0.18,0.36,0.40769999999999995,-0.047699999999999965
NEM,Newmont,Net Positivity,CQ32022,0.36,0.69,0.1802,0.5097999999999999
NEM,Newmont,Net Positivity,CQ42022,0.69,1.24,1.0070000000000003,0.23299999999999965
NEM,Newmont,Net Positivity,CQ12023,1.24,1.0,0.8267000000000004,0.17329999999999957
NEM,Newmont,Net Positivity,CQ22023,1.0,1.0,0.8582000000000002,0.14179999999999982
NEM,Newmont,Net Positivity,CQ32023,1.0,0.81,0.8940000000000003,-0.0840000000000003
NEM,Newmont,Net Positivity,CQ42023,0.81,0.99,1.0851,-0.09509999999999996
NEM,Newmont,Net Positivity,CQ12024,0.99,0.5,0.7483999999999998,-0.24839999999999984
NEM,Newmont,Net Positivity,CQ22024,0.5,0.83,0.9972000000000001,-0.16720000000000013
NEM,Newmont,Net Positivity,CQ32024,0.83,0.52,0.9366000000000004,-0.4166000000000004
NEM,Newmont,Numeric Transeprency,CQ12022,2.3,1.73,2.2967999999999997,-0.5667999999999997
NEM,Newmont,Numeric Transeprency,CQ22022,1.73,1.87,2.1007,-0.23069999999999968
NEM,Newmont,Numeric Transeprency,CQ32022,1.87,1.81,2.302899999999999,-0.4928999999999988
NEM,Newmont,Numeric Transeprency,CQ42022,1.81,3.25,2.0118000000000005,1.2381999999999995
NEM,Newmont,Numeric Transeprency,CQ12023,3.25,2.05,2.1927999999999996,-0.14279999999999982
NEM,Newmont,Numeric Transeprency,CQ22023,2.05,1.39,2.0742000000000003,-0.6842000000000004
NEM,Newmont,Numeric Transeprency,CQ32023,1.39,2.47,1.8793,0.5907000000000002
NEM,Newmont,Numeric Transeprency,CQ42023,2.47,2.94,2.6149,0.32509999999999994
NEM,Newmont,Numeric Transeprency,CQ12024,2.94,2.54,2.1370999999999993,0.4029000000000007
NEM,Newmont,Numeric Transeprency,CQ22024,2.54,2.51,2.5050999999999983,0.004900000000001459
NEM,Newmont,Numeric Transeprency,CQ32024,2.51,2.98,2.7842999999999996,0.19570000000000043
NFLX,Netflix,Analyst Selectivity Ratio,CQ12022,0.0,2.33,10.746000000000002,-8.416000000000002
NFLX,Netflix,Analyst Selectivity Ratio,CQ22022,2.33,2.33,-0.45210000000000017,2.7821000000000002
NFLX,Netflix,Analyst Selectivity Ratio,CQ32022,2.33,2.38,1.5723999999999991,0.8076000000000008
NFLX,Netflix,Analyst Selectivity Ratio,CQ42022,2.38,2.5,2.0147999999999993,0.48520000000000074
NFLX,Netflix,Analyst Selectivity Ratio,CQ12023,2.5,2.7,2.5106999999999986,0.18930000000000158
NFLX,Netflix,Analyst Selectivity Ratio,CQ22023,2.7,2.38,2.5652999999999997,-0.1852999999999998
NFLX,Netflix,Analyst Selectivity Ratio,CQ32023,2.38,2.38,2.4202999999999992,-0.040299999999999336
NFLX,Netflix,Analyst Selectivity Ratio,CQ42023,2.38,0.0,2.6025000000000005,-2.6025000000000005
NFLX,Netflix,Analyst Selectivity Ratio,CQ12024,0.0,0.0,0.48309999999999964,-0.48309999999999964
NFLX,Netflix,Analyst Selectivity Ratio,CQ22024,0.0,0.0,0.8192999999999999,-0.8192999999999999
NFLX,Netflix,Analyst Selectivity Ratio,CQ32024,0.0,0.0,0.3582000000000001,-0.3582000000000001
NFLX,Netflix,Language Complexity,CQ12022,10.73,10.43,11.209599999999996,-0.7795999999999967
NFLX,Netflix,Language Complexity,CQ22022,10.43,10.8,11.110699999999998,-0.3106999999999971
NFLX,Netflix,Language Complexity,CQ32022,10.8,11.07,10.850900000000003,0.2190999999999974
NFLX,Netflix,Language Complexity,CQ42022,11.07,11.23,11.021999999999998,0.20800000000000196
NFLX,Netflix,Language Complexity,CQ12023,11.23,10.86,11.0408,-0.1808000000000014
NFLX,Netflix,Language Complexity,CQ22023,10.86,11.49,10.951500000000003,0.5384999999999973
NFLX,Netflix,Language Complexity,CQ32023,11.49,10.99,11.396600000000001,-0.40660000000000096
NFLX,Netflix,Language Complexity,CQ42023,10.99,10.31,11.323799999999997,-1.0137999999999963
NFLX,Netflix,Language Complexity,CQ12024,10.31,10.6,10.788799999999998,-0.18879999999999875
NFLX,Netflix,Language Complexity,CQ22024,10.6,10.97,10.813800000000006,0.1561999999999948
NFLX,Netflix,Language Complexity,CQ32024,10.97,10.48,10.862099999999998,-0.38209999999999766
NFLX,Netflix,Net Positivity,CQ12022,1.29,1.51,1.0972999999999997,0.4127000000000003
NFLX,Netflix,Net Positivity,CQ22022,1.51,1.55,1.4510999999999987,0.09890000000000132
NFLX,Netflix,Net Positivity,CQ32022,1.55,1.49,1.6841,-0.19409999999999994
NFLX,Netflix,Net Positivity,CQ42022,1.49,1.79,1.5296000000000007,0.2603999999999993
NFLX,Netflix,Net Positivity,CQ12023,1.79,1.95,1.5509000000000006,0.39909999999999934
NFLX,Netflix,Net Positivity,CQ22023,1.95,1.5,1.7223000000000002,-0.22230000000000016
NFLX,Netflix,Net Positivity,CQ32023,1.5,1.61,1.4193,0.1907000000000001
NFLX,Netflix,Net Positivity,CQ42023,1.61,1.78,1.7497000000000005,0.03029999999999955
NFLX,Netflix,Net Positivity,CQ12024,1.78,1.96,1.7923000000000002,0.16769999999999974
NFLX,Netflix,Net Positivity,CQ22024,1.96,2.32,1.6939999999999993,0.6260000000000006
NFLX,Netflix,Net Positivity,CQ32024,2.32,2.18,1.9067,0.2733000000000001
NFLX,Netflix,Numeric Transeprency,CQ12022,1.18,0.9,-0.0792,0.9792000000000001
NFLX,Netflix,Numeric Transeprency,CQ22022,0.9,1.03,0.13749999999999993,0.8925000000000001
NFLX,Netflix,Numeric Transeprency,CQ32022,1.03,0.97,1.1064999999999998,-0.13649999999999984
NFLX,Netflix,Numeric Transeprency,CQ42022,0.97,1.03,0.9473000000000006,0.08269999999999944
NFLX,Netflix,Numeric Transeprency,CQ12023,1.03,0.93,1.0691000000000002,-0.1391000000000001
NFLX,Netflix,Numeric Transeprency,CQ22023,0.93,0.79,0.9763999999999998,-0.1863999999999998
NFLX,Netflix,Numeric Transeprency,CQ32023,0.79,1.05,0.8974999999999997,0.1525000000000003
NFLX,Netflix,Numeric Transeprency,CQ42023,1.05,0.98,1.0937999999999999,-0.1137999999999999
NFLX,Netflix,Numeric Transeprency,CQ12024,0.98,1.04,0.9331999999999998,0.10680000000000023
NFLX,Netflix,Numeric Transeprency,CQ22024,1.04,1.09,1.0653,0.024700000000000166
NFLX,Netflix,Numeric Transeprency,CQ32024,1.09,1.31,1.0674000000000001,0.24259999999999993
NKE,"Nike, Inc.",Analyst Selectivity Ratio,CQ12022,18.18,14.29,22.298399999999994,-8.008399999999995
NKE,"Nike, Inc.",Analyst Selectivity Ratio,CQ22022,14.29,17.24,20.698199999999993,-3.4581999999999944
NKE,"Nike, Inc.",Analyst Selectivity Ratio,CQ32022,17.24,24.24,18.842599999999994,5.397400000000005
NKE,"Nike, Inc.",Analyst Selectivity Ratio,CQ42022,24.24,17.65,20.048000000000012,-2.398000000000014
NKE,"Nike, Inc.",Analyst Selectivity Ratio,CQ12023,17.65,14.29,20.322400000000002,-6.032400000000003
NKE,"Nike, Inc.",Analyst Selectivity Ratio,CQ22023,14.29,16.67,20.0773,-3.4072999999999993
NKE,"Nike, Inc.",Analyst Selectivity Ratio,CQ32023,16.67,15.79,19.275299999999994,-3.485299999999995
NKE,"Nike, Inc.",Analyst Selectivity Ratio,CQ42023,15.79,8.11,19.2769,-11.166900000000002
NKE,"Nike, Inc.",Analyst Selectivity Ratio,CQ12024,8.11,11.76,15.559599999999994,-3.7995999999999945
NKE,"Nike, Inc.",Analyst Selectivity Ratio,CQ32024,,15.79,14.152333333333333,1.6376666666666662
NKE,"Nike, Inc.",Language Complexity,CQ12022,13.79,13.93,14.056000000000001,-0.12600000000000122
NKE,"Nike, Inc.",Language Complexity,CQ22022,13.93,14.24,14.227400000000005,0.012599999999995504
NKE,"Nike, Inc.",Language Complexity,CQ32022,14.24,13.1,14.356400000000008,-1.2564000000000082
NKE,"Nike, Inc.",Language Complexity,CQ42022,13.1,13.37,13.2882,0.08179999999999943
NKE,"Nike, Inc.",Language Complexity,CQ12023,13.37,13.22,13.318,-0.09799999999999898
NKE,"Nike, Inc.",Language Complexity,CQ22023,13.22,13.08,13.3695,-0.2895000000000003
NKE,"Nike, Inc.",Language Complexity,CQ32023,13.08,13.15,13.4164,-0.2663999999999991
NKE,"Nike, Inc.",Language Complexity,CQ42023,13.15,13.07,13.278100000000004,-0.2081000000000035
NKE,"Nike, Inc.",Language Complexity,CQ12024,13.07,12.81,13.605400000000005,-0.7954000000000043
NKE,"Nike, Inc.",Language Complexity,CQ32024,,12.21,12.570900000000002,-0.3609000000000009
NKE,"Nike, Inc.",Net Positivity,CQ12022,2.33,1.58,1.9607999999999997,-0.3807999999999996
NKE,"Nike, Inc.",Net Positivity,CQ22022,1.58,2.31,1.4418000000000009,0.8681999999999992
NKE,"Nike, Inc.",Net Positivity,CQ32022,2.31,2.26,1.7468999999999997,0.5131000000000001
NKE,"Nike, Inc.",Net Positivity,CQ42022,2.26,2.64,2.283499999999999,0.3565000000000009
NKE,"Nike, Inc.",Net Positivity,CQ12023,2.64,2.73,2.0229999999999997,0.7070000000000003
NKE,"Nike, Inc.",Net Positivity,CQ22023,2.73,3.03,2.3478000000000003,0.6821999999999995
NKE,"Nike, Inc.",Net Positivity,CQ32023,3.03,2.81,2.3851000000000004,0.4248999999999996
NKE,"Nike, Inc.",Net Positivity,CQ42023,2.81,2.16,2.977900000000001,-0.8179000000000007
NKE,"Nike, Inc.",Net Positivity,CQ12024,2.16,1.76,2.3519,-0.5919000000000001
NKE,"Nike, Inc.",Net Positivity,CQ32024,,1.32,2.042,-0.7219999999999998
NKE,"Nike, Inc.",Numeric Transeprency,CQ12022,1.56,2.09,1.6019000000000008,0.4880999999999991
NKE,"Nike, Inc.",Numeric Transeprency,CQ22022,2.09,1.73,1.6166999999999998,0.11330000000000018
NKE,"Nike, Inc.",Numeric Transeprency,CQ32022,1.73,1.48,1.6256,-0.14559999999999995
NKE,"Nike, Inc.",Numeric Transeprency,CQ42022,1.48,1.86,1.8021,0.05790000000000006
NKE,"Nike, Inc.",Numeric Transeprency,CQ12023,1.86,2.07,1.8806,0.1893999999999998
NKE,"Nike, Inc.",Numeric Transeprency,CQ22023,2.07,1.33,1.7183000000000002,-0.3883000000000001
NKE,"Nike, Inc.",Numeric Transeprency,CQ32023,1.33,1.94,1.4426,0.49739999999999984
NKE,"Nike, Inc.",Numeric Transeprency,CQ42023,1.94,1.44,1.6340999999999994,-0.1940999999999995
NKE,"Nike, Inc.",Numeric Transeprency,CQ12024,1.44,1.98,1.3109000000000004,0.6690999999999996
NKE,"Nike, Inc.",Numeric Transeprency,CQ32024,,1.25,1.6440000000000001,-0.39400000000000013
NOC,Northrop Grumman,Analyst Selectivity Ratio,CQ12022,50.0,62.5,56.01110000000001,6.488899999999987
NOC,Northrop Grumman,Analyst Selectivity Ratio,CQ22022,62.5,50.0,54.55000000000001,-4.550000000000011
NOC,Northrop Grumman,Analyst Selectivity Ratio,CQ32022,50.0,33.33,51.92730000000002,-18.59730000000002
NOC,Northrop Grumman,Analyst Selectivity Ratio,CQ42022,33.33,52.94,48.34749999999999,4.592500000000008
NOC,Northrop Grumman,Analyst Selectivity Ratio,CQ12023,52.94,52.63,47.78859999999998,4.8414000000000215
NOC,Northrop Grumman,Analyst Selectivity Ratio,CQ22023,52.63,56.25,47.258500000000005,8.991499999999995
NOC,Northrop Grumman,Analyst Selectivity Ratio,CQ32023,56.25,41.18,50.28940000000001,-9.109400000000008
NOC,Northrop Grumman,Analyst Selectivity Ratio,CQ42023,41.18,50.0,54.2658,-4.265799999999999
NOC,Northrop Grumman,Analyst Selectivity Ratio,CQ12024,50.0,52.94,48.914699999999996,4.025300000000001
NOC,Northrop Grumman,Analyst Selectivity Ratio,CQ22024,52.94,47.06,46.556,0.5040000000000049
NOC,Northrop Grumman,Analyst Selectivity Ratio,CQ32024,47.06,31.25,48.50450000000001,-17.254500000000007
NOC,Northrop Grumman,Language Complexity,CQ12022,12.15,12.19,12.632100000000001,-0.4421000000000017
NOC,Northrop Grumman,Language Complexity,CQ22022,12.19,12.53,12.224699999999999,0.3053000000000008
NOC,Northrop Grumman,Language Complexity,CQ32022,12.53,12.23,12.468199999999994,-0.23819999999999375
NOC,Northrop Grumman,Language Complexity,CQ42022,12.23,12.42,12.325100000000006,0.09489999999999377
NOC,Northrop Grumman,Language Complexity,CQ12023,12.42,13.19,12.779399999999995,0.4106000000000041
NOC,Northrop Grumman,Language Complexity,CQ22023,13.19,12.05,12.743700000000006,-0.6937000000000051
NOC,Northrop Grumman,Language Complexity,CQ32023,12.05,12.19,12.281899999999997,-0.0918999999999972
NOC,Northrop Grumman,Language Complexity,CQ42023,12.19,12.58,12.419899999999995,0.16010000000000524
NOC,Northrop Grumman,Language Complexity,CQ12024,12.58,12.39,12.442699999999993,-0.05269999999999264
NOC,Northrop Grumman,Language Complexity,CQ22024,12.39,12.79,12.635299999999999,0.15470000000000006
NOC,Northrop Grumman,Language Complexity,CQ32024,12.79,12.82,12.439400000000003,0.3805999999999976
NOC,Northrop Grumman,Net Positivity,CQ12022,0.87,0.98,0.9380000000000002,0.041999999999999815
NOC,Northrop Grumman,Net Positivity,CQ22022,0.98,0.81,1.1277000000000004,-0.3177000000000003
NOC,Northrop Grumman,Net Positivity,CQ32022,0.81,0.83,0.8704000000000001,-0.0404000000000001
NOC,Northrop Grumman,Net Positivity,CQ42022,0.83,1.05,0.9020999999999997,0.14790000000000036
NOC,Northrop Grumman,Net Positivity,CQ12023,1.05,0.8,0.6970000000000001,0.10299999999999998
NOC,Northrop Grumman,Net Positivity,CQ22023,0.8,1.4,0.8466000000000004,0.5533999999999996
NOC,Northrop Grumman,Net Positivity,CQ32023,1.4,1.37,1.0635000000000003,0.3064999999999998
NOC,Northrop Grumman,Net Positivity,CQ42023,1.37,1.11,1.1955999999999998,-0.08559999999999968
NOC,Northrop Grumman,Net Positivity,CQ12024,1.11,1.52,1.2388000000000001,0.2811999999999999
NOC,Northrop Grumman,Net Positivity,CQ22024,1.52,1.22,1.1645,0.05549999999999988
NOC,Northrop Grumman,Net Positivity,CQ32024,1.22,1.68,1.3762999999999999,0.3037000000000001
NOC,Northrop Grumman,Numeric Transeprency,CQ12022,3.76,2.16,2.761200000000002,-0.6012000000000017
NOC,Northrop Grumman,Numeric Transeprency,CQ22022,2.16,1.36,2.295,-0.9349999999999998
NOC,Northrop Grumman,Numeric Transeprency,CQ32022,1.36,2.29,2.149899999999999,0.14010000000000122
NOC,Northrop Grumman,Numeric Transeprency,CQ42022,2.29,2.68,2.485800000000001,0.19419999999999904
NOC,Northrop Grumman,Numeric Transeprency,CQ12023,2.68,1.5,1.7379000000000007,-0.23790000000000067
NOC,Northrop Grumman,Numeric Transeprency,CQ22023,1.5,2.11,1.8093999999999992,0.30060000000000064
NOC,Northrop Grumman,Numeric Transeprency,CQ32023,2.11,2.19,2.4503999999999992,-0.2603999999999993
NOC,Northrop Grumman,Numeric Transeprency,CQ42023,2.19,2.78,2.6919,0.08809999999999985
NOC,Northrop Grumman,Numeric Transeprency,CQ12024,2.78,1.45,2.0079999999999996,-0.5579999999999996
NOC,Northrop Grumman,Numeric Transeprency,CQ22024,1.45,1.97,1.8870999999999993,0.08290000000000064
NOC,Northrop Grumman,Numeric Transeprency,CQ32024,1.97,1.63,2.4522000000000013,-0.8222000000000014
NSC,Norfolk Southern,Analyst Selectivity Ratio,CQ12022,59.26,62.96,48.2296,14.730400000000003
NSC,Norfolk Southern,Analyst Selectivity Ratio,CQ22022,62.96,56.0,56.87270000000002,-0.8727000000000231
NSC,Norfolk Southern,Analyst Selectivity Ratio,CQ32022,56.0,55.56,56.85520000000001,-1.2952000000000083
NSC,Norfolk Southern,Analyst Selectivity Ratio,CQ42022,55.56,57.14,57.420000000000016,-0.28000000000001535
NSC,Norfolk Southern,Analyst Selectivity Ratio,CQ12023,57.14,48.15,54.93570000000002,-6.78570000000002
NSC,Norfolk Southern,Analyst Selectivity Ratio,CQ22023,48.15,55.56,56.678200000000025,-1.118200000000023
NSC,Norfolk Southern,Analyst Selectivity Ratio,CQ32023,55.56,57.69,56.042800000000014,1.6471999999999838
NSC,Norfolk Southern,Analyst Selectivity Ratio,CQ42023,57.69,57.69,55.95730000000004,1.7326999999999586
NSC,Norfolk Southern,Analyst Selectivity Ratio,CQ12024,57.69,36.36,58.37179999999999,-22.011799999999994
NSC,Norfolk Southern,Analyst Selectivity Ratio,CQ22024,36.36,40.0,50.523099999999985,-10.523099999999985
NSC,Norfolk Southern,Analyst Selectivity Ratio,CQ32024,40.0,39.13,49.25100000000001,-10.12100000000001
NSC,Norfolk Southern,Language Complexity,CQ12022,12.33,12.7,12.456599999999998,0.24340000000000117
NSC,Norfolk Southern,Language Complexity,CQ22022,12.7,12.17,12.7086,-0.5386000000000006
NSC,Norfolk Southern,Language Complexity,CQ32022,12.17,11.64,12.374000000000002,-0.7340000000000018
NSC,Norfolk Southern,Language Complexity,CQ42022,11.64,11.91,11.993200000000007,-0.08320000000000682
NSC,Norfolk Southern,Language Complexity,CQ12023,11.91,12.49,12.049900000000006,0.44009999999999394
NSC,Norfolk Southern,Language Complexity,CQ22023,12.49,11.9,12.1582,-0.25820000000000043
NSC,Norfolk Southern,Language Complexity,CQ32023,11.9,12.47,12.151199999999996,0.31880000000000486
NSC,Norfolk Southern,Language Complexity,CQ42023,12.47,12.36,12.369700000000002,-0.009700000000002262
NSC,Norfolk Southern,Language Complexity,CQ12024,12.36,12.88,12.430599999999995,0.449400000000006
NSC,Norfolk Southern,Language Complexity,CQ22024,12.88,12.37,12.67,-0.3000000000000007
NSC,Norfolk Southern,Language Complexity,CQ32024,12.37,12.3,12.644299999999987,-0.3442999999999863
NSC,Norfolk Southern,Net Positivity,CQ12022,1.6,1.52,1.8026000000000002,-0.2826000000000002
NSC,Norfolk Southern,Net Positivity,CQ22022,1.52,1.36,1.3016000000000003,0.058399999999999785
NSC,Norfolk Southern,Net Positivity,CQ32022,1.36,1.31,1.2743,0.035700000000000065
NSC,Norfolk Southern,Net Positivity,CQ42022,1.31,1.17,1.3843999999999996,-0.2143999999999997
NSC,Norfolk Southern,Net Positivity,CQ12023,1.17,0.44,1.0969000000000002,-0.6569000000000003
NSC,Norfolk Southern,Net Positivity,CQ22023,0.44,0.86,0.7443000000000002,0.1156999999999998
NSC,Norfolk Southern,Net Positivity,CQ32023,0.86,1.11,0.6792999999999999,0.4307000000000002
NSC,Norfolk Southern,Net Positivity,CQ42023,1.11,1.07,1.0326,0.0374000000000001
NSC,Norfolk Southern,Net Positivity,CQ12024,1.07,0.92,1.0353999999999997,-0.11539999999999961
NSC,Norfolk Southern,Net Positivity,CQ22024,0.92,1.58,0.7115000000000004,0.8684999999999997
NSC,Norfolk Southern,Net Positivity,CQ32024,1.58,1.4,1.3021999999999998,0.09780000000000011
NSC,Norfolk Southern,Numeric Transeprency,CQ12022,2.31,1.08,1.8388000000000002,-0.7588000000000001
NSC,Norfolk Southern,Numeric Transeprency,CQ22022,1.08,1.28,1.3289000000000002,-0.048900000000000166
NSC,Norfolk Southern,Numeric Transeprency,CQ32022,1.28,1.76,1.4812999999999992,0.27870000000000084
NSC,Norfolk Southern,Numeric Transeprency,CQ42022,1.76,1.69,1.6722999999999997,0.01770000000000027
NSC,Norfolk Southern,Numeric Transeprency,CQ12023,1.69,1.17,1.3885999999999996,-0.21859999999999968
NSC,Norfolk Southern,Numeric Transeprency,CQ22023,1.17,1.43,1.3049000000000002,0.12509999999999977
NSC,Norfolk Southern,Numeric Transeprency,CQ32023,1.43,1.29,1.6738,-0.3837999999999999
NSC,Norfolk Southern,Numeric Transeprency,CQ42023,1.29,1.99,1.4527,0.5372999999999999
NSC,Norfolk Southern,Numeric Transeprency,CQ12024,1.99,1.4,1.4272999999999991,-0.027299999999999214
NSC,Norfolk Southern,Numeric Transeprency,CQ22024,1.4,1.77,1.4457999999999998,0.32420000000000027
NSC,Norfolk Southern,Numeric Transeprency,CQ32024,1.77,1.57,1.6868000000000003,-0.11680000000000024
NTAP,NetApp,Analyst Selectivity Ratio,CQ12022,65.22,52.17,56.850599999999986,-4.680599999999984
NTAP,NetApp,Analyst Selectivity Ratio,CQ22022,52.17,47.83,59.12389999999999,-11.293899999999994
NTAP,NetApp,Analyst Selectivity Ratio,CQ32022,47.83,37.5,50.8161,-13.316099999999999
NTAP,NetApp,Analyst Selectivity Ratio,CQ42022,37.5,66.67,49.5035,17.1665
NTAP,NetApp,Analyst Selectivity Ratio,CQ12023,66.67,52.63,54.74740000000001,-2.1174000000000106
NTAP,NetApp,Analyst Selectivity Ratio,CQ22023,52.63,42.11,52.24369999999999,-10.13369999999999
NTAP,NetApp,Analyst Selectivity Ratio,CQ32023,42.11,50.0,46.5866,3.413400000000003
NTAP,NetApp,Analyst Selectivity Ratio,CQ42023,50.0,22.22,53.066600000000015,-30.846600000000016
NTAP,NetApp,Analyst Selectivity Ratio,CQ12024,22.22,55.56,36.22199999999999,19.338000000000015
NTAP,NetApp,Analyst Selectivity Ratio,CQ22024,55.56,33.33,40.369600000000005,-7.039600000000007
NTAP,NetApp,Analyst Selectivity Ratio,CQ32024,33.33,50.0,38.45439999999999,11.545600000000007
NTAP,NetApp,Language Complexity,CQ12022,11.83,11.61,11.7099,-0.09989999999999988
NTAP,NetApp,Language Complexity,CQ22022,11.61,11.23,12.016200000000003,-0.7862000000000027
NTAP,NetApp,Language Complexity,CQ32022,11.23,11.61,11.645200000000004,-0.035200000000005005
NTAP,NetApp,Language Complexity,CQ42022,11.61,11.87,11.628800000000005,0.24119999999999386
NTAP,NetApp,Language Complexity,CQ12023,11.87,12.33,11.707500000000003,0.622499999999997
NTAP,NetApp,Language Complexity,CQ22023,12.33,12.12,12.024000000000001,0.09599999999999831
NTAP,NetApp,Language Complexity,CQ32023,12.12,12.87,12.162200000000006,0.7077999999999935
NTAP,NetApp,Language Complexity,CQ42023,12.87,12.42,12.401400000000002,0.018599999999997507
NTAP,NetApp,Language Complexity,CQ12024,12.42,12.26,12.419599999999997,-0.15959999999999752
NTAP,NetApp,Language Complexity,CQ22024,12.26,11.87,12.348899999999993,-0.4788999999999941
NTAP,NetApp,Language Complexity,CQ32024,11.87,11.15,12.250699999999997,-1.1006999999999962
NTAP,NetApp,Net Positivity,CQ12022,1.45,1.9,1.5867000000000002,0.3132999999999997
NTAP,NetApp,Net Positivity,CQ22022,1.9,1.54,1.6356999999999997,-0.09569999999999967
NTAP,NetApp,Net Positivity,CQ32022,1.54,0.78,1.4786000000000001,-0.6986000000000001
NTAP,NetApp,Net Positivity,CQ42022,0.78,0.94,1.108800000000001,-0.16880000000000095
NTAP,NetApp,Net Positivity,CQ12023,0.94,1.9,1.2311000000000007,0.6688999999999992
NTAP,NetApp,Net Positivity,CQ22023,1.9,1.25,1.4163,-0.1662999999999999
NTAP,NetApp,Net Positivity,CQ32023,1.25,1.23,1.2429000000000003,-0.012900000000000356
NTAP,NetApp,Net Positivity,CQ42023,1.23,1.82,1.3455000000000001,0.4744999999999999
NTAP,NetApp,Net Positivity,CQ12024,1.82,1.88,1.5077999999999998,0.3722000000000001
NTAP,NetApp,Net Positivity,CQ22024,1.88,1.71,1.4977999999999998,0.21220000000000017
NTAP,NetApp,Net Positivity,CQ32024,1.71,1.56,1.6489000000000003,-0.0889000000000002
NTAP,NetApp,Numeric Transeprency,CQ12022,2.06,2.2,2.246999999999999,-0.04699999999999882
NTAP,NetApp,Numeric Transeprency,CQ22022,2.2,2.01,2.001199999999999,0.008800000000000807
NTAP,NetApp,Numeric Transeprency,CQ32022,2.01,2.24,2.2571,-0.01709999999999967
NTAP,NetApp,Numeric Transeprency,CQ42022,2.24,1.82,2.4471000000000003,-0.6271000000000002
NTAP,NetApp,Numeric Transeprency,CQ12023,1.82,2.44,2.1307,0.3092999999999999
NTAP,NetApp,Numeric Transeprency,CQ22023,2.44,1.58,2.251999999999999,-0.6719999999999988
NTAP,NetApp,Numeric Transeprency,CQ32023,1.58,2.17,1.8829,0.2870999999999999
NTAP,NetApp,Numeric Transeprency,CQ42023,2.17,1.93,2.2599000000000005,-0.3299000000000005
NTAP,NetApp,Numeric Transeprency,CQ12024,1.93,2.92,2.037799999999999,0.882200000000001
NTAP,NetApp,Numeric Transeprency,CQ22024,2.92,1.82,2.1485,-0.3284999999999998
NTAP,NetApp,Numeric Transeprency,CQ32024,1.82,1.82,1.9036999999999997,-0.08369999999999966
NTRS,Northern Trust,Analyst Selectivity Ratio,CQ12022,41.18,41.18,52.07550000000005,-10.895500000000048
NTRS,Northern Trust,Analyst Selectivity Ratio,CQ22022,41.18,68.75,53.49250000000003,15.257499999999972
NTRS,Northern Trust,Analyst Selectivity Ratio,CQ32022,68.75,60.0,60.81419999999996,-0.814199999999957
NTRS,Northern Trust,Analyst Selectivity Ratio,CQ42022,60.0,66.67,53.37260000000002,13.297399999999982
NTRS,Northern Trust,Analyst Selectivity Ratio,CQ12023,66.67,60.0,54.93100000000002,5.068999999999981
NTRS,Northern Trust,Analyst Selectivity Ratio,CQ22023,60.0,42.86,60.754500000000036,-17.894500000000036
NTRS,Northern Trust,Analyst Selectivity Ratio,CQ32023,42.86,46.67,54.54969999999999,-7.8796999999999855
NTRS,Northern Trust,Analyst Selectivity Ratio,CQ42023,46.67,46.67,51.302,-4.631999999999998
NTRS,Northern Trust,Analyst Selectivity Ratio,CQ12024,46.67,33.33,50.29510000000001,-16.965100000000014
NTRS,Northern Trust,Analyst Selectivity Ratio,CQ22024,33.33,50.0,44.6462,5.3538
NTRS,Northern Trust,Analyst Selectivity Ratio,CQ32024,50.0,75.0,40.99800000000001,34.00199999999999
NTRS,Northern Trust,Language Complexity,CQ12022,11.11,11.78,11.401600000000006,0.37839999999999385
NTRS,Northern Trust,Language Complexity,CQ22022,11.78,11.11,11.795399999999995,-0.685399999999996
NTRS,Northern Trust,Language Complexity,CQ32022,11.11,11.34,11.453400000000004,-0.11340000000000394
NTRS,Northern Trust,Language Complexity,CQ42022,11.34,11.63,11.229499999999996,0.4005000000000045
NTRS,Northern Trust,Language Complexity,CQ12023,11.63,11.52,11.851499999999996,-0.3314999999999966
NTRS,Northern Trust,Language Complexity,CQ22023,11.52,11.04,11.586399999999994,-0.5463999999999949
NTRS,Northern Trust,Language Complexity,CQ32023,11.04,11.44,11.390400000000005,0.04959999999999454
NTRS,Northern Trust,Language Complexity,CQ42023,11.44,11.86,11.283500000000005,0.576499999999994
NTRS,Northern Trust,Language Complexity,CQ12024,11.86,12.35,11.729500000000005,0.6204999999999945
NTRS,Northern Trust,Language Complexity,CQ22024,12.35,11.47,11.9854,-0.5153999999999996
NTRS,Northern Trust,Language Complexity,CQ32024,11.47,11.3,11.899499999999998,-0.5994999999999973
NTRS,Northern Trust,Net Positivity,CQ12022,0.8,0.47,0.7420999999999998,-0.2720999999999998
NTRS,Northern Trust,Net Positivity,CQ22022,0.47,0.33,0.6548000000000005,-0.3248000000000005
NTRS,Northern Trust,Net Positivity,CQ32022,0.33,-0.32,0.5718,-0.8917999999999999
NTRS,Northern Trust,Net Positivity,CQ42022,-0.32,0.17,-0.08639999999999999,0.2564
NTRS,Northern Trust,Net Positivity,CQ12023,0.17,0.58,0.2765,0.30349999999999994
NTRS,Northern Trust,Net Positivity,CQ22023,0.58,0.8,0.2592000000000002,0.5407999999999998
NTRS,Northern Trust,Net Positivity,CQ32023,0.8,0.55,0.8889999999999997,-0.33899999999999963
NTRS,Northern Trust,Net Positivity,CQ42023,0.55,0.93,0.6763999999999997,0.2536000000000004
NTRS,Northern Trust,Net Positivity,CQ12024,0.93,0.92,0.8779999999999998,0.04200000000000026
NTRS,Northern Trust,Net Positivity,CQ22024,0.92,0.84,0.9257000000000002,-0.08570000000000022
NTRS,Northern Trust,Net Positivity,CQ32024,0.84,1.51,1.0999999999999996,0.41000000000000036
NTRS,Northern Trust,Numeric Transeprency,CQ12022,3.47,2.85,2.6241000000000003,0.22589999999999977
NTRS,Northern Trust,Numeric Transeprency,CQ22022,2.85,2.3,2.465200000000001,-0.16520000000000135
NTRS,Northern Trust,Numeric Transeprency,CQ32022,2.3,2.15,2.6431,-0.4931000000000001
NTRS,Northern Trust,Numeric Transeprency,CQ42022,2.15,2.48,2.5256000000000003,-0.04560000000000031
NTRS,Northern Trust,Numeric Transeprency,CQ12023,2.48,2.39,2.7391,-0.34909999999999997
NTRS,Northern Trust,Numeric Transeprency,CQ22023,2.39,2.49,2.441,0.04900000000000038
NTRS,Northern Trust,Numeric Transeprency,CQ32023,2.49,2.8,2.3918000000000013,0.40819999999999856
NTRS,Northern Trust,Numeric Transeprency,CQ42023,2.8,2.69,2.3547,0.33530000000000015
NTRS,Northern Trust,Numeric Transeprency,CQ12024,2.69,2.38,2.4027,-0.022699999999999942
NTRS,Northern Trust,Numeric Transeprency,CQ22024,2.38,2.05,2.4752999999999994,-0.42529999999999957
NTRS,Northern Trust,Numeric Transeprency,CQ32024,2.05,1.87,2.7199000000000018,-0.8499000000000017
NUE,Nucor,Analyst Selectivity Ratio,CQ12022,38.46,33.33,48.81989999999998,-15.489899999999984
NUE,Nucor,Analyst Selectivity Ratio,CQ22022,33.33,38.46,36.84490000000001,1.615099999999991
NUE,Nucor,Analyst Selectivity Ratio,CQ32022,38.46,33.33,36.8757,-3.5457000000000036
NUE,Nucor,Analyst Selectivity Ratio,CQ42022,33.33,38.46,31.736699999999995,6.723300000000005
NUE,Nucor,Analyst Selectivity Ratio,CQ12023,38.46,53.85,36.062500000000014,17.787499999999987
NUE,Nucor,Analyst Selectivity Ratio,CQ22023,53.85,53.85,43.03869999999999,10.81130000000001
NUE,Nucor,Analyst Selectivity Ratio,CQ32023,53.85,63.64,47.85250000000003,15.787499999999973
NUE,Nucor,Analyst Selectivity Ratio,CQ42023,63.64,45.45,57.8622,-12.412199999999999
NUE,Nucor,Analyst Selectivity Ratio,CQ12024,45.45,30.77,56.3666,-25.5966
NUE,Nucor,Analyst Selectivity Ratio,CQ22024,30.77,41.67,49.0158,-7.345799999999997
NUE,Nucor,Analyst Selectivity Ratio,CQ32024,41.67,70.0,45.405099999999976,24.594900000000024
NUE,Nucor,Language Complexity,CQ12022,12.05,12.29,11.668700000000001,0.621299999999998
NUE,Nucor,Language Complexity,CQ22022,12.29,12.0,12.428399999999996,-0.42839999999999634
NUE,Nucor,Language Complexity,CQ32022,12.0,12.19,12.213299999999997,-0.023299999999997212
NUE,Nucor,Language Complexity,CQ42022,12.19,11.93,12.210900000000004,-0.28090000000000437
NUE,Nucor,Language Complexity,CQ12023,11.93,12.21,11.982900000000003,0.2270999999999983
NUE,Nucor,Language Complexity,CQ22023,12.21,11.9,12.1034,-0.20340000000000025
NUE,Nucor,Language Complexity,CQ32023,11.9,11.98,11.861400000000003,0.11859999999999715
NUE,Nucor,Language Complexity,CQ42023,11.98,12.05,11.821699999999998,0.2283000000000026
NUE,Nucor,Language Complexity,CQ12024,12.05,11.49,11.739500000000007,-0.2495000000000065
NUE,Nucor,Language Complexity,CQ22024,11.49,12.02,11.791900000000005,0.2280999999999942
NUE,Nucor,Language Complexity,CQ32024,12.02,12.03,11.733000000000004,0.29699999999999527
NUE,Nucor,Net Positivity,CQ12022,1.4,1.08,1.6768000000000007,-0.5968000000000007
NUE,Nucor,Net Positivity,CQ22022,1.08,1.68,1.0396000000000003,0.6403999999999996
NUE,Nucor,Net Positivity,CQ32022,1.68,1.08,1.2829999999999995,-0.2029999999999994
NUE,Nucor,Net Positivity,CQ42022,1.08,1.1,1.2634,-0.1634
NUE,Nucor,Net Positivity,CQ12023,1.1,1.48,1.2489999999999997,0.23100000000000032
NUE,Nucor,Net Positivity,CQ22023,1.48,1.11,1.1891000000000005,-0.07910000000000039
NUE,Nucor,Net Positivity,CQ32023,1.11,0.8,1.2178000000000007,-0.4178000000000006
NUE,Nucor,Net Positivity,CQ42023,0.8,1.11,1.0059000000000002,0.10409999999999986
NUE,Nucor,Net Positivity,CQ12024,1.11,1.33,1.1968000000000005,0.13319999999999954
NUE,Nucor,Net Positivity,CQ22024,1.33,0.83,0.6792000000000005,0.1507999999999995
NUE,Nucor,Net Positivity,CQ32024,0.83,0.73,0.8124000000000003,-0.08240000000000036
NUE,Nucor,Numeric Transeprency,CQ12022,2.16,1.94,2.2963,-0.35630000000000006
NUE,Nucor,Numeric Transeprency,CQ22022,1.94,1.94,1.7620999999999993,0.1779000000000006
NUE,Nucor,Numeric Transeprency,CQ32022,1.94,1.89,2.149800000000001,-0.2598000000000009
NUE,Nucor,Numeric Transeprency,CQ42022,1.89,2.36,2.250199999999999,0.10980000000000079
NUE,Nucor,Numeric Transeprency,CQ12023,2.36,1.91,2.234,-0.32400000000000007
NUE,Nucor,Numeric Transeprency,CQ22023,1.91,1.5,1.970900000000001,-0.470900000000001
NUE,Nucor,Numeric Transeprency,CQ32023,1.5,1.59,1.9843000000000002,-0.3943000000000001
NUE,Nucor,Numeric Transeprency,CQ42023,1.59,2.21,1.9702000000000004,0.23979999999999957
NUE,Nucor,Numeric Transeprency,CQ12024,2.21,1.45,1.8566999999999991,-0.4066999999999992
NUE,Nucor,Numeric Transeprency,CQ22024,1.45,1.65,1.5055000000000007,0.14449999999999918
NUE,Nucor,Numeric Transeprency,CQ32024,1.65,1.55,1.8697,-0.3196999999999999
NVDA,Nvidia,Analyst Selectivity Ratio,CQ12022,10.81,22.22,14.291199999999996,7.9288000000000025
NVDA,Nvidia,Analyst Selectivity Ratio,CQ22022,22.22,25.58,20.954300000000007,4.625699999999991
NVDA,Nvidia,Analyst Selectivity Ratio,CQ32022,25.58,21.74,23.6199,-1.8799000000000028
NVDA,Nvidia,Analyst Selectivity Ratio,CQ42022,21.74,18.42,23.003400000000003,-4.583400000000001
NVDA,Nvidia,Analyst Selectivity Ratio,CQ12023,18.42,11.9,22.935799999999993,-11.035799999999993
NVDA,Nvidia,Analyst Selectivity Ratio,CQ22023,11.9,12.24,20.122100000000003,-7.882100000000003
NVDA,Nvidia,Analyst Selectivity Ratio,CQ32023,12.24,10.64,18.037400000000005,-7.397400000000005
NVDA,Nvidia,Analyst Selectivity Ratio,CQ42023,10.64,10.42,16.0308,-5.610799999999999
NVDA,Nvidia,Analyst Selectivity Ratio,CQ12024,10.42,13.21,11.2924,1.9176000000000002
NVDA,Nvidia,Analyst Selectivity Ratio,CQ22024,13.21,10.71,12.098199999999997,-1.3881999999999959
NVDA,Nvidia,Analyst Selectivity Ratio,CQ32024,10.71,12.5,11.351,1.1489999999999991
NVDA,Nvidia,Language Complexity,CQ12022,12.57,11.83,12.873199999999995,-1.0431999999999952
NVDA,Nvidia,Language Complexity,CQ22022,11.83,11.45,12.685900000000002,-1.2359000000000027
NVDA,Nvidia,Language Complexity,CQ32022,11.45,12.21,12.11230000000001,0.0976999999999908
NVDA,Nvidia,Language Complexity,CQ42022,12.21,12.31,12.207700000000003,0.10229999999999784
NVDA,Nvidia,Language Complexity,CQ12023,12.31,12.97,12.244500000000006,0.7254999999999949
NVDA,Nvidia,Language Complexity,CQ22023,12.97,13.06,12.227600000000006,0.8323999999999945
NVDA,Nvidia,Language Complexity,CQ32023,13.06,12.86,12.811300000000003,0.048699999999996635
NVDA,Nvidia,Language Complexity,CQ42023,12.86,13.42,13.2909,0.12909999999999933
NVDA,Nvidia,Language Complexity,CQ12024,13.42,12.68,15.398500000000006,-2.718500000000006
NVDA,Nvidia,Language Complexity,CQ22024,12.68,12.22,12.943199999999997,-0.7231999999999967
NVDA,Nvidia,Language Complexity,CQ32024,12.22,11.9,12.734200000000001,-0.8342000000000009
NVDA,Nvidia,Net Positivity,CQ12022,1.52,1.19,1.4361000000000004,-0.24610000000000043
NVDA,Nvidia,Net Positivity,CQ22022,1.19,0.06,0.8199000000000004,-0.7599000000000005
NVDA,Nvidia,Net Positivity,CQ32022,0.06,0.71,0.6188000000000001,0.09119999999999984
NVDA,Nvidia,Net Positivity,CQ42022,0.71,1.17,1.0135000000000005,0.15649999999999942
NVDA,Nvidia,Net Positivity,CQ12023,1.17,0.85,1.1860000000000002,-0.3360000000000002
NVDA,Nvidia,Net Positivity,CQ22023,0.85,1.41,1.0442000000000002,0.3657999999999997
NVDA,Nvidia,Net Positivity,CQ32023,1.41,1.04,1.2649000000000001,-0.2249000000000001
NVDA,Nvidia,Net Positivity,CQ42023,1.04,1.42,1.1262999999999999,0.29370000000000007
NVDA,Nvidia,Net Positivity,CQ12024,1.42,1.58,1.5146000000000004,0.06539999999999968
NVDA,Nvidia,Net Positivity,CQ22024,1.58,0.88,1.5463999999999998,-0.6663999999999998
NVDA,Nvidia,Net Positivity,CQ32024,0.88,1.21,1.2301000000000004,-0.02010000000000045
NVDA,Nvidia,Numeric Transeprency,CQ12022,1.52,1.6,1.5492999999999997,0.05070000000000041
NVDA,Nvidia,Numeric Transeprency,CQ22022,1.6,1.59,1.3158999999999992,0.2741000000000009
NVDA,Nvidia,Numeric Transeprency,CQ32022,1.59,1.72,1.5408999999999997,0.17910000000000026
NVDA,Nvidia,Numeric Transeprency,CQ42022,1.72,2.0,1.6563000000000017,0.34369999999999834
NVDA,Nvidia,Numeric Transeprency,CQ12023,2.0,1.7,1.7151000000000005,-0.015100000000000557
NVDA,Nvidia,Numeric Transeprency,CQ22023,1.7,1.7,1.6950999999999994,0.0049000000000005706
NVDA,Nvidia,Numeric Transeprency,CQ32023,1.7,1.43,1.723100000000001,-0.293100000000001
NVDA,Nvidia,Numeric Transeprency,CQ42023,1.43,1.48,1.6970000000000007,-0.21700000000000075
NVDA,Nvidia,Numeric Transeprency,CQ12024,1.48,1.45,1.5128000000000004,-0.06280000000000041
NVDA,Nvidia,Numeric Transeprency,CQ22024,1.45,1.44,1.4547999999999996,-0.014799999999999702
NVDA,Nvidia,Numeric Transeprency,CQ32024,1.44,1.48,1.6606999999999996,-0.18069999999999964
NWSA,News Corp (Class A),Analyst Selectivity Ratio,CQ12022,66.67,36.36,51.79720000000001,-15.437200000000011
NWSA,News Corp (Class A),Analyst Selectivity Ratio,CQ22022,36.36,54.55,46.0824,8.467599999999997
NWSA,News Corp (Class A),Analyst Selectivity Ratio,CQ32022,54.55,33.33,52.107000000000035,-18.777000000000037
NWSA,News Corp (Class A),Analyst Selectivity Ratio,CQ42022,33.33,58.33,48.77280000000002,9.55719999999998
NWSA,News Corp (Class A),Analyst Selectivity Ratio,CQ12023,58.33,45.45,44.0252,1.4248000000000047
NWSA,News Corp (Class A),Analyst Selectivity Ratio,CQ22023,45.45,60.0,52.13340000000001,7.866599999999991
NWSA,News Corp (Class A),Analyst Selectivity Ratio,CQ32023,60.0,25.0,56.41089999999999,-31.41089999999999
NWSA,News Corp (Class A),Analyst Selectivity Ratio,CQ42023,25.0,50.0,47.60709999999998,2.3929000000000187
NWSA,News Corp (Class A),Analyst Selectivity Ratio,CQ12024,50.0,50.0,43.6326,6.3674000000000035
NWSA,News Corp (Class A),Analyst Selectivity Ratio,CQ22024,50.0,54.55,47.122400000000006,7.427599999999991
NWSA,News Corp (Class A),Analyst Selectivity Ratio,CQ32024,54.55,33.33,51.70130000000001,-18.371300000000012
NWSA,News Corp (Class A),Language Complexity,CQ12022,14.82,14.82,14.513799999999996,0.306200000000004
NWSA,News Corp (Class A),Language Complexity,CQ22022,14.82,15.28,14.635599999999993,0.6444000000000063
NWSA,News Corp (Class A),Language Complexity,CQ32022,15.28,15.46,14.9299,0.5301000000000009
NWSA,News Corp (Class A),Language Complexity,CQ42022,15.46,14.53,14.968500000000006,-0.43850000000000655
NWSA,News Corp (Class A),Language Complexity,CQ12023,14.53,14.45,14.742900000000011,-0.29290000000001193
NWSA,News Corp (Class A),Language Complexity,CQ22023,14.45,14.49,14.703300000000004,-0.21330000000000382
NWSA,News Corp (Class A),Language Complexity,CQ32023,14.49,14.55,14.714600000000004,-0.16460000000000363
NWSA,News Corp (Class A),Language Complexity,CQ42023,14.55,14.7,14.703499999999995,-0.0034999999999953957
NWSA,News Corp (Class A),Language Complexity,CQ12024,14.7,14.84,14.813600000000001,0.02639999999999887
NWSA,News Corp (Class A),Language Complexity,CQ22024,14.84,14.45,14.624899999999998,-0.17489999999999917
NWSA,News Corp (Class A),Language Complexity,CQ32024,14.45,14.97,14.543200000000004,0.4267999999999965
NWSA,News Corp (Class A),Net Positivity,CQ12022,1.85,1.78,1.7590000000000006,0.020999999999999464
NWSA,News Corp (Class A),Net Positivity,CQ22022,1.78,1.39,1.7894000000000005,-0.39940000000000064
NWSA,News Corp (Class A),Net Positivity,CQ32022,1.39,1.07,1.5395999999999994,-0.46959999999999935
NWSA,News Corp (Class A),Net Positivity,CQ42022,1.07,-0.02,1.5874999999999995,-1.6074999999999995
NWSA,News Corp (Class A),Net Positivity,CQ12023,-0.02,0.79,0.6261999999999996,0.1638000000000004
NWSA,News Corp (Class A),Net Positivity,CQ22023,0.79,0.61,0.9105000000000006,-0.30050000000000066
NWSA,News Corp (Class A),Net Positivity,CQ32023,0.61,1.41,0.8670999999999995,0.5429000000000004
NWSA,News Corp (Class A),Net Positivity,CQ42023,1.41,1.56,1.0617,0.49829999999999997
NWSA,News Corp (Class A),Net Positivity,CQ12024,1.56,1.48,1.4565000000000003,0.023499999999999632
NWSA,News Corp (Class A),Net Positivity,CQ22024,1.48,1.45,1.5234000000000003,-0.07340000000000035
NWSA,News Corp (Class A),Net Positivity,CQ32024,1.45,1.13,1.5205000000000004,-0.3905000000000005
NWSA,News Corp (Class A),Numeric Transeprency,CQ12022,3.33,3.69,3.680499999999999,0.009500000000000952
NWSA,News Corp (Class A),Numeric Transeprency,CQ22022,3.69,3.98,3.434600000000001,0.545399999999999
NWSA,News Corp (Class A),Numeric Transeprency,CQ32022,3.98,3.63,3.8951,-0.2650999999999999
NWSA,News Corp (Class A),Numeric Transeprency,CQ42022,3.63,3.06,3.622899999999999,-0.5628999999999991
NWSA,News Corp (Class A),Numeric Transeprency,CQ12023,3.06,3.24,3.257000000000001,-0.017000000000000792
NWSA,News Corp (Class A),Numeric Transeprency,CQ22023,3.24,3.54,3.6473000000000013,-0.10730000000000128
NWSA,News Corp (Class A),Numeric Transeprency,CQ32023,3.54,3.11,3.4416000000000007,-0.3316000000000008
NWSA,News Corp (Class A),Numeric Transeprency,CQ42023,3.11,3.0,3.2430000000000003,-0.24300000000000033
NWSA,News Corp (Class A),Numeric Transeprency,CQ12024,3.0,3.09,3.0557,0.0343
NWSA,News Corp (Class A),Numeric Transeprency,CQ22024,3.09,3.26,3.0989,0.1610999999999998
NWSA,News Corp (Class A),Numeric Transeprency,CQ32024,3.26,3.51,2.9736999999999996,0.5363000000000002
OMC,Omnicom Group,Analyst Selectivity Ratio,CQ12022,50.0,54.55,46.39509999999999,8.154900000000005
OMC,Omnicom Group,Analyst Selectivity Ratio,CQ22022,54.55,58.33,43.70550000000001,14.62449999999999
OMC,Omnicom Group,Analyst Selectivity Ratio,CQ32022,58.33,38.46,53.32989999999999,-14.869899999999987
OMC,Omnicom Group,Analyst Selectivity Ratio,CQ42022,38.46,38.46,49.0248,-10.564799999999998
OMC,Omnicom Group,Analyst Selectivity Ratio,CQ12023,38.46,46.15,44.613900000000015,1.5360999999999834
OMC,Omnicom Group,Analyst Selectivity Ratio,CQ22023,46.15,46.15,43.7504,2.3995999999999995
OMC,Omnicom Group,Analyst Selectivity Ratio,CQ32023,46.15,38.46,42.15929999999999,-3.6992999999999867
OMC,Omnicom Group,Analyst Selectivity Ratio,CQ42023,38.46,46.15,49.72349999999999,-3.5734999999999886
OMC,Omnicom Group,Analyst Selectivity Ratio,CQ12024,46.15,46.15,44.62169999999999,1.5283000000000087
OMC,Omnicom Group,Analyst Selectivity Ratio,CQ22024,46.15,66.67,48.083999999999996,18.586000000000006
OMC,Omnicom Group,Analyst Selectivity Ratio,CQ32024,66.67,50.0,52.08610000000002,-2.086100000000023
OMC,Omnicom Group,Language Complexity,CQ12022,13.33,12.68,13.670000000000002,-0.990000000000002
OMC,Omnicom Group,Language Complexity,CQ22022,12.68,12.77,13.277000000000001,-0.5070000000000014
OMC,Omnicom Group,Language Complexity,CQ32022,12.77,13.37,13.042800000000002,0.3271999999999977
OMC,Omnicom Group,Language Complexity,CQ42022,13.37,12.96,13.015799999999995,-0.0557999999999943
OMC,Omnicom Group,Language Complexity,CQ12023,12.96,13.11,12.73169999999999,0.3783000000000101
OMC,Omnicom Group,Language Complexity,CQ22023,13.11,12.93,12.994699999999998,-0.06469999999999843
OMC,Omnicom Group,Language Complexity,CQ32023,12.93,12.49,13.246999999999998,-0.7569999999999979
OMC,Omnicom Group,Language Complexity,CQ42023,12.49,13.43,12.738899999999996,0.691100000000004
OMC,Omnicom Group,Language Complexity,CQ12024,13.43,12.77,12.865,-0.09500000000000064
OMC,Omnicom Group,Language Complexity,CQ22024,12.77,13.41,12.784199999999997,0.6258000000000035
OMC,Omnicom Group,Language Complexity,CQ32024,13.41,12.65,13.049000000000003,-0.3990000000000027
OMC,Omnicom Group,Net Positivity,CQ12022,1.55,1.25,1.3988999999999994,-0.14889999999999937
OMC,Omnicom Group,Net Positivity,CQ22022,1.25,0.4,1.2639999999999998,-0.8639999999999998
OMC,Omnicom Group,Net Positivity,CQ32022,0.4,1.32,0.8965000000000002,0.4234999999999999
OMC,Omnicom Group,Net Positivity,CQ42022,1.32,0.86,1.2858999999999998,-0.42589999999999983
OMC,Omnicom Group,Net Positivity,CQ12023,0.86,0.82,1.1617999999999997,-0.34179999999999977
OMC,Omnicom Group,Net Positivity,CQ22023,0.82,1.28,0.7888000000000003,0.49119999999999975
OMC,Omnicom Group,Net Positivity,CQ32023,1.28,0.9,0.7411000000000004,0.1588999999999996
OMC,Omnicom Group,Net Positivity,CQ42023,0.9,1.27,1.0405000000000002,0.22949999999999982
OMC,Omnicom Group,Net Positivity,CQ12024,1.27,0.84,1.2368999999999997,-0.3968999999999997
OMC,Omnicom Group,Net Positivity,CQ22024,0.84,1.36,1.0273000000000005,0.33269999999999955
OMC,Omnicom Group,Net Positivity,CQ32024,1.36,1.7,1.0728,0.6272
OMC,Omnicom Group,Numeric Transeprency,CQ12022,2.81,2.28,3.076299999999998,-0.7962999999999982
OMC,Omnicom Group,Numeric Transeprency,CQ22022,2.28,2.48,2.8325999999999976,-0.3525999999999976
OMC,Omnicom Group,Numeric Transeprency,CQ32022,2.48,2.23,2.3908,-0.16080000000000005
OMC,Omnicom Group,Numeric Transeprency,CQ42022,2.23,2.66,2.5500000000000003,0.10999999999999988
OMC,Omnicom Group,Numeric Transeprency,CQ12023,2.66,2.31,2.5295999999999994,-0.21959999999999935
OMC,Omnicom Group,Numeric Transeprency,CQ22023,2.31,2.28,2.3051000000000004,-0.025100000000000566
OMC,Omnicom Group,Numeric Transeprency,CQ32023,2.28,2.59,2.4993,0.0907
OMC,Omnicom Group,Numeric Transeprency,CQ42023,2.59,2.5,2.6195,-0.11949999999999994
OMC,Omnicom Group,Numeric Transeprency,CQ12024,2.5,2.41,2.4198000000000004,-0.009800000000000253
OMC,Omnicom Group,Numeric Transeprency,CQ22024,2.41,1.93,2.3223000000000003,-0.3923000000000003
OMC,Omnicom Group,Numeric Transeprency,CQ32024,1.93,2.01,2.5036,-0.49360000000000026
ORCL,Oracle Corporation,Analyst Selectivity Ratio,CQ12022,20.0,23.08,20.335299999999993,2.7447000000000052
ORCL,Oracle Corporation,Analyst Selectivity Ratio,CQ22022,23.08,16.0,20.993800000000014,-4.9938000000000144
ORCL,Oracle Corporation,Analyst Selectivity Ratio,CQ32022,16.0,15.38,22.050500000000007,-6.670500000000006
ORCL,Oracle Corporation,Analyst Selectivity Ratio,CQ42022,15.38,14.81,20.971,-6.161
ORCL,Oracle Corporation,Analyst Selectivity Ratio,CQ12023,14.81,18.52,19.257700000000003,-0.7377000000000038
ORCL,Oracle Corporation,Analyst Selectivity Ratio,CQ22023,18.52,19.23,18.223600000000012,1.0063999999999886
ORCL,Oracle Corporation,Analyst Selectivity Ratio,CQ32023,19.23,16.67,20.197899999999997,-3.5278999999999954
ORCL,Oracle Corporation,Analyst Selectivity Ratio,CQ42023,16.67,19.35,19.492199999999997,-0.14219999999999544
ORCL,Oracle Corporation,Analyst Selectivity Ratio,CQ12024,19.35,22.22,20.087699999999995,2.1323000000000043
ORCL,Oracle Corporation,Analyst Selectivity Ratio,CQ22024,22.22,17.24,19.5821,-2.342100000000002
ORCL,Oracle Corporation,Analyst Selectivity Ratio,CQ32024,17.24,17.24,19.391099999999994,-2.151099999999996
ORCL,Oracle Corporation,Language Complexity,CQ12022,11.17,12.26,11.496900000000007,0.7630999999999926
ORCL,Oracle Corporation,Language Complexity,CQ22022,12.26,13.08,11.689899999999996,1.3901000000000039
ORCL,Oracle Corporation,Language Complexity,CQ32022,13.08,12.47,12.205599999999997,0.26440000000000374
ORCL,Oracle Corporation,Language Complexity,CQ42022,12.47,13.2,12.023199999999992,1.1768000000000072
ORCL,Oracle Corporation,Language Complexity,CQ12023,13.2,12.99,12.875000000000002,0.11499999999999844
ORCL,Oracle Corporation,Language Complexity,CQ22023,12.99,12.05,12.880500000000005,-0.8305000000000042
ORCL,Oracle Corporation,Language Complexity,CQ32023,12.05,11.83,12.576299999999996,-0.7462999999999962
ORCL,Oracle Corporation,Language Complexity,CQ42023,11.83,12.54,12.605699999999997,-0.06569999999999787
ORCL,Oracle Corporation,Language Complexity,CQ12024,12.54,11.38,12.272399999999996,-0.892399999999995
ORCL,Oracle Corporation,Language Complexity,CQ22024,11.38,11.53,12.176275,-0.646275000000001
ORCL,Oracle Corporation,Language Complexity,CQ32024,11.53,12.25,11.831300000000004,0.41869999999999585
ORCL,Oracle Corporation,Net Positivity,CQ12022,1.28,0.86,1.0784000000000011,-0.21840000000000115
ORCL,Oracle Corporation,Net Positivity,CQ22022,0.86,0.53,0.8180999999999998,-0.2880999999999998
ORCL,Oracle Corporation,Net Positivity,CQ32022,0.53,0.75,0.7310000000000001,0.018999999999999906
ORCL,Oracle Corporation,Net Positivity,CQ42022,0.75,0.81,0.9208999999999999,-0.11089999999999989
ORCL,Oracle Corporation,Net Positivity,CQ12023,0.81,1.17,0.9386999999999996,0.23130000000000028
ORCL,Oracle Corporation,Net Positivity,CQ22023,1.17,0.87,1.0946000000000005,-0.22460000000000047
ORCL,Oracle Corporation,Net Positivity,CQ32023,0.87,0.53,0.9621,-0.43209999999999993
ORCL,Oracle Corporation,Net Positivity,CQ42023,0.53,0.9,0.7814,0.11860000000000004
ORCL,Oracle Corporation,Net Positivity,CQ12024,0.9,0.39,0.8741999999999993,-0.4841999999999993
ORCL,Oracle Corporation,Net Positivity,CQ22024,0.39,0.63,0.8756000000000003,-0.24560000000000026
ORCL,Oracle Corporation,Net Positivity,CQ32024,0.63,0.88,0.9639000000000002,-0.0839000000000002
ORCL,Oracle Corporation,Numeric Transeprency,CQ12022,2.12,2.61,2.498200000000001,0.11179999999999879
ORCL,Oracle Corporation,Numeric Transeprency,CQ22022,2.61,2.51,2.245000000000001,0.2649999999999988
ORCL,Oracle Corporation,Numeric Transeprency,CQ32022,2.51,2.35,2.3643999999999994,-0.014399999999999302
ORCL,Oracle Corporation,Numeric Transeprency,CQ42022,2.35,2.41,2.4156000000000013,-0.00560000000000116
ORCL,Oracle Corporation,Numeric Transeprency,CQ12023,2.41,2.95,2.5712,0.3788
ORCL,Oracle Corporation,Numeric Transeprency,CQ22023,2.95,2.8,2.5423000000000004,0.2576999999999994
ORCL,Oracle Corporation,Numeric Transeprency,CQ32023,2.8,2.08,2.4880000000000004,-0.40800000000000036
ORCL,Oracle Corporation,Numeric Transeprency,CQ42023,2.08,2.24,2.382299999999999,-0.14229999999999876
ORCL,Oracle Corporation,Numeric Transeprency,CQ12024,2.24,3.16,2.6383000000000005,0.5216999999999996
ORCL,Oracle Corporation,Numeric Transeprency,CQ22024,3.16,1.99,2.5136000000000003,-0.5236000000000003
ORCL,Oracle Corporation,Numeric Transeprency,CQ32024,1.99,3.16,2.3040999999999996,0.8559000000000005
OXY,Occidental Petroleum,Analyst Selectivity Ratio,CQ12022,26.09,28.0,30.431599999999985,-2.4315999999999853
OXY,Occidental Petroleum,Analyst Selectivity Ratio,CQ22022,28.0,28.0,29.22149999999999,-1.2214999999999883
OXY,Occidental Petroleum,Analyst Selectivity Ratio,CQ32022,28.0,29.17,28.164999999999996,1.005000000000006
OXY,Occidental Petroleum,Analyst Selectivity Ratio,CQ42022,29.17,26.92,29.937599999999996,-3.0175999999999945
OXY,Occidental Petroleum,Analyst Selectivity Ratio,CQ12023,26.92,22.73,31.334699999999984,-8.604699999999983
OXY,Occidental Petroleum,Analyst Selectivity Ratio,CQ22023,22.73,34.78,27.08589999999999,7.6941000000000095
OXY,Occidental Petroleum,Analyst Selectivity Ratio,CQ32023,34.78,21.74,30.439599999999995,-8.699599999999997
OXY,Occidental Petroleum,Analyst Selectivity Ratio,CQ42023,21.74,33.33,27.114299999999993,6.215700000000005
OXY,Occidental Petroleum,Analyst Selectivity Ratio,CQ12024,33.33,35.71,29.824300000000015,5.885699999999986
OXY,Occidental Petroleum,Analyst Selectivity Ratio,CQ22024,35.71,26.32,34.6967,-8.3767
OXY,Occidental Petroleum,Analyst Selectivity Ratio,CQ32024,26.32,11.76,28.922699999999992,-17.162699999999994
OXY,Occidental Petroleum,Language Complexity,CQ12022,13.8,12.85,12.932100000000005,-0.08210000000000583
OXY,Occidental Petroleum,Language Complexity,CQ22022,12.85,12.92,13.277499999999998,-0.35749999999999815
OXY,Occidental Petroleum,Language Complexity,CQ32022,12.92,13.83,13.029300000000001,0.8006999999999991
OXY,Occidental Petroleum,Language Complexity,CQ42022,13.83,13.69,13.116000000000003,0.5739999999999963
OXY,Occidental Petroleum,Language Complexity,CQ12023,13.69,13.2,13.370800000000001,-0.17080000000000162
OXY,Occidental Petroleum,Language Complexity,CQ22023,13.2,12.86,13.230700000000006,-0.37070000000000647
OXY,Occidental Petroleum,Language Complexity,CQ32023,12.86,14.09,13.069899999999997,1.020100000000003
OXY,Occidental Petroleum,Language Complexity,CQ42023,14.09,13.32,13.189299999999992,0.13070000000000803
OXY,Occidental Petroleum,Language Complexity,CQ12024,13.32,13.2,13.088300000000006,0.1116999999999937
OXY,Occidental Petroleum,Language Complexity,CQ22024,13.2,12.89,13.1812,-0.2911999999999999
OXY,Occidental Petroleum,Language Complexity,CQ32024,12.89,13.6,13.3019,0.2980999999999998
OXY,Occidental Petroleum,Net Positivity,CQ12022,1.77,1.48,1.6260000000000003,-0.14600000000000035
OXY,Occidental Petroleum,Net Positivity,CQ22022,1.48,1.4,1.4808,-0.08079999999999998
OXY,Occidental Petroleum,Net Positivity,CQ32022,1.4,1.37,1.5721,-0.20209999999999995
OXY,Occidental Petroleum,Net Positivity,CQ42022,1.37,1.05,1.4062000000000003,-0.3562000000000003
OXY,Occidental Petroleum,Net Positivity,CQ12023,1.05,1.16,1.2078000000000002,-0.04780000000000029
OXY,Occidental Petroleum,Net Positivity,CQ22023,1.16,1.74,1.1831999999999998,0.5568000000000002
OXY,Occidental Petroleum,Net Positivity,CQ32023,1.74,1.62,1.1903999999999997,0.4296000000000004
OXY,Occidental Petroleum,Net Positivity,CQ42023,1.62,1.35,1.3919999999999997,-0.04199999999999959
OXY,Occidental Petroleum,Net Positivity,CQ12024,1.35,1.65,1.3979,0.2521
OXY,Occidental Petroleum,Net Positivity,CQ22024,1.65,2.07,1.6632,0.40679999999999983
OXY,Occidental Petroleum,Net Positivity,CQ32024,2.07,1.91,1.582799999999999,0.3272000000000008
OXY,Occidental Petroleum,Numeric Transeprency,CQ12022,2.26,1.93,1.6025999999999998,0.32740000000000014
OXY,Occidental Petroleum,Numeric Transeprency,CQ22022,1.93,1.94,1.6386999999999998,0.3013000000000001
OXY,Occidental Petroleum,Numeric Transeprency,CQ32022,1.94,2.16,1.7514999999999994,0.40850000000000075
OXY,Occidental Petroleum,Numeric Transeprency,CQ42022,2.16,2.5,2.3146,0.1854
OXY,Occidental Petroleum,Numeric Transeprency,CQ12023,2.5,1.72,2.1327000000000003,-0.4127000000000003
OXY,Occidental Petroleum,Numeric Transeprency,CQ22023,1.72,1.66,1.9346999999999992,-0.2746999999999993
OXY,Occidental Petroleum,Numeric Transeprency,CQ32023,1.66,1.32,2.273400000000001,-0.9534000000000009
OXY,Occidental Petroleum,Numeric Transeprency,CQ42023,1.32,2.5,1.8815000000000008,0.6184999999999992
OXY,Occidental Petroleum,Numeric Transeprency,CQ12024,2.5,1.44,1.7648999999999995,-0.3248999999999995
OXY,Occidental Petroleum,Numeric Transeprency,CQ22024,1.44,1.5,1.6477000000000006,-0.1477000000000006
OXY,Occidental Petroleum,Numeric Transeprency,CQ32024,1.5,1.86,1.6578,0.20220000000000016
PCAR,Paccar,Analyst Selectivity Ratio,CQ12022,60.0,78.95,60.65339999999998,18.29660000000002
PCAR,Paccar,Analyst Selectivity Ratio,CQ22022,78.95,82.35,61.84470000000002,20.505299999999977
PCAR,Paccar,Analyst Selectivity Ratio,CQ32022,82.35,43.75,71.8097,-28.059700000000007
PCAR,Paccar,Analyst Selectivity Ratio,CQ42022,43.75,52.94,49.913700000000006,3.026299999999992
PCAR,Paccar,Analyst Selectivity Ratio,CQ12023,52.94,61.11,64.55080000000002,-3.4408000000000243
PCAR,Paccar,Analyst Selectivity Ratio,CQ22023,61.11,52.94,59.87000000000002,-6.930000000000021
PCAR,Paccar,Analyst Selectivity Ratio,CQ32023,52.94,47.06,59.20530000000001,-12.145300000000006
PCAR,Paccar,Analyst Selectivity Ratio,CQ42023,47.06,50.0,53.43410000000001,-3.434100000000008
PCAR,Paccar,Analyst Selectivity Ratio,CQ12024,50.0,25.0,58.77610000000002,-33.77610000000002
PCAR,Paccar,Analyst Selectivity Ratio,CQ22024,25.0,68.42,42.37499999999999,26.04500000000001
PCAR,Paccar,Analyst Selectivity Ratio,CQ32024,68.42,61.11,46.22060000000001,14.889399999999988
PCAR,Paccar,Language Complexity,CQ12022,10.54,9.85,10.656500000000001,-0.8065000000000015
PCAR,Paccar,Language Complexity,CQ22022,9.85,9.4,10.350600000000007,-0.9506000000000068
PCAR,Paccar,Language Complexity,CQ32022,9.4,10.42,10.695400000000005,-0.27540000000000475
PCAR,Paccar,Language Complexity,CQ42022,10.42,10.64,10.587299999999995,0.052700000000005076
PCAR,Paccar,Language Complexity,CQ12023,10.64,10.24,10.576300000000002,-0.3363000000000014
PCAR,Paccar,Language Complexity,CQ22023,10.24,10.89,10.5897,0.3003
PCAR,Paccar,Language Complexity,CQ32023,10.89,10.3,10.6325,-0.3324999999999996
PCAR,Paccar,Language Complexity,CQ42023,10.3,10.67,10.597699999999998,0.07230000000000203
PCAR,Paccar,Language Complexity,CQ12024,10.67,10.48,10.554699999999995,-0.07469999999999466
PCAR,Paccar,Language Complexity,CQ22024,10.48,10.52,10.951300000000002,-0.431300000000002
PCAR,Paccar,Language Complexity,CQ32024,10.52,9.99,10.531100000000002,-0.5411000000000019
PCAR,Paccar,Net Positivity,CQ12022,2.03,1.83,2.1468,-0.31679999999999975
PCAR,Paccar,Net Positivity,CQ22022,1.83,2.11,1.9184999999999997,0.19150000000000023
PCAR,Paccar,Net Positivity,CQ32022,2.11,1.99,1.8760000000000003,0.11399999999999966
PCAR,Paccar,Net Positivity,CQ42022,1.99,2.35,2.211099999999999,0.1389000000000009
PCAR,Paccar,Net Positivity,CQ12023,2.35,2.48,2.0766999999999993,0.40330000000000066
PCAR,Paccar,Net Positivity,CQ22023,2.48,1.92,2.4170999999999996,-0.49709999999999965
PCAR,Paccar,Net Positivity,CQ32023,1.92,1.98,2.1063,-0.12630000000000008
PCAR,Paccar,Net Positivity,CQ42023,1.98,1.84,2.4489,-0.6089
PCAR,Paccar,Net Positivity,CQ12024,1.84,2.44,2.0747999999999998,0.3652000000000002
PCAR,Paccar,Net Positivity,CQ22024,2.44,1.77,1.7415999999999996,0.028400000000000425
PCAR,Paccar,Net Positivity,CQ32024,1.77,1.45,2.0466999999999986,-0.5966999999999987
PCAR,Paccar,Numeric Transeprency,CQ12022,2.52,1.55,1.8070999999999993,-0.2570999999999992
PCAR,Paccar,Numeric Transeprency,CQ22022,1.55,1.6,1.6767999999999998,-0.07679999999999976
PCAR,Paccar,Numeric Transeprency,CQ32022,1.6,1.82,1.9987999999999995,-0.1787999999999994
PCAR,Paccar,Numeric Transeprency,CQ42022,1.82,2.6,2.0984999999999996,0.5015000000000005
PCAR,Paccar,Numeric Transeprency,CQ12023,2.6,2.11,1.9102000000000001,0.19979999999999976
PCAR,Paccar,Numeric Transeprency,CQ22023,2.11,1.79,2.2015999999999996,-0.4115999999999995
PCAR,Paccar,Numeric Transeprency,CQ32023,1.79,2.58,1.9473000000000005,0.6326999999999996
PCAR,Paccar,Numeric Transeprency,CQ42023,2.58,2.36,2.5429999999999997,-0.18299999999999983
PCAR,Paccar,Numeric Transeprency,CQ12024,2.36,2.61,2.332900000000001,0.277099999999999
PCAR,Paccar,Numeric Transeprency,CQ22024,2.61,1.82,1.8643999999999992,-0.04439999999999911
PCAR,Paccar,Numeric Transeprency,CQ32024,1.82,2.0,2.0986,-0.0985999999999998
PEP,PepsiCo,Analyst Selectivity Ratio,CQ12022,47.62,61.9,57.47499999999998,4.4250000000000185
PEP,PepsiCo,Analyst Selectivity Ratio,CQ22022,61.9,61.11,56.87760000000002,4.232399999999977
PEP,PepsiCo,Analyst Selectivity Ratio,CQ32022,61.11,47.06,57.80590000000004,-10.745900000000034
PEP,PepsiCo,Analyst Selectivity Ratio,CQ42022,47.06,52.38,51.80830000000001,0.5716999999999928
PEP,PepsiCo,Analyst Selectivity Ratio,CQ12023,52.38,61.11,53.33770000000001,7.772299999999987
PEP,PepsiCo,Analyst Selectivity Ratio,CQ22023,61.11,47.37,57.256099999999996,-9.886099999999999
PEP,PepsiCo,Analyst Selectivity Ratio,CQ32023,47.37,50.0,47.199499999999986,2.8005000000000138
PEP,PepsiCo,Analyst Selectivity Ratio,CQ42023,50.0,47.37,52.27080000000001,-4.900800000000011
PEP,PepsiCo,Analyst Selectivity Ratio,CQ12024,47.37,55.0,46.01799999999999,8.982000000000014
PEP,PepsiCo,Analyst Selectivity Ratio,CQ22024,55.0,47.37,51.835000000000015,-4.465000000000018
PEP,PepsiCo,Analyst Selectivity Ratio,CQ32024,47.37,38.89,47.84279999999998,-8.952799999999982
PEP,PepsiCo,Language Complexity,CQ12022,11.02,11.27,11.503699999999998,-0.2336999999999989
PEP,PepsiCo,Language Complexity,CQ22022,11.27,11.9,11.295300000000003,0.6046999999999976
PEP,PepsiCo,Language Complexity,CQ32022,11.9,11.54,11.589600000000003,-0.04960000000000342
PEP,PepsiCo,Language Complexity,CQ42022,11.54,10.8,11.7726,-0.9725999999999999
PEP,PepsiCo,Language Complexity,CQ12023,10.8,11.93,11.361300000000002,0.568699999999998
PEP,PepsiCo,Language Complexity,CQ22023,11.93,10.85,11.719,-0.8689999999999998
PEP,PepsiCo,Language Complexity,CQ32023,10.85,12.54,11.503900000000003,1.0360999999999958
PEP,PepsiCo,Language Complexity,CQ42023,12.54,11.59,11.697000000000001,-0.1070000000000011
PEP,PepsiCo,Language Complexity,CQ12024,11.59,12.33,11.725700000000002,0.6042999999999985
PEP,PepsiCo,Language Complexity,CQ22024,12.33,11.11,11.901500000000004,-0.7915000000000045
PEP,PepsiCo,Language Complexity,CQ32024,11.11,12.15,11.605599999999997,0.5444000000000031
PEP,PepsiCo,Net Positivity,CQ12022,1.55,1.41,1.737299999999999,-0.32729999999999904
PEP,PepsiCo,Net Positivity,CQ22022,1.41,1.2,1.7776999999999996,-0.5776999999999997
PEP,PepsiCo,Net Positivity,CQ32022,1.2,1.41,1.5482999999999998,-0.13829999999999987
PEP,PepsiCo,Net Positivity,CQ42022,1.41,1.82,1.3456999999999997,0.4743000000000004
PEP,PepsiCo,Net Positivity,CQ12023,1.82,1.65,1.4133000000000004,0.23669999999999947
PEP,PepsiCo,Net Positivity,CQ22023,1.65,1.89,1.6021,0.2878999999999998
PEP,PepsiCo,Net Positivity,CQ32023,1.89,0.8,1.5533000000000008,-0.7533000000000007
PEP,PepsiCo,Net Positivity,CQ42023,0.8,1.89,1.1236999999999997,0.7663000000000002
PEP,PepsiCo,Net Positivity,CQ12024,1.89,2.29,1.4391999999999998,0.8508000000000002
PEP,PepsiCo,Net Positivity,CQ22024,2.29,1.45,1.6353000000000006,-0.1853000000000007
PEP,PepsiCo,Net Positivity,CQ32024,1.45,1.3,1.6193999999999988,-0.3193999999999988
PEP,PepsiCo,Numeric Transeprency,CQ12022,1.15,0.48,0.9239,-0.4439000000000001
PEP,PepsiCo,Numeric Transeprency,CQ22022,0.48,0.61,0.8071999999999996,-0.1971999999999996
PEP,PepsiCo,Numeric Transeprency,CQ32022,0.61,0.97,0.8632999999999998,0.10670000000000013
PEP,PepsiCo,Numeric Transeprency,CQ42022,0.97,1.15,1.0772999999999997,0.07270000000000021
PEP,PepsiCo,Numeric Transeprency,CQ12023,1.15,0.74,0.7860000000000003,-0.04600000000000026
PEP,PepsiCo,Numeric Transeprency,CQ22023,0.74,0.8,0.8594000000000003,-0.05940000000000023
PEP,PepsiCo,Numeric Transeprency,CQ32023,0.8,0.83,0.7413000000000001,0.08869999999999989
PEP,PepsiCo,Numeric Transeprency,CQ42023,0.83,0.97,0.8949999999999997,0.07500000000000029
PEP,PepsiCo,Numeric Transeprency,CQ12024,0.97,0.75,0.9239999999999995,-0.1739999999999995
PEP,PepsiCo,Numeric Transeprency,CQ22024,0.75,0.62,0.6819999999999999,-0.061999999999999944
PEP,PepsiCo,Numeric Transeprency,CQ32024,0.62,0.69,0.8834999999999998,-0.1934999999999999
PFE,Pfizer,Analyst Selectivity Ratio,CQ12022,50.0,55.0,44.7234,10.276600000000002
PFE,Pfizer,Analyst Selectivity Ratio,CQ22022,55.0,72.22,50.95170000000001,21.26829999999999
PFE,Pfizer,Analyst Selectivity Ratio,CQ32022,72.22,57.89,57.20139999999999,0.6886000000000081
PFE,Pfizer,Analyst Selectivity Ratio,CQ42022,57.89,65.0,57.71919999999998,7.280800000000021
PFE,Pfizer,Analyst Selectivity Ratio,CQ12023,65.0,65.0,54.3936,10.6064
PFE,Pfizer,Analyst Selectivity Ratio,CQ22023,65.0,63.64,63.00699999999998,0.633000000000024
PFE,Pfizer,Analyst Selectivity Ratio,CQ32023,63.64,61.11,62.693799999999975,-1.5837999999999752
PFE,Pfizer,Analyst Selectivity Ratio,CQ42023,61.11,68.42,63.46369999999998,4.95630000000002
PFE,Pfizer,Analyst Selectivity Ratio,CQ12024,68.42,68.42,62.35319999999998,6.066800000000022
PFE,Pfizer,Analyst Selectivity Ratio,CQ22024,68.42,65.0,58.59729999999997,6.402700000000031
PFE,Pfizer,Analyst Selectivity Ratio,CQ32024,65.0,56.25,63.6853,-7.435299999999998
PFE,Pfizer,Language Complexity,CQ12022,12.8,12.19,13.117500000000001,-0.927500000000002
PFE,Pfizer,Language Complexity,CQ22022,12.19,12.39,12.512699999999995,-0.1226999999999947
PFE,Pfizer,Language Complexity,CQ32022,12.39,12.66,12.625099999999998,0.03490000000000215
PFE,Pfizer,Language Complexity,CQ42022,12.66,12.61,12.5471,0.06289999999999907
PFE,Pfizer,Language Complexity,CQ12023,12.61,12.31,12.596700000000006,-0.28670000000000506
PFE,Pfizer,Language Complexity,CQ22023,12.31,12.55,12.498400000000004,0.05159999999999698
PFE,Pfizer,Language Complexity,CQ32023,12.55,11.58,12.425600000000005,-0.8456000000000046
PFE,Pfizer,Language Complexity,CQ42023,11.58,12.33,12.225700000000003,0.10429999999999673
PFE,Pfizer,Language Complexity,CQ12024,12.33,11.84,12.083600000000004,-0.24360000000000426
PFE,Pfizer,Language Complexity,CQ22024,11.84,12.82,12.051000000000002,0.7689999999999984
PFE,Pfizer,Language Complexity,CQ32024,12.82,12.46,12.397400000000005,0.06259999999999621
PFE,Pfizer,Net Positivity,CQ12022,0.89,1.05,0.7441999999999999,0.3058000000000002
PFE,Pfizer,Net Positivity,CQ22022,1.05,0.97,1.1332999999999993,-0.16329999999999933
PFE,Pfizer,Net Positivity,CQ32022,0.97,1.05,0.8808000000000004,0.16919999999999968
PFE,Pfizer,Net Positivity,CQ42022,1.05,1.02,1.0419,-0.02190000000000003
PFE,Pfizer,Net Positivity,CQ12023,1.02,1.04,0.6012000000000001,0.43879999999999997
PFE,Pfizer,Net Positivity,CQ22023,1.04,0.65,1.0208000000000004,-0.37080000000000035
PFE,Pfizer,Net Positivity,CQ32023,0.65,1.06,0.7701,0.28990000000000005
PFE,Pfizer,Net Positivity,CQ42023,1.06,1.17,0.8663999999999998,0.3036000000000001
PFE,Pfizer,Net Positivity,CQ12024,1.17,1.89,0.9240999999999994,0.9659000000000005
PFE,Pfizer,Net Positivity,CQ22024,1.89,1.74,1.5078999999999996,0.23210000000000042
PFE,Pfizer,Net Positivity,CQ32024,1.74,1.42,1.6178999999999997,-0.19789999999999974
PFE,Pfizer,Numeric Transeprency,CQ12022,2.76,2.34,2.3340000000000005,0.005999999999999339
PFE,Pfizer,Numeric Transeprency,CQ22022,2.34,1.98,2.6195999999999993,-0.6395999999999993
PFE,Pfizer,Numeric Transeprency,CQ32022,1.98,2.68,2.4997000000000007,0.18029999999999946
PFE,Pfizer,Numeric Transeprency,CQ42022,2.68,2.89,2.5715000000000003,0.3184999999999998
PFE,Pfizer,Numeric Transeprency,CQ12023,2.89,1.88,2.1633999999999993,-0.28339999999999943
PFE,Pfizer,Numeric Transeprency,CQ22023,1.88,1.7,2.0223999999999998,-0.3223999999999998
PFE,Pfizer,Numeric Transeprency,CQ32023,1.7,2.08,2.4703999999999984,-0.3903999999999983
PFE,Pfizer,Numeric Transeprency,CQ42023,2.08,2.03,2.2720999999999996,-0.24209999999999976
PFE,Pfizer,Numeric Transeprency,CQ12024,2.03,1.93,2.0930999999999993,-0.16309999999999936
PFE,Pfizer,Numeric Transeprency,CQ22024,1.93,1.89,1.9997,-0.10970000000000013
PFE,Pfizer,Numeric Transeprency,CQ32024,1.89,2.26,2.0058000000000002,0.25419999999999954
PG,Procter & Gamble,Analyst Selectivity Ratio,CQ12022,52.63,59.09,56.39650000000002,2.693499999999986
PG,Procter & Gamble,Analyst Selectivity Ratio,CQ22022,59.09,63.16,55.83879999999999,7.321200000000005
PG,Procter & Gamble,Analyst Selectivity Ratio,CQ32022,63.16,70.0,58.17290000000002,11.82709999999998
PG,Procter & Gamble,Analyst Selectivity Ratio,CQ42022,70.0,61.9,58.66570000000002,3.234299999999976
PG,Procter & Gamble,Analyst Selectivity Ratio,CQ12023,61.9,60.0,62.125400000000006,-2.125400000000006
PG,Procter & Gamble,Analyst Selectivity Ratio,CQ22023,60.0,55.0,60.507799999999996,-5.507799999999996
PG,Procter & Gamble,Analyst Selectivity Ratio,CQ32023,55.0,45.45,57.69660000000001,-12.246600000000008
PG,Procter & Gamble,Analyst Selectivity Ratio,CQ42023,45.45,47.62,54.44120000000001,-6.821200000000012
PG,Procter & Gamble,Analyst Selectivity Ratio,CQ12024,47.62,57.14,48.37179999999999,8.768200000000007
PG,Procter & Gamble,Analyst Selectivity Ratio,CQ22024,57.14,50.0,46.76870000000001,3.2312999999999903
PG,Procter & Gamble,Analyst Selectivity Ratio,CQ32024,50.0,52.38,47.43859999999999,4.941400000000016
PG,Procter & Gamble,Language Complexity,CQ12022,13.03,12.53,12.698400000000003,-0.16840000000000366
PG,Procter & Gamble,Language Complexity,CQ22022,12.53,13.01,12.623499999999996,0.3865000000000034
PG,Procter & Gamble,Language Complexity,CQ32022,13.01,12.73,13.094000000000003,-0.36400000000000254
PG,Procter & Gamble,Language Complexity,CQ42022,12.73,12.59,12.841200000000006,-0.2512000000000061
PG,Procter & Gamble,Language Complexity,CQ12023,12.59,12.41,12.7216,-0.3116000000000003
PG,Procter & Gamble,Language Complexity,CQ22023,12.41,12.58,12.543599999999996,0.036400000000003985
PG,Procter & Gamble,Language Complexity,CQ32023,12.58,11.8,12.615700000000004,-0.8157000000000032
PG,Procter & Gamble,Language Complexity,CQ42023,11.8,12.99,12.535000000000002,0.4549999999999983
PG,Procter & Gamble,Language Complexity,CQ12024,12.99,11.7,12.671899999999999,-0.9718999999999998
PG,Procter & Gamble,Language Complexity,CQ22024,11.7,12.38,11.9481,0.4319000000000006
PG,Procter & Gamble,Language Complexity,CQ32024,12.38,11.48,12.1616,-0.6815999999999995
PG,Procter & Gamble,Net Positivity,CQ12022,1.12,1.7,1.1610000000000003,0.5389999999999997
PG,Procter & Gamble,Net Positivity,CQ22022,1.7,1.24,1.4491,-0.20910000000000006
PG,Procter & Gamble,Net Positivity,CQ32022,1.24,0.75,1.2725999999999997,-0.5225999999999997
PG,Procter & Gamble,Net Positivity,CQ42022,0.75,0.95,1.1047999999999998,-0.15479999999999983
PG,Procter & Gamble,Net Positivity,CQ12023,0.95,1.52,1.2489000000000006,0.27109999999999945
PG,Procter & Gamble,Net Positivity,CQ22023,1.52,2.34,1.2814999999999992,1.0585000000000007
PG,Procter & Gamble,Net Positivity,CQ32023,2.34,2.0,1.5579999999999998,0.44200000000000017
PG,Procter & Gamble,Net Positivity,CQ42023,2.0,1.89,1.7765999999999997,0.11340000000000017
PG,Procter & Gamble,Net Positivity,CQ12024,1.89,1.82,2.0260000000000007,-0.20600000000000063
PG,Procter & Gamble,Net Positivity,CQ22024,1.82,1.7,2.0723999999999996,-0.3723999999999996
PG,Procter & Gamble,Net Positivity,CQ32024,1.7,1.72,1.8577000000000012,-0.13770000000000127
PG,Procter & Gamble,Numeric Transeprency,CQ12022,1.56,1.7,1.5862000000000007,0.11379999999999924
PG,Procter & Gamble,Numeric Transeprency,CQ22022,1.7,2.4,1.6701000000000008,0.7298999999999991
PG,Procter & Gamble,Numeric Transeprency,CQ32022,2.4,1.73,1.6258000000000004,0.10419999999999963
PG,Procter & Gamble,Numeric Transeprency,CQ42022,1.73,1.62,1.6896000000000004,-0.06960000000000033
PG,Procter & Gamble,Numeric Transeprency,CQ12023,1.62,1.59,1.9466000000000008,-0.3566000000000007
PG,Procter & Gamble,Numeric Transeprency,CQ22023,1.59,2.38,1.8196000000000006,0.5603999999999993
PG,Procter & Gamble,Numeric Transeprency,CQ32023,2.38,2.26,1.6926000000000008,0.567399999999999
PG,Procter & Gamble,Numeric Transeprency,CQ42023,2.26,1.82,2.0010999999999997,-0.1810999999999996
PG,Procter & Gamble,Numeric Transeprency,CQ12024,1.82,1.88,2.0526999999999997,-0.17269999999999985
PG,Procter & Gamble,Numeric Transeprency,CQ22024,1.88,2.33,2.1357000000000004,0.1942999999999997
PG,Procter & Gamble,Numeric Transeprency,CQ32024,2.33,2.4,2.2954999999999997,0.10450000000000026
PLD,Prologis,Analyst Selectivity Ratio,CQ12022,60.0,55.56,68.20329999999998,-12.643299999999982
PLD,Prologis,Analyst Selectivity Ratio,CQ22022,55.56,71.43,61.177600000000005,10.252400000000002
PLD,Prologis,Analyst Selectivity Ratio,CQ32022,71.43,57.14,63.49600000000001,-6.356000000000009
PLD,Prologis,Analyst Selectivity Ratio,CQ42022,57.14,66.67,56.36199999999998,10.308000000000021
PLD,Prologis,Analyst Selectivity Ratio,CQ12023,66.67,50.0,64.14809999999997,-14.148099999999971
PLD,Prologis,Analyst Selectivity Ratio,CQ22023,50.0,66.67,59.03780000000003,7.632199999999969
PLD,Prologis,Analyst Selectivity Ratio,CQ32023,66.67,60.0,62.1185,-2.1184999999999974
PLD,Prologis,Analyst Selectivity Ratio,CQ42023,60.0,33.33,57.95210000000001,-24.62210000000001
PLD,Prologis,Analyst Selectivity Ratio,CQ12024,33.33,50.0,47.82720000000002,2.172799999999981
PLD,Prologis,Analyst Selectivity Ratio,CQ22024,50.0,33.33,51.87380000000003,-18.543800000000033
PLD,Prologis,Analyst Selectivity Ratio,CQ32024,33.33,50.0,43.884799999999984,6.115200000000016
PLD,Prologis,Language Complexity,CQ12022,10.55,10.52,10.815600000000002,-0.2956000000000021
PLD,Prologis,Language Complexity,CQ22022,10.52,10.57,10.786,-0.2159999999999993
PLD,Prologis,Language Complexity,CQ32022,10.57,11.05,10.731599999999997,0.318400000000004
PLD,Prologis,Language Complexity,CQ42022,11.05,10.81,10.871299999999998,-0.06129999999999747
PLD,Prologis,Language Complexity,CQ12023,10.81,10.8,10.847399999999995,-0.047399999999994336
PLD,Prologis,Language Complexity,CQ22023,10.8,10.84,10.871499999999996,-0.031499999999995865
PLD,Prologis,Language Complexity,CQ32023,10.84,11.43,10.878100000000002,0.5518999999999981
PLD,Prologis,Language Complexity,CQ42023,11.43,11.17,11.288100000000004,-0.11810000000000365
PLD,Prologis,Language Complexity,CQ12024,11.17,11.03,11.300699999999999,-0.2706999999999997
PLD,Prologis,Language Complexity,CQ22024,11.03,11.47,11.341599999999998,0.12840000000000273
PLD,Prologis,Language Complexity,CQ32024,11.47,11.35,11.349400000000003,0.0005999999999968253
PLD,Prologis,Net Positivity,CQ12022,0.34,0.27,0.5581000000000002,-0.28810000000000013
PLD,Prologis,Net Positivity,CQ22022,0.27,0.47,0.04299999999999999,0.427
PLD,Prologis,Net Positivity,CQ32022,0.47,0.0,0.2779,-0.2779
PLD,Prologis,Net Positivity,CQ42022,0.0,0.15,0.3537000000000001,-0.20370000000000013
PLD,Prologis,Net Positivity,CQ12023,0.15,-0.22,0.5568000000000004,-0.7768000000000004
PLD,Prologis,Net Positivity,CQ22023,-0.22,0.03,0.09330000000000005,-0.06330000000000005
PLD,Prologis,Net Positivity,CQ32023,0.03,0.25,0.3600000000000001,-0.1100000000000001
PLD,Prologis,Net Positivity,CQ42023,0.25,0.9,0.5080999999999999,0.39190000000000014
PLD,Prologis,Net Positivity,CQ12024,0.9,0.23,0.7661,-0.5361
PLD,Prologis,Net Positivity,CQ22024,0.23,0.9,0.37110000000000004,0.5288999999999999
PLD,Prologis,Net Positivity,CQ32024,0.9,0.82,0.5799000000000001,0.24009999999999987
PLD,Prologis,Numeric Transeprency,CQ12022,3.18,2.52,2.416399999999999,0.10360000000000102
PLD,Prologis,Numeric Transeprency,CQ22022,2.52,2.65,2.4049000000000005,0.24509999999999943
PLD,Prologis,Numeric Transeprency,CQ32022,2.65,2.49,2.6567000000000007,-0.16670000000000051
PLD,Prologis,Numeric Transeprency,CQ42022,2.49,2.94,2.7712,0.16880000000000006
PLD,Prologis,Numeric Transeprency,CQ12023,2.94,2.33,2.522599999999998,-0.19259999999999788
PLD,Prologis,Numeric Transeprency,CQ22023,2.33,2.69,2.5196000000000005,0.17039999999999944
PLD,Prologis,Numeric Transeprency,CQ32023,2.69,2.17,2.6545,-0.48450000000000015
PLD,Prologis,Numeric Transeprency,CQ42023,2.17,2.84,2.462200000000001,0.3777999999999988
PLD,Prologis,Numeric Transeprency,CQ12024,2.84,2.55,2.5364000000000013,0.013599999999998502
PLD,Prologis,Numeric Transeprency,CQ22024,2.55,2.51,2.654200000000001,-0.144200000000001
PLD,Prologis,Numeric Transeprency,CQ32024,2.51,2.53,2.7103000000000015,-0.18030000000000168
PNC,PNC Financial Services,Analyst Selectivity Ratio,CQ12022,33.33,23.81,32.74029999999998,-8.930299999999985
PNC,PNC Financial Services,Analyst Selectivity Ratio,CQ22022,23.81,38.1,31.08390000000002,7.01609999999998
PNC,PNC Financial Services,Analyst Selectivity Ratio,CQ32022,38.1,27.27,35.0348,-7.7647999999999975
PNC,PNC Financial Services,Analyst Selectivity Ratio,CQ42022,27.27,30.43,32.7951,-2.365099999999998
PNC,PNC Financial Services,Analyst Selectivity Ratio,CQ12023,30.43,26.09,29.764599999999994,-3.6745999999999945
PNC,PNC Financial Services,Analyst Selectivity Ratio,CQ22023,26.09,31.82,28.8788,2.941200000000002
PNC,PNC Financial Services,Analyst Selectivity Ratio,CQ32023,31.82,23.81,29.413400000000006,-5.603400000000008
PNC,PNC Financial Services,Analyst Selectivity Ratio,CQ42023,23.81,41.67,29.210100000000008,12.459899999999994
PNC,PNC Financial Services,Analyst Selectivity Ratio,CQ12024,41.67,34.78,33.13019999999999,1.6498000000000133
PNC,PNC Financial Services,Analyst Selectivity Ratio,CQ22024,34.78,39.13,37.0748,2.0551999999999992
PNC,PNC Financial Services,Analyst Selectivity Ratio,CQ32024,39.13,35.0,36.906600000000005,-1.9066000000000045
PNC,PNC Financial Services,Language Complexity,CQ12022,11.25,11.34,11.445799999999997,-0.10579999999999679
PNC,PNC Financial Services,Language Complexity,CQ22022,11.34,10.03,11.210799999999997,-1.1807999999999979
PNC,PNC Financial Services,Language Complexity,CQ32022,10.03,10.43,10.823699999999995,-0.3936999999999955
PNC,PNC Financial Services,Language Complexity,CQ42022,10.43,10.28,10.87920000000001,-0.5992000000000104
PNC,PNC Financial Services,Language Complexity,CQ12023,10.28,11.9,10.787899999999997,1.1121000000000034
PNC,PNC Financial Services,Language Complexity,CQ22023,11.9,11.09,11.343000000000004,-0.25300000000000367
PNC,PNC Financial Services,Language Complexity,CQ32023,11.09,11.44,11.0227,0.4172999999999991
PNC,PNC Financial Services,Language Complexity,CQ42023,11.44,10.79,11.303700000000001,-0.5137000000000018
PNC,PNC Financial Services,Language Complexity,CQ12024,10.79,10.48,11.490899999999996,-1.010899999999996
PNC,PNC Financial Services,Language Complexity,CQ22024,10.48,10.45,10.707100000000002,-0.257100000000003
PNC,PNC Financial Services,Language Complexity,CQ32024,10.45,10.71,10.674700000000005,0.03529999999999589
PNC,PNC Financial Services,Net Positivity,CQ12022,0.41,0.15,0.4647999999999999,-0.31479999999999986
PNC,PNC Financial Services,Net Positivity,CQ22022,0.15,-0.09,0.2229000000000001,-0.31290000000000007
PNC,PNC Financial Services,Net Positivity,CQ32022,-0.09,0.0,-0.05310000000000002,0.05310000000000002
PNC,PNC Financial Services,Net Positivity,CQ42022,0.0,-0.44,0.2914999999999999,-0.7314999999999999
PNC,PNC Financial Services,Net Positivity,CQ12023,-0.44,0.06,-0.2099000000000001,0.2699000000000001
PNC,PNC Financial Services,Net Positivity,CQ22023,0.06,-0.17,0.3131000000000001,-0.4831000000000001
PNC,PNC Financial Services,Net Positivity,CQ32023,-0.17,-0.12,-0.16279999999999997,0.04279999999999998
PNC,PNC Financial Services,Net Positivity,CQ42023,-0.12,-0.23,0.14000000000000007,-0.3700000000000001
PNC,PNC Financial Services,Net Positivity,CQ12024,-0.23,0.0,-0.032700000000000014,0.032700000000000014
PNC,PNC Financial Services,Net Positivity,CQ22024,0.0,0.36,0.3192999999999999,0.04070000000000007
PNC,PNC Financial Services,Net Positivity,CQ32024,0.36,0.85,0.5119999999999999,0.3380000000000001
PNC,PNC Financial Services,Numeric Transeprency,CQ12022,3.64,3.65,2.7697999999999983,0.8802000000000016
PNC,PNC Financial Services,Numeric Transeprency,CQ22022,3.65,2.48,3.1624999999999988,-0.6824999999999988
PNC,PNC Financial Services,Numeric Transeprency,CQ32022,2.48,3.27,2.6903,0.5796999999999999
PNC,PNC Financial Services,Numeric Transeprency,CQ42022,3.27,3.44,3.4189000000000016,0.021099999999998342
PNC,PNC Financial Services,Numeric Transeprency,CQ12023,3.44,3.16,3.201000000000001,-0.041000000000000814
PNC,PNC Financial Services,Numeric Transeprency,CQ22023,3.16,3.73,2.932999999999999,0.797000000000001
PNC,PNC Financial Services,Numeric Transeprency,CQ32023,3.73,3.29,3.6384000000000016,-0.3484000000000016
PNC,PNC Financial Services,Numeric Transeprency,CQ42023,3.29,3.12,3.6628,-0.5427999999999997
PNC,PNC Financial Services,Numeric Transeprency,CQ12024,3.12,3.53,3.508899999999999,0.021100000000001007
PNC,PNC Financial Services,Numeric Transeprency,CQ22024,3.53,3.36,3.4907,-0.13070000000000004
PNC,PNC Financial Services,Numeric Transeprency,CQ32024,3.36,3.44,3.5705999999999993,-0.13059999999999938
PRU,Prudential Financial,Analyst Selectivity Ratio,CQ12022,57.14,40.0,55.3577,-15.357700000000001
PRU,Prudential Financial,Analyst Selectivity Ratio,CQ22022,40.0,53.33,52.917400000000015,0.4125999999999834
PRU,Prudential Financial,Analyst Selectivity Ratio,CQ32022,53.33,50.0,56.57289999999998,-6.572899999999983
PRU,Prudential Financial,Analyst Selectivity Ratio,CQ42022,50.0,60.0,53.46799999999999,6.532000000000011
PRU,Prudential Financial,Analyst Selectivity Ratio,CQ12023,60.0,46.67,49.254300000000015,-2.584300000000013
PRU,Prudential Financial,Analyst Selectivity Ratio,CQ22023,46.67,42.86,55.10799999999999,-12.24799999999999
PRU,Prudential Financial,Analyst Selectivity Ratio,CQ32023,42.86,53.85,52.0531,1.7969000000000008
PRU,Prudential Financial,Analyst Selectivity Ratio,CQ42023,53.85,72.73,57.81550000000003,14.914499999999975
PRU,Prudential Financial,Analyst Selectivity Ratio,CQ12024,72.73,50.0,56.32139999999998,-6.321399999999983
PRU,Prudential Financial,Analyst Selectivity Ratio,CQ22024,50.0,50.0,54.68580000000001,-4.6858000000000075
PRU,Prudential Financial,Analyst Selectivity Ratio,CQ32024,50.0,42.86,55.56669999999998,-12.706699999999984
PRU,Prudential Financial,Language Complexity,CQ12022,13.36,13.76,12.972099999999998,0.7879000000000023
PRU,Prudential Financial,Language Complexity,CQ22022,13.76,13.68,13.124799999999995,0.5552000000000046
PRU,Prudential Financial,Language Complexity,CQ32022,13.68,12.89,13.295600000000004,-0.4056000000000033
PRU,Prudential Financial,Language Complexity,CQ42022,12.89,13.6,13.155999999999995,0.4440000000000044
PRU,Prudential Financial,Language Complexity,CQ12023,13.6,14.08,13.072400000000005,1.0075999999999947
PRU,Prudential Financial,Language Complexity,CQ22023,14.08,14.07,13.663199999999994,0.4068000000000058
PRU,Prudential Financial,Language Complexity,CQ32023,14.07,13.59,13.5359,0.05410000000000004
PRU,Prudential Financial,Language Complexity,CQ42023,13.59,13.81,13.829199999999998,-0.019199999999997885
PRU,Prudential Financial,Language Complexity,CQ12024,13.81,14.19,13.884100000000004,0.30589999999999584
PRU,Prudential Financial,Language Complexity,CQ22024,14.19,13.73,14.0927,-0.36270000000000024
PRU,Prudential Financial,Language Complexity,CQ32024,13.73,14.48,13.742200000000002,0.7377999999999982
PRU,Prudential Financial,Net Positivity,CQ12022,1.3,1.3,1.2048,0.09519999999999995
PRU,Prudential Financial,Net Positivity,CQ22022,1.3,1.38,1.0626000000000002,0.3173999999999997
PRU,Prudential Financial,Net Positivity,CQ32022,1.38,1.49,1.4182999999999995,0.07170000000000054
PRU,Prudential Financial,Net Positivity,CQ42022,1.49,1.12,1.457200000000001,-0.33720000000000083
PRU,Prudential Financial,Net Positivity,CQ12023,1.12,0.92,1.1436,-0.2235999999999999
PRU,Prudential Financial,Net Positivity,CQ22023,0.92,2.21,1.1539999999999997,1.0560000000000003
PRU,Prudential Financial,Net Positivity,CQ32023,2.21,1.51,1.5118,-0.0018000000000000238
PRU,Prudential Financial,Net Positivity,CQ42023,1.51,1.79,1.5896999999999992,0.2003000000000008
PRU,Prudential Financial,Net Positivity,CQ12024,1.79,2.04,1.7633999999999994,0.2766000000000006
PRU,Prudential Financial,Net Positivity,CQ22024,2.04,1.97,2.0110999999999994,-0.04109999999999947
PRU,Prudential Financial,Net Positivity,CQ32024,1.97,1.89,1.9649000000000008,-0.07490000000000085
PRU,Prudential Financial,Numeric Transeprency,CQ12022,2.1,1.93,1.7475999999999985,0.18240000000000145
PRU,Prudential Financial,Numeric Transeprency,CQ22022,1.93,1.9,1.6391000000000002,0.2608999999999997
PRU,Prudential Financial,Numeric Transeprency,CQ32022,1.9,1.81,2.0183999999999993,-0.20839999999999925
PRU,Prudential Financial,Numeric Transeprency,CQ42022,1.81,2.02,2.1996999999999995,-0.17969999999999953
PRU,Prudential Financial,Numeric Transeprency,CQ12023,2.02,1.3,1.8123000000000002,-0.5123000000000002
PRU,Prudential Financial,Numeric Transeprency,CQ22023,1.3,1.56,1.6449000000000007,-0.08490000000000064
PRU,Prudential Financial,Numeric Transeprency,CQ32023,1.56,1.14,1.8164999999999996,-0.6764999999999997
PRU,Prudential Financial,Numeric Transeprency,CQ42023,1.14,2.1,1.5525999999999995,0.5474000000000006
PRU,Prudential Financial,Numeric Transeprency,CQ12024,2.1,1.62,1.4880999999999989,0.13190000000000124
PRU,Prudential Financial,Numeric Transeprency,CQ22024,1.62,1.7,1.5595999999999992,0.14040000000000075
PRU,Prudential Financial,Numeric Transeprency,CQ32024,1.7,1.57,1.7333,-0.1633
RF,Regions Financial,Analyst Selectivity Ratio,CQ12022,42.31,33.33,38.19899999999999,-4.868999999999993
RF,Regions Financial,Analyst Selectivity Ratio,CQ22022,33.33,33.33,37.06410000000002,-3.7341000000000193
RF,Regions Financial,Analyst Selectivity Ratio,CQ32022,33.33,33.33,32.2756,1.0544000000000011
RF,Regions Financial,Analyst Selectivity Ratio,CQ42022,33.33,34.62,32.42710000000001,2.1928999999999874
RF,Regions Financial,Analyst Selectivity Ratio,CQ12023,34.62,32.0,35.9793,-3.979300000000002
RF,Regions Financial,Analyst Selectivity Ratio,CQ22023,32.0,26.92,30.505900000000008,-3.585900000000006
RF,Regions Financial,Analyst Selectivity Ratio,CQ32023,26.92,25.0,31.1006,-6.1006
RF,Regions Financial,Analyst Selectivity Ratio,CQ42023,25.0,36.0,28.92069999999999,7.079300000000011
RF,Regions Financial,Analyst Selectivity Ratio,CQ12024,36.0,32.0,30.159800000000004,1.8401999999999958
RF,Regions Financial,Analyst Selectivity Ratio,CQ22024,32.0,32.0,31.50349999999999,0.4965000000000117
RF,Regions Financial,Analyst Selectivity Ratio,CQ32024,32.0,27.27,30.546300000000002,-3.2763000000000027
RF,Regions Financial,Language Complexity,CQ12022,11.77,11.29,12.110700000000001,-0.8207000000000022
RF,Regions Financial,Language Complexity,CQ22022,11.29,11.85,11.963799999999997,-0.11379999999999768
RF,Regions Financial,Language Complexity,CQ32022,11.85,11.85,11.672000000000002,0.17799999999999727
RF,Regions Financial,Language Complexity,CQ42022,11.85,11.98,11.8293,0.1507000000000005
RF,Regions Financial,Language Complexity,CQ12023,11.98,11.6,11.7101,-0.11010000000000097
RF,Regions Financial,Language Complexity,CQ22023,11.6,11.42,12.068700000000003,-0.6487000000000034
RF,Regions Financial,Language Complexity,CQ32023,11.42,11.49,11.9353,-0.4452999999999996
RF,Regions Financial,Language Complexity,CQ42023,11.49,11.7,11.820799999999997,-0.12079999999999735
RF,Regions Financial,Language Complexity,CQ12024,11.7,11.2,11.909800000000008,-0.7098000000000084
RF,Regions Financial,Language Complexity,CQ22024,11.2,11.12,11.488,-0.3680000000000003
RF,Regions Financial,Language Complexity,CQ32024,11.12,12.71,11.320000000000002,1.3899999999999988
RF,Regions Financial,Net Positivity,CQ12022,0.89,0.55,0.9086000000000004,-0.35860000000000036
RF,Regions Financial,Net Positivity,CQ22022,0.55,0.79,0.8832000000000002,-0.09320000000000017
RF,Regions Financial,Net Positivity,CQ32022,0.79,0.16,0.7352,-0.5751999999999999
RF,Regions Financial,Net Positivity,CQ42022,0.16,0.75,0.6740999999999999,0.07590000000000008
RF,Regions Financial,Net Positivity,CQ12023,0.75,0.19,0.7394000000000002,-0.5494000000000001
RF,Regions Financial,Net Positivity,CQ22023,0.19,0.41,0.6584999999999998,-0.24849999999999978
RF,Regions Financial,Net Positivity,CQ32023,0.41,-0.53,0.579,-1.109
RF,Regions Financial,Net Positivity,CQ42023,-0.53,-0.03,-0.08119999999999995,0.051199999999999954
RF,Regions Financial,Net Positivity,CQ12024,-0.03,-0.27,0.39360000000000006,-0.6636000000000001
RF,Regions Financial,Net Positivity,CQ22024,-0.27,0.87,0.1809,0.6891
RF,Regions Financial,Net Positivity,CQ32024,0.87,0.96,0.7018,0.2582
RF,Regions Financial,Numeric Transeprency,CQ12022,3.0,2.55,2.2851000000000004,0.26489999999999947
RF,Regions Financial,Numeric Transeprency,CQ22022,2.55,2.77,2.4981999999999998,0.27180000000000026
RF,Regions Financial,Numeric Transeprency,CQ32022,2.77,2.91,2.7200999999999995,0.18990000000000062
RF,Regions Financial,Numeric Transeprency,CQ42022,2.91,2.46,2.9482000000000004,-0.4882000000000004
RF,Regions Financial,Numeric Transeprency,CQ12023,2.46,2.51,2.522699999999999,-0.012699999999999267
RF,Regions Financial,Numeric Transeprency,CQ22023,2.51,2.69,2.6106999999999996,0.07930000000000037
RF,Regions Financial,Numeric Transeprency,CQ32023,2.69,2.79,2.5526,0.23740000000000006
RF,Regions Financial,Numeric Transeprency,CQ42023,2.79,2.45,2.6384,-0.18839999999999968
RF,Regions Financial,Numeric Transeprency,CQ12024,2.45,2.23,2.688199999999999,-0.45819999999999883
RF,Regions Financial,Numeric Transeprency,CQ22024,2.23,2.53,2.381700000000001,0.148299999999999
RF,Regions Financial,Numeric Transeprency,CQ32024,2.53,2.53,2.5007999999999995,0.029200000000000337
ROK,Rockwell Automation,Analyst Selectivity Ratio,CQ12022,29.17,32.0,32.520999999999994,-0.5209999999999937
ROK,Rockwell Automation,Analyst Selectivity Ratio,CQ22022,32.0,34.78,33.77940000000002,1.0005999999999844
ROK,Rockwell Automation,Analyst Selectivity Ratio,CQ32022,34.78,26.09,34.540299999999995,-8.450299999999995
ROK,Rockwell Automation,Analyst Selectivity Ratio,CQ42022,26.09,27.27,31.462999999999997,-4.192999999999998
ROK,Rockwell Automation,Analyst Selectivity Ratio,CQ12023,27.27,36.36,28.878199999999996,7.481800000000003
ROK,Rockwell Automation,Analyst Selectivity Ratio,CQ22023,36.36,31.82,33.204100000000004,-1.3841000000000037
ROK,Rockwell Automation,Analyst Selectivity Ratio,CQ32023,31.82,33.33,30.686699999999995,2.6433000000000035
ROK,Rockwell Automation,Analyst Selectivity Ratio,CQ42023,33.33,31.82,32.584700000000005,-0.7647000000000048
ROK,Rockwell Automation,Analyst Selectivity Ratio,CQ12024,31.82,38.1,31.476999999999997,6.623000000000005
ROK,Rockwell Automation,Analyst Selectivity Ratio,CQ22024,38.1,34.78,38.539500000000004,-3.7595000000000027
ROK,Rockwell Automation,Analyst Selectivity Ratio,CQ32024,34.78,26.09,32.75069999999998,-6.660699999999981
ROK,Rockwell Automation,Language Complexity,CQ12022,12.01,12.85,12.2778,0.5722000000000005
ROK,Rockwell Automation,Language Complexity,CQ22022,12.85,12.19,12.722999999999997,-0.5329999999999977
ROK,Rockwell Automation,Language Complexity,CQ32022,12.19,11.78,12.281200000000004,-0.5012000000000043
ROK,Rockwell Automation,Language Complexity,CQ42022,11.78,12.25,11.8901,0.35989999999999966
ROK,Rockwell Automation,Language Complexity,CQ12023,12.25,11.73,12.361,-0.6310000000000002
ROK,Rockwell Automation,Language Complexity,CQ22023,11.73,12.08,12.1224,-0.04240000000000066
ROK,Rockwell Automation,Language Complexity,CQ32023,12.08,12.07,12.160699999999999,-0.09069999999999823
ROK,Rockwell Automation,Language Complexity,CQ42023,12.07,11.75,12.04610000000001,-0.2961000000000098
ROK,Rockwell Automation,Language Complexity,CQ12024,11.75,12.16,11.858299999999996,0.30170000000000385
ROK,Rockwell Automation,Language Complexity,CQ22024,12.16,11.59,11.843600000000002,-0.25360000000000227
ROK,Rockwell Automation,Language Complexity,CQ32024,11.59,12.42,11.7743,0.6456999999999997
ROK,Rockwell Automation,Net Positivity,CQ12022,1.19,0.25,0.9457000000000001,-0.6957000000000001
ROK,Rockwell Automation,Net Positivity,CQ22022,0.25,1.17,0.6864999999999997,0.48350000000000026
ROK,Rockwell Automation,Net Positivity,CQ32022,1.17,0.75,1.15,-0.3999999999999999
ROK,Rockwell Automation,Net Positivity,CQ42022,0.75,1.42,1.0050000000000008,0.41499999999999915
ROK,Rockwell Automation,Net Positivity,CQ12023,1.42,1.52,1.4372000000000005,0.08279999999999954
ROK,Rockwell Automation,Net Positivity,CQ22023,1.52,0.82,1.4125,-0.5925000000000001
ROK,Rockwell Automation,Net Positivity,CQ32023,0.82,0.85,0.8545000000000001,-0.0045000000000001705
ROK,Rockwell Automation,Net Positivity,CQ42023,0.85,0.66,1.0025000000000004,-0.34250000000000036
ROK,Rockwell Automation,Net Positivity,CQ12024,0.66,1.02,0.7784999999999997,0.24150000000000027
ROK,Rockwell Automation,Net Positivity,CQ22024,1.02,0.7,0.9547,-0.25470000000000004
ROK,Rockwell Automation,Net Positivity,CQ32024,0.7,0.66,0.8855000000000004,-0.22550000000000037
ROK,Rockwell Automation,Numeric Transeprency,CQ12022,2.14,2.55,2.347299999999999,0.202700000000001
ROK,Rockwell Automation,Numeric Transeprency,CQ22022,2.55,2.2,3.149000000000001,-0.9490000000000007
ROK,Rockwell Automation,Numeric Transeprency,CQ32022,2.2,2.84,2.5943000000000005,0.24569999999999936
ROK,Rockwell Automation,Numeric Transeprency,CQ42022,2.84,2.06,2.576299999999999,-0.5162999999999989
ROK,Rockwell Automation,Numeric Transeprency,CQ12023,2.06,2.59,2.3588999999999998,0.23110000000000008
ROK,Rockwell Automation,Numeric Transeprency,CQ22023,2.59,2.79,2.4801000000000006,0.3098999999999994
ROK,Rockwell Automation,Numeric Transeprency,CQ32023,2.79,3.58,2.5614000000000003,1.0185999999999997
ROK,Rockwell Automation,Numeric Transeprency,CQ42023,3.58,2.43,2.5715999999999997,-0.1415999999999995
ROK,Rockwell Automation,Numeric Transeprency,CQ12024,2.43,2.34,2.515400000000001,-0.1754000000000011
ROK,Rockwell Automation,Numeric Transeprency,CQ22024,2.34,2.26,2.8423000000000007,-0.5823000000000009
ROK,Rockwell Automation,Numeric Transeprency,CQ32024,2.26,2.7,2.589200000000001,0.11079999999999934
ROP,Roper Technologies,Analyst Selectivity Ratio,CQ12022,50.0,33.33,54.60170000000002,-21.271700000000024
ROP,Roper Technologies,Analyst Selectivity Ratio,CQ22022,33.33,70.0,43.2283,26.771700000000003
ROP,Roper Technologies,Analyst Selectivity Ratio,CQ32022,70.0,0.0,50.586200000000005,-50.586200000000005
ROP,Roper Technologies,Analyst Selectivity Ratio,CQ42022,0.0,40.0,44.9059,-4.905900000000003
ROP,Roper Technologies,Analyst Selectivity Ratio,CQ12023,40.0,46.15,36.541000000000004,9.608999999999995
ROP,Roper Technologies,Analyst Selectivity Ratio,CQ22023,46.15,40.0,47.12469999999999,-7.12469999999999
ROP,Roper Technologies,Analyst Selectivity Ratio,CQ32023,40.0,70.59,36.4783,34.111700000000006
ROP,Roper Technologies,Analyst Selectivity Ratio,CQ42023,70.59,41.18,43.50950000000002,-2.3295000000000172
ROP,Roper Technologies,Analyst Selectivity Ratio,CQ12024,41.18,45.45,47.431700000000006,-1.9817000000000036
ROP,Roper Technologies,Analyst Selectivity Ratio,CQ22024,45.45,46.67,47.336399999999976,-0.6663999999999746
ROP,Roper Technologies,Analyst Selectivity Ratio,CQ32024,46.67,57.14,47.309299999999986,9.830700000000014
ROP,Roper Technologies,Language Complexity,CQ12022,11.38,11.34,11.493000000000002,-0.15300000000000225
ROP,Roper Technologies,Language Complexity,CQ22022,11.34,11.19,11.6943,-0.5043000000000006
ROP,Roper Technologies,Language Complexity,CQ32022,11.19,11.72,11.477500000000003,0.24249999999999794
ROP,Roper Technologies,Language Complexity,CQ42022,11.72,11.25,11.413000000000006,-0.16300000000000558
ROP,Roper Technologies,Language Complexity,CQ12023,11.25,11.26,11.4153,-0.15530000000000044
ROP,Roper Technologies,Language Complexity,CQ22023,11.26,11.04,11.542,-0.5020000000000007
ROP,Roper Technologies,Language Complexity,CQ32023,11.04,11.54,11.401800000000001,0.13819999999999766
ROP,Roper Technologies,Language Complexity,CQ42023,11.54,12.1,11.363700000000005,0.7362999999999946
ROP,Roper Technologies,Language Complexity,CQ12024,12.1,10.84,11.622599999999995,-0.7825999999999951
ROP,Roper Technologies,Language Complexity,CQ22024,10.84,11.48,11.362600000000004,0.1173999999999964
ROP,Roper Technologies,Language Complexity,CQ32024,11.48,11.53,11.385500000000002,0.1444999999999972
ROP,Roper Technologies,Net Positivity,CQ12022,1.53,2.13,1.3781999999999999,0.7518
ROP,Roper Technologies,Net Positivity,CQ22022,2.13,0.95,1.3661999999999994,-0.41619999999999946
ROP,Roper Technologies,Net Positivity,CQ32022,0.95,1.4,1.2597999999999996,0.14020000000000032
ROP,Roper Technologies,Net Positivity,CQ42022,1.4,1.48,1.4997,-0.01970000000000005
ROP,Roper Technologies,Net Positivity,CQ12023,1.48,1.39,1.651299999999999,-0.2612999999999992
ROP,Roper Technologies,Net Positivity,CQ22023,1.39,1.32,1.2448,0.07520000000000016
ROP,Roper Technologies,Net Positivity,CQ32023,1.32,1.75,1.2603999999999993,0.4896000000000007
ROP,Roper Technologies,Net Positivity,CQ42023,1.75,1.66,1.5069000000000004,0.15309999999999957
ROP,Roper Technologies,Net Positivity,CQ12024,1.66,1.54,1.556900000000001,-0.016900000000001025
ROP,Roper Technologies,Net Positivity,CQ22024,1.54,1.75,1.5356999999999998,0.21430000000000016
ROP,Roper Technologies,Net Positivity,CQ32024,1.75,1.65,1.8259999999999994,-0.1759999999999995
ROP,Roper Technologies,Numeric Transeprency,CQ12022,2.99,2.35,2.2801000000000005,0.06989999999999963
ROP,Roper Technologies,Numeric Transeprency,CQ22022,2.35,2.33,2.4947999999999997,-0.1647999999999996
ROP,Roper Technologies,Numeric Transeprency,CQ32022,2.33,2.43,2.7189000000000005,-0.2889000000000004
ROP,Roper Technologies,Numeric Transeprency,CQ42022,2.43,2.6,2.824999999999999,-0.22499999999999876
ROP,Roper Technologies,Numeric Transeprency,CQ12023,2.6,1.8,2.379300000000001,-0.579300000000001
ROP,Roper Technologies,Numeric Transeprency,CQ22023,1.8,1.98,2.1801,-0.20009999999999994
ROP,Roper Technologies,Numeric Transeprency,CQ32023,1.98,1.63,2.5435999999999996,-0.9135999999999997
ROP,Roper Technologies,Numeric Transeprency,CQ42023,1.63,2.98,2.0326000000000004,0.9473999999999996
ROP,Roper Technologies,Numeric Transeprency,CQ12024,2.98,1.82,2.121499999999999,-0.30149999999999877
ROP,Roper Technologies,Numeric Transeprency,CQ22024,1.82,1.79,1.8891999999999995,-0.09919999999999951
ROP,Roper Technologies,Numeric Transeprency,CQ32024,1.79,1.69,2.2021,-0.5121000000000002
ROST,Ross Stores,Analyst Selectivity Ratio,CQ12022,44.0,48.0,45.19209999999998,2.807900000000018
ROST,Ross Stores,Analyst Selectivity Ratio,CQ22022,48.0,56.52,48.639700000000005,7.880299999999998
ROST,Ross Stores,Analyst Selectivity Ratio,CQ32022,56.52,45.83,50.883300000000006,-5.053300000000007
ROST,Ross Stores,Analyst Selectivity Ratio,CQ42022,45.83,57.89,51.27270000000001,6.617299999999993
ROST,Ross Stores,Analyst Selectivity Ratio,CQ12023,57.89,57.89,46.55120000000001,11.338799999999992
ROST,Ross Stores,Analyst Selectivity Ratio,CQ22023,57.89,47.37,56.04660000000004,-8.676600000000043
ROST,Ross Stores,Analyst Selectivity Ratio,CQ32023,47.37,42.86,50.720200000000006,-7.860200000000006
ROST,Ross Stores,Analyst Selectivity Ratio,CQ42023,42.86,65.0,50.718700000000005,14.281299999999995
ROST,Ross Stores,Analyst Selectivity Ratio,CQ12024,65.0,45.0,54.019000000000005,-9.019000000000005
ROST,Ross Stores,Analyst Selectivity Ratio,CQ22024,45.0,57.14,47.4425,9.697499999999998
ROST,Ross Stores,Analyst Selectivity Ratio,CQ32024,57.14,57.14,55.7455,1.3945000000000007
ROST,Ross Stores,Language Complexity,CQ12022,12.86,10.51,11.710499999999998,-1.2004999999999981
ROST,Ross Stores,Language Complexity,CQ22022,10.51,10.91,10.863399999999997,0.046600000000003305
ROST,Ross Stores,Language Complexity,CQ32022,10.91,10.73,11.325600000000001,-0.595600000000001
ROST,Ross Stores,Language Complexity,CQ42022,10.73,11.69,11.093700000000002,0.5962999999999976
ROST,Ross Stores,Language Complexity,CQ12023,11.69,10.84,11.445899999999995,-0.6058999999999948
ROST,Ross Stores,Language Complexity,CQ22023,10.84,10.73,10.903599999999999,-0.17359999999999864
ROST,Ross Stores,Language Complexity,CQ32023,10.73,10.11,10.816999999999998,-0.706999999999999
ROST,Ross Stores,Language Complexity,CQ42023,10.11,10.86,10.7073,0.1526999999999994
ROST,Ross Stores,Language Complexity,CQ12024,10.86,10.7,10.8149,-0.11490000000000045
ROST,Ross Stores,Language Complexity,CQ22024,10.7,10.23,10.678600000000003,-0.44860000000000255
ROST,Ross Stores,Language Complexity,CQ32024,10.23,10.81,10.592900000000004,0.21709999999999674
ROST,Ross Stores,Net Positivity,CQ12022,1.14,0.36,0.6591999999999999,-0.2991999999999999
ROST,Ross Stores,Net Positivity,CQ22022,0.36,0.36,0.4992999999999998,-0.1392999999999998
ROST,Ross Stores,Net Positivity,CQ32022,0.36,1.23,0.7834,0.4466
ROST,Ross Stores,Net Positivity,CQ42022,1.23,1.0,1.1722999999999995,-0.17229999999999945
ROST,Ross Stores,Net Positivity,CQ12023,1.0,0.73,1.1127,-0.38270000000000004
ROST,Ross Stores,Net Positivity,CQ22023,0.73,1.96,0.8764000000000003,1.0835999999999997
ROST,Ross Stores,Net Positivity,CQ32023,1.96,1.31,1.3718999999999997,-0.06189999999999962
ROST,Ross Stores,Net Positivity,CQ42023,1.31,1.43,1.2431999999999999,0.18680000000000008
ROST,Ross Stores,Net Positivity,CQ12024,1.43,1.82,1.4418000000000004,0.37819999999999965
ROST,Ross Stores,Net Positivity,CQ22024,1.82,1.17,1.6560999999999992,-0.4860999999999993
ROST,Ross Stores,Net Positivity,CQ32024,1.17,1.16,1.3256999999999994,-0.16569999999999951
ROST,Ross Stores,Numeric Transeprency,CQ12022,3.24,1.76,2.0215999999999994,-0.2615999999999994
ROST,Ross Stores,Numeric Transeprency,CQ22022,1.76,2.01,2.2249999999999996,-0.21499999999999986
ROST,Ross Stores,Numeric Transeprency,CQ32022,2.01,2.09,2.459199999999999,-0.3691999999999993
ROST,Ross Stores,Numeric Transeprency,CQ42022,2.09,2.66,2.4134999999999995,0.2465000000000006
ROST,Ross Stores,Numeric Transeprency,CQ12023,2.66,1.88,1.7400999999999995,0.13990000000000036
ROST,Ross Stores,Numeric Transeprency,CQ22023,1.88,1.63,1.9361,-0.30610000000000004
ROST,Ross Stores,Numeric Transeprency,CQ32023,1.63,1.89,2.0759000000000003,-0.1859000000000004
ROST,Ross Stores,Numeric Transeprency,CQ42023,1.89,3.22,2.1372,1.0828000000000002
ROST,Ross Stores,Numeric Transeprency,CQ12024,3.22,1.84,2.1441999999999997,-0.3041999999999996
ROST,Ross Stores,Numeric Transeprency,CQ22024,1.84,1.93,2.2415000000000007,-0.3115000000000008
ROST,Ross Stores,Numeric Transeprency,CQ32024,1.93,1.87,2.396000000000001,-0.5260000000000007
RTX,RTX Corporation,Analyst Selectivity Ratio,CQ12022,61.11,60.0,59.74340000000001,0.2565999999999917
RTX,RTX Corporation,Analyst Selectivity Ratio,CQ22022,60.0,37.5,58.78550000000002,-21.28550000000002
RTX,RTX Corporation,Analyst Selectivity Ratio,CQ32022,37.5,50.0,52.91520000000002,-2.91520000000002
RTX,RTX Corporation,Analyst Selectivity Ratio,CQ42022,50.0,47.06,48.40650000000001,-1.346500000000006
RTX,RTX Corporation,Analyst Selectivity Ratio,CQ12023,47.06,45.0,48.7481,-3.748100000000001
RTX,RTX Corporation,Analyst Selectivity Ratio,CQ22023,45.0,52.63,50.04120000000001,2.588799999999992
RTX,RTX Corporation,Analyst Selectivity Ratio,CQ32023,52.63,40.0,48.9033,-8.903300000000002
RTX,RTX Corporation,Analyst Selectivity Ratio,CQ42023,40.0,35.0,43.1985,-8.198500000000003
RTX,RTX Corporation,Analyst Selectivity Ratio,CQ12024,35.0,47.37,43.1232,4.2468
RTX,RTX Corporation,Analyst Selectivity Ratio,CQ22024,47.37,50.0,44.81749999999999,5.182500000000012
RTX,RTX Corporation,Analyst Selectivity Ratio,CQ32024,50.0,40.0,45.70059999999999,-5.700599999999987
RTX,RTX Corporation,Language Complexity,CQ12022,11.76,11.25,11.724299999999998,-0.4742999999999977
RTX,RTX Corporation,Language Complexity,CQ22022,11.25,11.78,11.368199999999996,0.41180000000000305
RTX,RTX Corporation,Language Complexity,CQ32022,11.78,11.08,11.616899999999996,-0.5368999999999957
RTX,RTX Corporation,Language Complexity,CQ42022,11.08,12.21,11.673499999999997,0.5365000000000038
RTX,RTX Corporation,Language Complexity,CQ12023,12.21,11.31,11.865499999999995,-0.555499999999995
RTX,RTX Corporation,Language Complexity,CQ22023,11.31,11.27,11.657800000000002,-0.38780000000000214
RTX,RTX Corporation,Language Complexity,CQ32023,11.27,12.18,12.081199999999997,0.09880000000000244
RTX,RTX Corporation,Language Complexity,CQ42023,12.18,13.2,11.809099999999994,1.3909000000000056
RTX,RTX Corporation,Language Complexity,CQ12024,13.2,11.35,12.388599999999999,-1.0385999999999989
RTX,RTX Corporation,Language Complexity,CQ22024,11.35,12.01,11.914499999999999,0.09550000000000125
RTX,RTX Corporation,Language Complexity,CQ32024,12.01,11.59,11.756400000000003,-0.166400000000003
RTX,RTX Corporation,Net Positivity,CQ12022,0.75,0.29,0.8856000000000002,-0.5956000000000001
RTX,RTX Corporation,Net Positivity,CQ22022,0.29,0.01,0.5613000000000001,-0.5513000000000001
RTX,RTX Corporation,Net Positivity,CQ32022,0.01,0.61,0.28700000000000025,0.32299999999999973
RTX,RTX Corporation,Net Positivity,CQ42022,0.61,1.18,0.6309000000000001,0.5490999999999998
RTX,RTX Corporation,Net Positivity,CQ12023,1.18,1.29,0.9306000000000002,0.35939999999999983
RTX,RTX Corporation,Net Positivity,CQ22023,1.29,0.42,1.169299999999999,-0.749299999999999
RTX,RTX Corporation,Net Positivity,CQ32023,0.42,0.6,0.5886000000000001,0.011399999999999855
RTX,RTX Corporation,Net Positivity,CQ42023,0.6,0.97,0.9383000000000006,0.031699999999999395
RTX,RTX Corporation,Net Positivity,CQ12024,0.97,1.65,0.9629999999999999,0.687
RTX,RTX Corporation,Net Positivity,CQ22024,1.65,1.05,1.3799,-0.32989999999999986
RTX,RTX Corporation,Net Positivity,CQ32024,1.05,1.01,1.1092000000000002,-0.09920000000000018
RTX,RTX Corporation,Numeric Transeprency,CQ12022,3.32,2.88,3.1038999999999994,-0.22389999999999954
RTX,RTX Corporation,Numeric Transeprency,CQ22022,2.88,2.44,2.8931,-0.45310000000000006
RTX,RTX Corporation,Numeric Transeprency,CQ32022,2.44,2.98,3.2184999999999984,-0.23849999999999838
RTX,RTX Corporation,Numeric Transeprency,CQ42022,2.98,3.22,3.0537,0.16630000000000011
RTX,RTX Corporation,Numeric Transeprency,CQ12023,3.22,2.37,2.7182,-0.34819999999999984
RTX,RTX Corporation,Numeric Transeprency,CQ22023,2.37,2.63,2.473300000000002,0.15669999999999806
RTX,RTX Corporation,Numeric Transeprency,CQ32023,2.63,2.92,3.1517999999999984,-0.23179999999999845
RTX,RTX Corporation,Numeric Transeprency,CQ42023,2.92,3.75,3.0806000000000004,0.6693999999999996
RTX,RTX Corporation,Numeric Transeprency,CQ12024,3.75,2.38,2.9204999999999997,-0.5404999999999998
RTX,RTX Corporation,Numeric Transeprency,CQ22024,2.38,2.25,2.617999999999999,-0.367999999999999
RTX,RTX Corporation,Numeric Transeprency,CQ32024,2.25,2.51,2.8541999999999996,-0.34419999999999984
SLB,Schlumberger,Analyst Selectivity Ratio,CQ12022,31.03,17.39,30.135400000000008,-12.745400000000007
SLB,Schlumberger,Analyst Selectivity Ratio,CQ22022,17.39,41.67,28.856299999999987,12.813700000000015
SLB,Schlumberger,Analyst Selectivity Ratio,CQ32022,41.67,28.0,32.915199999999984,-4.9151999999999845
SLB,Schlumberger,Analyst Selectivity Ratio,CQ42022,28.0,28.0,31.641799999999993,-3.641799999999993
SLB,Schlumberger,Analyst Selectivity Ratio,CQ12023,28.0,26.92,29.607599999999987,-2.6875999999999856
SLB,Schlumberger,Analyst Selectivity Ratio,CQ22023,26.92,30.77,32.40470000000001,-1.634700000000013
SLB,Schlumberger,Analyst Selectivity Ratio,CQ32023,30.77,29.63,31.564600000000006,-1.9346000000000068
SLB,Schlumberger,Analyst Selectivity Ratio,CQ42023,29.63,29.63,29.5562,0.07379999999999853
SLB,Schlumberger,Analyst Selectivity Ratio,CQ12024,29.63,28.0,29.943999999999996,-1.9439999999999955
SLB,Schlumberger,Analyst Selectivity Ratio,CQ22024,28.0,38.46,30.37250000000001,8.087499999999991
SLB,Schlumberger,Analyst Selectivity Ratio,CQ32024,38.46,34.78,34.41759999999999,0.36240000000000805
SLB,Schlumberger,Language Complexity,CQ12022,13.81,15.49,14.397100000000007,1.092899999999993
SLB,Schlumberger,Language Complexity,CQ22022,15.49,13.69,14.21369999999999,-0.523699999999991
SLB,Schlumberger,Language Complexity,CQ32022,13.69,15.0,14.346700000000014,0.6532999999999856
SLB,Schlumberger,Language Complexity,CQ42022,15.0,13.5,14.246300000000002,-0.7463000000000015
SLB,Schlumberger,Language Complexity,CQ12023,13.5,13.97,14.403700000000015,-0.4337000000000142
SLB,Schlumberger,Language Complexity,CQ22023,13.97,15.24,13.5041,1.7359000000000009
SLB,Schlumberger,Language Complexity,CQ32023,15.24,14.32,14.184599999999994,0.13540000000000596
SLB,Schlumberger,Language Complexity,CQ42023,14.32,14.33,14.863199999999988,-0.5331999999999883
SLB,Schlumberger,Language Complexity,CQ12024,14.33,15.09,14.088299999999998,1.0017000000000014
SLB,Schlumberger,Language Complexity,CQ22024,15.09,13.89,14.413399999999992,-0.5233999999999916
SLB,Schlumberger,Language Complexity,CQ32024,13.89,14.14,14.347400000000007,-0.2074000000000069
SLB,Schlumberger,Net Positivity,CQ12022,1.62,1.18,1.8400000000000007,-0.6600000000000008
SLB,Schlumberger,Net Positivity,CQ22022,1.18,1.46,1.8755999999999977,-0.41559999999999775
SLB,Schlumberger,Net Positivity,CQ32022,1.46,1.59,1.6855000000000002,-0.09550000000000014
SLB,Schlumberger,Net Positivity,CQ42022,1.59,1.54,1.4668,0.07319999999999993
SLB,Schlumberger,Net Positivity,CQ12023,1.54,1.11,1.4152000000000007,-0.3052000000000006
SLB,Schlumberger,Net Positivity,CQ22023,1.11,1.51,1.3602999999999996,0.1497000000000004
SLB,Schlumberger,Net Positivity,CQ32023,1.51,1.93,1.1837000000000009,0.7462999999999991
SLB,Schlumberger,Net Positivity,CQ42023,1.93,2.04,1.6122999999999994,0.42770000000000064
SLB,Schlumberger,Net Positivity,CQ12024,2.04,1.2,1.7240000000000009,-0.5240000000000009
SLB,Schlumberger,Net Positivity,CQ22024,1.2,1.68,1.6073999999999993,0.07260000000000066
SLB,Schlumberger,Net Positivity,CQ32024,1.68,1.15,1.7016999999999998,-0.5516999999999999
SLB,Schlumberger,Numeric Transeprency,CQ12022,2.16,1.14,1.8104999999999998,-0.6704999999999999
SLB,Schlumberger,Numeric Transeprency,CQ22022,1.14,1.41,1.4443999999999997,-0.034399999999999764
SLB,Schlumberger,Numeric Transeprency,CQ32022,1.41,1.53,1.6162999999999998,-0.08629999999999982
SLB,Schlumberger,Numeric Transeprency,CQ42022,1.53,2.5,1.7383000000000006,0.7616999999999994
SLB,Schlumberger,Numeric Transeprency,CQ12023,2.5,1.52,1.5821999999999996,-0.06219999999999959
SLB,Schlumberger,Numeric Transeprency,CQ22023,1.52,2.05,1.7264999999999995,0.32350000000000034
SLB,Schlumberger,Numeric Transeprency,CQ32023,2.05,1.7,1.8993000000000007,-0.1993000000000007
SLB,Schlumberger,Numeric Transeprency,CQ42023,1.7,2.47,1.9420999999999997,0.5279000000000005
SLB,Schlumberger,Numeric Transeprency,CQ12024,2.47,1.59,1.827299999999999,-0.23729999999999896
SLB,Schlumberger,Numeric Transeprency,CQ22024,1.59,1.57,1.8740999999999997,-0.3040999999999996
SLB,Schlumberger,Numeric Transeprency,CQ32024,1.57,1.72,1.8357999999999992,-0.11579999999999924
SNA,Snap-on,Analyst Selectivity Ratio,CQ12022,55.56,62.5,58.04309999999999,4.456900000000012
SNA,Snap-on,Analyst Selectivity Ratio,CQ22022,62.5,57.14,59.033699999999996,-1.8936999999999955
SNA,Snap-on,Analyst Selectivity Ratio,CQ32022,57.14,57.14,61.075199999999995,-3.9351999999999947
SNA,Snap-on,Analyst Selectivity Ratio,CQ42022,57.14,42.86,60.887699999999995,-18.027699999999996
SNA,Snap-on,Analyst Selectivity Ratio,CQ12023,42.86,57.14,53.88119999999999,3.258800000000008
SNA,Snap-on,Analyst Selectivity Ratio,CQ22023,57.14,55.56,55.29830000000002,0.2616999999999834
SNA,Snap-on,Analyst Selectivity Ratio,CQ32023,55.56,62.5,57.36169999999999,5.138300000000008
SNA,Snap-on,Analyst Selectivity Ratio,CQ42023,62.5,37.5,56.301599999999986,-18.801599999999986
SNA,Snap-on,Analyst Selectivity Ratio,CQ12024,37.5,66.67,48.41669999999999,18.25330000000001
SNA,Snap-on,Analyst Selectivity Ratio,CQ22024,66.67,75.0,56.8721,18.127899999999997
SNA,Snap-on,Analyst Selectivity Ratio,CQ32024,75.0,50.0,58.997300000000024,-8.997300000000024
SNA,Snap-on,Language Complexity,CQ12022,12.25,11.76,11.968499999999997,-0.20849999999999724
SNA,Snap-on,Language Complexity,CQ22022,11.76,11.63,11.771400000000002,-0.14140000000000086
SNA,Snap-on,Language Complexity,CQ32022,11.63,11.74,11.907499999999997,-0.16749999999999687
SNA,Snap-on,Language Complexity,CQ42022,11.74,12.0,11.845799999999997,0.154200000000003
SNA,Snap-on,Language Complexity,CQ12023,12.0,11.35,11.945599999999999,-0.5955999999999992
SNA,Snap-on,Language Complexity,CQ22023,11.35,11.99,11.706100000000006,0.2838999999999938
SNA,Snap-on,Language Complexity,CQ32023,11.99,11.73,11.728599999999998,0.0014000000000020663
SNA,Snap-on,Language Complexity,CQ42023,11.73,11.84,12.016599999999993,-0.17659999999999343
SNA,Snap-on,Language Complexity,CQ12024,11.84,11.67,11.857000000000001,-0.18700000000000117
SNA,Snap-on,Language Complexity,CQ22024,11.67,11.82,11.850800000000003,-0.030800000000002825
SNA,Snap-on,Language Complexity,CQ32024,11.82,11.83,12.0714,-0.2414000000000005
SNA,Snap-on,Net Positivity,CQ12022,1.2,0.86,1.2521000000000002,-0.3921000000000002
SNA,Snap-on,Net Positivity,CQ22022,0.86,1.29,0.9925000000000006,0.29749999999999943
SNA,Snap-on,Net Positivity,CQ32022,1.29,0.95,1.0965000000000005,-0.14650000000000052
SNA,Snap-on,Net Positivity,CQ42022,0.95,0.9,1.0395000000000005,-0.1395000000000005
SNA,Snap-on,Net Positivity,CQ12023,0.9,0.6,0.9753999999999998,-0.37539999999999984
SNA,Snap-on,Net Positivity,CQ22023,0.6,0.76,0.9782000000000004,-0.2182000000000004
SNA,Snap-on,Net Positivity,CQ32023,0.76,1.17,0.7579000000000004,0.4120999999999996
SNA,Snap-on,Net Positivity,CQ42023,1.17,0.74,0.9926000000000008,-0.2526000000000008
SNA,Snap-on,Net Positivity,CQ12024,0.74,0.47,0.9292000000000001,-0.45920000000000016
SNA,Snap-on,Net Positivity,CQ22024,0.47,0.37,0.6293,-0.2593
SNA,Snap-on,Net Positivity,CQ32024,0.37,1.03,0.7036,0.3264
SNA,Snap-on,Numeric Transeprency,CQ12022,4.07,3.64,3.6866,-0.04659999999999975
SNA,Snap-on,Numeric Transeprency,CQ22022,3.64,3.25,3.766099999999999,-0.5160999999999989
SNA,Snap-on,Numeric Transeprency,CQ32022,3.25,4.34,3.8090999999999995,0.5309000000000004
SNA,Snap-on,Numeric Transeprency,CQ42022,4.34,3.67,3.9257999999999997,-0.2557999999999998
SNA,Snap-on,Numeric Transeprency,CQ12023,3.67,3.03,3.4514999999999993,-0.42149999999999954
SNA,Snap-on,Numeric Transeprency,CQ22023,3.03,3.3,3.1728000000000014,0.12719999999999843
SNA,Snap-on,Numeric Transeprency,CQ32023,3.3,3.16,3.617199999999999,-0.45719999999999894
SNA,Snap-on,Numeric Transeprency,CQ42023,3.16,3.48,3.5632999999999995,-0.08329999999999949
SNA,Snap-on,Numeric Transeprency,CQ12024,3.48,2.79,3.3785,-0.5884999999999998
SNA,Snap-on,Numeric Transeprency,CQ22024,2.79,2.4,2.7189999999999994,-0.3189999999999995
SNA,Snap-on,Numeric Transeprency,CQ32024,2.4,2.91,3.2892999999999994,-0.3792999999999993
SO,Southern Company,Analyst Selectivity Ratio,CQ12022,35.29,38.89,32.894200000000005,5.995799999999996
SO,Southern Company,Analyst Selectivity Ratio,CQ22022,38.89,38.89,33.72030000000001,5.169699999999992
SO,Southern Company,Analyst Selectivity Ratio,CQ32022,38.89,64.71,35.30780000000002,29.402199999999972
SO,Southern Company,Analyst Selectivity Ratio,CQ42022,64.71,43.75,45.7466,-1.9966000000000008
SO,Southern Company,Analyst Selectivity Ratio,CQ12023,43.75,53.33,50.428200000000004,2.9017999999999944
SO,Southern Company,Analyst Selectivity Ratio,CQ22023,53.33,43.75,47.51110000000001,-3.761100000000013
SO,Southern Company,Analyst Selectivity Ratio,CQ32023,43.75,44.44,47.206799999999994,-2.7667999999999964
SO,Southern Company,Analyst Selectivity Ratio,CQ42023,44.44,60.0,46.1742,13.825800000000001
SO,Southern Company,Analyst Selectivity Ratio,CQ12024,60.0,47.37,50.905100000000004,-3.535100000000007
SO,Southern Company,Analyst Selectivity Ratio,CQ22024,47.37,44.44,48.720199999999984,-4.2801999999999865
SO,Southern Company,Analyst Selectivity Ratio,CQ32024,44.44,41.18,50.768199999999986,-9.588199999999986
SO,Southern Company,Language Complexity,CQ12022,11.8,11.07,11.594900000000003,-0.5249000000000024
SO,Southern Company,Language Complexity,CQ22022,11.07,11.32,11.594499999999993,-0.27449999999999264
SO,Southern Company,Language Complexity,CQ32022,11.32,10.9,11.461500000000001,-0.5615000000000006
SO,Southern Company,Language Complexity,CQ42022,10.9,11.78,11.372999999999998,0.4070000000000018
SO,Southern Company,Language Complexity,CQ12023,11.78,11.77,11.636700000000001,0.13329999999999842
SO,Southern Company,Language Complexity,CQ22023,11.77,11.79,11.974599999999992,-0.18459999999999255
SO,Southern Company,Language Complexity,CQ32023,11.79,11.86,11.886400000000002,-0.02640000000000242
SO,Southern Company,Language Complexity,CQ42023,11.86,11.8,11.854599999999998,-0.054599999999997095
SO,Southern Company,Language Complexity,CQ12024,11.8,13.16,11.824000000000002,1.3359999999999985
SO,Southern Company,Language Complexity,CQ22024,13.16,12.47,12.275100000000002,0.19489999999999874
SO,Southern Company,Language Complexity,CQ32024,12.47,12.2,12.390899999999995,-0.19089999999999563
SO,Southern Company,Net Positivity,CQ12022,0.34,0.62,0.5836000000000001,0.03639999999999988
SO,Southern Company,Net Positivity,CQ22022,0.62,0.62,0.6435,-0.023499999999999965
SO,Southern Company,Net Positivity,CQ32022,0.62,0.57,0.6237999999999999,-0.05379999999999996
SO,Southern Company,Net Positivity,CQ42022,0.57,0.29,0.5459,-0.25590000000000007
SO,Southern Company,Net Positivity,CQ12023,0.29,1.68,0.46320000000000006,1.2167999999999999
SO,Southern Company,Net Positivity,CQ22023,1.68,1.11,1.1529999999999998,-0.042999999999999705
SO,Southern Company,Net Positivity,CQ32023,1.11,0.75,1.1349000000000005,-0.38490000000000046
SO,Southern Company,Net Positivity,CQ42023,0.75,1.12,0.9097000000000005,0.2102999999999996
SO,Southern Company,Net Positivity,CQ12024,1.12,0.8,1.1994999999999998,-0.39949999999999974
SO,Southern Company,Net Positivity,CQ22024,0.8,1.38,1.0002,0.3797999999999999
SO,Southern Company,Net Positivity,CQ32024,1.38,0.63,1.2623,-0.6323
SO,Southern Company,Numeric Transeprency,CQ12022,2.85,1.67,2.5333000000000006,-0.8633000000000006
SO,Southern Company,Numeric Transeprency,CQ22022,1.67,1.78,2.2322,-0.45220000000000016
SO,Southern Company,Numeric Transeprency,CQ32022,1.78,2.21,2.3022,-0.09220000000000006
SO,Southern Company,Numeric Transeprency,CQ42022,2.21,3.1,2.2949999999999995,0.8050000000000006
SO,Southern Company,Numeric Transeprency,CQ12023,3.1,2.09,2.2710000000000004,-0.1810000000000005
SO,Southern Company,Numeric Transeprency,CQ22023,2.09,1.89,2.0931999999999986,-0.20319999999999871
SO,Southern Company,Numeric Transeprency,CQ32023,1.89,2.18,2.485599999999999,-0.30559999999999876
SO,Southern Company,Numeric Transeprency,CQ42023,2.18,2.28,2.434299999999999,-0.15429999999999922
SO,Southern Company,Numeric Transeprency,CQ12024,2.28,1.5,2.2178999999999998,-0.7178999999999998
SO,Southern Company,Numeric Transeprency,CQ22024,1.5,2.02,1.8098999999999998,0.21010000000000018
SO,Southern Company,Numeric Transeprency,CQ32024,2.02,1.22,2.188599999999999,-0.9685999999999992
SPGI,S&P Global,Analyst Selectivity Ratio,CQ12022,56.25,77.78,52.90319999999999,24.87680000000001
SPGI,S&P Global,Analyst Selectivity Ratio,CQ22022,77.78,68.42,61.16310000000001,7.256899999999995
SPGI,S&P Global,Analyst Selectivity Ratio,CQ32022,68.42,68.42,55.68290000000001,12.737099999999991
SPGI,S&P Global,Analyst Selectivity Ratio,CQ42022,68.42,53.85,55.946900000000014,-2.096900000000012
SPGI,S&P Global,Analyst Selectivity Ratio,CQ12023,53.85,61.11,59.412400000000005,1.6975999999999942
SPGI,S&P Global,Analyst Selectivity Ratio,CQ22023,61.11,59.09,57.1442,1.9458000000000055
SPGI,S&P Global,Analyst Selectivity Ratio,CQ32023,59.09,68.18,57.656900000000014,10.523099999999992
SPGI,S&P Global,Analyst Selectivity Ratio,CQ42023,68.18,45.0,57.507000000000026,-12.507000000000026
SPGI,S&P Global,Analyst Selectivity Ratio,CQ12024,45.0,71.43,50.775899999999986,20.65410000000002
SPGI,S&P Global,Analyst Selectivity Ratio,CQ22024,71.43,57.89,58.47749999999999,-0.5874999999999915
SPGI,S&P Global,Analyst Selectivity Ratio,CQ32024,57.89,52.63,56.38350000000001,-3.7535000000000096
SPGI,S&P Global,Language Complexity,CQ12022,12.6,12.85,12.567600000000002,0.2823999999999973
SPGI,S&P Global,Language Complexity,CQ22022,12.85,13.38,12.701600000000001,0.6783999999999999
SPGI,S&P Global,Language Complexity,CQ32022,13.38,13.16,12.788000000000006,0.37199999999999456
SPGI,S&P Global,Language Complexity,CQ42022,13.16,13.25,13.081299999999993,0.1687000000000065
SPGI,S&P Global,Language Complexity,CQ12023,13.25,13.1,13.254800000000005,-0.15480000000000516
SPGI,S&P Global,Language Complexity,CQ22023,13.1,12.91,13.400899999999993,-0.4908999999999928
SPGI,S&P Global,Language Complexity,CQ32023,12.91,13.3,13.080000000000002,0.21999999999999886
SPGI,S&P Global,Language Complexity,CQ42023,13.3,13.4,13.007799999999996,0.3922000000000043
SPGI,S&P Global,Language Complexity,CQ12024,13.4,13.15,13.256800000000005,-0.10680000000000511
SPGI,S&P Global,Language Complexity,CQ22024,13.15,12.87,13.259099999999998,-0.3890999999999991
SPGI,S&P Global,Language Complexity,CQ32024,12.87,13.75,13.138200000000001,0.6117999999999988
SPGI,S&P Global,Net Positivity,CQ12022,1.12,1.13,0.9384000000000005,0.19159999999999944
SPGI,S&P Global,Net Positivity,CQ22022,1.13,0.85,0.7756000000000002,0.0743999999999998
SPGI,S&P Global,Net Positivity,CQ32022,0.85,0.84,0.9087,-0.06869999999999998
SPGI,S&P Global,Net Positivity,CQ42022,0.84,0.99,1.0057999999999994,-0.01579999999999937
SPGI,S&P Global,Net Positivity,CQ12023,0.99,1.17,1.0385000000000002,0.13149999999999973
SPGI,S&P Global,Net Positivity,CQ22023,1.17,1.21,0.9969000000000005,0.2130999999999995
SPGI,S&P Global,Net Positivity,CQ32023,1.21,1.78,1.0795,0.7005000000000001
SPGI,S&P Global,Net Positivity,CQ42023,1.78,1.7,1.3577000000000001,0.3422999999999998
SPGI,S&P Global,Net Positivity,CQ12024,1.7,1.8,1.5029000000000001,0.2970999999999999
SPGI,S&P Global,Net Positivity,CQ22024,1.8,1.62,1.6630999999999994,-0.04309999999999925
SPGI,S&P Global,Net Positivity,CQ32024,1.62,2.22,1.7143000000000004,0.5056999999999998
SPGI,S&P Global,Numeric Transeprency,CQ12022,3.16,2.48,2.6896999999999998,-0.20969999999999978
SPGI,S&P Global,Numeric Transeprency,CQ22022,2.48,2.49,2.759199999999999,-0.2691999999999988
SPGI,S&P Global,Numeric Transeprency,CQ32022,2.49,2.01,2.7648000000000006,-0.7548000000000008
SPGI,S&P Global,Numeric Transeprency,CQ42022,2.01,3.23,2.716500000000001,0.5134999999999992
SPGI,S&P Global,Numeric Transeprency,CQ12023,3.23,1.61,2.5668999999999986,-0.9568999999999985
SPGI,S&P Global,Numeric Transeprency,CQ22023,1.61,1.74,2.0863,-0.34630000000000005
SPGI,S&P Global,Numeric Transeprency,CQ32023,1.74,1.79,2.2833000000000006,-0.4933000000000005
SPGI,S&P Global,Numeric Transeprency,CQ42023,1.79,2.9,2.4050999999999996,0.49490000000000034
SPGI,S&P Global,Numeric Transeprency,CQ12024,2.9,2.15,2.0284999999999984,0.1215000000000015
SPGI,S&P Global,Numeric Transeprency,CQ22024,2.15,2.14,1.9897999999999987,0.15020000000000144
SPGI,S&P Global,Numeric Transeprency,CQ32024,2.14,2.13,2.555499999999999,-0.4254999999999991
STT,State Street,Analyst Selectivity Ratio,CQ12022,37.5,52.94,50.12660000000001,2.8133999999999872
STT,State Street,Analyst Selectivity Ratio,CQ22022,52.94,56.25,55.26730000000001,0.982699999999987
STT,State Street,Analyst Selectivity Ratio,CQ32022,56.25,68.75,53.550999999999995,15.199000000000005
STT,State Street,Analyst Selectivity Ratio,CQ42022,68.75,52.94,55.285499999999985,-2.345499999999987
STT,State Street,Analyst Selectivity Ratio,CQ12023,52.94,35.29,52.4503,-17.1603
STT,State Street,Analyst Selectivity Ratio,CQ22023,35.29,23.53,51.21480000000001,-27.68480000000001
STT,State Street,Analyst Selectivity Ratio,CQ32023,23.53,52.94,44.8786,8.061399999999999
STT,State Street,Analyst Selectivity Ratio,CQ42023,52.94,58.82,36.75980000000002,22.06019999999998
STT,State Street,Analyst Selectivity Ratio,CQ12024,58.82,35.29,46.23230000000003,-10.942300000000031
STT,State Street,Analyst Selectivity Ratio,CQ22024,35.29,46.15,38.9255,7.224499999999999
STT,State Street,Analyst Selectivity Ratio,CQ32024,46.15,53.85,49.2226,4.6274000000000015
STT,State Street,Language Complexity,CQ12022,12.75,12.7,12.3938,0.3061999999999987
STT,State Street,Language Complexity,CQ22022,12.7,12.51,12.612499999999997,-0.10249999999999737
STT,State Street,Language Complexity,CQ32022,12.51,12.86,12.491200000000003,0.3687999999999967
STT,State Street,Language Complexity,CQ42022,12.86,12.17,12.720900000000004,-0.5509000000000039
STT,State Street,Language Complexity,CQ12023,12.17,12.49,12.277299999999999,0.21270000000000167
STT,State Street,Language Complexity,CQ22023,12.49,13.47,12.39489999999999,1.0751000000000115
STT,State Street,Language Complexity,CQ32023,13.47,12.66,12.806000000000001,-0.1460000000000008
STT,State Street,Language Complexity,CQ42023,12.66,12.34,12.4769,-0.1369000000000007
STT,State Street,Language Complexity,CQ12024,12.34,12.73,12.562199999999994,0.16780000000000683
STT,State Street,Language Complexity,CQ22024,12.73,12.03,12.8374,-0.8074000000000012
STT,State Street,Language Complexity,CQ32024,12.03,12.52,12.474699999999993,0.045300000000006335
STT,State Street,Net Positivity,CQ12022,1.36,0.49,1.1923,-0.7022999999999999
STT,State Street,Net Positivity,CQ22022,0.49,0.42,0.7670000000000001,-0.34700000000000014
STT,State Street,Net Positivity,CQ32022,0.42,0.31,0.8462000000000006,-0.5362000000000007
STT,State Street,Net Positivity,CQ42022,0.31,0.77,0.7465999999999995,0.02340000000000053
STT,State Street,Net Positivity,CQ12023,0.77,0.47,0.6318,-0.16180000000000005
STT,State Street,Net Positivity,CQ22023,0.47,0.59,0.5178999999999999,0.07210000000000005
STT,State Street,Net Positivity,CQ32023,0.59,0.82,0.6225999999999999,0.19740000000000002
STT,State Street,Net Positivity,CQ42023,0.82,0.92,0.6849999999999998,0.2350000000000002
STT,State Street,Net Positivity,CQ12024,0.92,1.08,0.7889,0.2911
STT,State Street,Net Positivity,CQ22024,1.08,0.98,0.9552,0.024799999999999933
STT,State Street,Net Positivity,CQ32024,0.98,1.77,0.9665999999999998,0.8034000000000002
STT,State Street,Numeric Transeprency,CQ12022,3.09,2.29,2.0928999999999993,0.19710000000000072
STT,State Street,Numeric Transeprency,CQ22022,2.29,2.05,2.155100000000001,-0.10510000000000108
STT,State Street,Numeric Transeprency,CQ32022,2.05,1.75,2.5473000000000017,-0.7973000000000017
STT,State Street,Numeric Transeprency,CQ42022,1.75,2.59,2.4788,0.11119999999999974
STT,State Street,Numeric Transeprency,CQ12023,2.59,2.32,2.1613999999999987,0.15860000000000118
STT,State Street,Numeric Transeprency,CQ22023,2.32,2.27,2.1586000000000003,0.11139999999999972
STT,State Street,Numeric Transeprency,CQ32023,2.27,2.17,2.2040999999999986,-0.03409999999999869
STT,State Street,Numeric Transeprency,CQ42023,2.17,2.4,2.5223000000000004,-0.12230000000000052
STT,State Street,Numeric Transeprency,CQ12024,2.4,2.4,2.4500999999999995,-0.05009999999999959
STT,State Street,Numeric Transeprency,CQ22024,2.4,1.73,2.4408,-0.7107999999999999
STT,State Street,Numeric Transeprency,CQ32024,1.73,1.84,2.084200000000001,-0.24420000000000086
SWK,Stanley Black & Decker,Analyst Selectivity Ratio,CQ12022,33.33,41.18,38.70800000000001,2.471999999999987
SWK,Stanley Black & Decker,Analyst Selectivity Ratio,CQ22022,41.18,25.0,38.911800000000014,-13.911800000000014
SWK,Stanley Black & Decker,Analyst Selectivity Ratio,CQ32022,25.0,37.5,39.4849,-1.9849000000000032
SWK,Stanley Black & Decker,Analyst Selectivity Ratio,CQ42022,37.5,40.0,41.631200000000014,-1.631200000000014
SWK,Stanley Black & Decker,Analyst Selectivity Ratio,CQ12023,40.0,33.33,34.72099999999999,-1.3909999999999911
SWK,Stanley Black & Decker,Analyst Selectivity Ratio,CQ22023,33.33,29.41,36.1451,-6.735099999999999
SWK,Stanley Black & Decker,Analyst Selectivity Ratio,CQ32023,29.41,46.67,33.25880000000001,13.411199999999994
SWK,Stanley Black & Decker,Analyst Selectivity Ratio,CQ42023,46.67,40.0,41.06560000000001,-1.0656000000000105
SWK,Stanley Black & Decker,Analyst Selectivity Ratio,CQ12024,40.0,60.0,42.75940000000001,17.240599999999993
SWK,Stanley Black & Decker,Analyst Selectivity Ratio,CQ22024,60.0,50.0,45.8452,4.154800000000002
SWK,Stanley Black & Decker,Analyst Selectivity Ratio,CQ32024,50.0,35.71,50.22850000000001,-14.51850000000001
SWK,Stanley Black & Decker,Language Complexity,CQ12022,14.74,14.56,14.0274,0.5326000000000004
SWK,Stanley Black & Decker,Language Complexity,CQ22022,14.56,14.87,14.662199999999995,0.2078000000000042
SWK,Stanley Black & Decker,Language Complexity,CQ32022,14.87,14.33,14.691100000000011,-0.3611000000000111
SWK,Stanley Black & Decker,Language Complexity,CQ42022,14.33,14.01,14.300499999999998,-0.290499999999998
SWK,Stanley Black & Decker,Language Complexity,CQ12023,14.01,14.21,14.055899999999998,0.15410000000000323
SWK,Stanley Black & Decker,Language Complexity,CQ22023,14.21,14.02,14.266600000000004,-0.24660000000000437
SWK,Stanley Black & Decker,Language Complexity,CQ32023,14.02,13.36,14.322300000000011,-0.9623000000000115
SWK,Stanley Black & Decker,Language Complexity,CQ42023,13.36,13.92,13.463600000000003,0.4563999999999968
SWK,Stanley Black & Decker,Language Complexity,CQ12024,13.92,13.33,14.055500000000002,-0.725500000000002
SWK,Stanley Black & Decker,Language Complexity,CQ22024,13.33,13.94,13.590699999999995,0.34930000000000483
SWK,Stanley Black & Decker,Language Complexity,CQ32024,13.94,13.65,13.701999999999996,-0.05199999999999605
SWK,Stanley Black & Decker,Net Positivity,CQ12022,1.87,1.54,2.0932999999999997,-0.5532999999999997
SWK,Stanley Black & Decker,Net Positivity,CQ22022,1.54,1.13,1.8978000000000004,-0.7678000000000005
SWK,Stanley Black & Decker,Net Positivity,CQ32022,1.13,1.06,1.34,-0.28
SWK,Stanley Black & Decker,Net Positivity,CQ42022,1.06,0.8,1.3071000000000006,-0.5071000000000006
SWK,Stanley Black & Decker,Net Positivity,CQ12023,0.8,1.78,1.0270000000000001,0.7529999999999999
SWK,Stanley Black & Decker,Net Positivity,CQ22023,1.78,2.15,1.4811999999999999,0.6688000000000001
SWK,Stanley Black & Decker,Net Positivity,CQ32023,2.15,2.2,1.5730999999999988,0.6269000000000013
SWK,Stanley Black & Decker,Net Positivity,CQ42023,2.2,2.06,1.9272999999999993,0.1327000000000007
SWK,Stanley Black & Decker,Net Positivity,CQ12024,2.06,1.78,2.0356999999999994,-0.25569999999999937
SWK,Stanley Black & Decker,Net Positivity,CQ22024,1.78,2.18,2.0132000000000003,0.16679999999999984
SWK,Stanley Black & Decker,Net Positivity,CQ32024,2.18,1.64,2.1012000000000004,-0.4612000000000005
SWK,Stanley Black & Decker,Numeric Transeprency,CQ12022,3.22,2.78,2.8757,-0.09570000000000034
SWK,Stanley Black & Decker,Numeric Transeprency,CQ22022,2.78,2.95,2.9077000000000015,0.04229999999999867
SWK,Stanley Black & Decker,Numeric Transeprency,CQ32022,2.95,2.44,2.882899999999999,-0.44289999999999896
SWK,Stanley Black & Decker,Numeric Transeprency,CQ42022,2.44,3.53,2.721900000000001,0.8080999999999987
SWK,Stanley Black & Decker,Numeric Transeprency,CQ12023,3.53,2.21,2.8092000000000015,-0.5992000000000015
SWK,Stanley Black & Decker,Numeric Transeprency,CQ22023,2.21,2.16,2.3129999999999997,-0.15299999999999958
SWK,Stanley Black & Decker,Numeric Transeprency,CQ32023,2.16,2.36,2.5249,-0.16490000000000027
SWK,Stanley Black & Decker,Numeric Transeprency,CQ42023,2.36,3.11,2.6659999999999995,0.4440000000000004
SWK,Stanley Black & Decker,Numeric Transeprency,CQ12024,3.11,2.29,2.5358,-0.24580000000000002
SWK,Stanley Black & Decker,Numeric Transeprency,CQ22024,2.29,2.25,2.5506,-0.3006000000000002
SWK,Stanley Black & Decker,Numeric Transeprency,CQ32024,2.25,2.28,2.6357000000000004,-0.35570000000000057
SYY,Sysco,Analyst Selectivity Ratio,CQ12022,56.25,44.44,58.55550000000001,-14.115500000000011
SYY,Sysco,Analyst Selectivity Ratio,CQ22022,44.44,35.29,53.02350000000001,-17.733500000000014
SYY,Sysco,Analyst Selectivity Ratio,CQ32022,35.29,70.59,46.63080000000003,23.959199999999974
SYY,Sysco,Analyst Selectivity Ratio,CQ42022,70.59,33.33,52.15850000000004,-18.82850000000004
SYY,Sysco,Analyst Selectivity Ratio,CQ12023,33.33,33.33,46.77930000000001,-13.449300000000015
SYY,Sysco,Analyst Selectivity Ratio,CQ22023,33.33,29.41,39.684,-10.273999999999997
SYY,Sysco,Analyst Selectivity Ratio,CQ32023,29.41,35.29,44.3344,-9.044400000000003
SYY,Sysco,Analyst Selectivity Ratio,CQ42023,35.29,52.94,32.78939999999999,20.150600000000004
SYY,Sysco,Analyst Selectivity Ratio,CQ12024,52.94,38.89,39.01109999999999,-0.12109999999999133
SYY,Sysco,Analyst Selectivity Ratio,CQ22024,38.89,35.29,43.384400000000014,-8.094400000000014
SYY,Sysco,Analyst Selectivity Ratio,CQ32024,35.29,40.0,41.92579999999999,-1.9257999999999882
SYY,Sysco,Language Complexity,CQ12022,12.34,12.72,12.642100000000001,0.07789999999999964
SYY,Sysco,Language Complexity,CQ22022,12.72,13.05,12.6031,0.4469000000000012
SYY,Sysco,Language Complexity,CQ32022,13.05,12.75,13.2554,-0.5053999999999998
SYY,Sysco,Language Complexity,CQ42022,12.75,12.61,13.023700000000005,-0.41370000000000573
SYY,Sysco,Language Complexity,CQ12023,12.61,12.64,12.815800000000007,-0.17580000000000595
SYY,Sysco,Language Complexity,CQ22023,12.64,12.87,12.996300000000003,-0.12630000000000408
SYY,Sysco,Language Complexity,CQ32023,12.87,12.54,12.877,-0.3370000000000015
SYY,Sysco,Language Complexity,CQ42023,12.54,11.99,12.4893,-0.49929999999999986
SYY,Sysco,Language Complexity,CQ12024,11.99,11.87,12.293499999999995,-0.4234999999999953
SYY,Sysco,Language Complexity,CQ22024,11.87,12.28,12.213499999999994,0.06650000000000489
SYY,Sysco,Language Complexity,CQ32024,12.28,12.06,12.373199999999999,-0.31319999999999837
SYY,Sysco,Net Positivity,CQ12022,1.35,2.84,1.5007000000000001,1.3392999999999997
SYY,Sysco,Net Positivity,CQ22022,2.84,2.18,1.6261999999999994,0.5538000000000007
SYY,Sysco,Net Positivity,CQ32022,2.18,1.91,2.053400000000001,-0.14340000000000086
SYY,Sysco,Net Positivity,CQ42022,1.91,2.35,2.3001,0.049900000000000055
SYY,Sysco,Net Positivity,CQ12023,2.35,2.37,2.6733000000000002,-0.3033000000000001
SYY,Sysco,Net Positivity,CQ22023,2.37,2.76,2.406100000000001,0.353899999999999
SYY,Sysco,Net Positivity,CQ32023,2.76,3.32,2.042400000000001,1.2775999999999987
SYY,Sysco,Net Positivity,CQ42023,3.32,2.37,2.5616999999999996,-0.19169999999999954
SYY,Sysco,Net Positivity,CQ12024,2.37,2.22,2.544,-0.32399999999999984
SYY,Sysco,Net Positivity,CQ22024,2.22,2.86,2.6570999999999985,0.2029000000000014
SYY,Sysco,Net Positivity,CQ32024,2.86,2.43,2.647299999999999,-0.21729999999999894
SYY,Sysco,Numeric Transeprency,CQ12022,1.54,1.48,1.8271999999999997,-0.34719999999999973
SYY,Sysco,Numeric Transeprency,CQ22022,1.48,1.99,1.7176000000000007,0.2723999999999993
SYY,Sysco,Numeric Transeprency,CQ32022,1.99,1.29,1.6820999999999995,-0.39209999999999945
SYY,Sysco,Numeric Transeprency,CQ42022,1.29,1.46,1.5278000000000005,-0.06780000000000053
SYY,Sysco,Numeric Transeprency,CQ12023,1.46,1.22,1.5987,-0.37870000000000004
SYY,Sysco,Numeric Transeprency,CQ22023,1.22,2.44,1.482899999999999,0.957100000000001
SYY,Sysco,Numeric Transeprency,CQ32023,2.44,1.43,1.6353000000000002,-0.20530000000000026
SYY,Sysco,Numeric Transeprency,CQ42023,1.43,1.56,1.7830999999999995,-0.2230999999999994
SYY,Sysco,Numeric Transeprency,CQ12024,1.56,1.48,1.8152000000000001,-0.33520000000000016
SYY,Sysco,Numeric Transeprency,CQ22024,1.48,1.97,1.6026999999999998,0.3673000000000002
SYY,Sysco,Numeric Transeprency,CQ32024,1.97,1.7,1.6683000000000008,0.03169999999999917
T,AT&T,Analyst Selectivity Ratio,CQ12022,38.89,29.41,36.49080000000001,-7.080800000000007
T,AT&T,Analyst Selectivity Ratio,CQ22022,29.41,26.92,35.7134,-8.793399999999998
T,AT&T,Analyst Selectivity Ratio,CQ32022,26.92,25.93,35.6141,-9.6841
T,AT&T,Analyst Selectivity Ratio,CQ42022,25.93,22.22,27.117099999999986,-4.897099999999988
T,AT&T,Analyst Selectivity Ratio,CQ12023,22.22,24.0,25.68040000000001,-1.6804000000000094
T,AT&T,Analyst Selectivity Ratio,CQ22023,24.0,34.78,23.9256,10.854400000000002
T,AT&T,Analyst Selectivity Ratio,CQ32023,34.78,29.17,30.402899999999995,-1.2328999999999937
T,AT&T,Analyst Selectivity Ratio,CQ42023,29.17,22.73,28.395899999999997,-5.665899999999997
T,AT&T,Analyst Selectivity Ratio,CQ12024,22.73,34.78,27.92149999999999,6.85850000000001
T,AT&T,Analyst Selectivity Ratio,CQ22024,34.78,22.73,31.433699999999998,-8.703699999999998
T,AT&T,Analyst Selectivity Ratio,CQ32024,22.73,30.0,28.7681,1.2318999999999996
T,AT&T,Language Complexity,CQ12022,12.25,12.75,11.9818,0.7682000000000002
T,AT&T,Language Complexity,CQ22022,12.75,12.16,12.465300000000006,-0.3053000000000061
T,AT&T,Language Complexity,CQ32022,12.16,12.8,12.098900000000008,0.7010999999999932
T,AT&T,Language Complexity,CQ42022,12.8,13.72,12.452699999999995,1.2673000000000059
T,AT&T,Language Complexity,CQ12023,13.72,13.16,13.230700000000008,-0.07070000000000753
T,AT&T,Language Complexity,CQ22023,13.16,12.07,13.253400000000005,-1.1834000000000042
T,AT&T,Language Complexity,CQ32023,12.07,12.35,12.820800000000004,-0.4708000000000041
T,AT&T,Language Complexity,CQ42023,12.35,12.64,13.001100000000003,-0.3611000000000022
T,AT&T,Language Complexity,CQ12024,12.64,12.12,12.641799999999998,-0.5217999999999989
T,AT&T,Language Complexity,CQ22024,12.12,12.97,12.166300000000003,0.8036999999999974
T,AT&T,Language Complexity,CQ32024,12.97,13.81,12.461899999999993,1.3481000000000076
T,AT&T,Net Positivity,CQ12022,1.06,1.31,1.2997999999999994,0.010200000000000653
T,AT&T,Net Positivity,CQ22022,1.31,1.18,1.2434,-0.06340000000000012
T,AT&T,Net Positivity,CQ32022,1.18,1.6,0.9051999999999998,0.6948000000000003
T,AT&T,Net Positivity,CQ42022,1.6,1.22,1.7539000000000002,-0.5339000000000003
T,AT&T,Net Positivity,CQ12023,1.22,1.28,1.2508000000000001,0.029199999999999893
T,AT&T,Net Positivity,CQ22023,1.28,1.35,0.955,0.39500000000000013
T,AT&T,Net Positivity,CQ32023,1.35,1.43,1.3323999999999991,0.0976000000000008
T,AT&T,Net Positivity,CQ42023,1.43,1.64,1.5300999999999993,0.10990000000000055
T,AT&T,Net Positivity,CQ12024,1.64,1.14,1.4853999999999987,-0.3453999999999988
T,AT&T,Net Positivity,CQ22024,1.14,1.62,1.3697,0.2503000000000002
T,AT&T,Net Positivity,CQ32024,1.62,1.35,1.693599999999999,-0.343599999999999
T,AT&T,Numeric Transeprency,CQ12022,1.64,1.31,1.560799999999999,-0.250799999999999
T,AT&T,Numeric Transeprency,CQ22022,1.31,1.52,1.5007,0.019300000000000095
T,AT&T,Numeric Transeprency,CQ32022,1.52,1.32,1.0681999999999996,0.25180000000000047
T,AT&T,Numeric Transeprency,CQ42022,1.32,1.88,1.3611999999999997,0.5188000000000001
T,AT&T,Numeric Transeprency,CQ12023,1.88,1.09,1.4875000000000003,-0.3975000000000002
T,AT&T,Numeric Transeprency,CQ22023,1.09,1.89,1.221499999999999,0.668500000000001
T,AT&T,Numeric Transeprency,CQ32023,1.89,1.07,1.6242999999999992,-0.5542999999999991
T,AT&T,Numeric Transeprency,CQ42023,1.07,2.21,1.3559999999999999,0.8540000000000001
T,AT&T,Numeric Transeprency,CQ12024,2.21,1.46,1.5341999999999993,-0.07419999999999938
T,AT&T,Numeric Transeprency,CQ22024,1.46,1.26,1.5770000000000004,-0.3170000000000004
T,AT&T,Numeric Transeprency,CQ32024,1.26,1.57,1.6393999999999993,-0.06939999999999924
TGT,Target,Analyst Selectivity Ratio,CQ12022,30.0,19.35,25.050800000000002,-5.700800000000001
TGT,Target,Analyst Selectivity Ratio,CQ22022,19.35,20.69,26.34449999999999,-5.654499999999988
TGT,Target,Analyst Selectivity Ratio,CQ32022,20.69,20.0,21.329700000000006,-1.329700000000006
TGT,Target,Analyst Selectivity Ratio,CQ42022,20.0,25.81,24.165300000000013,1.644699999999986
TGT,Target,Analyst Selectivity Ratio,CQ12023,25.81,14.71,21.648900000000005,-6.938900000000004
TGT,Target,Analyst Selectivity Ratio,CQ22023,14.71,14.29,21.267,-6.977
TGT,Target,Analyst Selectivity Ratio,CQ32023,14.29,21.62,21.910299999999992,-0.29029999999999134
TGT,Target,Analyst Selectivity Ratio,CQ42023,21.62,26.47,22.11650000000001,4.35349999999999
TGT,Target,Analyst Selectivity Ratio,CQ12024,26.47,13.89,23.592399999999998,-9.702399999999997
TGT,Target,Analyst Selectivity Ratio,CQ22024,13.89,15.79,21.720800000000004,-5.930800000000005
TGT,Target,Analyst Selectivity Ratio,CQ32024,15.79,16.22,24.001499999999993,-7.781499999999994
TGT,Target,Language Complexity,CQ12022,12.27,14.26,13.057399999999998,1.2026000000000021
TGT,Target,Language Complexity,CQ22022,14.26,14.84,13.355899999999998,1.4841000000000015
TGT,Target,Language Complexity,CQ32022,14.84,14.57,13.940499999999995,0.6295000000000055
TGT,Target,Language Complexity,CQ42022,14.57,12.16,13.984099999999994,-1.8240999999999943
TGT,Target,Language Complexity,CQ12023,12.16,14.52,13.242300000000006,1.277699999999994
TGT,Target,Language Complexity,CQ22023,14.52,14.65,14.1678,0.48220000000000063
TGT,Target,Language Complexity,CQ32023,14.65,13.94,14.191799999999995,-0.2517999999999958
TGT,Target,Language Complexity,CQ42023,13.94,12.65,13.7742,-1.1242
TGT,Target,Language Complexity,CQ12024,12.65,14.55,13.383200000000002,1.1667999999999985
TGT,Target,Language Complexity,CQ22024,14.55,14.19,14.200999999999995,-0.01099999999999568
TGT,Target,Language Complexity,CQ32024,14.19,14.24,13.781600000000003,0.4583999999999975
TGT,Target,Net Positivity,CQ12022,1.7,0.68,1.7469000000000003,-1.0669000000000004
TGT,Target,Net Positivity,CQ22022,0.68,1.09,1.0930999999999995,-0.0030999999999994365
TGT,Target,Net Positivity,CQ32022,1.09,0.98,1.1327999999999994,-0.15279999999999938
TGT,Target,Net Positivity,CQ42022,0.98,1.7,1.1534000000000004,0.5465999999999995
TGT,Target,Net Positivity,CQ12023,1.7,1.04,1.4020999999999992,-0.3620999999999992
TGT,Target,Net Positivity,CQ22023,1.04,1.43,1.0791999999999997,0.3508000000000002
TGT,Target,Net Positivity,CQ32023,1.43,2.14,1.1826,0.9574
TGT,Target,Net Positivity,CQ42023,2.14,2.0,1.5572999999999997,0.4427000000000003
TGT,Target,Net Positivity,CQ12024,2.0,2.61,1.7383999999999993,0.8716000000000006
TGT,Target,Net Positivity,CQ22024,2.61,2.01,1.7793000000000005,0.23069999999999924
TGT,Target,Net Positivity,CQ32024,2.01,1.54,1.9361,-0.3960999999999999
TGT,Target,Numeric Transeprency,CQ12022,1.55,1.34,1.7033000000000014,-0.3633000000000013
TGT,Target,Numeric Transeprency,CQ22022,1.34,1.13,1.4931999999999999,-0.36319999999999997
TGT,Target,Numeric Transeprency,CQ32022,1.13,1.62,1.2995999999999999,0.32040000000000024
TGT,Target,Numeric Transeprency,CQ42022,1.62,1.43,1.3897999999999997,0.040200000000000236
TGT,Target,Numeric Transeprency,CQ12023,1.43,1.15,1.2922,-0.1422000000000001
TGT,Target,Numeric Transeprency,CQ22023,1.15,1.3,1.1789999999999998,0.12100000000000022
TGT,Target,Numeric Transeprency,CQ32023,1.3,1.67,1.0656999999999999,0.6043000000000001
TGT,Target,Numeric Transeprency,CQ42023,1.67,1.59,1.4834000000000003,0.1065999999999998
TGT,Target,Numeric Transeprency,CQ12024,1.59,1.29,1.5292000000000003,-0.2392000000000003
TGT,Target,Numeric Transeprency,CQ22024,1.29,1.54,1.2968000000000004,0.24319999999999964
TGT,Target,Numeric Transeprency,CQ32024,1.54,1.41,1.548,-0.13800000000000012
TJX,TJX Companies,Analyst Selectivity Ratio,CQ12022,28.0,26.92,29.917599999999993,-2.9975999999999914
TJX,TJX Companies,Analyst Selectivity Ratio,CQ22022,26.92,30.43,26.6173,3.8126999999999995
TJX,TJX Companies,Analyst Selectivity Ratio,CQ32022,30.43,33.33,32.80040000000001,0.5295999999999879
TJX,TJX Companies,Analyst Selectivity Ratio,CQ42022,33.33,27.27,31.961999999999986,-4.691999999999986
TJX,TJX Companies,Analyst Selectivity Ratio,CQ12023,27.27,36.36,29.719100000000015,6.640899999999984
TJX,TJX Companies,Analyst Selectivity Ratio,CQ22023,36.36,25.0,33.2473,-8.247300000000003
TJX,TJX Companies,Analyst Selectivity Ratio,CQ32023,25.0,28.0,31.183200000000006,-3.1832000000000065
TJX,TJX Companies,Analyst Selectivity Ratio,CQ42023,28.0,18.18,28.1677,-9.9877
TJX,TJX Companies,Analyst Selectivity Ratio,CQ12024,18.18,34.78,26.68929999999999,8.090700000000012
TJX,TJX Companies,Analyst Selectivity Ratio,CQ22024,34.78,26.09,29.837699999999998,-3.7476999999999983
TJX,TJX Companies,Analyst Selectivity Ratio,CQ32024,26.09,34.78,28.281399999999984,6.4986000000000175
TJX,TJX Companies,Language Complexity,CQ12022,11.96,11.39,11.866599999999991,-0.4765999999999906
TJX,TJX Companies,Language Complexity,CQ22022,11.39,11.96,11.599200000000003,0.36079999999999757
TJX,TJX Companies,Language Complexity,CQ32022,11.96,11.25,11.6286,-0.3786000000000005
TJX,TJX Companies,Language Complexity,CQ42022,11.25,11.9,11.5179,0.3821000000000012
TJX,TJX Companies,Language Complexity,CQ12023,11.9,11.2,11.719499999999996,-0.5194999999999972
TJX,TJX Companies,Language Complexity,CQ22023,11.2,11.99,11.563899999999997,0.4261000000000035
TJX,TJX Companies,Language Complexity,CQ32023,11.99,12.16,11.635599999999995,0.5244000000000053
TJX,TJX Companies,Language Complexity,CQ42023,12.16,11.27,11.903799999999999,-0.633799999999999
TJX,TJX Companies,Language Complexity,CQ12024,11.27,11.44,11.629599999999998,-0.18959999999999866
TJX,TJX Companies,Language Complexity,CQ22024,11.44,11.03,11.6019,-0.5719000000000012
TJX,TJX Companies,Language Complexity,CQ32024,11.03,11.62,11.387,0.23299999999999876
TJX,TJX Companies,Net Positivity,CQ12022,1.8,1.49,1.3291,0.16090000000000004
TJX,TJX Companies,Net Positivity,CQ22022,1.49,2.01,1.7344999999999997,0.2755000000000001
TJX,TJX Companies,Net Positivity,CQ32022,2.01,2.04,1.7088999999999999,0.33110000000000017
TJX,TJX Companies,Net Positivity,CQ42022,2.04,2.03,1.871799999999999,0.15820000000000078
TJX,TJX Companies,Net Positivity,CQ12023,2.03,2.12,1.9597999999999993,0.1602000000000008
TJX,TJX Companies,Net Positivity,CQ22023,2.12,2.59,2.2041999999999997,0.38580000000000014
TJX,TJX Companies,Net Positivity,CQ32023,2.59,2.17,2.1624999999999996,0.007500000000000284
TJX,TJX Companies,Net Positivity,CQ42023,2.17,2.18,2.048699999999999,0.1313000000000013
TJX,TJX Companies,Net Positivity,CQ12024,2.18,1.95,2.2258999999999993,-0.27589999999999937
TJX,TJX Companies,Net Positivity,CQ22024,1.95,2.14,2.3836999999999997,-0.24369999999999958
TJX,TJX Companies,Net Positivity,CQ32024,2.14,1.71,2.195499999999999,-0.48549999999999915
TJX,TJX Companies,Numeric Transeprency,CQ12022,2.23,1.83,1.4569999999999994,0.37300000000000066
TJX,TJX Companies,Numeric Transeprency,CQ22022,1.83,1.48,1.6807000000000003,-0.20070000000000032
TJX,TJX Companies,Numeric Transeprency,CQ32022,1.48,1.39,1.6915000000000004,-0.30150000000000055
TJX,TJX Companies,Numeric Transeprency,CQ42022,1.39,3.03,1.7329,1.2970999999999997
TJX,TJX Companies,Numeric Transeprency,CQ12023,3.03,1.7,2.1282999999999994,-0.42829999999999946
TJX,TJX Companies,Numeric Transeprency,CQ22023,1.7,1.86,1.9339999999999986,-0.07399999999999851
TJX,TJX Companies,Numeric Transeprency,CQ32023,1.86,1.86,2.0062,-0.1462000000000001
TJX,TJX Companies,Numeric Transeprency,CQ42023,1.86,2.42,2.2527,0.1673
TJX,TJX Companies,Numeric Transeprency,CQ12024,2.42,1.54,2.251700000000001,-0.7117000000000009
TJX,TJX Companies,Numeric Transeprency,CQ22024,1.54,1.45,1.7638999999999998,-0.31389999999999985
TJX,TJX Companies,Numeric Transeprency,CQ32024,1.45,1.3,1.8269999999999995,-0.5269999999999995
TMO,Thermo Fisher Scientific,Analyst Selectivity Ratio,CQ12022,35.0,27.27,33.43180000000001,-6.16180000000001
TMO,Thermo Fisher Scientific,Analyst Selectivity Ratio,CQ22022,27.27,28.57,30.40459999999999,-1.8345999999999911
TMO,Thermo Fisher Scientific,Analyst Selectivity Ratio,CQ32022,28.57,33.33,28.09519999999999,5.234800000000007
TMO,Thermo Fisher Scientific,Analyst Selectivity Ratio,CQ42022,33.33,23.53,32.262100000000004,-8.732100000000003
TMO,Thermo Fisher Scientific,Analyst Selectivity Ratio,CQ12023,23.53,29.17,26.56999999999999,2.600000000000012
TMO,Thermo Fisher Scientific,Analyst Selectivity Ratio,CQ22023,29.17,23.08,25.57839999999999,-2.498399999999993
TMO,Thermo Fisher Scientific,Analyst Selectivity Ratio,CQ32023,23.08,16.67,27.179400000000005,-10.509400000000003
TMO,Thermo Fisher Scientific,Analyst Selectivity Ratio,CQ42023,16.67,22.73,21.117800000000006,1.6121999999999943
TMO,Thermo Fisher Scientific,Analyst Selectivity Ratio,CQ12024,22.73,24.0,22.875500000000002,1.1244999999999976
TMO,Thermo Fisher Scientific,Analyst Selectivity Ratio,CQ22024,24.0,20.83,23.655400000000004,-2.8254000000000055
TMO,Thermo Fisher Scientific,Analyst Selectivity Ratio,CQ32024,20.83,16.0,26.280899999999995,-10.280899999999995
TMO,Thermo Fisher Scientific,Language Complexity,CQ12022,12.22,12.18,12.533900000000001,-0.3539000000000012
TMO,Thermo Fisher Scientific,Language Complexity,CQ22022,12.18,12.06,12.203400000000006,-0.14340000000000508
TMO,Thermo Fisher Scientific,Language Complexity,CQ32022,12.06,12.26,12.1566,0.1034000000000006
TMO,Thermo Fisher Scientific,Language Complexity,CQ42022,12.26,12.57,12.324000000000005,0.2459999999999951
TMO,Thermo Fisher Scientific,Language Complexity,CQ12023,12.57,12.75,12.289999999999997,0.46000000000000263
TMO,Thermo Fisher Scientific,Language Complexity,CQ22023,12.75,13.41,12.431399999999996,0.9786000000000037
TMO,Thermo Fisher Scientific,Language Complexity,CQ32023,13.41,13.35,12.988100000000008,0.36189999999999145
TMO,Thermo Fisher Scientific,Language Complexity,CQ42023,13.35,13.6,12.899499999999998,0.7005000000000017
TMO,Thermo Fisher Scientific,Language Complexity,CQ12024,13.6,12.42,13.116099999999996,-0.6960999999999959
TMO,Thermo Fisher Scientific,Language Complexity,CQ22024,12.42,12.43,13.148400000000011,-0.7184000000000115
TMO,Thermo Fisher Scientific,Language Complexity,CQ32024,12.43,13.21,12.8062,0.4038000000000004
TMO,Thermo Fisher Scientific,Net Positivity,CQ12022,2.1,2.33,2.4949,-0.16489999999999982
TMO,Thermo Fisher Scientific,Net Positivity,CQ22022,2.33,2.32,2.1868999999999996,0.13310000000000022
TMO,Thermo Fisher Scientific,Net Positivity,CQ32022,2.32,2.19,2.071300000000001,0.11869999999999914
TMO,Thermo Fisher Scientific,Net Positivity,CQ42022,2.19,1.97,2.4038000000000004,-0.4338000000000004
TMO,Thermo Fisher Scientific,Net Positivity,CQ12023,1.97,2.41,2.4024000000000005,0.007599999999999607
TMO,Thermo Fisher Scientific,Net Positivity,CQ22023,2.41,1.15,2.2615999999999987,-1.1115999999999988
TMO,Thermo Fisher Scientific,Net Positivity,CQ32023,1.15,1.73,1.3453000000000004,0.3846999999999996
TMO,Thermo Fisher Scientific,Net Positivity,CQ42023,1.73,2.3,1.8685999999999998,0.4314
TMO,Thermo Fisher Scientific,Net Positivity,CQ12024,2.3,2.5,2.1186999999999996,0.3813000000000004
TMO,Thermo Fisher Scientific,Net Positivity,CQ22024,2.5,2.76,1.763699999999999,0.9963000000000009
TMO,Thermo Fisher Scientific,Net Positivity,CQ32024,2.76,2.02,2.3468999999999998,-0.32689999999999975
TMO,Thermo Fisher Scientific,Numeric Transeprency,CQ12022,3.95,2.4,2.6936,-0.2936000000000001
TMO,Thermo Fisher Scientific,Numeric Transeprency,CQ22022,2.4,2.41,2.656699999999999,-0.2466999999999988
TMO,Thermo Fisher Scientific,Numeric Transeprency,CQ32022,2.41,2.71,3.2851,-0.5751
TMO,Thermo Fisher Scientific,Numeric Transeprency,CQ42022,2.71,4.03,3.3231000000000006,0.7068999999999996
TMO,Thermo Fisher Scientific,Numeric Transeprency,CQ12023,4.03,2.1,2.8601,-0.7601
TMO,Thermo Fisher Scientific,Numeric Transeprency,CQ22023,2.1,2.42,2.4179999999999993,0.002000000000000668
TMO,Thermo Fisher Scientific,Numeric Transeprency,CQ32023,2.42,2.82,3.167,-0.347
TMO,Thermo Fisher Scientific,Numeric Transeprency,CQ42023,2.82,3.29,3.189900000000002,0.10009999999999808
TMO,Thermo Fisher Scientific,Numeric Transeprency,CQ12024,3.29,1.77,2.7430000000000008,-0.9730000000000008
TMO,Thermo Fisher Scientific,Numeric Transeprency,CQ22024,1.77,2.3,2.0114000000000005,0.2885999999999993
TMO,Thermo Fisher Scientific,Numeric Transeprency,CQ32024,2.3,2.02,2.8080000000000007,-0.7880000000000007
TROW,T. Rowe Price,Analyst Selectivity Ratio,CQ12023,,58.33,7.535607976190477,50.79439202380952
TROW,T. Rowe Price,Analyst Selectivity Ratio,CQ22023,58.33,63.64,56.40410000000003,7.2358999999999725
TROW,T. Rowe Price,Analyst Selectivity Ratio,CQ32023,63.64,66.67,56.68910000000001,9.980899999999991
TROW,T. Rowe Price,Analyst Selectivity Ratio,CQ42023,66.67,46.15,59.40050000000002,-13.250500000000024
TROW,T. Rowe Price,Analyst Selectivity Ratio,CQ12024,46.15,54.55,57.207400000000014,-2.657400000000017
TROW,T. Rowe Price,Analyst Selectivity Ratio,CQ22024,54.55,54.55,57.98920000000001,-3.439200000000014
TROW,T. Rowe Price,Analyst Selectivity Ratio,CQ32024,54.55,54.55,56.5212,-1.9712000000000032
TROW,T. Rowe Price,Language Complexity,CQ12023,,13.49,7.535607976190477,5.954392023809524
TROW,T. Rowe Price,Language Complexity,CQ22023,13.49,13.2,12.434800000000005,0.7651999999999948
TROW,T. Rowe Price,Language Complexity,CQ32023,13.2,13.15,13.606000000000003,-0.45600000000000307
TROW,T. Rowe Price,Language Complexity,CQ42023,13.15,14.43,13.560299999999994,0.8697000000000052
TROW,T. Rowe Price,Language Complexity,CQ12024,14.43,13.6,13.555400000000002,0.04459999999999731
TROW,T. Rowe Price,Language Complexity,CQ22024,13.6,12.88,13.559200000000002,-0.6792000000000016
TROW,T. Rowe Price,Language Complexity,CQ32024,12.88,12.72,13.3792,-0.6592000000000002
TROW,T. Rowe Price,Net Positivity,CQ12023,,0.93,7.535607976190477,-6.605607976190477
TROW,T. Rowe Price,Net Positivity,CQ22023,0.93,1.32,1.2764999999999995,0.04350000000000054
TROW,T. Rowe Price,Net Positivity,CQ32023,1.32,1.59,1.0177,0.5723
TROW,T. Rowe Price,Net Positivity,CQ42023,1.59,2.3,1.3111,0.9888999999999999
TROW,T. Rowe Price,Net Positivity,CQ12024,2.3,1.55,1.6060999999999985,-0.056099999999998484
TROW,T. Rowe Price,Net Positivity,CQ22024,1.55,1.69,1.5508999999999997,0.13910000000000022
TROW,T. Rowe Price,Net Positivity,CQ32024,1.69,1.14,1.7511000000000003,-0.6111000000000004
TROW,T. Rowe Price,Numeric Transeprency,CQ12023,,1.92,7.535607976190477,-5.615607976190477
TROW,T. Rowe Price,Numeric Transeprency,CQ22023,1.92,1.46,2.0403000000000007,-0.5803000000000007
TROW,T. Rowe Price,Numeric Transeprency,CQ32023,1.46,1.78,1.6095000000000002,0.17049999999999987
TROW,T. Rowe Price,Numeric Transeprency,CQ42023,1.78,2.65,1.9354,0.7145999999999999
TROW,T. Rowe Price,Numeric Transeprency,CQ12024,2.65,1.44,1.9333999999999998,-0.49339999999999984
TROW,T. Rowe Price,Numeric Transeprency,CQ22024,1.44,1.5,1.7541000000000009,-0.2541000000000009
TROW,T. Rowe Price,Numeric Transeprency,CQ32024,1.5,1.94,1.8075000000000003,0.13249999999999962
TRV,Travelers Companies,Analyst Selectivity Ratio,CQ12022,35.0,47.62,43.463399999999986,4.156600000000012
TRV,Travelers Companies,Analyst Selectivity Ratio,CQ22022,47.62,45.0,43.28829999999999,1.7117000000000075
TRV,Travelers Companies,Analyst Selectivity Ratio,CQ32022,45.0,57.14,45.0705,12.069499999999998
TRV,Travelers Companies,Analyst Selectivity Ratio,CQ42022,57.14,25.0,42.81259999999998,-17.812599999999982
TRV,Travelers Companies,Analyst Selectivity Ratio,CQ12023,25.0,63.16,43.64969999999998,19.510300000000015
TRV,Travelers Companies,Analyst Selectivity Ratio,CQ22023,63.16,38.1,51.36350000000003,-13.263500000000029
TRV,Travelers Companies,Analyst Selectivity Ratio,CQ32023,38.1,52.38,51.21789999999998,1.1621000000000237
TRV,Travelers Companies,Analyst Selectivity Ratio,CQ42023,52.38,40.91,45.609300000000005,-4.699300000000008
TRV,Travelers Companies,Analyst Selectivity Ratio,CQ12024,40.91,41.67,53.07579999999998,-11.405799999999978
TRV,Travelers Companies,Analyst Selectivity Ratio,CQ22024,41.67,39.13,41.57190000000001,-2.441900000000004
TRV,Travelers Companies,Analyst Selectivity Ratio,CQ32024,39.13,36.84,45.466800000000006,-8.626800000000003
TRV,Travelers Companies,Language Complexity,CQ12022,12.85,12.9,13.0162,-0.11619999999999919
TRV,Travelers Companies,Language Complexity,CQ22022,12.9,12.41,12.925000000000002,-0.5150000000000023
TRV,Travelers Companies,Language Complexity,CQ32022,12.41,12.63,12.503400000000005,0.12659999999999627
TRV,Travelers Companies,Language Complexity,CQ42022,12.63,13.67,12.740100000000005,0.9298999999999946
TRV,Travelers Companies,Language Complexity,CQ12023,13.67,12.53,12.806899999999999,-0.2768999999999995
TRV,Travelers Companies,Language Complexity,CQ22023,12.53,13.09,12.786900000000001,0.3030999999999988
TRV,Travelers Companies,Language Complexity,CQ32023,13.09,12.44,13.0517,-0.6117000000000008
TRV,Travelers Companies,Language Complexity,CQ42023,12.44,12.82,12.74710000000001,0.07289999999998997
TRV,Travelers Companies,Language Complexity,CQ12024,12.82,12.79,12.759500000000003,0.03049999999999642
TRV,Travelers Companies,Language Complexity,CQ22024,12.79,12.93,12.931400000000004,-0.0014000000000038426
TRV,Travelers Companies,Language Complexity,CQ32024,12.93,12.73,13.046999999999995,-0.31699999999999484
TRV,Travelers Companies,Net Positivity,CQ12022,0.84,0.61,0.6678000000000002,-0.057800000000000185
TRV,Travelers Companies,Net Positivity,CQ22022,0.61,0.29,0.7499000000000002,-0.45990000000000025
TRV,Travelers Companies,Net Positivity,CQ32022,0.29,0.71,0.35760000000000003,0.35239999999999994
TRV,Travelers Companies,Net Positivity,CQ42022,0.71,1.15,0.7799999999999998,0.3700000000000001
TRV,Travelers Companies,Net Positivity,CQ12023,1.15,0.74,0.8300000000000002,-0.09000000000000019
TRV,Travelers Companies,Net Positivity,CQ22023,0.74,0.51,0.9704000000000008,-0.4604000000000008
TRV,Travelers Companies,Net Positivity,CQ32023,0.51,0.81,0.6712,0.13880000000000003
TRV,Travelers Companies,Net Positivity,CQ42023,0.81,1.59,0.7563999999999999,0.8336000000000002
TRV,Travelers Companies,Net Positivity,CQ12024,1.59,1.65,1.3971,0.2528999999999999
TRV,Travelers Companies,Net Positivity,CQ22024,1.65,0.9,1.4433999999999998,-0.5433999999999998
TRV,Travelers Companies,Net Positivity,CQ32024,0.9,2.25,1.1764000000000003,1.0735999999999997
TRV,Travelers Companies,Numeric Transeprency,CQ12022,2.68,2.0,2.1108,-0.11079999999999979
TRV,Travelers Companies,Numeric Transeprency,CQ22022,2.0,2.16,2.0153000000000008,0.14469999999999938
TRV,Travelers Companies,Numeric Transeprency,CQ32022,2.16,1.95,2.2742999999999993,-0.32429999999999937
TRV,Travelers Companies,Numeric Transeprency,CQ42022,1.95,3.09,2.4764999999999997,0.6135000000000002
TRV,Travelers Companies,Numeric Transeprency,CQ12023,3.09,2.06,2.0893,-0.029300000000000104
TRV,Travelers Companies,Numeric Transeprency,CQ22023,2.06,2.0,2.019999999999999,-0.01999999999999913
TRV,Travelers Companies,Numeric Transeprency,CQ32023,2.0,1.92,2.337800000000001,-0.41780000000000106
TRV,Travelers Companies,Numeric Transeprency,CQ42023,1.92,2.56,2.4876,0.07240000000000002
TRV,Travelers Companies,Numeric Transeprency,CQ12024,2.56,2.24,2.0539999999999985,0.18600000000000172
TRV,Travelers Companies,Numeric Transeprency,CQ22024,2.24,2.4,1.9513000000000007,0.4486999999999992
TRV,Travelers Companies,Numeric Transeprency,CQ32024,2.4,2.46,2.541499999999999,-0.08149999999999924
TXN,Texas Instruments,Analyst Selectivity Ratio,CQ12022,23.33,30.0,28.57319999999999,1.4268000000000107
TXN,Texas Instruments,Analyst Selectivity Ratio,CQ22022,30.0,25.93,27.494199999999992,-1.5641999999999925
TXN,Texas Instruments,Analyst Selectivity Ratio,CQ32022,25.93,24.14,26.586599999999997,-2.4465999999999966
TXN,Texas Instruments,Analyst Selectivity Ratio,CQ42022,24.14,23.33,24.7337,-1.4037000000000006
TXN,Texas Instruments,Analyst Selectivity Ratio,CQ12023,23.33,24.14,24.9348,-0.7947999999999986
TXN,Texas Instruments,Analyst Selectivity Ratio,CQ22023,24.14,21.43,24.270399999999995,-2.8403999999999954
TXN,Texas Instruments,Analyst Selectivity Ratio,CQ32023,21.43,30.0,26.967399999999994,3.0326000000000057
TXN,Texas Instruments,Analyst Selectivity Ratio,CQ42023,30.0,29.63,27.862899999999996,1.7671000000000028
TXN,Texas Instruments,Analyst Selectivity Ratio,CQ12024,29.63,27.59,29.301499999999987,-1.7114999999999867
TXN,Texas Instruments,Analyst Selectivity Ratio,CQ22024,27.59,27.59,28.82740000000001,-1.2374000000000116
TXN,Texas Instruments,Analyst Selectivity Ratio,CQ32024,27.59,24.14,27.859399999999987,-3.719399999999986
TXN,Texas Instruments,Language Complexity,CQ12022,10.82,10.15,10.518700000000003,-0.36870000000000225
TXN,Texas Instruments,Language Complexity,CQ22022,10.15,10.25,10.676299999999996,-0.4262999999999959
TXN,Texas Instruments,Language Complexity,CQ32022,10.25,9.95,10.639299999999999,-0.6892999999999994
TXN,Texas Instruments,Language Complexity,CQ42022,9.95,10.06,10.3727,-0.31269999999999953
TXN,Texas Instruments,Language Complexity,CQ12023,10.06,9.95,10.233999999999998,-0.2839999999999989
TXN,Texas Instruments,Language Complexity,CQ22023,9.95,10.18,10.161499999999993,0.018500000000006622
TXN,Texas Instruments,Language Complexity,CQ32023,10.18,10.41,10.323699999999997,0.08630000000000315
TXN,Texas Instruments,Language Complexity,CQ42023,10.41,10.43,10.5156,-0.08559999999999945
TXN,Texas Instruments,Language Complexity,CQ12024,10.43,9.82,10.482900000000003,-0.6629000000000023
TXN,Texas Instruments,Language Complexity,CQ22024,9.82,10.91,10.193399999999997,0.7166000000000032
TXN,Texas Instruments,Language Complexity,CQ32024,10.91,9.64,10.376400000000004,-0.7364000000000033
TXN,Texas Instruments,Net Positivity,CQ12022,1.01,0.17,1.0183000000000004,-0.8483000000000004
TXN,Texas Instruments,Net Positivity,CQ22022,0.17,1.11,0.4187000000000001,0.6913
TXN,Texas Instruments,Net Positivity,CQ32022,1.11,0.35,0.9474000000000002,-0.5974000000000003
TXN,Texas Instruments,Net Positivity,CQ42022,0.35,0.32,0.6424999999999998,-0.32249999999999984
TXN,Texas Instruments,Net Positivity,CQ12023,0.32,0.53,0.5989000000000005,-0.06890000000000052
TXN,Texas Instruments,Net Positivity,CQ22023,0.53,0.23,0.4923000000000002,-0.2623000000000002
TXN,Texas Instruments,Net Positivity,CQ32023,0.23,0.34,0.5778,-0.23779999999999996
TXN,Texas Instruments,Net Positivity,CQ42023,0.34,0.13,0.5019999999999999,-0.3719999999999999
TXN,Texas Instruments,Net Positivity,CQ12024,0.13,0.47,0.4567000000000001,0.013299999999999867
TXN,Texas Instruments,Net Positivity,CQ22024,0.47,1.24,0.5618000000000003,0.6781999999999997
TXN,Texas Instruments,Net Positivity,CQ32024,1.24,0.49,0.6262000000000003,-0.13620000000000032
TXN,Texas Instruments,Numeric Transeprency,CQ12022,2.73,2.11,2.4754,-0.36540000000000017
TXN,Texas Instruments,Numeric Transeprency,CQ22022,2.11,2.7,2.3446999999999987,0.3553000000000015
TXN,Texas Instruments,Numeric Transeprency,CQ32022,2.7,2.05,2.5688,-0.5188000000000001
TXN,Texas Instruments,Numeric Transeprency,CQ42022,2.05,2.93,2.3239999999999994,0.6060000000000008
TXN,Texas Instruments,Numeric Transeprency,CQ12023,2.93,2.27,2.4895999999999994,-0.21959999999999935
TXN,Texas Instruments,Numeric Transeprency,CQ22023,2.27,2.06,2.3512000000000013,-0.29120000000000124
TXN,Texas Instruments,Numeric Transeprency,CQ32023,2.06,2.46,2.5388,-0.0788000000000002
TXN,Texas Instruments,Numeric Transeprency,CQ42023,2.46,2.58,2.3268,0.2532000000000001
TXN,Texas Instruments,Numeric Transeprency,CQ12024,2.58,1.98,2.3896,-0.4096000000000002
TXN,Texas Instruments,Numeric Transeprency,CQ22024,1.98,1.99,2.0882999999999985,-0.0982999999999985
TXN,Texas Instruments,Numeric Transeprency,CQ32024,1.99,2.24,2.277599999999999,-0.03759999999999897
UPS,United Parcel Service,Analyst Selectivity Ratio,CQ12022,50.0,43.33,59.239500000000014,-15.909500000000016
UPS,United Parcel Service,Analyst Selectivity Ratio,CQ22022,43.33,31.03,49.17869999999999,-18.14869999999999
UPS,United Parcel Service,Analyst Selectivity Ratio,CQ32022,31.03,32.14,49.0494,-16.909399999999998
UPS,United Parcel Service,Analyst Selectivity Ratio,CQ42022,32.14,32.14,36.39400000000001,-4.254000000000012
UPS,United Parcel Service,Analyst Selectivity Ratio,CQ12023,32.14,23.08,30.5225,-7.442500000000003
UPS,United Parcel Service,Analyst Selectivity Ratio,CQ22023,23.08,40.74,27.713400000000007,13.026599999999995
UPS,United Parcel Service,Analyst Selectivity Ratio,CQ32023,40.74,33.33,36.244399999999985,-2.9143999999999863
UPS,United Parcel Service,Analyst Selectivity Ratio,CQ42023,33.33,31.03,34.25949999999999,-3.2294999999999874
UPS,United Parcel Service,Analyst Selectivity Ratio,CQ12024,31.03,44.83,32.6755,12.154499999999999
UPS,United Parcel Service,Analyst Selectivity Ratio,CQ22024,44.83,35.71,40.5311,-4.821100000000001
UPS,United Parcel Service,Analyst Selectivity Ratio,CQ32024,35.71,23.08,42.4889,-19.408900000000003
UPS,United Parcel Service,Language Complexity,CQ12022,11.06,11.32,11.465,-0.14499999999999957
UPS,United Parcel Service,Language Complexity,CQ22022,11.32,11.04,11.4214,-0.38140000000000107
UPS,United Parcel Service,Language Complexity,CQ32022,11.04,12.18,11.340499999999999,0.839500000000001
UPS,United Parcel Service,Language Complexity,CQ42022,12.18,11.62,11.772600000000004,-0.15260000000000495
UPS,United Parcel Service,Language Complexity,CQ12023,11.62,11.32,11.874800000000004,-0.5548000000000037
UPS,United Parcel Service,Language Complexity,CQ22023,11.32,10.87,11.4776,-0.6076000000000015
UPS,United Parcel Service,Language Complexity,CQ32023,10.87,10.95,11.478899999999994,-0.5288999999999948
UPS,United Parcel Service,Language Complexity,CQ42023,10.95,11.4,11.260500000000004,0.1394999999999964
UPS,United Parcel Service,Language Complexity,CQ12024,11.4,10.72,11.331299999999993,-0.6112999999999928
UPS,United Parcel Service,Language Complexity,CQ22024,10.72,10.88,11.085799999999992,-0.2057999999999911
UPS,United Parcel Service,Language Complexity,CQ32024,10.88,11.0,11.189200000000003,-0.18920000000000314
UPS,United Parcel Service,Net Positivity,CQ12022,1.66,0.98,1.5516000000000003,-0.5716000000000003
UPS,United Parcel Service,Net Positivity,CQ22022,0.98,1.21,1.2239000000000002,-0.013900000000000245
UPS,United Parcel Service,Net Positivity,CQ32022,1.21,1.64,1.0592,0.5808
UPS,United Parcel Service,Net Positivity,CQ42022,1.64,0.88,1.1757999999999993,-0.2957999999999993
UPS,United Parcel Service,Net Positivity,CQ12023,0.88,0.86,1.2834000000000003,-0.42340000000000033
UPS,United Parcel Service,Net Positivity,CQ22023,0.86,0.81,1.0744000000000005,-0.2644000000000004
UPS,United Parcel Service,Net Positivity,CQ32023,0.81,0.26,0.7578999999999998,-0.4978999999999998
UPS,United Parcel Service,Net Positivity,CQ42023,0.26,0.74,0.6344000000000001,0.10559999999999992
UPS,United Parcel Service,Net Positivity,CQ12024,0.74,0.94,0.6433000000000004,0.2966999999999995
UPS,United Parcel Service,Net Positivity,CQ22024,0.94,1.12,0.8165,0.3035000000000001
UPS,United Parcel Service,Net Positivity,CQ32024,1.12,1.4,0.9596999999999997,0.44030000000000025
UPS,United Parcel Service,Numeric Transeprency,CQ12022,4.32,2.68,2.6679000000000004,0.012099999999999778
UPS,United Parcel Service,Numeric Transeprency,CQ22022,2.68,2.69,2.5664999999999996,0.12350000000000039
UPS,United Parcel Service,Numeric Transeprency,CQ32022,2.69,2.46,3.1715,-0.7115
UPS,United Parcel Service,Numeric Transeprency,CQ42022,2.46,3.84,3.1565000000000016,0.6834999999999982
UPS,United Parcel Service,Numeric Transeprency,CQ12023,3.84,2.75,2.6883000000000017,0.06169999999999831
UPS,United Parcel Service,Numeric Transeprency,CQ22023,2.75,2.78,2.625400000000001,0.15459999999999896
UPS,United Parcel Service,Numeric Transeprency,CQ32023,2.78,2.76,3.3172000000000015,-0.5572000000000017
UPS,United Parcel Service,Numeric Transeprency,CQ42023,2.76,3.72,3.0699999999999994,0.6500000000000008
UPS,United Parcel Service,Numeric Transeprency,CQ12024,3.72,2.61,2.7790999999999992,-0.16909999999999936
UPS,United Parcel Service,Numeric Transeprency,CQ22024,2.61,2.43,2.4784999999999986,-0.04849999999999843
UPS,United Parcel Service,Numeric Transeprency,CQ32024,2.43,2.67,3.310199999999999,-0.6401999999999992
USB,U.S. Bancorp,Analyst Selectivity Ratio,CQ12022,44.44,45.0,42.09570000000001,2.904299999999992
USB,U.S. Bancorp,Analyst Selectivity Ratio,CQ22022,45.0,38.89,44.88919999999999,-5.999199999999988
USB,U.S. Bancorp,Analyst Selectivity Ratio,CQ32022,38.89,26.09,40.97,-14.879999999999999
USB,U.S. Bancorp,Analyst Selectivity Ratio,CQ42022,26.09,40.0,35.955799999999996,4.044200000000004
USB,U.S. Bancorp,Analyst Selectivity Ratio,CQ12023,40.0,36.0,38.59130000000002,-2.591300000000018
USB,U.S. Bancorp,Analyst Selectivity Ratio,CQ22023,36.0,34.78,38.77,-3.990000000000002
USB,U.S. Bancorp,Analyst Selectivity Ratio,CQ32023,34.78,28.0,37.34539999999999,-9.34539999999999
USB,U.S. Bancorp,Analyst Selectivity Ratio,CQ42023,28.0,33.33,33.25430000000001,0.07569999999999055
USB,U.S. Bancorp,Analyst Selectivity Ratio,CQ12024,33.33,37.5,27.988000000000007,9.511999999999993
USB,U.S. Bancorp,Analyst Selectivity Ratio,CQ22024,37.5,45.83,34.7535,11.076499999999996
USB,U.S. Bancorp,Analyst Selectivity Ratio,CQ32024,45.83,38.1,36.40390000000001,1.6960999999999942
USB,U.S. Bancorp,Language Complexity,CQ12022,11.37,11.97,11.601700000000003,0.36829999999999785
USB,U.S. Bancorp,Language Complexity,CQ22022,11.97,11.54,11.7552,-0.21520000000000117
USB,U.S. Bancorp,Language Complexity,CQ32022,11.54,12.19,12.011599999999996,0.17840000000000344
USB,U.S. Bancorp,Language Complexity,CQ42022,12.19,12.27,11.749400000000001,0.5205999999999982
USB,U.S. Bancorp,Language Complexity,CQ12023,12.27,11.56,12.308700000000004,-0.748700000000003
USB,U.S. Bancorp,Language Complexity,CQ22023,11.56,11.95,11.747900000000007,0.20209999999999262
USB,U.S. Bancorp,Language Complexity,CQ32023,11.95,11.69,11.858200000000002,-0.16820000000000235
USB,U.S. Bancorp,Language Complexity,CQ42023,11.69,11.6,11.892299999999999,-0.2922999999999991
USB,U.S. Bancorp,Language Complexity,CQ12024,11.6,10.26,11.775100000000002,-1.5151000000000021
USB,U.S. Bancorp,Language Complexity,CQ22024,10.26,10.66,11.377800000000002,-0.7178000000000022
USB,U.S. Bancorp,Language Complexity,CQ32024,10.66,11.53,11.122500000000008,0.40749999999999176
USB,U.S. Bancorp,Net Positivity,CQ12022,0.87,0.66,1.0030999999999999,-0.34309999999999985
USB,U.S. Bancorp,Net Positivity,CQ22022,0.66,0.37,0.7594999999999998,-0.38949999999999985
USB,U.S. Bancorp,Net Positivity,CQ32022,0.37,0.75,0.778,-0.028000000000000025
USB,U.S. Bancorp,Net Positivity,CQ42022,0.75,0.37,0.7454999999999998,-0.37549999999999983
USB,U.S. Bancorp,Net Positivity,CQ12023,0.37,0.23,0.2675999999999998,-0.03759999999999977
USB,U.S. Bancorp,Net Positivity,CQ22023,0.23,0.49,0.3482000000000001,0.14179999999999987
USB,U.S. Bancorp,Net Positivity,CQ32023,0.49,0.7,0.4791,0.22089999999999993
USB,U.S. Bancorp,Net Positivity,CQ42023,0.7,0.55,0.7400999999999998,-0.1900999999999997
USB,U.S. Bancorp,Net Positivity,CQ12024,0.55,0.65,0.6255000000000002,0.024499999999999855
USB,U.S. Bancorp,Net Positivity,CQ22024,0.65,0.47,0.7595999999999999,-0.28959999999999997
USB,U.S. Bancorp,Net Positivity,CQ32024,0.47,1.2,0.6622000000000001,0.5377999999999998
USB,U.S. Bancorp,Numeric Transeprency,CQ12022,2.49,2.96,2.0007999999999995,0.9592000000000005
USB,U.S. Bancorp,Numeric Transeprency,CQ22022,2.96,2.19,2.188100000000001,0.0018999999999991246
USB,U.S. Bancorp,Numeric Transeprency,CQ32022,2.19,2.52,2.5706,-0.0506000000000002
USB,U.S. Bancorp,Numeric Transeprency,CQ42022,2.52,3.39,2.639699999999999,0.7503000000000011
USB,U.S. Bancorp,Numeric Transeprency,CQ12023,3.39,2.62,2.4327,0.18730000000000002
USB,U.S. Bancorp,Numeric Transeprency,CQ22023,2.62,3.01,2.3397,0.6702999999999997
USB,U.S. Bancorp,Numeric Transeprency,CQ32023,3.01,2.49,2.9154000000000013,-0.4254000000000011
USB,U.S. Bancorp,Numeric Transeprency,CQ42023,2.49,2.32,3.0900000000000007,-0.7700000000000009
USB,U.S. Bancorp,Numeric Transeprency,CQ12024,2.32,1.82,2.6112999999999995,-0.7912999999999994
USB,U.S. Bancorp,Numeric Transeprency,CQ22024,1.82,2.3,2.3223000000000007,-0.022300000000000875
USB,U.S. Bancorp,Numeric Transeprency,CQ32024,2.3,2.07,2.4686000000000003,-0.3986000000000005
V,Visa,Analyst Selectivity Ratio,CQ12022,20.59,29.41,25.023999999999983,4.386000000000017
V,Visa,Analyst Selectivity Ratio,CQ22022,29.41,28.13,26.4504,1.6796000000000006
V,Visa,Analyst Selectivity Ratio,CQ32022,28.13,16.13,26.192999999999998,-10.062999999999999
V,Visa,Analyst Selectivity Ratio,CQ42022,16.13,25.0,24.304000000000016,0.6959999999999837
V,Visa,Analyst Selectivity Ratio,CQ12023,25.0,21.21,22.752999999999993,-1.5429999999999922
V,Visa,Analyst Selectivity Ratio,CQ22023,21.21,29.41,23.671099999999996,5.7389000000000046
V,Visa,Analyst Selectivity Ratio,CQ32023,29.41,33.33,28.675000000000004,4.654999999999994
V,Visa,Analyst Selectivity Ratio,CQ42023,33.33,23.53,31.207899999999995,-7.677899999999994
V,Visa,Analyst Selectivity Ratio,CQ12024,23.53,27.78,25.481699999999993,2.2983000000000082
V,Visa,Analyst Selectivity Ratio,CQ22024,27.78,25.71,28.543600000000005,-2.833600000000004
V,Visa,Analyst Selectivity Ratio,CQ32024,25.71,23.53,25.733100000000004,-2.2031000000000027
V,Visa,Language Complexity,CQ12022,12.58,11.97,12.676899999999998,-0.7068999999999974
V,Visa,Language Complexity,CQ22022,11.97,12.41,12.666400000000001,-0.25640000000000107
V,Visa,Language Complexity,CQ32022,12.41,12.53,12.483799999999999,0.046200000000000685
V,Visa,Language Complexity,CQ42022,12.53,12.62,12.57029999999999,0.049700000000008515
V,Visa,Language Complexity,CQ12023,12.62,11.89,12.266499999999997,-0.3764999999999965
V,Visa,Language Complexity,CQ22023,11.89,11.37,12.475999999999994,-1.1059999999999945
V,Visa,Language Complexity,CQ32023,11.37,12.4,11.955299999999996,0.44470000000000454
V,Visa,Language Complexity,CQ42023,12.4,12.58,12.076300000000003,0.5036999999999967
V,Visa,Language Complexity,CQ12024,12.58,12.56,12.124900000000004,0.4350999999999967
V,Visa,Language Complexity,CQ22024,12.56,12.85,12.191500000000001,0.6584999999999983
V,Visa,Language Complexity,CQ32024,12.85,12.98,12.479600000000007,0.5003999999999937
V,Visa,Net Positivity,CQ12022,1.36,1.0,1.4351999999999998,-0.4351999999999998
V,Visa,Net Positivity,CQ22022,1.0,0.79,1.3023000000000005,-0.5123000000000004
V,Visa,Net Positivity,CQ32022,0.79,0.36,1.1420000000000003,-0.7820000000000004
V,Visa,Net Positivity,CQ42022,0.36,1.14,0.8092,0.33079999999999987
V,Visa,Net Positivity,CQ12023,1.14,1.06,1.0133,0.046699999999999964
V,Visa,Net Positivity,CQ22023,1.06,0.82,1.0054999999999996,-0.18549999999999967
V,Visa,Net Positivity,CQ32023,0.82,1.5,0.8826000000000005,0.6173999999999995
V,Visa,Net Positivity,CQ42023,1.5,1.49,1.2746999999999995,0.2153000000000005
V,Visa,Net Positivity,CQ12024,1.49,1.41,1.3675,0.04249999999999998
V,Visa,Net Positivity,CQ22024,1.41,1.5,1.3459999999999999,0.15400000000000014
V,Visa,Net Positivity,CQ32024,1.5,1.32,1.5257000000000005,-0.20570000000000044
V,Visa,Numeric Transeprency,CQ12022,3.21,3.87,4.077675,-0.20767500000000005
V,Visa,Numeric Transeprency,CQ22022,3.87,3.82,3.877857142857144,-0.05785714285714416
V,Visa,Numeric Transeprency,CQ32022,3.82,4.32,6.135260476190478,-1.8152604761904776
V,Visa,Numeric Transeprency,CQ42022,4.32,3.55,6.917028333333329,-3.3670283333333293
V,Visa,Numeric Transeprency,CQ12023,3.55,3.17,5.329536666666667,-2.159536666666667
V,Visa,Numeric Transeprency,CQ22023,3.17,2.7,6.211911666666667,-3.511911666666667
V,Visa,Numeric Transeprency,CQ32023,2.7,3.16,3.3209500000000003,-0.16095000000000015
V,Visa,Numeric Transeprency,CQ42023,3.16,2.23,3.932100000000001,-1.702100000000001
V,Visa,Numeric Transeprency,CQ12024,2.23,2.22,2.3888,-0.16879999999999962
V,Visa,Numeric Transeprency,CQ22024,2.22,2.23,2.5207000000000006,-0.2907000000000006
V,Visa,Numeric Transeprency,CQ32024,2.23,2.86,2.6096000000000004,0.2503999999999995
VLO,Valero Energy,Analyst Selectivity Ratio,CQ12022,57.89,62.5,50.07300000000001,12.426999999999992
VLO,Valero Energy,Analyst Selectivity Ratio,CQ22022,62.5,52.94,46.7213,6.218699999999998
VLO,Valero Energy,Analyst Selectivity Ratio,CQ32022,52.94,52.94,56.82680000000002,-3.8868000000000222
VLO,Valero Energy,Analyst Selectivity Ratio,CQ42022,52.94,52.94,56.925399999999996,-3.9853999999999985
VLO,Valero Energy,Analyst Selectivity Ratio,CQ12023,52.94,35.29,56.98630000000002,-21.696300000000022
VLO,Valero Energy,Analyst Selectivity Ratio,CQ22023,35.29,50.0,44.55429999999999,5.445700000000009
VLO,Valero Energy,Analyst Selectivity Ratio,CQ32023,50.0,47.06,46.048499999999976,1.0115000000000265
VLO,Valero Energy,Analyst Selectivity Ratio,CQ42023,47.06,52.94,44.43009999999998,8.509900000000016
VLO,Valero Energy,Analyst Selectivity Ratio,CQ12024,52.94,46.67,43.3452,3.3248000000000033
VLO,Valero Energy,Analyst Selectivity Ratio,CQ22024,46.67,50.0,45.58699999999999,4.413000000000011
VLO,Valero Energy,Analyst Selectivity Ratio,CQ32024,50.0,46.15,48.84231666666669,-2.6923166666666916
VLO,Valero Energy,Language Complexity,CQ12022,10.83,11.12,10.945300000000001,0.17469999999999786
VLO,Valero Energy,Language Complexity,CQ22022,11.12,11.13,11.465099999999998,-0.33509999999999707
VLO,Valero Energy,Language Complexity,CQ32022,11.13,11.15,11.3728,-0.22279999999999944
VLO,Valero Energy,Language Complexity,CQ42022,11.15,11.21,11.3222,-0.11219999999999963
VLO,Valero Energy,Language Complexity,CQ12023,11.21,11.2,11.445300000000005,-0.24530000000000562
VLO,Valero Energy,Language Complexity,CQ22023,11.2,11.14,11.364999999999998,-0.22499999999999787
VLO,Valero Energy,Language Complexity,CQ32023,11.14,11.21,11.233300000000002,-0.023300000000000765
VLO,Valero Energy,Language Complexity,CQ42023,11.21,11.31,11.362099999999998,-0.05209999999999759
VLO,Valero Energy,Language Complexity,CQ12024,11.31,11.37,11.21,0.15999999999999837
VLO,Valero Energy,Language Complexity,CQ22024,11.37,11.23,11.581799999999998,-0.3517999999999972
VLO,Valero Energy,Language Complexity,CQ32024,11.23,11.07,11.346599999999997,-0.2765999999999966
VLO,Valero Energy,Net Positivity,CQ12022,0.7,0.23,0.7558000000000002,-0.5258000000000003
VLO,Valero Energy,Net Positivity,CQ22022,0.23,0.39,0.6107000000000001,-0.22070000000000012
VLO,Valero Energy,Net Positivity,CQ32022,0.39,0.34,0.5085000000000001,-0.16850000000000004
VLO,Valero Energy,Net Positivity,CQ42022,0.34,0.57,0.5342000000000001,0.03579999999999983
VLO,Valero Energy,Net Positivity,CQ12023,0.57,0.46,0.6215,-0.16150000000000003
VLO,Valero Energy,Net Positivity,CQ22023,0.46,0.79,0.18799999999999994,0.6020000000000001
VLO,Valero Energy,Net Positivity,CQ32023,0.79,0.68,0.6079,0.07210000000000005
VLO,Valero Energy,Net Positivity,CQ42023,0.68,0.57,0.6417999999999995,-0.07179999999999953
VLO,Valero Energy,Net Positivity,CQ12024,0.57,0.2,0.6689000000000002,-0.46890000000000015
VLO,Valero Energy,Net Positivity,CQ22024,0.2,0.45,0.4521,-0.0020999999999999908
VLO,Valero Energy,Net Positivity,CQ32024,0.45,0.52,0.1704000000000001,0.3495999999999999
VLO,Valero Energy,Numeric Transeprency,CQ12022,2.99,2.35,2.5034000000000005,-0.15340000000000042
VLO,Valero Energy,Numeric Transeprency,CQ22022,2.35,2.57,2.579300000000001,-0.009300000000000974
VLO,Valero Energy,Numeric Transeprency,CQ32022,2.57,2.51,2.743499999999999,-0.23349999999999937
VLO,Valero Energy,Numeric Transeprency,CQ42022,2.51,3.11,2.9320000000000004,0.1779999999999995
VLO,Valero Energy,Numeric Transeprency,CQ12023,3.11,2.82,2.491799999999999,0.3282000000000007
VLO,Valero Energy,Numeric Transeprency,CQ22023,2.82,2.14,2.4904000000000006,-0.3504000000000005
VLO,Valero Energy,Numeric Transeprency,CQ32023,2.14,2.45,2.4118000000000004,0.03819999999999979
VLO,Valero Energy,Numeric Transeprency,CQ42023,2.45,2.6,2.8382,-0.23819999999999997
VLO,Valero Energy,Numeric Transeprency,CQ12024,2.6,2.69,2.729800000000001,-0.039800000000000946
VLO,Valero Energy,Numeric Transeprency,CQ22024,2.69,2.27,2.1632,0.10680000000000023
VLO,Valero Energy,Numeric Transeprency,CQ32024,2.27,2.25,2.5672,-0.31720000000000015
VTR,Ventas,Analyst Selectivity Ratio,CQ12022,33.33,36.36,40.1173,-3.7573000000000008
VTR,Ventas,Analyst Selectivity Ratio,CQ22022,36.36,42.86,36.9765,5.883499999999998
VTR,Ventas,Analyst Selectivity Ratio,CQ32022,42.86,62.5,39.53760000000001,22.962399999999988
VTR,Ventas,Analyst Selectivity Ratio,CQ42022,62.5,50.0,46.971300000000014,3.0286999999999864
VTR,Ventas,Analyst Selectivity Ratio,CQ12023,50.0,50.0,51.685199999999995,-1.6851999999999947
VTR,Ventas,Analyst Selectivity Ratio,CQ22023,50.0,37.5,49.35010000000001,-11.850100000000012
VTR,Ventas,Analyst Selectivity Ratio,CQ32023,37.5,14.29,50.8341,-36.5441
VTR,Ventas,Analyst Selectivity Ratio,CQ42023,14.29,33.33,26.315099999999983,7.014900000000015
VTR,Ventas,Analyst Selectivity Ratio,CQ12024,33.33,40.0,36.79120000000001,3.2087999999999894
VTR,Ventas,Analyst Selectivity Ratio,CQ22024,40.0,50.0,35.248200000000004,14.751799999999996
VTR,Ventas,Analyst Selectivity Ratio,CQ32024,50.0,60.0,36.84630000000002,23.15369999999998
VTR,Ventas,Language Complexity,CQ12022,12.41,12.68,12.255800000000004,0.42419999999999547
VTR,Ventas,Language Complexity,CQ22022,12.68,11.68,12.759099999999997,-1.0790999999999968
VTR,Ventas,Language Complexity,CQ32022,11.68,11.63,12.225100000000003,-0.5951000000000022
VTR,Ventas,Language Complexity,CQ42022,11.63,11.75,12.008200000000006,-0.25820000000000576
VTR,Ventas,Language Complexity,CQ12023,11.75,12.29,12.2117,0.0782999999999987
VTR,Ventas,Language Complexity,CQ22023,12.29,12.7,11.879300000000002,0.8206999999999969
VTR,Ventas,Language Complexity,CQ32023,12.7,12.64,12.311399999999992,0.32860000000000866
VTR,Ventas,Language Complexity,CQ42023,12.64,11.97,12.330499999999997,-0.3604999999999965
VTR,Ventas,Language Complexity,CQ12024,11.97,11.71,12.492399999999993,-0.782399999999992
VTR,Ventas,Language Complexity,CQ22024,11.71,11.99,12.015099999999997,-0.02509999999999657
VTR,Ventas,Language Complexity,CQ32024,11.99,12.18,11.852199999999996,0.3278000000000034
VTR,Ventas,Net Positivity,CQ12022,1.97,2.4,1.6918999999999997,0.7081000000000002
VTR,Ventas,Net Positivity,CQ22022,2.4,2.14,1.8116999999999996,0.3283000000000005
VTR,Ventas,Net Positivity,CQ32022,2.14,1.77,1.9382999999999992,-0.16829999999999923
VTR,Ventas,Net Positivity,CQ42022,1.77,1.84,2.070500000000001,-0.23050000000000082
VTR,Ventas,Net Positivity,CQ12023,1.84,2.79,2.0345999999999993,0.7554000000000007
VTR,Ventas,Net Positivity,CQ22023,2.79,1.98,2.0187999999999993,-0.03879999999999928
VTR,Ventas,Net Positivity,CQ32023,1.98,2.26,1.9700000000000015,0.28999999999999826
VTR,Ventas,Net Positivity,CQ42023,2.26,2.24,2.6916999999999995,-0.4516999999999993
VTR,Ventas,Net Positivity,CQ12024,2.24,2.51,2.470200000000001,0.039799999999998725
VTR,Ventas,Net Positivity,CQ22024,2.51,2.47,2.4226999999999994,0.047300000000000786
VTR,Ventas,Net Positivity,CQ32024,2.47,2.36,2.3297000000000008,0.030299999999999105
VTR,Ventas,Numeric Transeprency,CQ12022,2.14,2.28,2.4542000000000006,-0.1742000000000008
VTR,Ventas,Numeric Transeprency,CQ22022,2.28,2.8,2.2712,0.5287999999999999
VTR,Ventas,Numeric Transeprency,CQ32022,2.8,2.84,2.0748000000000006,0.7651999999999992
VTR,Ventas,Numeric Transeprency,CQ42022,2.84,3.24,2.4019000000000004,0.8380999999999998
VTR,Ventas,Numeric Transeprency,CQ12023,3.24,2.59,2.8802000000000008,-0.2902000000000009
VTR,Ventas,Numeric Transeprency,CQ22023,2.59,2.8,2.7956,0.0043999999999999595
VTR,Ventas,Numeric Transeprency,CQ32023,2.8,2.67,2.9253999999999984,-0.2553999999999985
VTR,Ventas,Numeric Transeprency,CQ42023,2.67,3.19,3.0660000000000007,0.12399999999999922
VTR,Ventas,Numeric Transeprency,CQ12024,3.19,2.01,2.6716000000000006,-0.6616000000000009
VTR,Ventas,Numeric Transeprency,CQ22024,2.01,2.39,2.3245999999999993,0.06540000000000079
VTR,Ventas,Numeric Transeprency,CQ32024,2.39,2.4,2.9934000000000016,-0.5934000000000017
VZ,Verizon,Analyst Selectivity Ratio,CQ12022,32.0,29.63,34.29290000000001,-4.662900000000011
VZ,Verizon,Analyst Selectivity Ratio,CQ22022,29.63,30.77,32.197,-1.4270000000000032
VZ,Verizon,Analyst Selectivity Ratio,CQ32022,30.77,26.92,40.842900000000014,-13.922900000000013
VZ,Verizon,Analyst Selectivity Ratio,CQ42022,26.92,40.0,26.962699999999987,13.037300000000013
VZ,Verizon,Analyst Selectivity Ratio,CQ12023,40.0,43.48,33.154199999999996,10.325800000000001
VZ,Verizon,Analyst Selectivity Ratio,CQ22023,43.48,43.48,40.0057,3.4742999999999995
VZ,Verizon,Analyst Selectivity Ratio,CQ32023,43.48,47.83,38.39449999999999,9.435500000000012
VZ,Verizon,Analyst Selectivity Ratio,CQ42023,47.83,37.5,44.80319999999999,-7.30319999999999
VZ,Verizon,Analyst Selectivity Ratio,CQ12024,37.5,34.62,42.9647,-8.344700000000003
VZ,Verizon,Analyst Selectivity Ratio,CQ22024,34.62,41.67,37.57680000000002,4.093199999999982
VZ,Verizon,Analyst Selectivity Ratio,CQ32024,41.67,47.37,39.32909999999999,8.040900000000008
VZ,Verizon,Language Complexity,CQ12022,12.16,11.85,11.740499999999999,0.1095000000000006
VZ,Verizon,Language Complexity,CQ22022,11.85,11.84,11.879700000000003,-0.0397000000000034
VZ,Verizon,Language Complexity,CQ32022,11.84,11.32,11.9784,-0.6584000000000003
VZ,Verizon,Language Complexity,CQ42022,11.32,11.9,11.5832,0.31680000000000064
VZ,Verizon,Language Complexity,CQ12023,11.9,11.53,11.750000000000007,-0.22000000000000774
VZ,Verizon,Language Complexity,CQ22023,11.53,11.42,11.88000000000001,-0.46000000000000973
VZ,Verizon,Language Complexity,CQ32023,11.42,11.57,11.719100000000003,-0.14910000000000245
VZ,Verizon,Language Complexity,CQ42023,11.57,11.51,11.789999999999996,-0.2799999999999958
VZ,Verizon,Language Complexity,CQ12024,11.51,10.78,11.583300000000001,-0.8033000000000019
VZ,Verizon,Language Complexity,CQ22024,10.78,11.28,11.3236,-0.043600000000001415
VZ,Verizon,Language Complexity,CQ32024,11.28,9.65,11.498700000000003,-1.8487000000000027
VZ,Verizon,Net Positivity,CQ12022,1.91,1.49,1.943299999999999,-0.4532999999999989
VZ,Verizon,Net Positivity,CQ22022,1.49,1.21,1.7244999999999997,-0.5144999999999997
VZ,Verizon,Net Positivity,CQ32022,1.21,1.41,1.3835999999999995,0.026400000000000423
VZ,Verizon,Net Positivity,CQ42022,1.41,1.31,1.6165999999999996,-0.30659999999999954
VZ,Verizon,Net Positivity,CQ12023,1.31,1.84,1.2293999999999996,0.6106000000000005
VZ,Verizon,Net Positivity,CQ22023,1.84,1.86,1.4748999999999992,0.3851000000000009
VZ,Verizon,Net Positivity,CQ32023,1.86,1.95,1.4811999999999994,0.46880000000000055
VZ,Verizon,Net Positivity,CQ42023,1.95,1.98,1.5766000000000002,0.40339999999999976
VZ,Verizon,Net Positivity,CQ12024,1.98,1.93,1.972400000000001,-0.042400000000001103
VZ,Verizon,Net Positivity,CQ22024,1.93,2.22,1.9915,0.22850000000000015
VZ,Verizon,Net Positivity,CQ32024,2.22,1.71,2.2037999999999998,-0.4937999999999998
VZ,Verizon,Numeric Transeprency,CQ12022,3.23,1.79,2.180799999999999,-0.39079999999999915
VZ,Verizon,Numeric Transeprency,CQ22022,1.79,1.79,2.2281999999999997,-0.4381999999999997
VZ,Verizon,Numeric Transeprency,CQ32022,1.79,1.89,2.2507,-0.36070000000000024
VZ,Verizon,Numeric Transeprency,CQ42022,1.89,1.85,2.2686000000000006,-0.4186000000000005
VZ,Verizon,Numeric Transeprency,CQ12023,1.85,1.42,1.8817,-0.4617
VZ,Verizon,Numeric Transeprency,CQ22023,1.42,1.6,1.5693999999999997,0.030600000000000405
VZ,Verizon,Numeric Transeprency,CQ32023,1.6,2.04,1.6022000000000007,0.4377999999999993
VZ,Verizon,Numeric Transeprency,CQ42023,2.04,2.43,1.7042000000000008,0.7257999999999993
VZ,Verizon,Numeric Transeprency,CQ12024,2.43,1.46,2.1779000000000006,-0.7179000000000006
VZ,Verizon,Numeric Transeprency,CQ22024,1.46,1.73,1.8102,-0.08020000000000005
VZ,Verizon,Numeric Transeprency,CQ32024,1.73,1.48,1.9424000000000006,-0.4624000000000006
WAT,Waters Corporation,Analyst Selectivity Ratio,CQ12022,38.46,42.86,38.16409999999999,4.695900000000009
WAT,Waters Corporation,Analyst Selectivity Ratio,CQ22022,42.86,64.29,39.2929,24.997100000000003
WAT,Waters Corporation,Analyst Selectivity Ratio,CQ32022,64.29,35.71,51.88180000000002,-16.17180000000002
WAT,Waters Corporation,Analyst Selectivity Ratio,CQ42022,35.71,60.0,47.28779999999997,12.712200000000031
WAT,Waters Corporation,Analyst Selectivity Ratio,CQ12023,60.0,43.75,43.3874,0.3626000000000005
WAT,Waters Corporation,Analyst Selectivity Ratio,CQ22023,43.75,37.5,45.84180000000001,-8.341800000000013
WAT,Waters Corporation,Analyst Selectivity Ratio,CQ32023,37.5,37.5,49.942299999999975,-12.442299999999975
WAT,Waters Corporation,Analyst Selectivity Ratio,CQ42023,37.5,33.33,49.0018,-15.671800000000005
WAT,Waters Corporation,Analyst Selectivity Ratio,CQ12024,33.33,50.0,34.96129999999999,15.038700000000013
WAT,Waters Corporation,Analyst Selectivity Ratio,CQ22024,50.0,43.75,36.8017,6.948300000000003
WAT,Waters Corporation,Analyst Selectivity Ratio,CQ32024,43.75,26.67,45.058900000000015,-18.388900000000014
WAT,Waters Corporation,Language Complexity,CQ12022,13.01,12.41,12.934799999999996,-0.5247999999999955
WAT,Waters Corporation,Language Complexity,CQ22022,12.41,11.94,12.432799999999995,-0.49279999999999546
WAT,Waters Corporation,Language Complexity,CQ32022,11.94,12.18,12.503099999999996,-0.3230999999999966
WAT,Waters Corporation,Language Complexity,CQ42022,12.18,12.45,12.298900000000003,0.15109999999999602
WAT,Waters Corporation,Language Complexity,CQ12023,12.45,12.29,12.441899999999992,-0.15189999999999237
WAT,Waters Corporation,Language Complexity,CQ22023,12.29,12.04,12.6027,-0.5627000000000013
WAT,Waters Corporation,Language Complexity,CQ32023,12.04,12.06,12.215699999999995,-0.15569999999999418
WAT,Waters Corporation,Language Complexity,CQ42023,12.06,11.56,11.873400000000006,-0.313400000000005
WAT,Waters Corporation,Language Complexity,CQ12024,11.56,12.48,12.256999999999996,0.2230000000000043
WAT,Waters Corporation,Language Complexity,CQ22024,12.48,11.72,12.387799999999997,-0.6677999999999962
WAT,Waters Corporation,Language Complexity,CQ32024,11.72,12.44,12.178300000000004,0.2616999999999958
WAT,Waters Corporation,Net Positivity,CQ12022,1.61,2.02,1.7571,0.2628999999999999
WAT,Waters Corporation,Net Positivity,CQ22022,2.02,1.79,1.866000000000001,-0.07600000000000096
WAT,Waters Corporation,Net Positivity,CQ32022,1.79,1.85,1.4738000000000009,0.3761999999999992
WAT,Waters Corporation,Net Positivity,CQ42022,1.85,1.77,1.7848999999999995,-0.01489999999999947
WAT,Waters Corporation,Net Positivity,CQ12023,1.77,0.63,1.9214000000000004,-1.2914000000000003
WAT,Waters Corporation,Net Positivity,CQ22023,0.63,0.94,1.1658000000000004,-0.22580000000000044
WAT,Waters Corporation,Net Positivity,CQ32023,0.94,0.56,1.2233999999999996,-0.6633999999999995
WAT,Waters Corporation,Net Positivity,CQ42023,0.56,0.11,1.0033,-0.8933000000000001
WAT,Waters Corporation,Net Positivity,CQ12024,0.11,0.59,0.5121999999999999,0.07780000000000009
WAT,Waters Corporation,Net Positivity,CQ22024,0.59,1.26,0.36330000000000007,0.8966999999999999
WAT,Waters Corporation,Net Positivity,CQ32024,1.26,1.83,0.9571999999999997,0.8728000000000004
WAT,Waters Corporation,Numeric Transeprency,CQ12022,3.32,2.65,2.4556000000000004,0.19439999999999946
WAT,Waters Corporation,Numeric Transeprency,CQ22022,2.65,2.66,2.5731,0.08689999999999998
WAT,Waters Corporation,Numeric Transeprency,CQ32022,2.66,2.51,3.021900000000001,-0.5119000000000011
WAT,Waters Corporation,Numeric Transeprency,CQ42022,2.51,3.19,2.9666000000000015,0.2233999999999985
WAT,Waters Corporation,Numeric Transeprency,CQ12023,3.19,2.61,2.793500000000001,-0.18350000000000133
WAT,Waters Corporation,Numeric Transeprency,CQ22023,2.61,2.49,2.541400000000001,-0.051400000000001
WAT,Waters Corporation,Numeric Transeprency,CQ32023,2.49,2.64,2.7311999999999994,-0.09119999999999928
WAT,Waters Corporation,Numeric Transeprency,CQ42023,2.64,3.76,2.7990999999999993,0.9609000000000005
WAT,Waters Corporation,Numeric Transeprency,CQ12024,3.76,2.32,2.830600000000002,-0.5106000000000019
WAT,Waters Corporation,Numeric Transeprency,CQ22024,2.32,2.37,2.6529999999999996,-0.2829999999999995
WAT,Waters Corporation,Numeric Transeprency,CQ32024,2.37,2.31,3.0435,-0.7334999999999998
WFC,Wells Fargo,Analyst Selectivity Ratio,CQ12022,30.43,36.0,34.867200000000004,1.132799999999996
WFC,Wells Fargo,Analyst Selectivity Ratio,CQ22022,36.0,37.5,37.295400000000015,0.20459999999998502
WFC,Wells Fargo,Analyst Selectivity Ratio,CQ32022,37.5,29.17,36.4999,-7.329899999999995
WFC,Wells Fargo,Analyst Selectivity Ratio,CQ42022,29.17,32.0,32.787200000000006,-0.7872000000000057
WFC,Wells Fargo,Analyst Selectivity Ratio,CQ12023,32.0,36.0,32.9694,3.0305999999999997
WFC,Wells Fargo,Analyst Selectivity Ratio,CQ22023,36.0,36.0,36.569800000000015,-0.569800000000015
WFC,Wells Fargo,Analyst Selectivity Ratio,CQ32023,36.0,26.09,33.43100000000001,-7.341000000000012
WFC,Wells Fargo,Analyst Selectivity Ratio,CQ42023,26.09,29.17,31.810299999999994,-2.6402999999999928
WFC,Wells Fargo,Analyst Selectivity Ratio,CQ12024,29.17,34.78,29.185099999999984,5.594900000000017
WFC,Wells Fargo,Analyst Selectivity Ratio,CQ22024,34.78,25.0,28.867399999999986,-3.8673999999999857
WFC,Wells Fargo,Analyst Selectivity Ratio,CQ32024,25.0,36.36,27.553500000000007,8.806499999999993
WFC,Wells Fargo,Language Complexity,CQ12022,13.2,12.08,13.015899999999998,-0.9358999999999984
WFC,Wells Fargo,Language Complexity,CQ22022,12.08,12.22,12.646700000000004,-0.42670000000000385
WFC,Wells Fargo,Language Complexity,CQ32022,12.22,12.39,12.6314,-0.24139999999999873
WFC,Wells Fargo,Language Complexity,CQ42022,12.39,13.29,12.422199999999993,0.8678000000000061
WFC,Wells Fargo,Language Complexity,CQ12023,13.29,12.62,12.530400000000009,0.08959999999999013
WFC,Wells Fargo,Language Complexity,CQ22023,12.62,12.3,12.710299999999995,-0.4102999999999941
WFC,Wells Fargo,Language Complexity,CQ32023,12.3,12.66,12.568299999999997,0.091700000000003
WFC,Wells Fargo,Language Complexity,CQ42023,12.66,12.56,12.548699999999998,0.011300000000002086
WFC,Wells Fargo,Language Complexity,CQ12024,12.56,11.96,12.465500000000002,-0.5055000000000014
WFC,Wells Fargo,Language Complexity,CQ22024,11.96,12.85,12.433399999999999,0.41660000000000075
WFC,Wells Fargo,Language Complexity,CQ32024,12.85,12.6,12.478600000000002,0.12139999999999773
WFC,Wells Fargo,Net Positivity,CQ12022,1.19,0.05,0.8605000000000002,-0.8105000000000001
WFC,Wells Fargo,Net Positivity,CQ22022,0.05,-0.04,0.43019999999999997,-0.47019999999999995
WFC,Wells Fargo,Net Positivity,CQ32022,-0.04,-0.17,0.4595000000000001,-0.6295000000000001
WFC,Wells Fargo,Net Positivity,CQ42022,-0.17,0.52,0.3288999999999999,0.1911000000000001
WFC,Wells Fargo,Net Positivity,CQ12023,0.52,0.05,0.5235000000000001,-0.4735000000000001
WFC,Wells Fargo,Net Positivity,CQ22023,0.05,-0.04,0.41110000000000013,-0.4511000000000001
WFC,Wells Fargo,Net Positivity,CQ32023,-0.04,0.24,0.2851000000000001,-0.045100000000000084
WFC,Wells Fargo,Net Positivity,CQ42023,0.24,0.6,0.5357,0.06430000000000002
WFC,Wells Fargo,Net Positivity,CQ12024,0.6,0.5,0.8205000000000001,-0.3205000000000001
WFC,Wells Fargo,Net Positivity,CQ22024,0.5,0.31,0.5732999999999999,-0.2632999999999999
WFC,Wells Fargo,Net Positivity,CQ32024,0.31,0.38,0.5886999999999999,-0.20869999999999989
WFC,Wells Fargo,Numeric Transeprency,CQ12022,2.38,1.87,2.1308999999999982,-0.26089999999999813
WFC,Wells Fargo,Numeric Transeprency,CQ22022,1.87,1.43,1.7828999999999997,-0.35289999999999977
WFC,Wells Fargo,Numeric Transeprency,CQ32022,1.43,1.56,1.9836999999999998,-0.42369999999999974
WFC,Wells Fargo,Numeric Transeprency,CQ42022,1.56,2.0,1.8864000000000005,0.11359999999999948
WFC,Wells Fargo,Numeric Transeprency,CQ12023,2.0,1.48,1.6095999999999997,-0.12959999999999972
WFC,Wells Fargo,Numeric Transeprency,CQ22023,1.48,1.49,1.6787000000000003,-0.1887000000000003
WFC,Wells Fargo,Numeric Transeprency,CQ32023,1.49,1.52,1.6543000000000003,-0.1343000000000003
WFC,Wells Fargo,Numeric Transeprency,CQ42023,1.52,2.14,1.7092,0.43080000000000007
WFC,Wells Fargo,Numeric Transeprency,CQ12024,2.14,1.29,1.7037999999999993,-0.4137999999999993
WFC,Wells Fargo,Numeric Transeprency,CQ22024,1.29,1.39,1.4807999999999995,-0.09079999999999955
WFC,Wells Fargo,Numeric Transeprency,CQ32024,1.39,2.01,1.5871000000000004,0.4228999999999994
WM,Waste Management,Analyst Selectivity Ratio,CQ12022,62.5,62.5,61.2932,1.2068000000000012
WM,Waste Management,Analyst Selectivity Ratio,CQ22022,62.5,60.0,58.133599999999994,1.8664000000000058
WM,Waste Management,Analyst Selectivity Ratio,CQ32022,60.0,56.25,53.634899999999995,2.6151000000000053
WM,Waste Management,Analyst Selectivity Ratio,CQ42022,56.25,70.59,60.23400000000001,10.355999999999995
WM,Waste Management,Analyst Selectivity Ratio,CQ12023,70.59,42.11,58.537599999999976,-16.427599999999977
WM,Waste Management,Analyst Selectivity Ratio,CQ22023,42.11,55.0,50.2164,4.7836
WM,Waste Management,Analyst Selectivity Ratio,CQ32023,55.0,47.37,53.292500000000025,-5.922500000000028
WM,Waste Management,Analyst Selectivity Ratio,CQ42023,47.37,45.0,57.375199999999985,-12.375199999999985
WM,Waste Management,Analyst Selectivity Ratio,CQ12024,45.0,25.0,51.51339999999999,-26.51339999999999
WM,Waste Management,Analyst Selectivity Ratio,CQ22024,25.0,47.62,38.15019999999999,9.469800000000006
WM,Waste Management,Analyst Selectivity Ratio,CQ32024,47.62,52.38,42.1026,10.2774
WM,Waste Management,Language Complexity,CQ12022,12.12,11.72,12.241900000000001,-0.5219000000000005
WM,Waste Management,Language Complexity,CQ22022,11.72,11.37,11.943199999999992,-0.5731999999999928
WM,Waste Management,Language Complexity,CQ32022,11.37,11.78,11.7983,-0.018299999999999983
WM,Waste Management,Language Complexity,CQ42022,11.78,12.06,11.785000000000004,0.2749999999999968
WM,Waste Management,Language Complexity,CQ12023,12.06,11.55,11.896299999999998,-0.3462999999999976
WM,Waste Management,Language Complexity,CQ22023,11.55,11.3,11.981999999999998,-0.6819999999999968
WM,Waste Management,Language Complexity,CQ32023,11.3,11.56,11.759699999999995,-0.19969999999999466
WM,Waste Management,Language Complexity,CQ42023,11.56,12.53,11.759099999999997,0.7709000000000028
WM,Waste Management,Language Complexity,CQ12024,12.53,12.36,11.583300000000007,0.7766999999999928
WM,Waste Management,Language Complexity,CQ22024,12.36,11.78,12.370900000000004,-0.5909000000000049
WM,Waste Management,Language Complexity,CQ32024,11.78,12.7,12.100300000000002,0.5996999999999968
WM,Waste Management,Net Positivity,CQ12022,1.11,1.17,1.1461,0.023900000000000032
WM,Waste Management,Net Positivity,CQ22022,1.17,0.93,0.9836999999999999,-0.05369999999999986
WM,Waste Management,Net Positivity,CQ32022,0.93,0.94,0.9521,-0.0121
WM,Waste Management,Net Positivity,CQ42022,0.94,1.24,0.9575999999999998,0.2824000000000002
WM,Waste Management,Net Positivity,CQ12023,1.24,1.08,1.0362,0.04380000000000006
WM,Waste Management,Net Positivity,CQ22023,1.08,1.19,0.9317000000000004,0.25829999999999953
WM,Waste Management,Net Positivity,CQ32023,1.19,1.34,0.9434000000000001,0.39659999999999995
WM,Waste Management,Net Positivity,CQ42023,1.34,1.9,1.253800000000001,0.646199999999999
WM,Waste Management,Net Positivity,CQ12024,1.9,2.04,1.4095999999999993,0.6304000000000007
WM,Waste Management,Net Positivity,CQ22024,2.04,1.05,1.633099999999999,-0.5830999999999991
WM,Waste Management,Net Positivity,CQ32024,1.05,1.3,1.4835999999999987,-0.18359999999999865
WM,Waste Management,Numeric Transeprency,CQ12022,2.8,2.09,2.0872999999999995,0.0027000000000003688
WM,Waste Management,Numeric Transeprency,CQ22022,2.09,2.65,2.0331999999999995,0.6168000000000005
WM,Waste Management,Numeric Transeprency,CQ32022,2.65,3.31,2.580699999999999,0.7293000000000012
WM,Waste Management,Numeric Transeprency,CQ42022,3.31,2.8,2.7187,0.0812999999999997
WM,Waste Management,Numeric Transeprency,CQ12023,2.8,1.86,2.3409000000000018,-0.48090000000000166
WM,Waste Management,Numeric Transeprency,CQ22023,1.86,2.57,2.161400000000001,0.40859999999999896
WM,Waste Management,Numeric Transeprency,CQ32023,2.57,3.09,2.6349999999999985,0.4550000000000014
WM,Waste Management,Numeric Transeprency,CQ42023,3.09,2.85,2.500099999999999,0.3499000000000012
WM,Waste Management,Numeric Transeprency,CQ12024,2.85,2.62,2.6301000000000005,-0.010100000000000442
WM,Waste Management,Numeric Transeprency,CQ22024,2.62,2.09,2.754500000000001,-0.6645000000000012
WM,Waste Management,Numeric Transeprency,CQ32024,2.09,2.87,2.7688000000000006,0.10119999999999951
WMT,Walmart,Analyst Selectivity Ratio,CQ12022,28.57,47.37,30.899999999999995,16.470000000000002
WMT,Walmart,Analyst Selectivity Ratio,CQ22022,47.37,31.58,40.405100000000004,-8.825100000000006
WMT,Walmart,Analyst Selectivity Ratio,CQ32022,31.58,21.05,43.95600000000001,-22.90600000000001
WMT,Walmart,Analyst Selectivity Ratio,CQ42022,21.05,29.73,30.100499999999997,-0.3704999999999963
WMT,Walmart,Analyst Selectivity Ratio,CQ12023,29.73,28.21,32.7186,-4.508600000000001
WMT,Walmart,Analyst Selectivity Ratio,CQ22023,28.21,26.83,28.33720000000001,-1.5072000000000116
WMT,Walmart,Analyst Selectivity Ratio,CQ32023,26.83,26.67,26.071299999999997,0.5987000000000045
WMT,Walmart,Analyst Selectivity Ratio,CQ42023,26.67,20.51,27.57099999999999,-7.060999999999989
WMT,Walmart,Analyst Selectivity Ratio,CQ12024,20.51,30.77,24.77169999999999,5.998300000000011
WMT,Walmart,Analyst Selectivity Ratio,CQ22024,30.77,26.19,29.609700000000007,-3.419700000000006
WMT,Walmart,Analyst Selectivity Ratio,CQ32024,26.19,30.0,23.743399999999987,6.256600000000013
WMT,Walmart,Language Complexity,CQ12022,12.09,11.86,12.043500000000002,-0.18350000000000222
WMT,Walmart,Language Complexity,CQ22022,11.86,11.63,12.282700000000002,-0.6527000000000012
WMT,Walmart,Language Complexity,CQ32022,11.63,12.18,11.921300000000004,0.2586999999999957
WMT,Walmart,Language Complexity,CQ42022,12.18,11.74,12.123799999999992,-0.3837999999999919
WMT,Walmart,Language Complexity,CQ12023,11.74,12.3,11.911799999999998,0.388200000000003
WMT,Walmart,Language Complexity,CQ22023,12.3,11.64,12.17,-0.5299999999999994
WMT,Walmart,Language Complexity,CQ32023,11.64,11.65,12.090100000000007,-0.4401000000000064
WMT,Walmart,Language Complexity,CQ42023,11.65,12.14,11.979800000000001,0.16019999999999968
WMT,Walmart,Language Complexity,CQ12024,12.14,12.11,12.113999999999999,-0.0039999999999995595
WMT,Walmart,Language Complexity,CQ22024,12.11,11.84,12.023600000000002,-0.18360000000000198
WMT,Walmart,Language Complexity,CQ32024,11.84,12.3,12.1127,0.18730000000000047
WMT,Walmart,Net Positivity,CQ12022,1.96,1.01,2.073,-1.063
WMT,Walmart,Net Positivity,CQ22022,1.01,1.23,1.4113999999999995,-0.18139999999999956
WMT,Walmart,Net Positivity,CQ32022,1.23,1.59,1.5188000000000001,0.07119999999999993
WMT,Walmart,Net Positivity,CQ42022,1.59,1.71,1.5573,0.15270000000000006
WMT,Walmart,Net Positivity,CQ12023,1.71,1.77,1.4775000000000003,0.29249999999999976
WMT,Walmart,Net Positivity,CQ22023,1.77,2.32,1.6483,0.6716999999999997
WMT,Walmart,Net Positivity,CQ32023,2.32,2.04,1.8551000000000004,0.18489999999999962
WMT,Walmart,Net Positivity,CQ42023,2.04,2.52,1.8455999999999992,0.6744000000000008
WMT,Walmart,Net Positivity,CQ12024,2.52,2.56,2.1984000000000004,0.3615999999999997
WMT,Walmart,Net Positivity,CQ22024,2.56,2.13,2.5292000000000012,-0.39920000000000133
WMT,Walmart,Net Positivity,CQ32024,2.13,2.05,2.3106999999999998,-0.26069999999999993
WMT,Walmart,Numeric Transeprency,CQ12022,1.75,0.99,1.3881000000000001,-0.3981000000000001
WMT,Walmart,Numeric Transeprency,CQ22022,0.99,1.29,1.2870999999999992,0.002900000000000791
WMT,Walmart,Numeric Transeprency,CQ32022,1.29,1.83,1.2812999999999999,0.5487000000000002
WMT,Walmart,Numeric Transeprency,CQ42022,1.83,1.65,1.5586999999999998,0.09130000000000016
WMT,Walmart,Numeric Transeprency,CQ12023,1.65,1.26,1.5922999999999998,-0.3322999999999998
WMT,Walmart,Numeric Transeprency,CQ22023,1.26,1.23,1.5738999999999996,-0.34389999999999965
WMT,Walmart,Numeric Transeprency,CQ32023,1.23,1.34,1.5843000000000003,-0.24430000000000018
WMT,Walmart,Numeric Transeprency,CQ42023,1.34,2.19,1.4069000000000003,0.7830999999999997
WMT,Walmart,Numeric Transeprency,CQ12024,2.19,1.27,1.4406999999999996,-0.17069999999999963
WMT,Walmart,Numeric Transeprency,CQ22024,1.27,1.16,1.4788999999999992,-0.3188999999999993
WMT,Walmart,Numeric Transeprency,CQ32024,1.16,1.65,1.6371000000000004,0.012899999999999467
WY,Weyerhaeuser,Analyst Selectivity Ratio,CQ12022,77.78,50.0,68.29319999999998,-18.293199999999985
WY,Weyerhaeuser,Analyst Selectivity Ratio,CQ22022,50.0,80.0,59.31269999999999,20.687300000000008
WY,Weyerhaeuser,Analyst Selectivity Ratio,CQ32022,80.0,80.0,62.869099999999996,17.130900000000004
WY,Weyerhaeuser,Analyst Selectivity Ratio,CQ42022,80.0,63.64,67.56,-3.9200000000000017
WY,Weyerhaeuser,Analyst Selectivity Ratio,CQ12023,63.64,63.64,66.0438,-2.403800000000004
WY,Weyerhaeuser,Analyst Selectivity Ratio,CQ22023,63.64,72.73,66.1044,6.625600000000006
WY,Weyerhaeuser,Analyst Selectivity Ratio,CQ32023,72.73,72.73,63.79549999999997,8.934500000000035
WY,Weyerhaeuser,Analyst Selectivity Ratio,CQ42023,72.73,63.64,64.686,-1.0460000000000065
WY,Weyerhaeuser,Analyst Selectivity Ratio,CQ12024,63.64,83.33,62.17369999999999,21.15630000000001
WY,Weyerhaeuser,Analyst Selectivity Ratio,CQ22024,83.33,66.67,68.76299999999996,-2.092999999999961
WY,Weyerhaeuser,Analyst Selectivity Ratio,CQ32024,66.67,50.0,69.46530000000001,-19.465300000000013
WY,Weyerhaeuser,Language Complexity,CQ12022,12.72,12.6,12.365700000000002,0.2342999999999975
WY,Weyerhaeuser,Language Complexity,CQ22022,12.6,12.22,12.4617,-0.2416999999999998
WY,Weyerhaeuser,Language Complexity,CQ32022,12.22,12.02,12.274600000000003,-0.2546000000000035
WY,Weyerhaeuser,Language Complexity,CQ42022,12.02,12.74,12.443599999999998,0.296400000000002
WY,Weyerhaeuser,Language Complexity,CQ12023,12.74,12.32,12.311499999999999,0.008500000000001506
WY,Weyerhaeuser,Language Complexity,CQ22023,12.32,11.58,12.331899999999997,-0.7518999999999973
WY,Weyerhaeuser,Language Complexity,CQ32023,11.58,11.82,12.194799999999995,-0.37479999999999514
WY,Weyerhaeuser,Language Complexity,CQ42023,11.82,12.64,11.923300000000005,0.7166999999999959
WY,Weyerhaeuser,Language Complexity,CQ12024,12.64,11.61,12.175699999999999,-0.5656999999999996
WY,Weyerhaeuser,Language Complexity,CQ22024,11.61,12.17,12.104400000000005,0.06559999999999455
WY,Weyerhaeuser,Language Complexity,CQ32024,12.17,11.77,11.871400000000003,-0.10140000000000349
WY,Weyerhaeuser,Net Positivity,CQ12022,0.92,1.26,0.8358,0.4242
WY,Weyerhaeuser,Net Positivity,CQ22022,1.26,0.77,0.8277999999999999,-0.05779999999999985
WY,Weyerhaeuser,Net Positivity,CQ32022,0.77,0.07,0.8288999999999994,-0.7588999999999995
WY,Weyerhaeuser,Net Positivity,CQ42022,0.07,0.13,0.6290999999999994,-0.49909999999999943
WY,Weyerhaeuser,Net Positivity,CQ12023,0.13,0.96,0.5483999999999999,0.4116000000000001
WY,Weyerhaeuser,Net Positivity,CQ22023,0.96,0.74,0.6112,0.12880000000000003
WY,Weyerhaeuser,Net Positivity,CQ32023,0.74,0.26,0.7062,-0.44620000000000004
WY,Weyerhaeuser,Net Positivity,CQ42023,0.26,1.03,0.7123999999999995,0.31760000000000055
WY,Weyerhaeuser,Net Positivity,CQ12024,1.03,0.68,0.9058000000000003,-0.22580000000000022
WY,Weyerhaeuser,Net Positivity,CQ22024,0.68,0.53,0.5886,-0.058599999999999985
WY,Weyerhaeuser,Net Positivity,CQ32024,0.53,0.63,0.6410000000000001,-0.01100000000000012
WY,Weyerhaeuser,Numeric Transeprency,CQ12022,2.6,1.76,1.8344999999999991,-0.07449999999999912
WY,Weyerhaeuser,Numeric Transeprency,CQ22022,1.76,1.72,1.7542000000000006,-0.034200000000000674
WY,Weyerhaeuser,Numeric Transeprency,CQ32022,1.72,1.34,1.7929,-0.45289999999999986
WY,Weyerhaeuser,Numeric Transeprency,CQ42022,1.34,2.38,2.1797999999999993,0.2002000000000006
WY,Weyerhaeuser,Numeric Transeprency,CQ12023,2.38,1.39,1.7528999999999997,-0.3628999999999998
WY,Weyerhaeuser,Numeric Transeprency,CQ22023,1.39,1.6,1.6615,-0.06149999999999989
WY,Weyerhaeuser,Numeric Transeprency,CQ32023,1.6,1.46,1.6855000000000004,-0.22550000000000048
WY,Weyerhaeuser,Numeric Transeprency,CQ42023,1.46,2.51,1.7728000000000004,0.7371999999999994
WY,Weyerhaeuser,Numeric Transeprency,CQ12024,2.51,1.45,1.7665999999999988,-0.3165999999999989
WY,Weyerhaeuser,Numeric Transeprency,CQ22024,1.45,1.31,1.566100000000002,-0.256100000000002
WY,Weyerhaeuser,Numeric Transeprency,CQ32024,1.31,1.46,1.7119000000000006,-0.2519000000000007
XEL,Xcel Energy,Analyst Selectivity Ratio,CQ12022,37.5,25.0,37.68129999999999,-12.681299999999993
XEL,Xcel Energy,Analyst Selectivity Ratio,CQ22022,25.0,25.0,33.227599999999995,-8.227599999999995
XEL,Xcel Energy,Analyst Selectivity Ratio,CQ32022,25.0,56.25,32.75470000000001,23.495299999999993
XEL,Xcel Energy,Analyst Selectivity Ratio,CQ42022,56.25,26.67,39.839500000000015,-13.169500000000014
XEL,Xcel Energy,Analyst Selectivity Ratio,CQ12023,26.67,42.86,32.556800000000024,10.303199999999975
XEL,Xcel Energy,Analyst Selectivity Ratio,CQ22023,42.86,46.67,37.59950000000002,9.070499999999981
XEL,Xcel Energy,Analyst Selectivity Ratio,CQ32023,46.67,52.94,42.09490000000001,10.845099999999988
XEL,Xcel Energy,Analyst Selectivity Ratio,CQ42023,52.94,50.0,49.67119999999998,0.3288000000000224
XEL,Xcel Energy,Analyst Selectivity Ratio,CQ12024,50.0,40.0,46.30969999999999,-6.309699999999992
XEL,Xcel Energy,Analyst Selectivity Ratio,CQ22024,40.0,33.33,49.19390000000002,-15.863900000000022
XEL,Xcel Energy,Analyst Selectivity Ratio,CQ32024,33.33,46.15,43.05639999999998,3.0936000000000163
XEL,Xcel Energy,Language Complexity,CQ12022,12.73,13.21,12.7398,0.4702000000000002
XEL,Xcel Energy,Language Complexity,CQ22022,13.21,12.76,12.981899999999998,-0.221899999999998
XEL,Xcel Energy,Language Complexity,CQ32022,12.76,12.57,12.855,-0.28500000000000014
XEL,Xcel Energy,Language Complexity,CQ42022,12.57,13.18,12.723799999999994,0.45620000000000616
XEL,Xcel Energy,Language Complexity,CQ12023,13.18,12.85,12.661899999999996,0.18810000000000393
XEL,Xcel Energy,Language Complexity,CQ22023,12.85,13.53,12.781899999999998,0.7481000000000009
XEL,Xcel Energy,Language Complexity,CQ32023,13.53,12.82,13.1279,-0.30790000000000006
XEL,Xcel Energy,Language Complexity,CQ42023,12.82,12.8,12.796699999999996,0.0033000000000047436
XEL,Xcel Energy,Language Complexity,CQ12024,12.8,13.8,13.037800000000004,0.7621999999999964
XEL,Xcel Energy,Language Complexity,CQ22024,13.8,13.45,13.227300000000007,0.22269999999999257
XEL,Xcel Energy,Language Complexity,CQ32024,13.45,12.65,13.450699999999992,-0.800699999999992
XEL,Xcel Energy,Net Positivity,CQ12022,0.77,1.19,1.1054000000000006,0.08459999999999934
XEL,Xcel Energy,Net Positivity,CQ22022,1.19,1.43,1.2856999999999998,0.1443000000000001
XEL,Xcel Energy,Net Positivity,CQ32022,1.43,1.53,1.2115999999999998,0.31840000000000024
XEL,Xcel Energy,Net Positivity,CQ42022,1.53,1.71,1.2404000000000002,0.4695999999999998
XEL,Xcel Energy,Net Positivity,CQ12023,1.71,0.84,1.472,-0.632
XEL,Xcel Energy,Net Positivity,CQ22023,0.84,0.52,1.1622000000000003,-0.6422000000000003
XEL,Xcel Energy,Net Positivity,CQ32023,0.52,0.9,0.6429999999999997,0.25700000000000034
XEL,Xcel Energy,Net Positivity,CQ42023,0.9,0.82,1.0799,-0.25990000000000013
XEL,Xcel Energy,Net Positivity,CQ12024,0.82,0.77,0.8188000000000002,-0.04880000000000018
XEL,Xcel Energy,Net Positivity,CQ22024,0.77,1.25,0.8879999999999997,0.3620000000000003
XEL,Xcel Energy,Net Positivity,CQ32024,1.25,0.88,1.1199000000000006,-0.23990000000000056
XEL,Xcel Energy,Numeric Transeprency,CQ12022,3.51,2.37,2.7010999999999994,-0.3310999999999993
XEL,Xcel Energy,Numeric Transeprency,CQ22022,2.37,2.08,2.399700000000001,-0.319700000000001
XEL,Xcel Energy,Numeric Transeprency,CQ32022,2.08,2.64,2.4939999999999993,0.1460000000000008
XEL,Xcel Energy,Numeric Transeprency,CQ42022,2.64,2.44,2.6819,-0.24190000000000023
XEL,Xcel Energy,Numeric Transeprency,CQ12023,2.44,1.93,2.3485,-0.4185000000000001
XEL,Xcel Energy,Numeric Transeprency,CQ22023,1.93,2.04,2.3404999999999996,-0.30049999999999955
XEL,Xcel Energy,Numeric Transeprency,CQ32023,2.04,3.1,2.2539000000000002,0.8460999999999999
XEL,Xcel Energy,Numeric Transeprency,CQ42023,3.1,2.92,2.2917000000000005,0.6282999999999994
XEL,Xcel Energy,Numeric Transeprency,CQ12024,2.92,1.48,2.340499999999999,-0.8604999999999992
XEL,Xcel Energy,Numeric Transeprency,CQ22024,1.48,1.68,2.1102999999999996,-0.4302999999999997
XEL,Xcel Energy,Numeric Transeprency,CQ32024,1.68,2.6,2.3795000000000006,0.22049999999999947
XOM,ExxonMobil,Analyst Selectivity Ratio,CQ12022,34.62,60.0,32.2315,27.768500000000003
XOM,ExxonMobil,Analyst Selectivity Ratio,CQ22022,60.0,54.17,42.04460000000001,12.125399999999992
XOM,ExxonMobil,Analyst Selectivity Ratio,CQ32022,54.17,52.0,46.70960000000001,5.290399999999991
XOM,ExxonMobil,Analyst Selectivity Ratio,CQ42022,52.0,48.0,45.240300000000005,2.759699999999995
XOM,ExxonMobil,Analyst Selectivity Ratio,CQ12023,48.0,44.0,47.31880000000001,-3.31880000000001
XOM,ExxonMobil,Analyst Selectivity Ratio,CQ22023,44.0,45.45,47.96669999999999,-2.516699999999986
XOM,ExxonMobil,Analyst Selectivity Ratio,CQ32023,45.45,45.45,47.58310000000002,-2.13310000000002
XOM,ExxonMobil,Analyst Selectivity Ratio,CQ42023,45.45,38.89,47.26760000000003,-8.37760000000003
XOM,ExxonMobil,Analyst Selectivity Ratio,CQ12024,38.89,0.0,43.7309,-43.7309
XOM,ExxonMobil,Analyst Selectivity Ratio,CQ22024,0.0,35.0,37.420500000000004,-2.420500000000004
XOM,ExxonMobil,Analyst Selectivity Ratio,CQ32024,35.0,40.0,34.75159999999998,5.248400000000018
XOM,ExxonMobil,Language Complexity,CQ12022,13.62,12.89,13.204400000000003,-0.3144000000000027
XOM,ExxonMobil,Language Complexity,CQ22022,12.89,12.83,13.9243,-1.0943000000000005
XOM,ExxonMobil,Language Complexity,CQ32022,12.83,12.75,12.745600000000007,0.004399999999993298
XOM,ExxonMobil,Language Complexity,CQ42022,12.75,13.53,12.993599999999999,0.5364000000000004
XOM,ExxonMobil,Language Complexity,CQ12023,13.53,12.23,13.129000000000001,-0.8990000000000009
XOM,ExxonMobil,Language Complexity,CQ22023,12.23,13.08,12.5014,0.5785999999999998
XOM,ExxonMobil,Language Complexity,CQ32023,13.08,12.46,12.901300000000008,-0.44130000000000713
XOM,ExxonMobil,Language Complexity,CQ42023,12.46,12.84,12.904300000000001,-0.06430000000000113
XOM,ExxonMobil,Language Complexity,CQ12024,12.84,15.34,12.654599999999993,2.6854000000000067
XOM,ExxonMobil,Language Complexity,CQ22024,15.34,13.1,13.945399999999998,-0.8453999999999979
XOM,ExxonMobil,Language Complexity,CQ32024,13.1,13.75,14.121799999999999,-0.3717999999999986
XOM,ExxonMobil,Net Positivity,CQ12022,1.79,1.12,1.7247,-0.6046999999999998
XOM,ExxonMobil,Net Positivity,CQ22022,1.12,0.95,1.4158000000000002,-0.4658000000000002
XOM,ExxonMobil,Net Positivity,CQ32022,0.95,0.7,1.3519000000000008,-0.6519000000000008
XOM,ExxonMobil,Net Positivity,CQ42022,0.7,1.6,1.0255000000000003,0.5744999999999998
XOM,ExxonMobil,Net Positivity,CQ12023,1.6,1.25,1.1645999999999999,0.08540000000000014
XOM,ExxonMobil,Net Positivity,CQ22023,1.25,1.95,1.1817999999999997,0.7682000000000002
XOM,ExxonMobil,Net Positivity,CQ32023,1.95,1.41,1.4525999999999997,-0.04259999999999975
XOM,ExxonMobil,Net Positivity,CQ42023,1.41,1.71,1.2511999999999999,0.4588000000000001
XOM,ExxonMobil,Net Positivity,CQ12024,1.71,1.96,1.7978000000000005,0.16219999999999946
XOM,ExxonMobil,Net Positivity,CQ22024,1.96,1.35,1.6933999999999991,-0.34339999999999904
XOM,ExxonMobil,Net Positivity,CQ32024,1.35,2.09,1.5903999999999987,0.49960000000000115
XOM,ExxonMobil,Numeric Transeprency,CQ12022,1.48,1.14,1.6077999999999997,-0.46779999999999977
XOM,ExxonMobil,Numeric Transeprency,CQ22022,1.14,1.07,1.2045000000000001,-0.13450000000000006
XOM,ExxonMobil,Numeric Transeprency,CQ32022,1.07,0.96,1.1488000000000005,-0.18880000000000052
XOM,ExxonMobil,Numeric Transeprency,CQ42022,0.96,1.49,1.2583000000000002,0.2316999999999998
XOM,ExxonMobil,Numeric Transeprency,CQ12023,1.49,0.72,1.3060000000000005,-0.5860000000000005
XOM,ExxonMobil,Numeric Transeprency,CQ22023,0.72,1.23,0.9307000000000001,0.2992999999999999
XOM,ExxonMobil,Numeric Transeprency,CQ32023,1.23,1.84,1.1049000000000002,0.7350999999999999
XOM,ExxonMobil,Numeric Transeprency,CQ42023,1.84,1.24,1.1708000000000005,0.06919999999999948
XOM,ExxonMobil,Numeric Transeprency,CQ12024,1.24,3.04,1.2783999999999995,1.7616000000000005
XOM,ExxonMobil,Numeric Transeprency,CQ22024,3.04,0.9,1.6571000000000007,-0.7571000000000007
XOM,ExxonMobil,Numeric Transeprency,CQ32024,0.9,1.29,1.1944999999999997,0.09550000000000036
ZBH,Zimmer Biomet,Analyst Selectivity Ratio,CQ12022,32.14,29.63,28.25999999999999,1.370000000000008
ZBH,Zimmer Biomet,Analyst Selectivity Ratio,CQ22022,29.63,33.33,32.042500000000004,1.2874999999999943
ZBH,Zimmer Biomet,Analyst Selectivity Ratio,CQ32022,33.33,36.0,30.272700000000004,5.727299999999996
ZBH,Zimmer Biomet,Analyst Selectivity Ratio,CQ42022,36.0,39.13,33.8923,5.237700000000004
ZBH,Zimmer Biomet,Analyst Selectivity Ratio,CQ12023,39.13,34.78,36.58399999999999,-1.8039999999999878
ZBH,Zimmer Biomet,Analyst Selectivity Ratio,CQ22023,34.78,47.83,32.43599999999999,15.394000000000005
ZBH,Zimmer Biomet,Analyst Selectivity Ratio,CQ32023,47.83,30.43,38.32579999999999,-7.895799999999987
ZBH,Zimmer Biomet,Analyst Selectivity Ratio,CQ42023,30.43,33.33,39.43889999999999,-6.108899999999991
ZBH,Zimmer Biomet,Analyst Selectivity Ratio,CQ12024,33.33,29.17,35.80499999999999,-6.634999999999991
ZBH,Zimmer Biomet,Analyst Selectivity Ratio,CQ22024,29.17,29.17,37.188500000000005,-8.018500000000003
ZBH,Zimmer Biomet,Analyst Selectivity Ratio,CQ32024,29.17,40.91,27.604100000000003,13.305899999999994
ZBH,Zimmer Biomet,Language Complexity,CQ12022,11.0,10.89,11.380200000000002,-0.4902000000000015
ZBH,Zimmer Biomet,Language Complexity,CQ22022,10.89,10.82,11.313599999999994,-0.4935999999999936
ZBH,Zimmer Biomet,Language Complexity,CQ32022,10.82,11.62,11.186499999999993,0.43350000000000577
ZBH,Zimmer Biomet,Language Complexity,CQ42022,11.62,10.8,11.399499999999996,-0.5994999999999955
ZBH,Zimmer Biomet,Language Complexity,CQ12023,10.8,10.57,11.030000000000005,-0.4600000000000044
ZBH,Zimmer Biomet,Language Complexity,CQ22023,10.57,10.83,10.8456,-0.01559999999999917
ZBH,Zimmer Biomet,Language Complexity,CQ32023,10.83,10.67,11.1072,-0.4372000000000007
ZBH,Zimmer Biomet,Language Complexity,CQ42023,10.67,11.71,10.875599999999997,0.834400000000004
ZBH,Zimmer Biomet,Language Complexity,CQ12024,11.71,11.1,11.402300000000002,-0.30230000000000246
ZBH,Zimmer Biomet,Language Complexity,CQ22024,11.1,11.18,11.432199999999993,-0.2521999999999931
ZBH,Zimmer Biomet,Language Complexity,CQ32024,11.18,10.91,11.222700000000007,-0.31270000000000664
ZBH,Zimmer Biomet,Net Positivity,CQ12022,0.23,0.94,0.7463,0.19369999999999998
ZBH,Zimmer Biomet,Net Positivity,CQ22022,0.94,1.22,0.7543000000000003,0.46569999999999967
ZBH,Zimmer Biomet,Net Positivity,CQ32022,1.22,1.22,1.1023000000000005,0.11769999999999947
ZBH,Zimmer Biomet,Net Positivity,CQ42022,1.22,1.62,1.2950000000000004,0.32499999999999973
ZBH,Zimmer Biomet,Net Positivity,CQ12023,1.62,1.77,1.2767000000000004,0.4932999999999996
ZBH,Zimmer Biomet,Net Positivity,CQ22023,1.77,1.72,1.4834,0.23659999999999992
ZBH,Zimmer Biomet,Net Positivity,CQ32023,1.72,1.8,1.4378,0.3622000000000001
ZBH,Zimmer Biomet,Net Positivity,CQ42023,1.8,1.04,1.8868,-0.8468
ZBH,Zimmer Biomet,Net Positivity,CQ12024,1.04,1.81,1.4306999999999999,0.3793000000000002
ZBH,Zimmer Biomet,Net Positivity,CQ22024,1.81,1.54,1.3357999999999999,0.20420000000000016
ZBH,Zimmer Biomet,Net Positivity,CQ32024,1.54,1.04,1.4765000000000004,-0.43650000000000033
ZBH,Zimmer Biomet,Numeric Transeprency,CQ12022,2.57,1.48,1.8238999999999992,-0.3438999999999992
ZBH,Zimmer Biomet,Numeric Transeprency,CQ22022,1.48,2.03,1.5981000000000003,0.4318999999999995
ZBH,Zimmer Biomet,Numeric Transeprency,CQ32022,2.03,1.65,2.2145000000000006,-0.5645000000000007
ZBH,Zimmer Biomet,Numeric Transeprency,CQ42022,1.65,2.08,2.0592000000000006,0.020799999999999486
ZBH,Zimmer Biomet,Numeric Transeprency,CQ12023,2.08,1.92,1.9363999999999997,-0.016399999999999748
ZBH,Zimmer Biomet,Numeric Transeprency,CQ22023,1.92,1.55,2.1337,-0.5837000000000001
ZBH,Zimmer Biomet,Numeric Transeprency,CQ32023,1.55,2.12,1.4312000000000002,0.6887999999999999
ZBH,Zimmer Biomet,Numeric Transeprency,CQ42023,2.12,3.71,1.945700000000002,1.764299999999998
ZBH,Zimmer Biomet,Numeric Transeprency,CQ12024,3.71,2.65,2.1490999999999993,0.5009000000000006
ZBH,Zimmer Biomet,Numeric Transeprency,CQ22024,2.65,2.47,2.326400000000001,0.14359999999999928
ZBH,Zimmer Biomet,Numeric Transeprency,CQ32024,2.47,2.55,2.6105000000000014,-0.06050000000000155
