permco,year,quarter_num,dlyret,dlyvol,dlycap
7,2014,1,-0.0005180327868852458,11629959.918032788,474569581.57065576
7,2014,2,0.0032416507936507935,20454619.07936508,513136099.3980952
7,2014,3,0.001419453125,54749878.515625,587228795.6317188
7,2014,4,0.0015784375,50920761.78125,637961642.8857813
7,2015,1,0.002179360655737705,58730109.27868853,703505511.7331147
7,2015,2,0.00025563492063492054,44926562.23809524,737622595.7195238
7,2015,3,-0.0017078593750000002,60579756.265625,668980166.4703125
7,2015,4,-0.0005433906250000001,43597977.15625,638316370.2320312
7,2016,1,0.0008382459016393443,46368210.0,551962915.6096721
7,2016,2,-0.0018433125,39937799.90625,543854165.3909374
7,2016,3,0.0028012031250000003,35756414.734375,570517534.3510938
7,2016,4,0.0005140317460317461,32127675.53968254,605462782.6663493
7,2017,1,0.0035945483870967743,27457601.06451613,691199265.6225806
7,2017,2,0.00017139682539682544,27217937.365079366,770661867.1522222
7,2017,3,0.0012087301587301589,28009019.698412698,801526003.2304761
7,2017,4,0.0016037301587301584,25998382.666666668,856611104.369365
7,2018,1,6.69016393442626e-05,37836078.60655738,873790914.9862295
7,2018,2,0.00168546875,28360144.53125,892443199.9626563
7,2018,3,0.0032954761904761903,28131649.492063493,1006312388.0520635
7,2018,4,-0.0053008253968253975,42071785.34920635,920754251.8084127
7,2019,1,0.003334704918032787,32007751.655737706,800445569.0911475
7,2019,2,0.0008447619047619048,27976559.65079365,901530756.0071428
7,2019,3,0.0021319374999999997,26634420.046875,945032767.42875
7,2019,4,0.004350609375,26106826.84375,1142581354.3982813
7,2020,1,-0.001417951612903226,49295770.548387095,1286944155.3364515
7,2020,2,0.0060223333333333335,36917737.87301587,1342133141.5587301
7,2020,3,0.0041558125,90943012.734375,1865771893.0929687
7,2020,4,0.002385859375,114594686.703125,2042621541.5253124
7,2021,1,-0.0011170655737704918,110258366.60655738,2154749976.5606556
7,2021,2,0.0019315714285714285,82641205.28571428,2161046511.4868255
7,2021,3,0.000616453125,80883843.359375,2433061896.8571877
7,2021,4,0.0036880312500000003,89030761.984375,2592241904.8173437
7,2022,1,-7.188709677419347e-05,95198617.79032259,2743391885.7958064
7,2022,2,-0.0035901290322580643,94371605.40322581,2450619733.7203226
7,2022,3,0.00037339062499999975,78764437.796875,2521055178.8584375
7,2022,4,-0.0006383809523809527,83576658.34920634,2274029319.037619
7,2023,1,0.00399133870967742,68928242.08064516,2334696903.9259677
7,2023,2,0.002709661290322581,57107087.20967742,2740294446.873387
7,2023,3,-0.0018688253968253967,57986170.06349207,2867381411.837619
7,2023,4,0.0019323968253968254,52628745.28571428,2871278998.0938096
7,2024,1,-0.0017889016393442623,61307284.73770492,2808236584.915574
7,2024,2,0.0034332857142857142,67306369.31746031,2859347194.955556
7,2024,3,0.0017039062500000001,54230081.6875,3395569493.6025
7,2024,4,0.0012060781250000001,43410067.3125,3561595524.1142187
90,2014,1,-1.0573770491803274e-05,4143673.049180328,95203872.71442623
90,2014,2,0.0009331111111111112,3340570.492063492,95454163.38333333
90,2014,3,-0.00117728125,3702719.265625,94591986.66359375
90,2014,4,0.0010795,4135474.609375,93103622.59828125
90,2015,1,-0.002632081967213115,8023350.049180328,85186576.19344263
90,2015,2,2.6904761904761994e-05,6016997.650793651,80583831.99619047
90,2015,3,-0.00062865625,5991996.96875,77405117.684375
90,2015,4,-0.000861875,5520555.984375,72043089.96234375
90,2016,1,-0.0017526393442622952,8637464.37704918,56527899.56655738
90,2016,2,9.554687500000004e-05,4976168.609375,60389441.715625
90,2016,3,0.0008692187499999999,4112741.671875,59856302.57671875
90,2016,4,0.002510809523809524,4630939.952380952,63535300.492380954
90,2017,1,0.0011625806451612904,4329695.0,71123748.97612903
90,2017,2,0.0011123333333333337,3516818.9365079366,70856856.62539682
90,2017,3,0.0012164761904761903,3221782.0,76224625.76888888
90,2017,4,0.0015701111111111109,3226907.761904762,83159208.44571428
90,2018,1,-0.000819344262295082,4077187.0655737706,83812442.1837705
90,2018,2,0.0009288125000000002,3601524.0625,84536720.22578125
90,2018,3,0.0014203333333333333,2993689.6507936507,89530368.98126984
90,2018,4,-0.0015334285714285714,4078743.5396825396,89630604.80095237
90,2019,1,0.0023602622950819672,3575210.2622950817,89089831.05016394
90,2019,2,0.002035936507936508,3158232.9523809524,98215132.40222223
90,2019,3,-0.000539203125,3510563.578125,101967072.99671875
90,2019,4,0.0009149218749999999,2845041.09375,98251583.92875
90,2020,1,-0.004365161290322581,6011999.596774193,94518256.40967742
90,2020,2,0.0026979682539682542,6807562.80952381,74136360.43603174
90,2020,3,0.0010446875,4130583.734375,79202176.00515625
90,2020,4,0.0034776406250000003,4076099.046875,89176387.77546875
90,2021,1,0.002874639344262295,3796724.6393442624,106398689.85262296
90,2021,2,0.002562222222222222,3014732.238095238,125819622.05936508
90,2021,3,0.00037403125,3754231.46875,133298716.0915625
90,2021,4,-0.000116703125,3714200.640625,133175868.53484374
90,2022,1,0.0025356451612903222,4448398.112903226,138807342.0996774
90,2022,2,-0.004419112903225807,3411247.435483871,124625617.99612904
90,2022,3,-0.00025981249999999974,3120523.484375,113627618.50125
90,2022,4,0.0017023968253968257,3000840.1428571427,110832278.6468254
90,2023,1,0.0020744999999999995,3683050.629032258,123762030.80258065
90,2023,2,0.0010553548387096773,3069427.0,119963784.43274194
90,2023,3,-0.0023343809523809524,2777568.9206349207,120812405.98238096
90,2023,4,0.0037877142857142857,3122147.301587302,117687119.91968253
90,2024,1,0.003339918032786885,3159900.0,150736082.82426232
90,2024,2,0.0004062857142857145,2958870.365079365,166927736.10746032
90,2024,3,0.00266353125,2728616.03125,177686750.4359375
90,2024,4,0.0015849843750000002,2540710.96875,202995630.810625
92,2014,1,-0.0008071639344262296,1990562.8360655739,29385132.43229508
92,2014,2,-6.285714285714289e-05,1772582.5873015872,28346472.2484127
92,2014,3,-0.0009106874999999999,1964074.78125,27594775.4334375
92,2014,4,0.0008883593749999999,2268908.734375,26659000.55296875
92,2015,1,0.0009207704918032789,2107190.7540983604,27208730.84852459
92,2015,2,-0.00032139682539682543,1957582.1587301588,27552907.404444445
92,2015,3,-0.000852609375,2267679.625,26124880.890625
92,2015,4,0.000643515625,2238785.265625,26660893.20390625
92,2016,1,0.0010605573770491805,2466381.7540983604,25192424.715737708
92,2016,2,0.002238625,2241395.46875,28400779.16984375
92,2016,3,5.4328124999999974e-05,1693792.765625,29923111.62515625
92,2016,4,-0.0003725873015873016,1981611.8253968253,28767981.17
92,2017,1,0.0007711129032258066,2183388.2258064514,28736143.58564516
92,2017,2,0.00123168253968254,1831563.6825396826,29942148.496507935
92,2017,3,0.0008551904761904761,1542544.6984126985,31864903.466507934
92,2017,4,0.0012986825396825398,1517605.0317460317,33636780.076825395
92,2018,1,0.00016606557377049158,2853192.9672131147,34682246.273114756
92,2018,2,-0.00014635937500000003,3193639.703125,34872036.27453125
92,2018,3,0.0015491587301587303,2748574.0634920634,35250075.32936508
92,2018,4,-0.00028450793650793655,3783012.111111111,33972586.061904766
92,2019,1,0.001639672131147541,3347228.819672131,36398070.81868853
92,2019,2,0.0015737936507936507,3088395.634920635,38485360.734126985
92,2019,3,-0.0005681093750000001,3357407.609375,39183243.5075
92,2019,4,0.00029212499999999996,2758947.359375,39075080.6353125
92,2020,1,-0.005203354838709678,4667213.612903226,33396410.524516128
92,2020,2,0.0014885079365079365,4181645.015873016,25977772.683174603
92,2020,3,0.0003897031250000001,3518701.203125,26015164.184375
92,2020,4,0.00351146875,3806777.96875,28883354.68734375
92,2021,1,0.0025325573770491805,3893066.2786885244,33427135.889836065
92,2021,2,0.0009025396825396825,3152694.222222222,37333366.90746032
92,2021,3,-0.0002868125000000002,2974742.984375,36817845.64859375
92,2021,4,0.001954859375,2959041.703125,37229924.078125
92,2022,1,0.0017861612903225807,3314706.306451613,41187653.52709677
92,2022,2,-0.0021984193548387093,2757623.1612903224,38224374.589677416
92,2022,3,0.000426390625,2478808.75,37658684.1625
92,2022,4,0.004124492063492064,2634451.73015873,42056180.5252381
92,2023,1,-0.0015373225806451613,2747652.6612903224,42555599.4998387
92,2023,2,0.0014527419354838712,2329631.370967742,40782237.85580645
92,2023,3,0.0016508253968253968,2196691.5396825396,44596346.42587301
92,2023,4,0.001285920634920635,2387542.0317460317,47606349.217777774
92,2024,1,0.0008836065573770491,2276975.1147540985,47693395.20721311
92,2024,2,0.0007692380952380952,2224057.3492063493,49267514.02920635
92,2024,3,0.003662,2293778.390625,57454280.2946875
92,2024,4,-0.0010564375,2031431.90625,60904770.0184375
137,2014,1,-0.0002204754098360654,9787414.360655738,73071778.07704918
137,2014,2,0.001482952380952381,7892828.476190476,77182303.6068254
137,2014,3,-9.429687499999998e-05,7090338.328125,78658963.69890624
137,2014,4,0.0006679374999999999,8520233.203125,76004220.0
137,2015,1,-0.000247344262295082,9111016.081967212,74479346.15967213
137,2015,2,0.0019995714285714287,7638995.746031746,79535170.3079365
137,2015,3,-0.0011340156250000003,7807430.25,80707857.56578125
137,2015,4,0.00152484375,8686882.234375,77647513.0378125
137,2016,1,-0.0020154754098360653,9943813.868852459,65054330.380655736
137,2016,2,-0.000129125,6947597.0625,62307638.82015625
137,2016,3,0.0019610156249999997,5700576.515625,62961143.663125
137,2016,4,0.0016635714285714288,6089002.603174604,66234957.015873015
137,2017,1,-0.0005440483870967741,6856930.0,64792547.98225807
137,2017,2,0.0001332857142857142,6571477.825396826,59550620.24333333
137,2017,3,-0.0001683968253968254,4868725.523809524,56660810.62888889
137,2017,4,-0.0003403650793650792,4847218.317460317,55406763.860158734
137,2018,1,-0.0012992131147540984,7567649.606557377,53187332.22491804
137,2018,2,-0.0002428906249999999,5759562.78125,48776059.18515625
137,2018,3,0.00020539682539682535,4323286.19047619,48033282.67746031
137,2018,4,-0.004393587301587301,8397348.555555556,38745554.98317461
137,2019,1,0.0017375409836065574,5667910.360655738,37594272.9947541
137,2019,2,0.003576365079365079,5003402.746031746,43329862.98888889
137,2019,3,0.0008912968749999999,3559905.390625,48071140.8796875
137,2019,4,-0.001119125,3819277.53125,46093260.271875
137,2020,1,-0.00980175806451613,7664418.258064516,37352940.536451615
137,2020,2,0.005381396825396825,7760943.380952381,24268856.42253968
137,2020,3,-0.0013587343750000001,6799005.171875,25665038.732343752
137,2020,4,0.00543153125,5727858.078125,30345554.150625
137,2021,1,0.003602032786885246,4815491.655737705,37288813.71754099
137,2021,2,0.000703920634920635,3993725.73015873,42602238.92873016
137,2021,3,0.0024988593749999998,4376903.390625,44160729.075625
137,2021,4,0.0007955000000000003,4366126.96875,48209407.5596875
137,2022,1,0.0019283709677419354,5281361.887096774,49557289.65193549
137,2022,2,-0.002923,5346127.79032258,46725318.32580645
137,2022,3,-0.0008842031249999999,4408159.25,41042637.27
137,2022,4,0.004761507936507936,4704354.888888889,43863488.64380952
137,2023,1,-0.003299064516129032,5442623.70967742,43277006.7483871
137,2023,2,0.002406064516129032,4075603.3225806453,39313143.75048388
137,2023,3,0.0009620634920634921,2960344.396825397,42974964.78428571
137,2023,4,0.0019263333333333335,3310439.126984127,45141063.409523815
137,2024,1,0.0024795245901639345,4024691.0655737706,49553345.35147541
137,2024,2,-0.0006663809523809526,4250174.476190476,51454416.73301587
137,2024,3,-4.4531249999998524e-06,4258121.28125,48988006.308125
137,2024,4,7.720312500000001e-05,3953163.890625,47907637.15203125
194,2014,1,0.0025518196721311475,13477086.032786885,22214848.53868852
194,2014,2,0.0018004920634920635,14353956.26984127,24798682.233174603
194,2014,3,-0.0004882500000000001,11740107.34375,26955918.635
194,2014,4,0.0024583125,14054298.921875,27562715.16796875
194,2015,1,-0.0013881803278688524,15170532.55737705,29396716.102459017
194,2015,2,-0.0023427142857142856,21872015.92063492,25260532.537301585
194,2015,3,-0.003925734375,17358881.25,20204420.7003125
194,2015,4,0.00393621875,13856749.046875,20238066.8696875
194,2016,1,0.0024278852459016396,14695377.868852459,20666492.165737703
194,2016,2,0.00224396875,13311160.40625,24298511.62890625
194,2016,3,0.003747078125,12574475.1875,30219629.664375
194,2016,4,0.0012718253968253966,11103934.857142856,32812032.23619048
194,2017,1,0.0031192580645161287,9390666.58064516,38745309.76306452
194,2017,2,0.0011351269841269843,9847760.873015873,45728284.006349206
194,2017,3,0.0039116349206349205,10257785.317460317,48330655.27793651
194,2017,4,-0.00011277777777777772,10869817.476190476,57481899.49968254
194,2018,1,0.0018095409836065574,15118353.721311476,58507281.873934425
194,2018,2,-0.00254725,14075700.484375,52639591.59
194,2018,3,-0.002596904761904762,11725207.61904762,43805924.29619047
194,2018,4,-0.0021175396825396826,13425815.92063492,33247941.754761904
194,2019,1,0.0035655081967213113,11142212.770491803,36084114.826885246
194,2019,2,0.0022712380952380957,9500952.142857144,39573776.72793651
194,2019,3,0.0019236874999999998,8254306.015625,44749236.78046875
194,2019,4,0.003463796875,7101994.625,51579416.24578125
194,2020,1,-0.002917967741935484,9834461.564516129,52706325.44354839
194,2020,2,0.00512963492063492,8794278.777777778,49462901.87968254
194,2020,3,5.2499999999999934e-05,7701933.5,56467063.33734375
194,2020,4,0.00611371875,6812615.8125,67559338.19640625
194,2021,1,0.007939573770491804,9211112.639344262,101117376.40360655
194,2021,2,0.001331047619047619,9413756.063492063,122795558.53095238
194,2021,3,-0.0013446093749999999,7020218.5,123060073.07953125
194,2021,4,0.0034655312500000003,6896805.796875,129537090.09515625
194,2022,1,-0.002279838709677419,8497169.596774194,121757843.73467742
194,2022,2,-0.005379612903225806,8346876.79032258,95905016.60241936
194,2022,3,-0.0012153593750000003,6921728.1875,83226578.86859375
194,2022,4,0.003331079365079365,8178595.126984127,81389943.0242857
194,2023,1,0.004089032258064516,6567517.064516129,97005526.00854838
194,2023,2,0.0028730161290322583,5831130.919354838,105283657.23
194,2023,3,-0.000429952380952381,5620185.523809524,120088703.82952382
194,2023,4,0.002712365079365079,5496440.428571428,122457403.70968254
194,2024,1,0.004280114754098361,6503316.852459016,152420245.64114755
194,2024,2,0.002359301587301587,4967496.952380952,177924816.0979365
194,2024,3,-0.0017868281250000007,6598636.78125,169323719.5765625
194,2024,4,-0.0030229531250000005,6480808.296875,148401098.58484375
216,2014,1,0.0014826393442622951,3475291.5573770492,91578377.84786886
216,2014,2,-0.00046165079365079355,3506246.5555555555,87633499.95238096
216,2014,3,0.002837203125,3126919.109375,99169807.8421875
216,2014,4,0.002192265625,4134805.140625,118525916.6
216,2015,1,0.0002711803278688525,3535746.426229508,119601237.71737705
216,2015,2,-0.0004735555555555555,3245619.6666666665,121796373.33269842
216,2015,3,-0.0013028125000000002,3905535.765625,119552009.375
216,2015,4,0.0027411874999999997,3497682.703125,118593734.200625
216,2016,1,-0.0010259508196721312,4154923.5409836066,111817502.63196722
216,2016,2,0.00041895312499999984,2875375.546875,116791611.60125
216,2016,3,0.00158428125,2852871.890625,126560727.09765625
216,2016,4,-0.0018108412698412697,3865232.587301587,111981522.34809524
216,2017,1,0.002078951612903226,4095334.5967741935,122470517.99774192
216,2017,2,0.000929984126984127,3411600.3174603176,119617574.50952381
216,2017,3,0.0014222380952380953,2492122.476190476,129306592.68650794
216,2017,4,-0.0009622698412698413,2712350.111111111,128479518.54190476
216,2018,1,-4.78360655737703e-05,5239592.426229509,131609078.06163935
216,2018,2,0.0014376406250000001,3230891.53125,117160226.2578125
216,2018,3,0.0019965714285714287,2412884.412698413,127597729.79238096
216,2018,4,-0.0007200793650793654,3054073.873015873,124471558.9990476
216,2019,1,-0.00017691803278688516,3107246.4590163934,119300696.14868852
216,2019,2,-0.00028373015873015873,2872141.476190476,109403689.52380952
216,2019,3,0.00102003125,3070501.5625,115208833.939375
216,2019,4,0.00357984375,2170645.703125,131065814.72
216,2020,1,-0.0020469193548387095,3224829.790322581,128921416.29338709
216,2020,2,0.0027216666666666665,2833194.4603174604,134238043.00492063
216,2020,3,0.0014362812499999998,2589298.46875,145131896.213125
216,2020,4,-0.00131384375,2540204.4375,134289505.8
216,2021,1,0.0014961147540983606,2763987.4098360655,137807250.40688524
216,2021,2,-0.00012526984126984132,2581905.3492063493,141365622.5520635
216,2021,3,-0.001931109375,2410714.6875,130818046.19
216,2021,4,0.001077953125,2833267.65625,118970449.0796875
216,2022,1,0.0014136129032258067,3157343.9516129033,127222419.52290323
216,2022,2,0.00029237096774193544,3293507.5967741935,130909749.35483871
216,2022,3,-0.00099859375,2599319.53125,129657748.398125
216,2022,4,0.002656047619047619,2789040.1904761903,143027053.51650792
216,2023,1,-0.0011139032258064515,2504844.129032258,131087824.58709677
216,2023,2,-0.0011538225806451612,2346359.8870967743,123984998.02016129
216,2023,3,0.0032547142857142853,2457573.1904761903,133489314.80333333
216,2023,4,0.0013190634920634923,2466484.0634920634,145814233.36349207
216,2024,1,2.2098360655737765e-05,3003283.5409836066,156743479.56344265
216,2024,2,0.001797079365079365,2514018.3333333335,157592015.41619048
216,2024,3,0.0006922656250000001,1933257.6875,175751405.3390625
216,2024,4,-0.0030623125000000004,3160959.703125,159477286.118125
282,2014,1,0.0008756885245901639,2234045.393442623,15753733.86409836
282,2014,2,0.0004659523809523807,1950818.5238095238,16592422.585238095
282,2014,3,-0.0012144531249999998,1919518.84375,16102938.91734375
282,2014,4,0.00205275,2662222.640625,15937517.38796875
282,2015,1,0.002370196721311475,2106470.8032786883,17674974.813934427
282,2015,2,0.0004748888888888889,2255919.1904761903,20293100.953333333
282,2015,3,-0.0015855781249999997,2901168.4375,18239728.676875
282,2015,4,6.093750000000131e-06,2798403.9375,18397126.3165625
282,2016,1,0.001388344262295082,2701292.6885245903,16572784.087049179
282,2016,2,-0.000466125,1985675.65625,17654359.8671875
282,2016,3,0.0021926093749999997,2402896.203125,19067262.5528125
282,2016,4,0.0021022380952380954,2645671.0,20939089.26047619
282,2017,1,0.0021006612903225804,2829839.3225806453,25526849.042258065
282,2017,2,-0.0006094603174603174,4184933.8253968256,29188717.365555555
282,2017,3,0.0017973968253968255,2331480.095238095,29640181.511428572
282,2017,4,0.0006480476190476191,2434161.6666666665,32626959.28825397
282,2018,1,0.000643639344262295,3130760.901639344,33719875.45819672
282,2018,2,0.0009671718749999998,2510239.734375,34971358.3146875
282,2018,3,-0.0004273492063492063,2507891.238095238,35682110.713174604
282,2018,4,-0.0008484126984126981,3444688.8253968256,32067000.74047619
282,2019,1,0.0036061147540983607,2911634.393442623,36990039.67180328
282,2019,2,0.0013968095238095241,2850049.73015873,39995341.14634921
282,2019,3,7.545312499999988e-05,2077407.953125,41843412.6209375
282,2019,4,0.001165765625,2165310.4375,41549768.0515625
282,2020,1,-0.0032275322580645163,3115107.693548387,40283375.1248387
282,2020,2,0.005584714285714286,2487418.238095238,40455779.60365079
282,2020,3,-0.000563203125,3379835.28125,43185684.2371875
282,2020,4,0.003891734375,2722575.59375,48995347.54609375
282,2021,1,0.0011099508196721311,3085556.8852459015,56737462.3547541
282,2021,2,0.0018643333333333333,3158771.095238095,59088125.3452381
282,2021,3,-0.00027525000000000005,4554787.859375,72994797.42921875
282,2021,4,0.0009327499999999998,3175201.75,93736719.13671875
282,2022,1,-0.0005960000000000001,3981499.14516129,84898409.35935484
282,2022,2,-0.0016528064516129037,3599320.419354839,82004063.69870967
282,2022,3,-0.00047371874999999986,3264047.0,81583130.6684375
282,2022,4,0.0029564285714285717,3588718.0793650793,79716754.99587302
282,2023,1,0.0032034999999999998,3473528.5322580645,90758172.37935485
282,2023,2,3.353225806451626e-05,3425782.935483871,93100327.97451612
282,2023,3,-0.0015052698412698412,3245807.8412698414,92059847.1815873
282,2023,4,0.002188952380952381,3158332.253968254,88726011.15238096
282,2024,1,0.00013324590163934442,3405384.1147540985,95350781.22163935
282,2024,2,0.002548063492063492,3197853.5714285714,105852863.02222222
282,2024,3,0.0005070781249999999,3250909.859375,111842973.6890625
282,2024,4,-0.0010426875,2844883.75,109731090.5515625
900,2014,1,-0.0011593114754098362,1544605.1803278688,21754215.517704915
900,2014,2,0.000606904761904762,1125546.2222222222,22508548.59968254
900,2014,3,-7.214062500000007e-05,962720.375,22021396.183125
900,2014,4,0.0021016406249999998,1068887.875,23624407.9859375
900,2015,1,-0.0002279180327868852,1153371.4262295081,23684698.715573773
900,2015,2,-0.0008426190476190478,1063411.7301587302,22724747.95174603
900,2015,3,0.004521671875,2288428.140625,27881139.8209375
900,2015,4,0.001309359375,1299354.046875,29399982.60328125
900,2016,1,-0.004562222222222222,4040475.111111111,29409049.973333333
912,2014,1,-0.0010036065573770494,680787.5081967213,7894654.760983607
912,2014,2,-3.099999999999992e-05,569295.1746031746,7941450.43
912,2014,3,-0.00015928125,541884.171875,7824333.665
912,2014,4,0.00168634375,559579.6875,8171379.0296875
912,2015,1,0.0006486229508196722,538632.3606557377,8584464.929672131
912,2015,2,-0.000765888888888889,469263.8253968254,8474260.00015873
912,2015,3,0.001318140625,781906.6875,8817500.395
912,2015,4,0.0017819218749999999,623570.90625,9701298.464375
912,2016,1,0.0018294754098360656,820784.262295082,9990990.821639344
912,2016,2,0.002294859375,591664.765625,11155296.815625
912,2016,3,0.00024340624999999997,553586.125,12460741.2075
912,2016,4,0.00022125396825396822,625846.4285714285,12254234.575079365
912,2017,1,-0.0005784677419354839,530748.8548387097,11931050.647741934
912,2017,2,0.00018509523809523805,546106.1587301587,11680746.994920634
912,2017,3,0.0010352380952380951,483967.3968253968,12466150.593968254
912,2017,4,-5.633333333333345e-05,525151.6349206349,12210618.59047619
912,2018,1,6.745901639344261e-05,631763.9508196721,12263348.66229508
912,2018,2,-0.0014528281250000001,520805.265625,11661292.92375
912,2018,3,0.002344920634920635,456080.98412698414,12116578.58031746
912,2018,4,0.0003877460317460318,701399.7142857143,12654617.965079363
912,2019,1,0.0018564262295081967,690354.9180327869,13445119.643278688
912,2019,2,0.0031395555555555556,723256.9682539683,15664271.893650793
912,2019,3,0.001990234375,632749.9375,17957997.305
912,2019,4,-0.0014881406250000003,618194.359375,17861751.89421875
912,2020,1,-0.004021758064516129,907197.7741935484,16208508.687096775
912,2020,2,-0.0015234920634920636,1488839.6666666667,10626718.856984127
912,2020,3,0.00338309375,923483.6875,12459329.716875
912,2020,4,0.002349890625,918995.4375,12839270.40859375
912,2021,1,0.003003409836065574,916099.0491803279,15431453.73180328
912,2021,2,0.0021258095238095237,625163.2698412698,18595969.44126984
912,2021,3,-0.00013467187499999992,447936.484375,19129715.125
912,2021,4,0.00017150000000000016,501279.25,19058137.008125
912,2022,1,0.0031192580645161287,725036.5,19703184.45403226
912,2022,2,-0.001865274193548387,608591.2419354839,20364002.280645162
912,2022,3,-0.0040403750000000006,861230.921875,16396997.44984375
912,2022,4,0.0024129841269841267,694614.9047619047,16190965.068571428
912,2023,1,0.0018478387096774191,778918.0806451613,17876088.47435484
912,2023,2,-0.002061693548387097,597215.2096774194,16241564.316129033
912,2023,3,0.0009858730158730158,650703.5079365079,16399966.196190476
912,2023,4,0.00037292063492063495,666580.7301587302,15925958.165714284
912,2024,1,0.003188098360655738,931688.0327868853,17694919.582295083
912,2024,2,-0.0005909047619047619,633429.0952380953,18353045.267619047
912,2024,3,0.002389453125,607280.796875,20205105.01875
912,2024,4,0.00106184375,562680.515625,22823918.83359375
1367,2014,1,-0.00022762295081967204,1516169.7704918033,18940270.382950816
1367,2014,2,-0.00012779365079365073,2130103.380952381,17994400.80825397
1367,2014,3,-0.00037743750000000006,1386237.78125,18094328.93015625
1367,2014,4,0.002003703125,1559032.03125,18172126.1740625
1367,2015,1,0.00026365573770491805,1302327.9016393442,18906465.692622952
1367,2015,2,-0.001682920634920635,1313807.492063492,18510832.202539682
1367,2015,3,-0.0006239062499999999,1609587.328125,17055781.065
1367,2015,4,0.0023197187499999997,1707340.703125,17808866.97046875
1367,2016,1,0.0017689344262295085,1855416.9344262294,18173010.732459016
1367,2016,2,-0.000156875,1664453.90625,19836289.5409375
1367,2016,3,0.0008085625,1261951.265625,19857266.2153125
1367,2016,4,0.00017849206349206332,1808357.5714285714,19799520.06571429
1367,2017,1,0.0003471129032258065,1488517.9677419355,20079569.43548387
1367,2017,2,-0.0004757619047619047,1856250.8095238095,19455363.878888886
1367,2017,3,-0.0015874761904761906,1938484.7936507936,17830828.084126983
1367,2017,4,-4.052380952380942e-05,2483229.6507936507,16543446.315079365
1367,2018,1,0.00023463934426229505,2691389.344262295,17275844.29032787
1367,2018,2,0.00093528125,1809716.984375,16852946.8340625
1367,2018,3,-0.0015521269841269844,2218558.1746031744,15806319.473968254
1367,2018,4,0.0014450317460317462,2885462.73015873,16625361.51047619
1367,2019,1,0.0001646557377049181,1931435.9672131147,16818120.588688523
1367,2019,2,0.0020344603174603177,1965029.238095238,17460626.78904762
1367,2019,3,-0.0004970312499999999,1709661.4375,17348319.024375
1367,2019,4,0.000711359375,1544353.359375,17055290.20875
1367,2020,1,-0.005406564516129033,2592155.4516129033,15432825.696774194
1367,2020,2,0.0007104603174603171,2853702.9682539683,11703704.09968254
1367,2020,3,-0.001166609375,1984746.0,11492396.310625
1367,2020,4,0.0041745,2428499.015625,12285973.675625
1367,2021,1,0.0031947049180327874,1945330.0,14842783.408360654
1367,2021,2,0.0014074920634920636,1763474.5555555555,17475890.157460317
1367,2021,3,-0.0012856875,1517361.5,15945642.4959375
1367,2021,4,0.00042404687500000005,1888941.0625,15160771.4771875
1367,2022,1,0.002855838709677419,2077509.5,16966012.921774194
1367,2022,2,-0.004240806451612903,1714460.3064516129,15252831.379193548
1367,2022,3,0.0001720625000000001,1327223.46875,13907158.26140625
1367,2022,4,0.004356507936507936,1521066.0317460317,15158686.568095237
1367,2023,1,0.002577983870967742,1911655.9193548388,18022907.820967745
1367,2023,2,0.00036564516129032284,1621572.3709677418,18610363.21064516
1367,2023,3,-0.0035747936507936505,1731210.2698412698,16340744.666666666
1367,2023,4,0.002580111111111111,1298338.507936508,15597137.531904763
1367,2024,1,0.0020398852459016393,1663434.7540983607,17764609.778196722
1367,2024,2,-0.0010083809523809527,1535956.1746031747,18249686.136031743
1367,2024,3,0.00242584375,1437226.59375,18809778.10453125
1367,2024,4,-0.002550234375,1923059.265625,19363590.795625
1467,2014,1,0.0006651967213114755,1167816.4918032787,31540296.36639344
1467,2014,2,0.0005579047619047618,867332.873015873,32218884.556349207
1467,2014,3,0.00053803125,768016.59375,33773370.50234375
1467,2014,4,-0.0012984375,1445226.265625,32812123.144375
1467,2015,1,0.0015926065573770493,1583490.3934426229,32844998.108524587
1467,2015,2,-9.314285714285708e-05,1084695.380952381,34208143.880476184
1467,2015,3,-0.0003045000000000001,1240935.546875,33218130.3371875
1467,2015,4,0.0007730624999999999,1271123.921875,34716322.91375
1467,2016,1,-0.00014727868852459032,1618846.0327868853,31397665.669180326
1467,2016,2,0.0010558437500000001,1142018.25,34216695.60671875
1467,2016,3,0.00048715625000000007,837203.890625,35336901.665625
1467,2016,4,-0.0005156190476190476,905849.5396825396,34129033.90968254
1467,2017,1,0.0011508709677419354,957556.1129032258,35649660.86064516
1467,2017,2,0.0009784444444444443,967787.2222222222,37473123.54095238
1467,2017,3,-0.00043477777777777774,827866.8412698413,38077833.944126986
1467,2017,4,0.0007394603174603175,1037014.8888888889,38478036.90444444
1467,2018,1,0.0004613278688524589,1414186.5901639345,38847592.95573771
1467,2018,2,0.000471078125,1265105.546875,41601087.53375
1467,2018,3,0.0018251904761904763,901118.9682539683,42797791.15174603
1467,2018,4,-0.000834063492063492,1268162.6984126985,44117504.49206349
1467,2019,1,0.0030508360655737703,1045744.655737705,46916909.39639344
1467,2019,2,0.0018800317460317458,1163276.2857142857,53608307.3936508
1467,2019,3,0.00015942187500000003,1028230.0,57741381.8578125
1467,2019,4,-0.0003190468750000002,1041987.09375,54652443.20125
1467,2020,1,-0.0023184354838709674,1629277.4516129033,54167270.18419355
1467,2020,2,0.004352142857142857,4257254.825396826,55975179.072698414
1467,2020,3,0.0002613593750000001,1160766.6875,56880140.56
1467,2020,4,0.001458453125,1011038.46875,59630977.4015625
1467,2021,1,-2.10819672131148e-05,1014357.0491803279,60735792.533770494
1467,2021,2,-0.0004982222222222222,1066634.380952381,62164770.7352381
1467,2021,3,0.00027896875,907944.609375,62679495.40265625
1467,2021,4,0.001955671875,944372.609375,64701963.86734375
1467,2022,1,-0.004291032258064516,1675194.5806451612,53840095.07306452
1467,2022,2,-0.0019356451612903226,1257902.0161290322,47443607.074516125
1467,2022,3,-0.000756265625,1093848.0625,46304319.36546875
1467,2022,4,0.0004932222222222225,1448502.857142857,41862029.855238095
1467,2023,1,0.002291322580645161,1176564.8064516129,44365233.633870974
1467,2023,2,0.002044758064516129,1034654.6612903225,48975178.190000005
1467,2023,3,-0.0014534603174603173,1037716.1746031746,51799275.106507935
1467,2023,4,0.002627873015873016,1046096.6825396825,51266685.8631746
1467,2024,1,0.002628327868852459,1233037.6393442622,60491987.461639345
1467,2024,2,0.0005531269841269841,1122613.5238095238,66008632.63095238
1467,2024,3,0.0012401875,994082.8125,69779288.51625
1467,2024,4,-0.001253671875,1013909.109375,70621903.6815625
1620,2014,1,0.0020703934426229507,16280965.37704918,14670506.436885245
1620,2014,2,-0.0005791111111111111,13632940.333333334,14372378.879682539
1620,2014,3,-0.000737984375,12617277.5,14073597.854375
1620,2014,4,0.00095778125,16091167.34375,13762881.8028125
1620,2015,1,-0.0015671311475409836,18324496.459016394,12893371.285245901
1620,2015,2,0.0016103333333333334,15439268.19047619,13517806.31238095
1620,2015,3,-0.001871578125,17578131.96875,13166300.06296875
1620,2015,4,0.00125853125,16053678.828125,12580452.72296875
1620,2016,1,-0.0028581147540983607,22219870.393442623,10423395.41147541
1620,2016,2,0.00165996875,20429797.0625,11525998.95
1620,2016,3,0.0025295624999999997,17920217.296875,11793184.20046875
1620,2016,4,0.006231539682539683,22719449.285714287,15311701.512698412
1620,2017,1,0.00040058064516129027,15603062.838709677,17941558.121612903
1620,2017,2,0.00032544444444444455,18512997.698412698,16948144.073492065
1620,2017,3,0.0008106190476190476,13274451.841269841,17212952.668730162
1620,2017,4,0.0021539999999999997,11659711.412698412,18751417.413333334
1620,2018,1,0.0014217049180327871,11360131.426229509,21563195.15704918
1620,2018,2,-0.0004997656249999998,11032205.8125,21029053.58953125
1620,2018,3,0.0006833333333333334,10625167.555555556,20949016.704444446
1620,2018,4,-0.004649873015873015,15479887.349206349,17143870.982539684
1620,2019,1,0.0012002786885245901,12842491.344262294,15704206.096065573
1620,2019,2,0.0011554285714285714,11724987.031746032,14982497.35873016
1620,2019,3,0.0012415468750000002,11085972.953125,15190707.87015625
1620,2019,4,0.001490140625,8643526.515625,16057701.33390625
1620,2020,1,-0.008453048387096773,14069394.096774194,13484179.098870968
1620,2020,2,0.004860873015873016,12493194.841269841,10198970.875079365
1620,2020,3,0.0011291718749999998,8125424.09375,10708646.39125
1620,2020,4,0.005931734375,8818442.03125,13884507.0328125
1620,2021,1,0.0044768196721311476,9443907.983606558,18772564.07442623
1620,2021,2,-9.087301587301584e-05,7224828.142857143,20781078.173968256
1620,2021,3,0.0011827500000000002,7578925.859375,19036633.34875
1620,2021,4,0.0006272343749999999,7239281.0625,21821601.0575
1620,2022,1,0.0008643870967741936,10882652.887096774,22289452.497096773
1620,2022,2,-0.0023991451612903223,8443674.0,19294894.865806453
1620,2022,3,0.001370375,7371720.734375,19728718.331875
1620,2022,4,0.0015165714285714283,7823203.555555556,20258062.49111111
1620,2023,1,-0.0019738387096774196,11651694.08064516,20347294.940967742
1620,2023,2,-0.00022479032258064527,9818705.0,16521045.369032258
1620,2023,3,-0.00023776190476190482,7217564.111111111,17773489.93968254
1620,2023,4,0.0025026349206349213,9738445.0,15521142.834761905
1620,2024,1,0.0016962950819672128,9105655.213114753,17510948.69737705
1620,2024,2,-0.0004631428571428573,7060399.444444444,17803823.786349207
1620,2024,3,0.002656328125,7709059.171875,20010316.12203125
1620,2024,4,0.0004638906249999999,7821033.796875,22526003.5775
1645,2014,1,0.0011038196721311476,7622729.213114754,74988783.50377049
1645,2014,2,0.0002873650793650793,7008208.777777778,75908842.16666667
1645,2014,3,-0.00042560937500000004,5657126.875,76398656.14
1645,2014,4,0.001263640625,6787103.953125,77264785.91
1645,2015,1,-0.0003090327868852461,6807004.868852459,78229877.63836065
1645,2015,2,2.701587301587301e-05,6231593.365079365,77729317.98174603
1645,2015,3,-0.0006494531250000001,8096415.40625,76544901.53359374
1645,2015,4,0.0007919062500000001,6742553.078125,74990858.68171875
1645,2016,1,-0.0005599836065573771,8537471.44262295,69568915.74442622
1645,2016,2,9.390625e-05,7707646.984375,72061468.63859375
1645,2016,3,0.0010969375,6154541.828125,72999156.050625
1645,2016,4,0.0029986031746031747,7662437.53968254,81074171.62952381
1645,2017,1,0.00016980645161290326,6951506.741935484,90461601.89145161
1645,2017,2,0.000256936507936508,6420851.825396826,87040279.45285714
1645,2017,3,0.000625968253968254,5223464.301587301,87717262.92333333
1645,2017,4,0.0001231111111111111,5427587.968253968,89666409.52333334
1645,2018,1,-0.0007610000000000001,7194199.868852459,90576871.31442623
1645,2018,2,-9.703124999999892e-06,7164802.859375,83592975.7178125
1645,2018,3,0.0010022698412698414,5965192.682539683,86650241.34285715
1645,2018,4,-0.002068206349206349,8897643.0,83544065.34873016
1645,2019,1,0.0010454098360655737,6633427.2950819675,80634426.29180329
1645,2019,2,0.0014819999999999998,5606039.396825396,82288819.02650794
1645,2019,3,0.00105015625,5369973.890625,85603012.4671875
1645,2019,4,0.0012305312499999999,5532687.140625,90730166.83
1645,2020,1,-0.0073662258064516135,9980087.209677419,74280571.36709678
1645,2020,2,0.0022036666666666663,9609729.444444444,54000024.38222222
1645,2020,3,5.812500000000094e-06,6434446.546875,55123811.43484375
1645,2020,4,0.004545703125,6716032.15625,63747447.2390625
1645,2021,1,0.0031454754098360653,8160082.721311475,75138842.70491803
1645,2021,2,0.0006843650793650793,6375885.46031746,87877179.95333333
1645,2021,3,0.000921453125,5296740.3125,84557454.61140625
1645,2021,4,-0.0006482968749999998,5028386.28125,87694529.83921875
1645,2022,1,-0.000531,8068737.806451613,85250782.8717742
1645,2022,2,-0.0020270967741935477,7796021.774193549,74168569.91112903
1645,2022,3,-0.00175021875,6765444.03125,68750504.54875
1645,2022,4,0.0015974603174603173,10357261.555555556,63590732.144285716
1645,2023,1,-0.002379967741935484,12965285.370967742,67534655.09548387
1645,2023,2,-0.0008507419354838708,17058755.451612905,49504781.216129035
1645,2023,3,0.0004201746031746033,12269530.301587302,55846283.50015873
1645,2023,4,0.004767650793650793,11111678.26984127,56374033.74126984
1645,2024,1,0.0008374098360655738,9094232.901639344,65717319.98688524
1645,2024,2,-0.001594174603174603,7744433.095238095,63574334.00063492
1645,2024,3,0.0025039374999999997,8248570.140625,68442823.5240625
1645,2024,4,0.0010232812499999999,7653892.609375,76759451.28625
1685,2014,1,-0.0012351475409836065,2466938.7868852457,42369875.64721312
1685,2014,2,0.002194936507936508,1874660.142857143,41277581.06539682
1685,2014,3,0.0010707968750000001,1366536.078125,43772913.49125
1685,2014,4,0.0012526875000000001,1918770.40625,47904869.6653125
1685,2015,1,-0.0007114098360655736,1689365.9344262294,49178999.91229508
1685,2015,2,0.0005398412698412698,1613685.3333333333,49374528.73428571
1685,2015,3,-0.002479890625,1850750.203125,45149406.454375
1685,2015,4,0.0006576718749999999,1837554.078125,43660122.40140625
1685,2016,1,0.001746934426229508,2218711.0655737706,38315882.14885246
1685,2016,2,-0.00096528125,1517012.21875,43527887.4875
1685,2016,3,0.0023093125,1416969.421875,43611357.14578125
1685,2016,4,0.001089015873015873,1636121.5555555555,48773886.50698413
1685,2017,1,0.0008527741935483872,1679927.5,50909555.57193548
1685,2017,2,0.0018055079365079366,1641395.650793651,52784705.6547619
1685,2017,3,0.000674825396825397,1275267.761904762,57056571.606031746
1685,2017,4,0.001701904761904762,1400936.5555555555,61318381.70349207
1685,2018,1,-0.0004504426229508196,1980990.8688524591,67724194.9352459
1685,2018,2,-0.0007393593750000002,1616228.078125,66193330.734375
1685,2018,3,0.0010557301587301587,1555528.1746031747,64362331.00968254
1685,2018,4,-0.0059597619047619035,2373885.0476190476,55731486.51174603
1685,2019,1,0.002109770491803278,2141217.5081967213,46135564.57885246
1685,2019,2,-0.0013636031746031743,2125339.0,45622960.0
1685,2019,3,-0.0015038906250000002,2489451.234375,42041975.15125
1685,2019,4,0.0008814375000000001,2824337.046875,40214144.42328125
1685,2020,1,-0.002477193548387097,3150490.0161290322,36756924.94145161
1685,2020,2,0.0030476031746031747,2638047.111111111,32866369.64285714
1685,2020,3,0.00952146875,3589912.0625,52360933.14953125
1685,2020,4,0.0007300937500000001,2913529.796875,72741639.5384375
1685,2021,1,0.0016982131147540984,2635534.4590163934,68283594.93688525
1685,2021,2,0.0009524126984126984,2162528.222222222,78738427.43555555
1685,2021,3,-0.004626703125,2568865.546875,72268055.034375
1685,2021,4,0.002743625,2492340.75,63755696.8696875
1685,2022,1,-0.0015269354838709673,2523973.2741935486,62241486.83854839
1685,2022,2,0.00022406451612903223,2685845.5967741935,55307707.339032255
1685,2022,3,-0.005915953125,2879117.828125,54797114.044375
1685,2022,4,0.0027372063492063494,3142254.095238095,43222059.08253968
1685,2023,1,0.0047756451612903225,2065581.4677419355,51242021.53403226
1685,2023,2,0.001504322580645161,2086811.7741935484,57520486.27741935
1685,2023,3,0.0012091587301587302,1861026.238095238,65341960.93333334
1685,2023,4,-0.0004410476190476191,2167686.603174603,63866281.422380954
1685,2024,1,0.0024070491803278686,2179949.1639344264,62496806.11360656
1685,2024,2,0.0008758253968253967,1733309.253968254,64368891.468095236
1685,2024,3,-0.0010696250000000003,1760407.84375,71177155.9571875
1685,2024,4,0.0005915312499999998,1619820.390625,68196169.12890625
1741,2014,1,0.0015734918032786886,8087696.377049181,18595033.107213113
1741,2014,2,-0.0009895238095238095,8401946.365079366,17988263.214126986
1741,2014,3,-0.0008419531249999999,7225444.4375,17197591.7303125
1741,2014,4,0.00047078125000000006,6944850.84375,16426930.401406249
1741,2015,1,-0.0010549672131147541,10018294.393442623,15416678.449180327
1741,2015,2,0.0017347936507936508,7090413.682539683,16439378.83
1741,2015,3,-0.001228515625,6812971.734375,16442423.27546875
1741,2015,4,0.001195359375,8064187.1875,15737821.4184375
1741,2016,1,-0.00261372131147541,9940617.475409836,12892430.402295081
1741,2016,2,0.0011867656249999999,7839993.046875,13786607.61578125
1741,2016,3,0.002535234375,6012083.9375,14790771.4375
1741,2016,4,0.004614238095238095,7844406.936507937,18116615.542698413
1741,2017,1,-0.000749225806451613,6324893.306451613,20011205.63516129
1741,2017,2,0.0005297460317460317,6168761.825396826,18540064.423809525
1741,2017,3,0.0013532380952380953,5406851.46031746,19549256.825238094
1741,2017,4,0.0014291746031746032,5404269.698412699,20572540.366507936
1741,2018,1,0.000946639344262295,5246374.344262295,22561314.23213115
1741,2018,2,-0.0013159687499999999,6706742.59375,21750966.415625
1741,2018,3,-0.00024471428571428593,5432552.253968254,19704751.85650794
1741,2018,4,-0.0023913650793650795,6633468.396825396,17302461.842380952
1741,2019,1,0.0014088688524590168,7525198.032786885,17907026.584918033
1741,2019,2,0.0018403015873015873,7122773.841269841,20483726.742222223
1741,2019,3,-9.51562499999984e-06,5261710.640625,20034060.2440625
1741,2019,4,0.00201409375,4655763.96875,20886275.323125
1741,2020,1,-0.009344209677419354,7293653.0,17704857.33887097
1741,2020,2,0.005847952380952381,8883062.111111112,13188430.276349206
1741,2020,3,0.0019037656249999999,5760025.421875,14335473.836875
1741,2020,4,0.004786046875,5379684.140625,17979872.270625
1741,2021,1,0.005456491803278688,6420065.065573771,24083814.195081968
1741,2021,2,0.0005786825396825394,4917079.793650794,28250809.73206349
1741,2021,3,0.0019261093749999999,5018627.296875,26604848.1765625
1741,2021,4,0.0006503437500000002,4161297.765625,29993429.2121875
1741,2022,1,0.0002468064516129033,6507144.225806451,31913055.70435484
1741,2022,2,-0.0036124193548387096,5606397.016129033,25776534.39548387
1741,2022,3,-0.0004379687499999998,4233772.421875,23650628.4590625
1741,2022,4,0.0008648730158730158,4741798.063492063,23427826.592539683
1741,2023,1,-0.002706983870967742,8890055.35483871,22628394.524193548
1741,2023,2,0.00023312903225806452,7084035.983870967,17545888.057258062
1741,2023,3,-0.0001843174603174603,5087190.936507937,18363507.80888889
1741,2023,4,0.005393539682539683,5384489.301587301,18890064.86984127
1741,2024,1,0.001524704918032787,5563015.68852459,23738643.10344262
1741,2024,2,-4.128571428571416e-05,4062953.587301587,24988604.82253968
1741,2024,3,0.00275103125,4154382.59375,27592309.849687498
1741,2024,4,6.609374999999985e-05,4199849.96875,30173690.92609375
2367,2014,1,0.00011811475409836055,31715206.098360654,124066275.37770492
2367,2014,2,0.0030618730158730157,31579267.904761903,136341364.83809525
2367,2014,3,0.002085953125,31207488.515625,167457576.4078125
2367,2014,4,0.0008996562500000001,32165108.28125,168155000.78125
2367,2015,1,-0.0021610983606557377,33726095.95081967,159994143.8485246
2367,2015,2,-0.00023892063492063486,28070316.412698414,153363940.07936507
2367,2015,3,0.00012387499999999985,34661155.390625,137429653.828125
2367,2015,4,0.0022841875,24890808.53125,159587631.328125
2367,2016,1,-0.0007001639344262295,26514233.278688524,144936236.9652459
2367,2016,2,0.00043015625,22395628.84375,147888092.8125
2367,2016,3,0.0023790937499999997,22312506.765625,167515043.28125
2367,2016,4,-0.00043411111111111124,20492015.825396825,169682611.9047619
2367,2017,1,5.933870967741934e-05,23872872.29032258,171060041.91290322
2367,2017,2,-0.0008997460317460316,21858186.14285714,168500977.2222222
2367,2017,3,0.002078888888888889,21777616.682539683,167011114.12698412
2367,2017,4,0.0032612539682539683,28146200.492063493,204226957.46031746
2367,2018,1,0.0024153770491803284,36586078.54098361,222248447.18688524
2367,2018,2,-0.0004728593750000001,27953371.421875,247420318.90625
2367,2018,3,-0.0005601269841269841,23111009.793650795,224344763.01587301
2367,2018,4,0.000263111111111111,30138089.555555556,213689377.7777778
2367,2019,1,0.0024710655737704913,24008145.01639344,228947069.94491804
2367,2019,2,-0.0015307460317460317,24192524.76190476,221958109.04761904
2367,2019,3,0.0013829062499999998,21155113.234375,217700057.8125
2367,2019,4,0.00252625,18553952.640625,243263109.375
2367,2020,1,-0.00015661290322580669,31200290.048387095,253062924.57096773
2367,2020,2,0.002017857142857143,25311508.42857143,254721066.58730158
2367,2020,3,-0.0018277812500000002,33639950.796875,220600641.71875
2367,2020,4,-0.00023609375000000008,35926207.890625,199999253.4375
2367,2021,1,0.004600147540983607,36715785.114754096,242072848.32426232
2367,2021,2,-0.001858746031746032,26338992.126984127,237074166.5079365
2367,2021,3,-0.0006424218750000001,20774479.734375,219979075.78125
2367,2021,4,-0.00021935937500000007,31235565.171875,207941816.40625
2367,2022,1,-0.00023350000000000028,40077700.548387095,202102145.6753226
2367,2022,2,-0.004130032258064516,35339322.37096774,176909265.96774194
2367,2022,3,-0.005394171875,40216708.21875,140000601.09375
2367,2022,4,0.0009679999999999997,39926101.9047619,114627034.68253969
2367,2023,1,0.003954435483870968,46777290.451612905,117383719.67080645
2367,2023,2,0.0007613225806451613,44349030.12903226,130956368.5483871
2367,2023,3,0.0012705555555555556,37173803.49206349,145899129.52380952
2367,2023,4,0.00582584126984127,38401817.23809524,171274198.73015872
2367,2024,1,-0.0017319016393442623,44980097.44262295,188673034.08131146
2367,2024,2,-0.005305142857142856,47760733.26984127,139499665.88825396
2367,2024,3,-0.0030131718750000002,82503894.984375,106807503.28125
2367,2024,4,-0.002070375,68012647.90625,97212176.09375
2535,2014,1,0.0011513770491803279,11794464.37704918,11951033.512786884
2535,2014,2,0.0002517142857142857,8685528.0,12228237.061904762
2535,2014,3,-0.001000484375,8609748.4375,12016242.80671875
2535,2014,4,0.0008327499999999999,10715521.0625,11566642.21546875
2535,2015,1,0.0005407213114754098,10616582.737704918,11901746.200819673
2535,2015,2,0.0010718412698412698,9706462.761904761,12542707.203333333
2535,2015,3,-0.00195946875,9746194.828125,11989071.889375
2535,2015,4,0.0004984062500000002,14560982.46875,10978185.38796875
2535,2016,1,-0.0026044754098360655,16425308.967213115,9337103.037540983
2535,2016,2,0.0003489687499999998,13255754.78125,10020229.81453125
2535,2016,3,0.001703265625,16288860.234375,11096110.72734375
2535,2016,4,0.0066934285714285715,16021498.857142856,17052741.707460318
2535,2017,1,-0.00023343548387096767,11597022.41935484,19761417.047419354
2535,2017,2,0.0010192857142857141,10056120.634920634,19769327.933968253
2535,2017,3,0.0002381746031746032,10711223.777777778,19759089.291904762
2535,2017,4,0.0012601269841269844,10915411.238095239,20376576.93936508
2535,2018,1,-0.00025455737704918027,10348018.819672132,22385665.433934428
2535,2018,2,0.00019729687499999988,9177376.578125,21155211.30625
2535,2018,3,0.0004798888888888888,9497379.38095238,21964355.547936507
2535,2018,4,-0.004339666666666667,13023837.0,18321608.094761904
2535,2019,1,0.0013582131147540982,13489372.524590164,17016383.94557377
2535,2019,2,0.002173920634920635,10246965.904761905,17122962.636349205
2535,2019,3,0.0004399531250000002,8932956.015625,17383732.2121875
2535,2019,4,0.0022013281249999997,8440745.765625,18692177.2784375
2535,2020,1,-0.008228790322580646,12912234.967741935,16276556.762258064
2535,2020,2,0.004105650793650792,13604156.253968254,11273844.782857144
2535,2020,3,0.00021834375000000003,8958742.609375,11892779.45703125
2535,2020,4,0.005807156250000001,8469170.71875,14220620.5578125
2535,2021,1,0.0036902459016393443,9344440.950819673,18775715.93
2535,2021,2,0.0008043174603174606,7394570.746031746,21073767.184603177
2535,2021,3,0.001033328125,7511074.8125,19518136.286875
2535,2021,4,0.001299625,7270707.6875,21786318.6415625
2535,2022,1,-0.00010058064516129008,9190750.5,23105018.800322577
2535,2022,2,-0.003848774193548387,10672014.967741935,17915466.15935484
2535,2022,3,-0.0007889531250000003,9672447.203125,16695107.83203125
2535,2022,4,0.0018040317460317464,11242059.07936508,16406864.958571428
2535,2023,1,-0.0039204999999999995,20198626.01612903,15758986.597096775
2535,2023,2,-0.0039046935483870965,23212514.16129032,9738732.477419356
2535,2023,3,0.0030795714285714285,16204454.53968254,10359209.188253969
2535,2023,4,0.0053093333333333334,15010486.555555556,11114045.723333335
2535,2024,1,0.0019757377049180328,16989771.86885246,13511655.798688525
2535,2024,2,-0.0013350158730158729,12757928.19047619,13588404.163492063
2535,2024,3,0.00302096875,14494791.203125,14962558.683125
2535,2024,4,0.0008020625000000004,9306584.390625,17221768.205000002
2709,2014,1,-7.996721311475408e-05,6569174.098360656,50184803.46
2709,2014,2,-0.0001595873015873015,5714087.396825396,47554458.746031746
2709,2014,3,0.001640296875,4977967.421875,50270839.961875
2709,2014,4,0.004258515625000001,5431100.625,59083780.8046875
2709,2015,1,0.0014324590163934427,5082784.0,69723423.19770491
2709,2015,2,-0.001548984126984127,5056978.015873016,67728853.48206349
2709,2015,3,0.0006184375,5403604.03125,64024931.3
2709,2015,4,0.00167096875,4368761.671875,68473409.51421875
2709,2016,1,0.00015877049180327874,5950818.852459016,64407795.73278688
2709,2016,2,0.000807203125,4780741.421875,69100582.08796875
2709,2016,3,-0.00130221875,4987500.890625,68781761.2928125
2709,2016,4,-6.784126984126984e-05,6413789.555555556,61760166.47571428
2709,2017,1,0.0025281935483870968,5470193.080645162,66575092.85064516
2709,2017,2,-0.0008084920634920637,5537148.46031746,70165245.9147619
2709,2017,3,0.0006736349206349207,6633194.222222222,64448735.93079365
2709,2017,4,0.0025709365079365078,6091085.666666667,68790508.04095238
2709,2018,1,-0.0006548196721311477,7387903.655737705,78540079.01163934
2709,2018,2,0.001578046875,5753887.53125,74720037.02
2709,2018,3,0.0030593809523809523,4417465.095238095,84850139.62634921
2709,2018,4,-0.003180142857142857,5381891.888888889,78046416.00825398
2709,2019,1,0.0029744590163934426,4701795.557377049,80060826.75114754
2709,2019,2,-0.001006095238095238,4991159.206349206,84078895.30746032
2709,2019,3,0.00159025,4591604.046875,82384500.82875
2709,2019,4,0.001468453125,3599287.34375,88094190.0871875
2709,2020,1,-0.0037735645161290315,5906238.887096774,83748025.5
2709,2020,2,0.007583285714285714,5958913.968253968,86564776.52095237
2709,2020,3,0.003389546875,3877224.921875,116303181.37640625
2709,2020,4,-0.00023143749999999998,4825722.1875,121444584.09890625
2709,2021,1,0.002985868852459016,4175989.5081967213,125571378.7137705
2709,2021,2,0.00044228571428571434,3961558.3174603176,139611823.95793653
2709,2021,3,0.0009274843750000001,3490452.609375,139857085.29703125
2709,2021,4,0.0039144375,3226379.0,162920506.5015625
2709,2022,1,-0.0037199354838709678,4132361.629032258,154614833.98774192
2709,2022,2,-0.0020435483870967744,4184749.7258064514,127438159.35758065
2709,2022,3,0.00140015625,3634792.328125,123252291.8103125
2709,2022,4,0.0012856349206349209,3409792.4603174604,122914079.95206349
2709,2023,1,0.00029367741935483883,3097390.419354839,122816346.96209677
2709,2023,2,0.002133935483870968,2954530.2419354836,124004952.95838709
2709,2023,3,-0.0011537619047619048,2468601.1587301586,131168709.70238096
2709,2023,4,0.0012853174603174602,2900356.8253968256,116837930.58666667
2709,2024,1,0.0023864262295081964,2604753.5409836066,132196913.68295082
2709,2024,2,-0.0021283333333333336,2506320.015873016,130367837.98730159
2709,2024,3,0.00340634375,2350387.796875,137792767.08421874
2709,2024,4,-0.00129209375,2308153.609375,151270574.0184375
2801,2014,1,0.0007454918032786884,424957.9016393443,4423725.210737705
2801,2014,2,7.03650793650794e-05,242815.03174603175,4657025.394444445
2801,2014,3,-0.0009025937500000001,249567.921875,4466390.677890625
2801,2014,4,0.00185028125,336933.78125,4627794.279609375
2801,2015,1,0.0007462459016393443,365153.9672131148,4768586.792295082
2801,2015,2,0.0008437777777777777,269994.1984126984,4977815.819841269
2801,2015,3,0.00037958593750000004,407337.328125,5193433.7284375
2801,2015,4,0.0008568203124999999,331346.46875,5395959.740859375
2801,2016,1,0.002541450819672131,472218.4672131148,5722753.308934427
2801,2016,2,0.0011897421875,382008.15625,6193855.0471875
2801,2016,3,-0.0008598125,299629.9453125,6421532.702421875
2801,2016,4,-0.0009197936507936509,344833.4365079365,5890223.79515873
2801,2017,1,0.0007614758064516129,401748.47580645164,6072782.644032259
2801,2017,2,0.00013005555555555554,301822.0714285714,6307523.215476191
2801,2017,3,0.0009666666666666667,581101.1428571428,6011366.957777778
2801,2017,4,3.841269841269911e-06,483682.4285714286,6526025.416190476
2801,2018,1,0.0011133360655737705,555325.3196721311,6892469.143688524
2801,2018,2,0.0013767265625,508305.90625,6890050.7821875
2801,2018,3,0.002094134920634921,386799.38095238095,8098788.713015873
2801,2018,4,0.0011308809523809524,598712.7222222222,9443052.008730158
2801,2019,1,0.0014349590163934426,699384.3770491803,8898890.366557376
2801,2019,2,0.0006149285714285714,448771.71428571426,10176747.30888889
2801,2019,3,0.00031470312500000004,388453.078125,10648817.932578124
2801,2019,4,0.0014689765625,327501.421875,10987818.094453124
2801,2020,1,-0.0021507822580645163,540925.7580645161,10312461.585564515
2801,2020,2,0.003908087301587301,388479.78571428574,10947040.323095238
2801,2020,3,0.00150859375,265904.4765625,13038688.353359375
2801,2020,4,-6.41328125e-05,321993.046875,12592219.128984375
2801,2021,1,-0.0010546475409836066,697207.8114754099,11865628.946229508
2801,2021,2,-6.66825396825397e-05,658778.7380952381,11906640.299365079
2801,2021,3,-0.0010849453125,532022.3359375,11469912.345546875
2801,2021,4,0.0027056953125,669470.6953125,11377280.857109375
2801,2022,1,0.0007900403225806451,804761.0483870967,13070570.737983871
2801,2022,2,-0.0027204112903225805,629785.8225806452,12690386.857903227
2801,2022,3,-0.002008203125,579763.0625,11245648.546640625
2801,2022,4,0.0023945079365079364,627330.1349206349,10822296.840634922
2801,2023,1,0.00028794354838709683,747754.4516129033,10223010.664435485
2801,2023,2,0.0009148467741935484,754551.1854838709,11850933.003306452
2801,2023,3,-0.001658904761904762,586375.6349206349,11210846.027222224
2801,2023,4,-0.0015064285714285715,1116773.603174603,8782670.820873016
2801,2024,1,0.0022150983606557375,1085728.024590164,9113936.049262295
2801,2024,2,-0.0013315238095238094,924819.3253968254,9766282.26595238
2801,2024,3,0.0027197734375,894529.828125,10467574.794609375
2801,2024,4,-0.00100984375,881046.40625,10544431.835234376
2850,2014,1,0.0012108852459016392,5273235.24590164,58155883.32950819
2850,2014,2,0.0006928095238095237,6925131.746031746,60754771.802063495
2850,2014,3,-0.00033178125000000004,7711580.0,62968976.04515625
2850,2014,4,0.002631890625,8436707.328125,68169776.590625
2850,2015,1,0.0029955625,12475588.9375,72211955.9125
3151,2014,1,0.0017431475409836067,115316533.60655738,178428192.2757377
3151,2014,2,-0.0016582698412698413,78796801.57142857,163456493.2120635
3151,2014,3,0.00173784375,73999436.875,167424645.98296875
3151,2014,4,0.0008820625000000003,75979539.46875,179959837.84359375
3151,2015,1,-0.002265327868852459,97989516.90163934,168918178.20016393
3151,2015,2,0.0016974444444444446,71864745.34920634,173170479.13333333
3151,2015,3,-0.00115240625,89263345.28125,176163751.3203125
3151,2015,4,0.001388328125,79066729.078125,176222845.53125
3151,2016,1,-0.003179754098360656,141573180.44262296,139972868.93163934
3151,2016,2,-1.968750000000031e-06,94764765.828125,144726005.75296876
3151,2016,3,0.002739703125,83544391.609375,152300331.7546875
3151,2016,4,0.005686730158730159,115672001.34920634,195257459.57015872
3151,2017,1,0.0012215,98717965.85483871,238664769.8132258
3151,2017,2,0.0006001111111111112,83028048.3968254,232615960.00428572
3151,2017,3,0.0008480158730158732,67012104.253968254,245466275.38619047
3151,2017,4,0.002558634920634921,67075157.41269841,288577313.7260318
3151,2018,1,0.0004723606557377049,75542013.85245901,324091143.8113115
3151,2018,2,-0.0008132187499999999,66638834.828125,303301715.97375
3151,2018,3,0.0008444603174603175,54421963.92063492,305624496.52031744
3151,2018,4,-0.0025687142857142857,75405867.38095239,267989217.51761904
3151,2019,1,0.0020652950819672134,63252537.68852459,274453085.577377
3151,2019,2,0.0009815396825396823,52030628.50793651,275436035.3692063
3151,2019,3,0.0003234999999999998,55139573.109375,269600347.45921874
3151,2019,4,0.003093234375,46926693.421875,293911623.2835938
3151,2020,1,-0.006661177419354839,78967273.24193548,265736916.16306454
3151,2020,2,0.002715285714285715,77567656.33333333,205361558.07063493
3151,2020,3,0.0005045624999999999,59772520.421875,215803511.1740625
3151,2020,4,0.004014765625,56424740.71875,232084005.2434375
3151,2021,1,0.004266196721311476,55990388.50819672,298254769.61934423
3151,2021,2,0.0011705714285714286,45048918.87301587,352344573.40349203
3151,2021,3,0.00066515625,48125208.78125,341855084.0553125
3151,2021,4,0.0009191562500000002,44907308.3125,379677573.328125
3151,2022,1,-0.0009058709677419354,56129070.93548387,367396903.6430645
3151,2022,2,-0.004229516129032258,50589092.69354839,290389957.0941936
3151,2022,3,-0.00019771875000000017,38966398.25,269105333.8790625
3151,2022,4,0.0017664603174603172,40864006.777777776,276461222.3428571
3151,2023,1,-0.002079951612903226,56246794.79032258,264603456.59854838
3151,2023,2,0.0003022903225806452,49173170.11290322,228040326.39935485
3151,2023,3,-0.0005152857142857141,40576852.23809524,235556961.4379365
3151,2023,4,0.0035773333333333334,47311479.79365079,231010521.07365078
3151,2024,1,0.0021422131147540986,41135793.75409836,271149781.14426225
3151,2024,2,0.0009381587301587303,36867238.20634921,301053051.8755556
3151,2024,3,0.00018373437500000011,39954877.46875,311818413.190625
3151,2024,4,0.0018083125000000002,33615195.0625,338813040.3509375
3194,2014,1,-0.0009000983606557379,3965193.819672131,53571952.82803279
3194,2014,2,0.0008821269841269841,3531859.126984127,52274982.90571429
3194,2014,3,0.00238775,3650278.875,55048728.53203125
3194,2014,4,0.0012768906249999998,3530590.71875,64362029.50875
3194,2015,1,0.0008252295081967214,3764073.62295082,65550113.95295082
3194,2015,2,0.0012594920634920635,2886393.285714286,70025836.61460318
3194,2015,3,0.002237875,4054486.5625,76864359.344375
3194,2015,4,0.00039835937499999984,4825126.578125,87323664.9778125
3194,2016,1,-5.459016393442625e-05,10540987.262295082,81625661.40180328
3194,2016,2,-0.0015475625000000001,10738794.328125,76195131.06625
3194,2016,3,-0.0006230625000000001,9045204.65625,75845970.79656251
3194,2016,4,-0.0004373809523809523,9079669.412698412,68746022.57650793
3194,2017,1,0.0016325806451612903,9739093.129032258,73396753.8916129
3194,2017,2,0.0010996825396825396,10107889.523809524,71346376.9163492
3194,2017,3,-0.001929015873015873,8656987.476190476,73819075.2126984
3194,2017,4,0.0031006349206349204,9988223.650793651,75436638.18476191
3194,2018,1,0.0011750163934426232,8068788.836065574,85957682.51803279
3194,2018,2,0.0030650625,6962965.296875,90678574.72609375
3194,2018,3,0.0010759523809523812,6535726.476190476,102903611.18888888
3194,2018,4,-0.0017794444444444444,8133150.793650794,95442347.6504762
3194,2019,1,0.002215196721311476,6805192.344262295,104215578.81114754
3194,2019,2,8.56825396825398e-05,6567638.476190476,105824400.88492064
3194,2019,3,0.00191278125,6125039.609375,107496561.6934375
3194,2019,4,0.0012735625,6194502.046875,117654539.34
3194,2020,1,-0.0024419193548387095,9772388.564516129,115702823.58709677
3194,2020,2,0.00307515873015873,7683531.015873016,114516889.80380952
3194,2020,3,0.004063953125,6625420.453125,133488897.770625
3194,2020,4,0.0019850468750000003,5529640.90625,165833965.2575
3194,2021,1,-0.0008455901639344265,6302079.7049180325,176071560.77442622
3194,2021,2,0.002680698412698413,7336872.111111111,171431646.41063493
3194,2021,3,-0.000857828125,5946273.6875,208157114.80875
3194,2021,4,0.0022970625,5844893.9375,210763275.96046874
3194,2022,1,-0.0031929838709677414,7226107.677419355,179421772.1948387
3194,2022,2,-0.003972064516129032,7476928.548387097,150347915.86451614
3194,2022,3,-0.0028037656250000003,7344679.96875,136404747.6103125
3194,2022,4,0.005868634920634921,8768341.761904761,126955587.21857144
3194,2023,1,0.0009156612903225807,6341380.129032258,153674368.80580643
3194,2023,2,-0.0015021129032258068,7506375.774193549,144582337.22935483
3194,2023,3,-0.0021235873015873017,7746789.936507937,126241619.72
3194,2023,4,0.002293015873015873,8971302.142857144,131564638.11873016
3194,2024,1,-0.0021741803278688527,9428980.68852459,124048720.69360657
3194,2024,2,-0.0029982063492063494,11148955.126984127,112766723.81206349
3194,2024,3,0.002726296875,14104456.328125,94465572.975
3194,2024,4,-0.002226484375,11755091.34375,93827773.044375
3275,2014,1,0.0010935081967213115,1190110.213114754,14725869.656885248
3275,2014,2,-0.00019652380952380947,1116920.2698412698,14574048.944444444
3275,2014,3,0.001000421875,1153142.265625,15831539.848593751
3275,2014,4,1.5765625000000073e-05,1088776.15625,15666565.3028125
3275,2015,1,0.0007341639344262297,1217010.1311475409,15946513.443770492
3275,2015,2,0.0015998253968253966,1164020.8253968253,17390661.36222222
3275,2015,3,-0.001550140625,1244724.84375,17099385.39109375
3275,2015,4,0.001078515625,1319082.65625,16619766.6759375
3275,2016,1,-0.0013448524590163934,1706058.2459016393,14347958.193442622
3275,2016,2,0.0005432812500000003,1384450.609375,15885751.6290625
3275,2016,3,0.000542390625,1029791.765625,15393077.1809375
3275,2016,4,0.0044584285714285715,1404989.9206349207,17999197.807460316
3275,2017,1,-0.0003235645161290322,1169869.2096774194,19911312.358225808
3275,2017,2,0.001969111111111111,1022898.6666666666,20643878.395873018
3275,2017,3,-0.0007027142857142857,1252265.4603174604,20638057.804285716
3275,2017,4,0.0014367777777777775,1056251.380952381,21666332.382539682
3275,2018,1,0.0007376393442622952,1213082.6557377048,23634770.695081968
3275,2018,2,9.525000000000017e-05,1069025.578125,23825135.29953125
3275,2018,3,3.53174603174602e-05,1130838.0952380951,23902504.247777775
3275,2018,4,-0.0029000000000000002,1470914.380952381,20746118.143333334
3275,2019,1,0.001483377049180328,1258962.6229508198,19723087.7752459
3275,2019,2,0.0001436031746031744,1185685.4603174604,20049910.971904762
3275,2019,3,0.000830421875,1107301.015625,19730245.00546875
3275,2019,4,0.00220040625,995912.5625,21684601.2334375
3275,2020,1,-0.0041155161290322585,1698575.8387096773,19200432.97903226
3275,2020,2,0.0014000634920634922,1478424.0317460317,16500292.488571428
3275,2020,3,8.84531250000001e-05,1082870.453125,16709479.32296875
3275,2020,4,0.003171,882843.8125,18357459.74078125
3275,2021,1,0.002266327868852459,1034011.2295081967,20422687.958196722
3275,2021,2,0.001712968253968254,848579.4761904762,23864809.242857143
3275,2021,3,-0.0008693281249999999,677418.9375,23657945.58921875
3275,2021,4,0.0018321718749999998,686976.96875,24877684.53625
3275,2022,1,-2.022580645161265e-05,1024972.1290322581,24642522.424838707
3275,2022,2,-0.002739064516129032,867323.9677419355,22023155.338064518
3275,2022,3,-0.0016068437500000002,921428.03125,20117752.30984375
3275,2022,4,0.000968904761904762,973177.8571428572,18254810.394285712
3275,2023,1,0.0003305483870967742,1202152.7580645161,19279249.075322583
3275,2023,2,-0.0024480322580645165,1309153.7741935484,15989387.789032258
3275,2023,3,-0.0006059682539682537,1288784.2063492064,15633733.100317461
3275,2023,4,0.003388984126984127,1450757.873015873,15307754.012698412
3275,2024,1,0.0011189016393442623,1536783.9836065574,16782983.118196722
3275,2024,2,-0.0006639206349206349,1201180.4444444445,17173866.39047619
3275,2024,3,0.001320171875,1162208.328125,17625281.528125
3275,2024,4,0.002259140625,1229815.203125,20262084.12125
3487,2014,1,0.0022971311475409838,2055188.4426229508,21904748.20081967
3487,2014,2,-0.0010091587301587304,1737331.9523809524,22721476.84126984
3487,2014,3,-0.0014373125,1438689.078125,22174542.29078125
3487,2014,4,0.003173625,2038299.34375,22935549.475
3487,2015,1,-0.0010358032786885246,1889323.3934426229,22595356.79967213
3487,2015,2,0.00028553968253968234,1568485.888888889,22977428.352063492
3487,2015,3,-0.00297253125,2295168.078125,21568155.0053125
3487,2015,4,-0.0007811406249999998,2605716.765625,18070380.7525
3487,2016,1,0.002569639344262295,2563594.8852459015,17653469.815737706
3487,2016,2,-0.0005598593750000005,2338022.359375,19332121.07671875
3487,2016,3,0.002097515625,2131986.921875,20007534.815625
3487,2016,4,0.0016334920634920634,2012723.2063492064,21204958.853809524
3487,2017,1,0.0009501935483870969,1942974.2580645161,23714128.35629032
3487,2017,2,-0.00012414285714285714,1897306.857142857,22768528.61269841
3487,2017,3,0.0015531904761904762,1612297.7301587302,23772177.209523812
3487,2017,4,0.00014412698412698418,2141412.603174603,24944215.563492063
3487,2018,1,-0.000958934426229508,2798468.4426229508,24972118.606065575
3487,2018,2,-0.0008359531249999999,2118113.6875,22808127.375625
3487,2018,3,0.0016716825396825396,1933490.1904761905,23204042.055079367
3487,2018,4,-0.002019904761904762,2305998.253968254,20926722.944444444
3487,2019,1,0.0030606229508196724,2080736.8524590165,22627414.95737705
3487,2019,2,0.0009487619047619048,1634658.2857142857,24145436.004920635
3487,2019,3,-0.00014262499999999982,1736077.296875,23696770.4646875
3487,2019,4,0.00249075,1607691.109375,26678824.62515625
3487,2020,1,-0.003465241935483872,2302519.919354839,24438092.947096776
3487,2020,2,0.0034768253968253966,1991504.5396825396,24240636.603809524
3487,2020,3,0.002206421875,1677246.3125,29115311.87203125
3487,2020,4,0.0004736250000000001,1458292.25,30516654.74375
3487,2021,1,0.0014801803278688525,1969963.3770491802,32520532.16852459
3487,2021,2,-0.0004921904761904761,1746991.8412698412,31922722.30253968
3487,2021,3,-0.0017816875,2343960.71875,28900009.37375
3487,2021,4,0.002184125,1768640.484375,30100165.39359375
3487,2022,1,0.00017848387096774194,1837410.9032258065,31808639.63064516
3487,2022,2,-0.0008463387096774192,1922525.9032258065,29371397.219193548
3487,2022,3,0.000418859375,1731203.859375,30319672.52234375
3487,2022,4,0.003274365079365079,2082455.0793650793,34078996.88253968
3487,2023,1,0.001887064516129032,2775387.6774193547,37367439.561290324
3487,2023,2,0.002327693548387097,2678090.85483871,38656026.421935484
3487,2023,3,0.000390126984126984,2386941.984126984,44458969.83968254
3487,2023,4,0.0028443333333333333,2235205.253968254,46981938.84063492
3487,2024,1,0.004012655737704918,2299781.704918033,56269152.75573771
3487,2024,2,-0.002781873015873016,2716108.904761905,57774839.42222222
3487,2024,3,-0.00041857812499999995,2756235.734375,51258905.9509375
3487,2024,4,0.0014578281250000001,2362565.28125,57377309.17265625
3685,2014,1,0.0020365081967213114,2318644.0163934426,43479871.66819672
3685,2014,2,0.0005023333333333333,1944160.888888889,45610143.435079366
3685,2014,3,-0.0004993125000000001,2123386.046875,45548185.81734375
3685,2014,4,0.001162796875,2364325.96875,46063936.6
3685,2015,1,0.0005432459016393443,2814490.9836065574,47497283.76065574
3685,2015,2,0.0005246666666666668,2374877.8412698414,49119896.38253968
3685,2015,3,-0.0008775000000000001,2329758.65625,48521123.85
3685,2015,4,0.0012230312500000002,2276146.15625,47389652.7996875
3685,2016,1,-0.0017252131147540981,2730773.2131147543,42918679.02114754
3685,2016,2,-0.0003805000000000002,2511007.140625,42961246.31359375
3685,2016,3,0.001737140625,2565784.6875,42419678.5965625
3685,2016,4,0.004332079365079365,3206342.8412698414,50777271.756349206
3685,2017,1,0.0006073548387096776,2660914.064516129,59462486.70870968
3685,2017,2,0.0007400158730158729,2172835.380952381,58490698.07206349
3685,2017,3,0.0013531428571428572,2158852.523809524,61675935.77
3685,2017,4,0.0012149682539682543,1675955.9206349207,65903282.42333333
3685,2018,1,0.0009756229508196721,2328612.7868852457,73579159.70918033
3685,2018,2,-0.001588046875,2284421.296875,68616659.85984375
3685,2018,3,0.00027619047619047615,1979666.1746031747,66277116.59174603
3685,2018,4,-0.0021373809523809522,2918299.6666666665,59046324.34111111
3685,2019,1,0.0009890983606557378,2505038.2786885244,56757382.33737705
3685,2019,2,0.001978888888888889,1675804.365079365,59792790.42809524
3685,2019,3,0.0005631562499999999,2038023.171875,60755918.32375
3685,2019,4,0.002203375,1679930.421875,66165256.2353125
3685,2020,1,-0.006796645161290323,2849558.14516129,58422022.81838709
3685,2020,2,0.0025526666666666675,3279400.206349206,44832402.75238095
3685,2020,3,0.0010272968749999996,2206888.59375,45637657.7765625
3685,2020,4,0.0052068125,2248658.703125,54166239.789375
3685,2021,1,0.0030018360655737703,2033445.9180327868,69906285.38131148
3685,2021,2,0.0015528412698412697,1697297.9047619049,79702369.98476191
3685,2021,3,0.0006075000000000002,1586731.9375,80270262.72390625
3685,2021,4,0.00058328125,1578626.84375,86184291.07671875
3685,2022,1,-0.0010385483870967742,2381314.5483870967,85075784.33274193
3685,2022,2,-0.0022255806451612903,2300248.080645161,69670295.96000001
3685,2022,3,-0.0005824531249999999,1709858.078125,66812385.980625
3685,2022,4,0.001281396825396825,2175185.0634920634,63848085.60095238
3685,2023,1,-0.0030793709677419357,3363715.709677419,60691909.98403226
3685,2023,2,0.00024529032258064536,3573870.6774193547,48820130.95451613
3685,2023,3,-9.136507936507952e-05,2142982.714285714,50183173.70857143
3685,2023,4,0.004072666666666666,2258442.4285714286,51566097.18444444
3685,2024,1,0.000997606557377049,2237306.9344262294,60008886.162786886
3685,2024,2,-0.00036612698412698415,1573403.4126984128,61665127.452857144
3685,2024,3,0.00296515625,1821160.3125,69760877.16796875
3685,2024,4,0.0009163281249999999,1837222.03125,78059181.99109375
4162,2014,1,0.0007625737704918032,324282.2131147541,6293609.994098361
4162,2014,2,0.0007943650793650795,281982.1746031746,6737290.759047619
4162,2014,3,0.00042964062499999996,331786.90625,7146685.050625
4162,2014,4,0.00205078125,386013.515625,7616963.65015625
4162,2015,1,0.0013318360655737707,364548.8360655738,8172784.028196721
4162,2015,2,0.0013536825396825397,314062.5873015873,8985237.106666667
4162,2015,3,-0.0006853125,411215.578125,9337496.6728125
4162,2015,4,0.002108625,362096.609375,9672689.08125
4162,2016,1,-0.0012064426229508197,598457.7213114754,8894263.46967213
4162,2016,2,0.00021496875,494749.328125,9229660.72828125
4162,2016,3,-0.0004773593749999999,428675.890625,8978816.69984375
4162,2016,4,0.0020560476190476192,477619.25396825396,9442218.5
4162,2017,1,-9.727419354838701e-05,468986.53225806454,9980563.757419355
4162,2017,2,-0.0008932857142857142,624708.5714285715,9484536.703809524
4162,2017,3,-0.0007700000000000001,723450.1746031746,8669007.801269842
4162,2017,4,0.0026333174603174604,598201.0,9246648.07015873
4162,2018,1,-0.0025294426229508196,733817.7213114754,9353311.907868853
4162,2018,2,0.0015142031250000004,603051.21875,8569397.28078125
4162,2018,3,0.002306111111111111,585102.746031746,9841931.53
4162,2018,4,-0.003418571428571429,720862.5714285715,8896068.28873016
4162,2019,1,0.0014619016393442623,677816.475409836,8838798.226229507
4162,2019,2,0.0011243015873015872,529226.4603174604,9021916.070476191
4162,2019,3,-0.000669734375,400117.96875,8492120.7221875
4162,2019,4,0.001404046875,398463.640625,8964877.4528125
4162,2020,1,-0.0062744193548387095,571154.5483870967,8090774.16016129
4162,2020,2,0.004724142857142857,675182.8095238095,6918476.515714286
4162,2020,3,0.001220296875,370092.75,7904121.025
4162,2020,4,0.00267028125,471617.359375,9074853.8221875
4162,2021,1,0.005211590163934426,541542.262295082,10675711.218360657
4162,2021,2,-0.0003426190476190476,417353.6349206349,12971379.19015873
4162,2021,3,-0.0008739218750000001,361004.78125,11971942.825
4162,2021,4,0.0007161406250000001,382466.40625,11490521.92953125
4162,2022,1,-0.0005209193548387095,367594.77419354836,11286526.351774193
4162,2022,2,-0.00038800000000000016,371931.1129032258,11372407.217580644
4162,2022,3,0.0005358281250000002,285349.953125,11500165.6378125
4162,2022,4,0.0022426190476190475,292237.6349206349,12022208.524920635
4162,2023,1,0.0014441612903225807,303108.06451612903,12973173.808870967
4162,2023,2,0.0027276129032258066,305180.43548387097,13719691.507419355
4162,2023,3,-0.001756936507936508,232792.96825396825,14300528.655714286
4162,2023,4,0.002144936507936508,235955.39682539683,14254499.535079366
4162,2024,1,0.0006581311475409838,308463.4262295082,14974878.171803279
4162,2024,2,-0.001779,284544.92063492065,14475103.648730159
4162,2024,3,0.00179503125,279560.09375,14521556.295
4162,2024,4,0.0027073124999999996,401602.421875,17739944.949375
4260,2014,1,-0.0006950819672131149,2900365.0655737706,30179519.025409836
4260,2014,2,-0.0003957619047619048,2478100.603174603,28349126.883968256
4260,2014,3,0.00150734375,1992382.171875,30467565.21421875
4260,2014,4,0.0011676093750000002,2170221.890625,31614970.25015625
4260,2015,1,-0.0008716557377049182,2970785.8524590163,31266521.310491804
4260,2015,2,0.0008456666666666668,2109437.1428571427,32070880.19809524
4260,2015,3,-0.001878546875,2439418.5,30543030.74046875
4260,2015,4,1.7874999999999987e-05,2522285.578125,28226440.04421875
4260,2016,1,-0.0016774426229508197,3649029.393442623,22834853.085245904
4260,2016,2,-0.0009407343750000001,2623721.09375,23812656.6928125
4260,2016,3,0.004212203125,2399460.0,25732461.20390625
4260,2016,4,0.0019063333333333332,2089170.4285714286,29237683.76190476
4260,2017,1,0.0005533548387096773,2432319.2419354836,30476825.046774194
4260,2017,2,0.0020249682539682542,1852117.5396825396,31577720.39047619
4260,2017,3,0.0011058095238095237,1793676.603174603,34884070.09349206
4260,2017,4,0.0004571904761904761,1671843.2063492064,35646980.77714286
4260,2018,1,0.0005972786885245901,1884612.5573770492,38888610.97836065
4260,2018,2,-0.0008904218749999998,1599663.734375,36394880.47515625
4260,2018,3,-0.0014805396825396824,2625419.1428571427,32931497.272063494
4260,2018,4,-0.0041291904761904755,3279252.5555555555,27186948.085714288
4260,2019,1,0.0009198196721311475,2818213.5409836066,26287575.08065574
4260,2019,2,-0.002291746031746032,2676835.015873016,23429498.96
4260,2019,3,0.0012302812499999998,3226251.296875,20670554.433125
4260,2019,4,0.004772046875,2465813.8125,25785626.56109375
4260,2020,1,-0.004747435483870968,3490517.790322581,24928755.08322581
4260,2020,2,0.003653809523809523,2593974.301587302,21286797.36
4260,2020,3,-0.000732875,2140221.125,22868846.9296875
4260,2020,4,0.0036406406249999998,2151110.0,23939107.32765625
4260,2021,1,0.002697803278688525,2986034.9836065574,27291296.73672131
4260,2021,2,-7.041269841269847e-05,2238150.3333333335,29461798.293333333
4260,2021,3,0.0007546406250000001,2178891.53125,30019383.33734375
4260,2021,4,0.0017143125000000001,2079987.140625,34462645.8490625
4260,2022,1,-0.0006064193548387098,2443880.2419354836,33883235.563064516
4260,2022,2,-0.005069193548387097,2923627.7419354836,25944919.06532258
4260,2022,3,0.00017601562500000007,1969054.03125,25104818.44609375
4260,2022,4,0.004349222222222222,2643303.4603174604,27035888.156666666
4260,2023,1,-1.709677419354853e-05,3033930.290322581,29714775.087580647
4260,2023,2,-0.00020656451612903232,2723073.9677419355,24254954.196612906
4260,2023,3,-0.0010408888888888887,2519801.8253968256,22810578.48190476
4260,2023,4,0.002561095238095238,2026436.888888889,21731082.863492064
4260,2024,1,0.00017809836065573758,2238861.7213114756,22718711.285245903
4260,2024,2,-0.000625095238095238,2349357.714285714,22489410.40253968
4260,2024,3,0.00306671875,2103804.515625,24709226.0834375
4260,2024,4,0.0018396406250000001,2146170.859375,27961816.22890625
4293,2014,1,-0.0008845573770491803,2656985.62295082,29980995.150983606
4293,2014,2,0.0017012857142857142,2149225.301587302,31824215.773174603
4293,2014,3,0.00010214062499999999,1743350.953125,31872918.606875
4293,2014,4,0.0019741093749999997,2188348.328125,33706973.665625
4293,2015,1,0.0004960000000000001,2022957.68852459,34987781.36852459
4293,2015,2,-0.001628984126984127,1960456.2063492064,32721779.9668254
4293,2015,3,0.000623296875,2094472.40625,32078163.9678125
4293,2015,4,0.00211325,1822770.09375,34042162.31484375
4293,2016,1,0.0007074098360655739,1969674.213114754,32518673.748360656
4293,2016,2,0.00047746875000000014,1546988.25,33166647.9953125
4293,2016,3,-0.00048971875,1375715.265625,33893453.491875
4293,2016,4,0.0012077460317460318,1877298.380952381,32582234.91349206
4293,2017,1,-0.00013970967741935478,1468240.6129032257,33768088.30645161
4293,2017,2,0.0008801587301587302,1407566.0317460317,34402154.5147619
4293,2017,3,-0.00035255555555555577,1561757.1746031747,34594336.738571435
4293,2017,4,0.0017335555555555557,1484447.761904762,36216211.78587301
4293,2018,1,0.0005857377049180327,1959031.8852459015,37998503.76065574
4293,2018,2,-0.0018306718749999998,1431521.609375,35448990.673125
4293,2018,3,0.0010712857142857143,1392538.1904761905,34645857.082222216
4293,2018,4,-0.0010618412698412698,1833123.0158730159,33276140.814285714
4293,2019,1,0.0023618524590163937,1441887.1147540985,33766781.501639344
4293,2019,2,0.0014946825396825398,1293668.2222222222,37833851.446666665
4293,2019,3,5.2374999999999945e-05,1182374.640625,38786059.6196875
4293,2019,4,-0.001102328125,1295921.265625,35243105.20421875
4293,2020,1,-0.003888774193548387,2243953.080645161,31871180.648709677
4293,2020,2,0.0027462063492063493,2080625.4126984128,26715204.564920634
4293,2020,3,-0.0005787656250000001,1367929.390625,29014320.0715625
4293,2020,4,0.004349671875,1448008.015625,32525831.173750002
4293,2021,1,0.0013583442622950817,1425537.9344262294,37167178.20573771
4293,2021,2,8.91746031746031e-05,1196129.2063492064,39056969.262539685
4293,2021,3,0.0003931875,1093405.96875,38716619.9353125
4293,2021,4,0.000636578125,1365920.296875,38610491.16296875
4293,2022,1,0.0026968870967741935,1569850.1451612904,41610585.57903226
4293,2022,2,-0.0010494032258064518,1289429.0483870967,41794082.4582258
4293,2022,3,-0.0013617031249999998,1218870.9375,38866185.33140625
4293,2022,4,0.0033821746031746035,1323222.5238095238,42314276.86444444
4293,2023,1,-0.0012200322580645164,1541500.2580645161,42463733.4616129
4293,2023,2,0.0003906774193548387,1228501.7580645161,40794840.30370968
4293,2023,3,-0.0008314761904761904,1228666.9206349207,38339843.204920635
4293,2023,4,0.0025998095238095238,1393821.9365079366,39577163.53904762
4293,2024,1,0.00323255737704918,1502695.5409836066,48852911.32540984
4293,2024,2,-0.0017833968253968254,1289508.3174603174,49232276.23301587
4293,2024,3,0.002396328125,1201720.703125,50323968.41015625
4293,2024,4,0.0006601562499999997,1235845.078125,56754701.23640625
4557,2014,1,0.0013510819672131146,2642935.918032787,44313213.444262296
4557,2014,2,-0.00021088888888888888,1983169.0793650793,46683123.639682546
4557,2014,3,0.0005397343750000001,1592943.265625,48523484.57140625
4557,2014,4,0.0005829687500000002,1888974.6875,48614345.2015625
4557,2015,1,0.0012510000000000002,1884481.8032786886,51408096.58180328
4557,2015,2,-0.0004934761904761904,1560538.0476190476,51839929.6615873
4557,2015,3,-0.0007764999999999998,1831473.40625,51896554.39546875
4557,2015,4,0.00243003125,1729079.484375,53205731.2746875
4557,2016,1,0.0001327540983606558,2146238.1147540985,53336587.47311476
4557,2016,2,0.000754015625,1416113.28125,58201869.65375
4557,2016,3,0.0012351093749999999,1374023.28125,60677673.686875
4557,2016,4,-0.0018156984126984127,1923079.5238095238,58165870.19142857
4557,2017,1,0.0014443709677419354,1753902.4677419355,60095664.89193549
4557,2017,2,0.0020803174603174603,1478233.2222222222,65675586.83682539
4557,2017,3,0.0013397619047619048,1477992.126984127,71348870.85603175
4557,2017,4,0.00015042857142857154,1514526.3015873015,76718539.01523809
4557,2018,1,0.0015071147540983607,1515861.8032786886,84227131.78721312
4557,2018,2,0.00013993749999999998,1369782.9375,85363328.48515625
4557,2018,3,0.0026670476190476192,1268192.6666666667,92591360.51984127
4557,2018,4,-0.001197904761904762,1857455.396825397,94488718.67619048
4557,2019,1,0.003420704918032787,1687900.4098360655,100171278.9009836
4557,2019,2,0.0012176190476190475,1581492.3174603174,110079893.94079366
4557,2019,3,-1.9687499999999957e-05,1446230.546875,114583212.0440625
4557,2019,4,0.001826625,1303382.03125,121488630.318125
4557,2020,1,-0.001636274193548387,2187320.2419354836,126210324.19887097
4557,2020,2,0.004160460317460318,1626246.4444444445,132771867.2526984
4557,2020,3,0.003207546875,1289958.96875,163352285.96390626
4557,2020,4,0.0010342343750000002,1600535.53125,185717646.43875
4557,2021,1,-0.0001447704918032789,1866658.9672131147,188720252.79000002
4557,2021,2,0.001714047619047619,1774708.6825396826,185557053.99968255
4557,2021,3,0.0020384062500000003,1181713.453125,215791365.234375
4557,2021,4,0.0025028281250000003,1243464.28125,245778613.61
4557,2022,1,-0.0018039193548387096,1670674.2580645161,225739393.3496774
4557,2022,2,-0.0010543870967741934,1431907.6612903227,215417894.57596773
4557,2022,3,-0.0009035156249999998,1194462.09375,219134751.82296875
4557,2022,4,0.0015372698412698415,1543810.3333333333,207681907.70904762
4557,2023,1,0.0008694354838709678,1424947.6129032257,219601854.28290325
4557,2023,2,-0.0015066774193548387,1592482.9193548388,208093749.18306452
4557,2023,3,-0.00039179365079365083,1454847.7142857143,205580430.12349206
4557,2023,4,0.0008812380952380952,1848819.603174603,186884759.92031744
4557,2024,1,0.001581393442622951,1618663.8524590165,215790528.932459
4557,2024,2,-0.0007134603174603177,1487148.0476190476,218602098.08793652
4557,2024,3,0.0018565312500000001,1358407.109375,226015237.096875
4557,2024,4,-0.002619328125,1714756.734375,210112472.91375
6304,2014,1,7.462295081967201e-05,656489.0163934426,7085854.6268852465
6304,2014,2,0.0010408412698412698,536857.3333333334,7201032.7793650795
6304,2014,3,0.001711015625,478193.375,7605010.9940625
6304,2014,4,0.002123015625,754181.625,8461503.35109375
6304,2015,1,0.0007223278688524589,728739.4590163934,9425398.696393443
6304,2015,2,0.0005966507936507936,581229.873015873,9521416.22111111
6304,2015,3,0.0003005781249999998,629019.609375,9593073.65078125
6304,2015,4,0.00117996875,609706.0625,9837733.219375
6304,2016,1,-0.00013072131147540977,695547.344262295,9243301.274590164
6304,2016,2,0.00142065625,652472.15625,9761101.99546875
6304,2016,3,0.002286296875,748506.875,11482364.1340625
6304,2016,4,0.0006564603174603175,690865.1587301587,11787825.944126984
6304,2017,1,0.0015038870967741937,574279.8870967742,12440918.108548388
6304,2017,2,-1.5793650793650838e-05,463389.4761904762,13056317.746666666
6304,2017,3,0.002264492063492063,594459.4761904762,14129672.125714285
6304,2017,4,0.0014344285714285715,583988.7619047619,16175211.056984128
6304,2018,1,0.00161727868852459,611671.6721311476,17683612.12868852
6304,2018,2,0.001322171875,421570.015625,19182835.01078125
6304,2018,3,0.0011354761904761904,521887.6031746032,22013177.39079365
6304,2018,4,-0.0022267936507936507,750444.4285714285,19014110.682539683
6304,2019,1,0.0031248196721311476,523665.131147541,20273469.53786885
6304,2019,2,0.0025962063492063494,459399.79365079367,23035498.48174603
6304,2019,3,0.002069390625,603910.875,26424607.91921875
6304,2019,4,0.000260515625,551319.296875,27245081.77015625
6304,2020,1,-0.005929370967741935,795618.3709677419,27136640.403225806
6304,2020,2,0.007529968253968253,809820.3492063492,24005708.536190476
6304,2020,3,0.003620859375,464724.4375,32140382.2565625
6304,2020,4,0.0014915846153846155,415829.23076923075,36368834.676
6304,2021,1,-0.0003707540983606558,471842.6393442623,35550946.29491803
6304,2021,2,0.001911206349206349,376577.5396825397,37106258.86238095
6304,2021,3,6.0921875000000104e-05,423624.234375,40423985.1465625
6304,2021,4,0.002504390625,379845.25,44604718.03265625
6304,2022,1,-0.0004845483870967742,556416.2903225806,40162280.95483871
6304,2022,2,-0.0018501935483870966,497664.5483870968,39797587.585
6304,2022,3,0.00074896875,419291.5625,41387062.5025
6304,2022,4,0.002601015873015873,395518.20634920633,43941962.268730156
6304,2023,1,0.0005225806451612903,350010.1451612903,44810397.34258064
6304,2023,2,0.001249274193548387,332147.1935483871,47735583.12645162
6304,2023,3,-0.00041100000000000007,413484.50793650793,50709535.03365079
6304,2023,4,0.0036945714285714286,374095.2380952381,54498899.253015876
6304,2024,1,0.0022690163934426227,336275.1967213115,62447312.28180328
6304,2024,2,0.0003715714285714286,391165.6666666667,69291756.60333334
6304,2024,3,0.002638203125,627476.4375,77890967.26984376
6304,2024,4,-0.00164515625,1611170.890625,84803439.6378125
7013,2014,1,0.0002834262295081967,2182866.3114754097,8617352.077868853
7013,2014,2,0.0035296666666666666,2068280.142857143,9680898.100952381
7013,2014,3,0.00166546875,1733986.65625,11567209.0125
7013,2014,4,0.001181109375,1973156.3125,12333599.5546875
7013,2015,1,-0.0017985245901639341,1966786.950819672,12591818.655409837
7013,2015,2,0.0025095873015873013,1965196.7777777778,12434698.06984127
7013,2015,3,-0.0031243125,2314314.859375,11603968.87421875
7013,2015,4,0.003233234375,2527830.921875,11908276.4565625
7013,2016,1,0.0009485573770491802,2870321.606557377,11551686.969180329
7013,2016,2,0.00044784375000000005,2627446.890625,12819937.93890625
7013,2016,3,0.002013859375,2168428.09375,14603042.93078125
7013,2016,4,0.001964063492063492,2569919.0317460317,16509371.237777779
7013,2017,1,0.003260467741935484,1729038.2419354839,19142681.338225808
7013,2017,2,0.0017310158730158732,2265606.3492063493,23723708.516349208
7013,2017,3,0.004507190476190476,2230081.698412698,26306162.33904762
7013,2017,4,0.00013284126984126993,2552802.492063492,31793833.883809526
7013,2018,1,0.0021431639344262304,3881432.901639344,32112117.700655736
7013,2018,2,-0.002193203125,3525699.296875,31483446.77453125
7013,2018,3,-0.0017506666666666669,2722302.5396825396,26668491.858253967
7013,2018,4,-0.0012699682539682544,3152385.396825397,22162900.05904762
7013,2019,1,0.004978131147540983,2631000.1147540985,25506722.781967215
7013,2019,2,0.0010742539682539682,1918138.0634920634,28427149.524285715
7013,2019,3,0.00353315625,1754352.015625,30356800.34203125
7013,2019,4,0.00400784375,1523833.203125,38475928.239375
7013,2020,1,-0.0014070806451612905,2219605.693548387,41602705.68193548
7013,2020,2,0.005777968253968253,2250531.8412698414,39588163.787301585
7013,2020,3,0.0007725624999999996,1725361.296875,50060744.92453125
7013,2020,4,0.00579603125,1364991.625,60608620.9109375
7013,2021,1,0.004544245901639344,1690962.3934426229,77901906.252459
7013,2021,2,0.0017481746031746033,1347850.5396825396,90021519.81269841
7013,2021,3,-0.0018578125,1281087.171875,86335718.85078125
7013,2021,4,0.00389275,1329901.296875,88228682.19046874
7013,2022,1,-0.004038258064516129,1490289.0806451612,81320339.98564516
7013,2022,2,-0.0031149838709677424,1336821.5483870967,65974011.423225805
7013,2022,3,-0.0018823437500000001,1420926.390625,60949506.74140625
7013,2022,4,0.0029760634920634925,1974404.396825397,57015470.923968256
7013,2023,1,0.004113435483870968,1283276.2741935484,66261695.93145161
7013,2023,2,0.003410548387096774,1329916.6129032257,75690588.14758064
7013,2023,3,-9.787301587301592e-05,1115126.603174603,87222791.83873016
7013,2023,4,0.0037673333333333335,970531.746031746,89821782.3352381
7013,2024,1,0.0037976065573770493,1060330.786885246,115362891.02655737
7013,2024,2,0.001707968253968254,958718.5238095238,125383908.93888888
7013,2024,3,-0.0034699062500000003,1248031.8125,113124035.2484375
7013,2024,4,-0.0014687031250000002,11462823.4375,97696057.40625
7065,2014,1,0.001664622950819672,31961384.852459017,25285319.08852459
7065,2014,2,0.005565412698412699,29995124.968253966,29183219.216507938
7065,2014,3,0.0008714218750000001,24037181.3125,34700858.26359375
7065,2014,4,0.0005963125000000001,22822122.609375,35557408.76875
7065,2015,1,-0.0038633606557377047,23243228.737704918,32231030.4104918
7065,2015,2,-0.0053442539682539685,22261263.873015873,28840336.944444444
7065,2015,3,-0.002915421875,32906514.390625,18633113.16
7065,2015,4,-0.0003623593750000001,24588150.296875,17315065.3871875
7065,2016,1,-0.004157426229508196,26894397.540983606,11628625.69704918
7065,2016,2,0.0048638125,27787818.921875,11786113.81953125
7065,2016,3,0.004386609375,26325137.296875,15858948.30234375
7065,2016,4,0.003632174603174603,27123116.492063493,19587088.59984127
7065,2017,1,0.004647193548387097,26811468.870967742,26963834.908709675
7065,2017,2,0.0007565714285714287,27655837.444444444,32427075.66968254
7065,2017,3,0.0046553809523809525,29186729.634920634,35203232.3847619
7065,2017,4,0.001002793650793651,38489970.92063492,49409876.97206349
7065,2018,1,0.004481524590163934,52657448.27868853,55398736.98852459
7065,2018,2,0.0005769843750000005,51076953.65625,62727294.19703125
7065,2018,3,-0.0020217619047619047,36555735.23809524,58516290.6684127
7065,2018,4,-0.0050911587301587305,33669509.76190476,42881768.63095238
7065,2019,1,0.004856819672131147,33849539.0,43097501.228196725
7065,2019,2,-0.0007029841269841266,26738410.714285713,42133651.20142857
7065,2019,3,0.0020170312499999997,26164517.453125,49944921.81515625
7065,2019,4,0.003798734375,19619926.703125,52912331.258125
7065,2020,1,-0.002555629032258065,29802002.51612903,57782449.11629032
7065,2020,2,0.003953984126984127,25498778.76190476,52406749.77253968
7065,2020,3,-0.0011553593750000001,19478672.328125,53801213.6265625
7065,2020,4,0.007592578125,16153840.078125,67173008.10875
7065,2021,1,0.0031454098360655736,20681920.573770493,94974019.95590164
7065,2021,2,-0.0003451904761904765,19032461.444444444,94658246.97587301
7065,2021,3,-0.002593890625,19848674.375,84377933.210625
7065,2021,4,0.004556,18920903.875,87415040.584375
7065,2022,1,-0.002273612903225806,23627034.70967742,95406225.31064516
7065,2022,2,-0.005046983870967742,18746678.903225806,75599712.79112904
7065,2022,3,-0.0011732656249999996,17405475.484375,63821349.94921875
7065,2022,4,0.0004170317460317465,17444880.333333332,59604641.28555555
7065,2023,1,0.0033591774193548387,15344045.241935484,64001655.175483875
7065,2023,2,0.0010818225806451612,18462264.66129032,70361829.36580646
7065,2023,3,0.001426269841269841,13730310.301587302,73431782.49269842
7065,2023,4,0.003826825396825397,13180602.365079366,81843420.9688889
7065,2024,1,0.005714491803278689,18786323.639344264,100030487.26262295
7065,2024,2,0.002132349206349206,22253263.0,139618826.5126984
7065,2024,3,-0.0029783750000000006,25033121.9375,115963481.15953125
7065,2024,4,-0.0026410624999999997,20788355.1875,113018358.03578125
7232,2014,1,-0.001716065573770492,1592495.5409836066,8288063.622950819
7232,2014,2,0.0018866349206349204,1517267.126984127,8484627.672539683
7232,2014,3,-0.0012457187499999999,1285332.03125,8311721.723125
7232,2014,4,0.001685390625,1392574.65625,8293183.3790625
7232,2015,1,0.0013418196721311476,1189654.3278688525,8821907.442950819
7232,2015,2,-0.0005107142857142858,1186824.7936507936,9003029.948730158
7232,2015,3,0.0004333281250000001,1746472.703125,8934965.9675
7232,2015,4,-0.0004712187500000002,1646266.703125,9030499.6503125
7232,2016,1,0.0013694918032786884,1765935.1147540985,8349821.291967213
7232,2016,2,0.00027525,1513435.578125,8829512.94109375
7232,2016,3,0.000804828125,997328.625,9161961.29546875
7232,2016,4,0.000612952380952381,1487310.0158730159,9420867.016031746
7232,2017,1,0.0010733387096774195,1119579.1612903227,9879716.290161291
7232,2017,2,0.00016455555555555562,1242024.9682539683,9910203.373809524
7232,2017,3,0.0009827301587301588,1064520.6666666667,10321661.993968254
7232,2017,4,0.0014334285714285714,1026435.126984127,10885807.951587303
7232,2018,1,-0.0002526393442622951,1263704.3442622952,11321880.949180327
7232,2018,2,0.00246684375,1303564.796875,12196944.653125
7232,2018,3,0.00017317460317460318,1124243.507936508,12858495.076666668
7232,2018,4,-0.0009459047619047618,1342154.142857143,12118787.966349207
7232,2019,1,0.0018457868852459016,1128760.0,12393479.568032786
7232,2019,2,0.00018363492063492082,1077446.9523809524,12969211.575238096
7232,2019,3,-0.00020957812499999997,942873.546875,12486832.01984375
7232,2019,4,0.000941546875,1020300.34375,12756594.6096875
7232,2020,1,-0.002013306451612903,1905849.7258064516,12072931.122096775
7232,2020,2,0.0023246825396825398,1428943.0,12200860.427142857
7232,2020,3,0.00282634375,1055175.640625,14260130.24828125
7232,2020,4,0.0009368749999999999,1057450.890625,15417214.7309375
7232,2021,1,0.00214844262295082,1131744.1639344261,16281694.90672131
7232,2021,2,0.0027106666666666668,1185114.9047619049,19929720.185714286
7232,2021,3,-0.000886109375,930835.046875,21234633.09203125
7232,2021,4,0.0021021562500000003,1098257.609375,21205608.2609375
7232,2022,1,-0.004123032258064516,1366274.935483871,18443220.236451615
7232,2022,2,-0.0005432258064516128,1504153.2741935484,17168277.911935482
7232,2022,3,-0.001383078125,1288453.0,16349068.93984375
7232,2022,4,0.002903079365079365,1548560.5555555555,16393959.869206348
7232,2023,1,0.001087048387096774,1421986.3870967743,16757969.927419355
7232,2023,2,0.0017569354838709676,1238377.2419354839,17361684.846129034
7232,2023,3,-0.0008117936507936507,932624.6507936508,17553511.192857143
7232,2023,4,0.0018177777777777778,1356915.7142857143,17311173.494285718
7232,2024,1,-0.0006363114754098359,1186817.9836065574,17908841.773770493
7232,2024,2,0.0005666507936507937,1416944.1587301588,17037780.574920636
7232,2024,3,0.0009073124999999999,1070093.890625,17289970.0025
7232,2024,4,-0.002529203125,1104358.53125,16793334.205
7506,2014,1,-0.0055345081967213125,11095507.68852459,9477267.321311476
7506,2014,2,0.0028315396825396824,5290127.746031746,9380786.168412698
7506,2014,3,0.001562796875,4939984.828125,10950691.748125
7506,2014,4,0.0026461718749999997,5803193.296875,12294287.8775
7506,2015,1,7.127419354838714e-05,6139419.951612903,13432714.202258063
7506,2015,2,-0.002119936507936508,4412885.476190476,12489452.00079365
7506,2015,3,0.0024134843750000003,4630385.625,12082336.56984375
7506,2015,4,-0.0028249218749999997,4745645.234375,11400144.903125
7506,2016,1,0.0012342258064516126,5971509.403225807,10155643.71935484
7506,2016,2,-0.0005558281250000001,4824609.1875,10174804.163124999
7506,2016,3,0.00392525,5442762.03125,11326874.63875
7506,2016,4,0.002133349206349206,5490675.206349206,13478334.758412698
7506,2017,1,0.0025905967741935484,4657191.338709678,14019728.883064516
7506,2017,2,0.002926809523809524,4349935.761904762,16474040.23095238
7506,2017,3,0.0003144761904761909,4832752.73015873,17472294.2984127
7506,2017,4,0.003122825396825397,3767333.253968254,17696414.17730159
7506,2018,1,0.000690540983606557,3796888.4590163934,21016514.19737705
7506,2018,2,0.00125728125,3477655.390625,21091423.2534375
7506,2018,3,0.0011860000000000002,3042194.222222222,21632821.094603173
7506,2018,4,-0.00592468253968254,4291343.904761905,17931416.023174603
7506,2019,1,0.005176836065573771,3587977.2131147543,16772277.32262295
7506,2019,2,-4.044444444444436e-05,2762104.5714285714,18684863.509047616
7506,2019,3,0.0002944062500000002,2715950.90625,18621215.20890625
7506,2019,4,0.004041531249999999,2539968.109375,20161738.16453125
7506,2020,1,-0.00576925806451613,2901868.435483871,20517268.83387097
7506,2020,2,0.007532746031746031,2868108.4444444445,19536456.744285718
7506,2020,3,0.004044328125,2410803.8125,26414215.521406252
7506,2020,4,-0.0013643437500000003,2943777.6875,28947502.20421875
7506,2021,1,0.002676852459016394,2904375.180327869,28980079.932786886
7506,2021,2,0.000255873015873016,2250852.3492063493,29195663.573492065
7506,2021,3,-0.0010056874999999999,2241173.0,27966753.9253125
7506,2021,4,-0.00022726562499999998,2933528.140625,27987583.26375
7506,2022,1,-0.0012636290322580645,3250165.5483870967,23815407.736451615
7506,2022,2,-0.004695693548387096,3485264.935483871,18765240.672903225
7506,2022,3,8.340625000000053e-05,2817395.9375,16675905.4615625
7506,2022,4,0.004344079365079365,3056618.8571428573,16567005.27888889
7506,2023,1,-6.258064516129045e-05,2398658.9677419355,18224343.921612903
7506,2023,2,0.0010692741935483872,2351635.0,16303357.102258066
7506,2023,3,-0.002306015873015873,2152398.619047619,16864896.343809523
7506,2023,4,0.002259,2762079.492063492,15323731.28031746
7506,2024,1,0.001101704918032787,3129742.0327868853,16388916.666885247
7506,2024,2,0.000860936507936508,3237758.73015873,17126560.569682542
7506,2024,3,0.00357946875,2901006.90625,19434201.386875
7506,2024,4,-0.0025883281250000004,3006973.921875,19596873.06328125
7623,2014,1,-0.0002334918032786887,3014434.393442623,11737168.831311475
7623,2014,2,0.0023317619047619046,2358949.3174603176,11573254.182380952
7623,2014,3,-0.00025749999999999997,2331124.71875,12462302.2384375
7623,2014,4,0.0014975000000000001,2475453.078125,13157601.5678125
7623,2015,1,-0.00026762295081967237,1928856.5737704919,13457850.79442623
7623,2015,2,-0.0023974285714285716,2313505.26984127,13041761.175555555
7623,2015,3,-0.0018151875,3175161.703125,11377175.16921875
7623,2015,4,0.0052853281250000005,3057462.703125,13102998.045625
7623,2016,1,-0.0002976557377049178,2903939.2131147543,11716995.339836067
7623,2016,2,-0.0009556718750000004,1874347.328125,13031479.5765625
7623,2016,3,0.00467734375,1783948.34375,14025990.66265625
7623,2016,4,0.0005811746031746033,2293955.9365079366,16371668.788253969
7623,2017,1,0.0026225,2135946.806451613,18503540.273387097
7623,2017,2,0.0026922380952380956,2358162.3492063493,21829109.535238095
7623,2017,3,0.0017993174603174603,1888720.365079365,24219228.331428573
7623,2017,4,-0.0008127777777777777,2124148.0634920634,25640177.658253968
7623,2018,1,0.0033181803278688527,2519279.098360656,26072330.782131147
7623,2018,2,0.0008247343749999997,1985056.75,29030359.88703125
7623,2018,3,0.0030502063492063494,1734552.857142857,30893883.9284127
7623,2018,4,-0.002536904761904762,2453734.4444444445,29561782.108888887
7623,2019,1,0.0033122459016393445,1815371.9016393442,32782377.41934426
7623,2019,2,0.0008924444444444445,1784962.2222222222,36955916.3631746
7623,2019,3,-0.0013241250000000002,2180178.921875,34200167.49765625
7623,2019,4,0.0035118125,1363400.375,35616778.85828125
7623,2020,1,-0.0015926451612903226,2190326.0161290322,40284694.32854839
7623,2020,2,0.0073601111111111115,1822316.396825397,43150073.92761905
7623,2020,3,-0.0002959687499999997,1284033.953125,52104241.70921875
7623,2020,4,0.0045503125,1398720.9375,57884094.383125
7623,2021,1,-0.0013060655737704918,1480994.8032786886,63357472.92754098
7623,2021,2,0.0009446825396825395,1097040.0,62779176.182698414
7623,2021,3,-0.000192453125,1346531.859375,67314373.933125
7623,2021,4,0.00015742187500000004,1448843.015625,64129066.264375
7623,2022,1,-0.003964419354838709,1896090.3387096773,50353420.88951613
7623,2022,2,-0.0029002903225806447,1823984.6129032257,41789386.50274194
7623,2022,3,0.0015436874999999997,1376350.46875,43692693.24125
7623,2022,4,0.0004835873015873021,1597053.9047619049,43321740.29825397
7623,2023,1,0.002099112903225806,1410848.4838709678,44314181.69129033
7623,2023,2,-0.00012651612903225796,1434405.8387096773,42800675.1267742
7623,2023,3,0.0002885396825396825,1363528.5873015872,44928122.39873016
7623,2023,4,0.002747238095238095,1342111.634920635,46186431.93730159
7623,2024,1,0.0012235573770491802,1280120.5409836066,54136258.27688524
7623,2024,2,-0.0006031269841269842,2219469.396825397,48446786.88396826
7623,2024,3,0.001781609375,1346990.265625,54288307.1834375
7623,2024,4,0.001251671875,1370682.890625,63666325.4090625
7684,2014,1,-0.0006409672131147542,2072031.3278688525,15167032.959180327
7684,2014,2,-0.001161952380952381,1635706.9365079366,14546080.91142857
7684,2014,3,0.0022410625,1703433.8125,14645140.25125
7684,2014,4,0.00358159375,1545122.25,17637406.0203125
7684,2015,1,0.0019499508196721312,1364750.8688524591,20560281.87147541
7684,2015,2,-0.0011592063492063495,1445042.6825396826,20719387.98095238
7684,2015,3,0.0001714843750000001,2684893.125,20939578.37
7684,2015,4,0.0018922499999999998,2970972.6875,20846792.68078125
7684,2016,1,0.0013673606557377048,3222114.655737705,22447102.88704918
7684,2016,2,-0.00017904687499999995,2898221.40625,22228466.385
7684,2016,3,0.00206178125,2551949.703125,24434423.365625
7684,2016,4,0.00040509523809523803,2805832.587301587,25886523.977777775
7684,2017,1,0.0001510483870967742,2269695.1774193547,26301500.867580645
7684,2017,2,-0.001976111111111111,3135742.095238095,24341270.79174603
7684,2017,3,0.0019843650793650793,3675930.5714285714,22242103.148253966
7684,2017,4,0.0036181111111111106,2568485.587301587,26791424.361269843
7684,2018,1,-0.0002599016393442626,2721348.8524590163,30184936.385901637
7684,2018,2,0.0014636875000000001,2705109.203125,30715331.57640625
7684,2018,3,0.0025741587301587304,2700699.873015873,34482299.57809524
7684,2018,4,-0.0024832539682539683,3287948.888888889,33838721.486984126
7684,2019,1,0.001969327868852459,2410064.2131147543,33958901.65901639
7684,2019,2,0.001129730158730159,2341161.5396825396,35654513.75238095
7684,2019,3,0.0017627500000000002,1974187.953125,38350372.7334375
7684,2019,4,0.000992671875,1723480.078125,40507520.6671875
7684,2020,1,-0.0034024032258064517,3020547.35483871,38198236.26854839
7684,2020,2,0.00041195238095238063,3362341.412698413,32231196.26968254
7684,2020,3,0.0016782500000000005,2554938.59375,31940652.80875
7684,2020,4,0.0046979531249999994,2093574.453125,37352934.5515625
7684,2021,1,-8.745901639344307e-05,2177561.6885245903,42274754.031639345
7684,2021,2,0.0006974285714285717,2027758.365079365,44540470.03047619
7684,2021,3,-0.0018530937500000001,1625254.03125,42711698.05078125
7684,2021,4,0.000981125,1904436.25,39588018.3878125
7684,2022,1,-0.0034215806451612903,2931704.4032258065,33545159.257096775
7684,2022,2,-0.003165096774193549,4160634.370967742,31213736.113709677
7684,2022,3,0.003157546875,2514408.65625,29535771.69578125
7684,2022,4,0.0054003492063492056,2612234.476190476,35188888.34650794
7684,2023,1,-0.0013136451612903225,2344068.2419354836,38524921.52290323
7684,2023,2,0.0010191774193548386,2306742.129032258,35861789.22354839
7684,2023,3,0.00023660317460317447,2228374.0317460317,38908467.13460317
7684,2023,4,0.0033732063492063493,2246373.873015873,42003033.414603174
7684,2024,1,0.0010391311475409838,1951982.8524590165,48094176.141311474
7684,2024,2,-3.031746031746159e-06,2612281.4444444445,46242859.90619048
7684,2024,3,0.0006826718749999999,2060409.484375,49077305.72265625
7684,2024,4,0.000215171875,2596547.5,48598689.5525
7882,2014,1,-0.0009361967213114754,2467321.426229508,50309341.97409836
7882,2014,2,0.0005622222222222222,2005729.0634920634,50390619.08476191
7882,2014,3,0.001395234375,1743372.65625,52943295.4703125
7882,2014,4,0.002013890625,2137507.34375,59670692.39765625
7882,2015,1,0.0017351311475409838,2511213.098360656,64598179.638524584
7882,2015,2,-0.0017434603174603176,1964506.6984126985,63228242.29857143
7882,2015,3,0.001183625,1919791.453125,62631203.339999996
7882,2015,4,0.001846390625,2200469.546875,69298233.125625
7882,2016,1,-0.000274032786885246,2528060.475409836,66605536.21852459
7882,2016,2,5.498437499999994e-05,2631740.484375,66443301.88734375
7882,2016,3,-0.000356765625,2155255.46875,70879714.90078124
7882,2016,4,0.0008594126984126985,2318428.285714286,66887000.11365079
7882,2017,1,0.0008381612903225806,2318201.5322580645,73583464.81
7882,2017,2,3.1428571428572297e-06,3192098.206349206,75615331.6947619
7882,2017,3,0.0005453333333333333,3527729.26984127,68932749.72301587
7882,2017,4,0.002117063492063492,3299341.222222222,75623713.26206349
7882,2018,1,0.0003455737704918034,2595214.8360655736,82819975.73934427
7882,2018,2,0.0017069062499999999,2068417.59375,86656211.579375
7882,2018,3,0.0019301111111111112,1894871.1904761905,98780533.80031747
7882,2018,4,-0.0020026190476190473,2807651.476190476,98102937.63428572
7882,2019,1,0.0029371147540983604,2205684.475409836,96289255.9790164
7882,2019,2,0.0014732857142857143,1695831.7301587302,109628204.15841271
7882,2019,3,0.0014634062499999999,2027909.828125,123737080.698125
7882,2019,4,0.00037200000000000004,1984234.640625,130960922.7915625
7882,2020,1,-4.122580645161284e-05,3416623.64516129,134021203.95354839
7882,2020,2,0.0011272539682539683,3134982.126984127,134338695.02253968
7882,2020,3,0.0025649375,2252599.875,148343136.5665625
7882,2020,4,0.00143478125,2206650.25,165202805.36953124
7882,2021,1,-0.0009828688524590164,3079068.2786885244,154125567.16114753
7882,2021,2,0.0019165555555555557,1964762.4603174604,167241660.08555555
7882,2021,3,0.002065984375,1742541.515625,194292321.82640624
7882,2021,4,0.003790109375,2165013.46875,226792690.388125
7882,2022,1,0.00036330645161290325,2547790.9032258065,232655715.1167742
7882,2022,2,-0.0025485,2961786.3225806453,224778575.95225808
7882,2022,3,-6.73281249999999e-05,2152914.078125,230340385.18875
7882,2022,4,-0.0003489365079365084,2211461.5555555555,216610405.8336508
7882,2023,1,0.0015001612903225805,1944296.2096774194,217567014.4714516
7882,2023,2,0.0013885806451612904,1797163.7580645161,224351632.25129032
7882,2023,3,0.000833873015873016,1628156.2857142857,244667574.9901587
7882,2023,4,0.0029384126984126984,2031580.6825396826,262754477.12571427
7882,2024,1,0.0018266065573770494,2138039.393442623,316697354.81491804
7882,2024,2,0.002430222222222222,1768523.111111111,346008697.5947619
7882,2024,3,0.000769265625,1947123.59375,384709368.35765624
7882,2024,4,0.0005940937499999999,1847875.6875,411516239.4696875
8045,2014,1,0.0012263770491803278,16865833.04918033,171161033.75245902
8045,2014,2,-3.5333333333333506e-05,15501270.46031746,183458646.94650793
8045,2014,3,-0.000798515625,14038582.71875,180356691.99140626
8045,2014,4,0.002698859375,14365297.78125,180306623.86234376
8045,2015,1,-0.0005584590163934426,14350747.819672132,190310417.80967212
8045,2015,2,-0.0009510158730158732,14208162.777777778,194020861.9063492
8045,2015,3,-0.0015410937500000001,15560130.84375,166656091.1634375
8045,2015,4,0.0003415624999999999,15391306.921875,162823287.74125
8045,2016,1,0.0020430983606557376,17346692.163934425,155462352.81885248
8045,2016,2,0.00014837500000000034,13420097.375,165693239.93359375
8045,2016,3,-0.0005454687500000001,11756823.0625,167966927.0484375
8045,2016,4,-0.0002262063492063492,12526919.746031746,160583452.26825395
8045,2017,1,0.002509983870967742,13364109.483870968,170822911.2353226
8045,2017,2,0.0019984603174603172,13074459.206349207,187542598.10349208
8045,2017,3,-0.0004402063492063492,13389102.57142857,205859692.68666667
8045,2017,4,-0.0002461904761904762,14676948.968253968,204687371.4552381
8045,2018,1,-0.00027377049180327877,17618154.327868853,205753614.25196722
8045,2018,2,-0.00040678124999999997,15816054.734375,188015276.1775
8045,2018,3,0.002594476190476191,18385079.23809524,193224279.1309524
8045,2018,4,-0.001875428571428571,21507484.07936508,181385416.10238096
8045,2019,1,0.00296827868852459,15628662.409836065,182696388.75803277
8045,2019,2,0.0011051111111111112,13505085.507936507,184857968.14238095
8045,2019,3,-0.00038146874999999976,12722708.578125,184225852.611875
8045,2019,4,-0.000468859375,10558907.15625,180632377.89125
8045,2020,1,-0.0004538709677419358,14421705.387096774,165509793.97790322
8045,2020,2,0.002388936507936508,12890494.07936508,166988880.30063492
8045,2020,3,0.0013580937500000001,14358225.25,174271200.7125
8045,2020,4,0.00137878125,10749483.234375,179169176.5165625
8045,2021,1,0.001558590163934426,12484216.31147541,190540681.07295084
8045,2021,2,0.0018204920634920635,12243863.063492063,225606361.5904762
8045,2021,3,0.0019148437499999999,11441854.671875,246531427.2059375
8045,2021,4,0.00036526562500000003,9450004.59375,256581741.21359375
8045,2022,1,-0.0006341129032258063,9503769.225806452,216265678.92596775
8045,2022,2,-0.0023737903225806455,8282713.596774193,195310185.0983871
8045,2022,3,-0.0019176875000000001,7443217.25,195133133.08109376
8045,2022,4,0.004882206349206349,8189629.714285715,204876101.99761906
8045,2023,1,0.0022197741935483873,7227864.306451613,236440179.3701613
8045,2023,2,0.004219612903225807,10252830.967741935,279169006.91758066
8045,2023,3,-0.001542222222222222,10072825.952380951,314220723.5479365
8045,2023,4,0.0002259523809523807,9057126.587301588,298985819.1146032
8045,2024,1,0.003123770491803279,9215734.262295082,314627252.68590164
8045,2024,2,0.0021358095238095238,8247211.714285715,341333913.2412698
8045,2024,3,0.00320009375,8411771.0,399214311.496875
8045,2024,4,-0.00014360937499999986,7520821.1875,492316019.36859375
8048,2014,1,0.0017200327868852458,39719031.44262295,311535582.189836
8048,2014,2,0.0004361587301587301,29801700.095238097,334298465.3460317
8048,2014,3,0.001794265625,32932857.203125,367553568.5967187
8048,2014,4,0.00022112499999999986,31329358.78125,386982403.60609376
8048,2015,1,-0.0019024262295081968,39342559.344262294,357229702.0462295
8048,2015,2,0.0015606825396825396,34486999.53968254,369219551.54444444
8048,2015,3,0.0003033124999999999,34010907.046875,359487124.79890627
8048,2015,4,0.00378465625,36172052.109375,420278034.26890624
8048,2016,1,0.00020870491803278682,39082608.983606555,414758945.4563934
8048,2016,2,-0.0009547812499999999,32117985.8125,408506571.7778125
8048,2016,3,0.001996828125,25670847.328125,440047489.36640626
8048,2016,4,0.0013751269841269839,27645494.317460317,467655181.26539683
8048,2017,1,0.001058983870967742,22978707.14516129,495253842.2806452
8048,2017,2,0.0008575555555555555,25100294.968253966,530019742.79206353
8048,2017,3,0.001350142857142857,20478828.507936507,562757674.2433333
8048,2017,4,0.0023471904761904762,21263311.301587302,632831561.968254
8048,2018,1,0.001341327868852459,33621120.32786885,704260811.2244263
8048,2018,2,0.001354,27825900.4375,744786368.27625
8048,2018,3,0.002474047619047619,23879422.682539683,831638575.5006349
8048,2018,4,-0.0015196825396825396,41146707.11111111,822374648.778889
8048,2019,1,0.002625983606557377,29053406.491803277,837342761.5491803
8048,2019,2,0.0021671269841269845,23620168.92063492,972872838.2466667
8048,2019,3,0.0007185000000000001,24166829.5625,1050277913.3576562
8048,2019,4,0.002062421875,21996475.09375,1122028559.6657813
8048,2020,1,0.0009963387096774193,49285117.43548387,1250961186.0493548
8048,2020,2,0.004322142857142857,38674319.15873016,1376821675.7650793
8048,2020,3,0.000780359375,34810492.015625,1589633138.54125
8048,2020,4,0.001050375,28113843.296875,1625776915.508125
8048,2021,1,0.0011176557377049182,30549232.786885247,1750085673.4636066
8048,2021,2,0.002315873015873016,24935353.333333332,1914477457.228254
8048,2021,3,0.000705796875,22905653.8125,2186716599.064219
8048,2021,4,0.00289009375,25780982.40625,2434157977.695781
8048,2022,1,-0.0011573387096774192,38254395.30645161,2256069183.0229034
8048,2022,2,-0.0026220967741935482,32088710.129032258,2030015831.348871
8048,2022,3,-0.001326859375,24773530.421875,1969621411.720625
8048,2022,4,0.0008343492063492062,29906435.26984127,1789049686.5431745
8048,2023,1,0.0031946935483870968,32694813.98387097,1898864729.3929033
8048,2023,2,0.002860467741935484,27369166.70967742,2330406823.1096773
8048,2023,3,-0.0010738412698412696,24784690.333333332,2455278953.7106347
8048,2023,4,0.0028916825396825396,25694322.968253966,2645147890.792857
8048,2024,1,0.0019448360655737703,22810065.409836065,3008198389.3193445
8048,2024,2,0.0010586825396825396,18817281.65079365,3138819948.715555
8048,2024,3,-0.00048309374999999996,19690348.96875,3177493160.7153125
8048,2024,4,-0.00020126562499999984,20531427.0,3166820741.030469
8087,2014,1,-9.121311475409832e-05,1453974.4590163934,21262145.049508195
8087,2014,2,0.0005213015873015873,1222239.8095238095,21437950.32285714
8087,2014,3,-0.001028546875,1493668.671875,21104479.5859375
8087,2014,4,0.001558046875,1389884.75,21167573.49234375
8087,2015,1,-0.0007921967213114754,1410042.4262295081,21503838.47114754
8087,2015,2,-0.00011815873015873023,1419452.238095238,21033527.824285716
8087,2015,3,-0.0015479374999999998,1650793.203125,19055006.3475
8087,2015,4,0.00065903125,1435461.890625,18435823.86015625
8087,2016,1,0.0007172295081967213,1800479.6557377048,17268961.974918034
8087,2016,2,0.00011971874999999993,1426862.21875,18483933.9909375
8087,2016,3,-0.001275296875,1366572.90625,17347878.3025
8087,2016,4,0.002184015873015873,1923349.492063492,17272440.37206349
8087,2017,1,-0.0013897258064516128,1997304.177419355,17248219.06048387
8087,2017,2,0.0015407301587301587,1838783.492063492,17253267.413650792
8087,2017,3,0.003361047619047619,1428329.3333333333,19881294.05936508
8087,2017,4,0.0024450793650793654,1359050.888888889,23634455.5715873
8087,2018,1,0.000725606557377049,1847429.786885246,27267791.68032787
8087,2018,2,0.001319328125,1280334.484375,28183607.5628125
8087,2018,3,-0.0008028253968253967,1060420.349206349,28154527.403015874
8087,2018,4,-0.00235084126984127,1724726.6825396826,23408775.79777778
8087,2019,1,0.0015883278688524588,1492331.5901639345,22877690.203606557
8087,2019,2,0.0016637301587301586,1054573.0,24873603.384920634
8087,2019,3,0.0008431249999999999,1057114.65625,26219287.910625
8087,2019,4,0.0011711406249999999,894816.140625,27618510.3625
8087,2020,1,-0.002230870967741936,1806404.9838709678,28783430.760322582
8087,2020,2,0.004233920634920635,1354022.365079365,26033062.754444443
8087,2020,3,0.0007959062500000001,1041422.921875,30016889.6353125
8087,2020,4,0.002841828125,1029800.671875,32393794.56234375
8087,2021,1,0.002317,1233135.2786885246,37361406.22442623
8087,2021,2,0.002678111111111111,996965.6349206349,42410343.47063492
8087,2021,3,9.451562499999998e-05,881659.34375,47787872.94890625
8087,2021,4,0.00023335937499999992,1055547.875,45740598.1953125
8087,2022,1,-0.003850935483870968,1852726.8709677418,35299174.48435484
8087,2022,2,-0.004027112903225806,1756915.4032258065,28906859.761451613
8087,2022,3,-0.0008357187499999999,1561655.78125,26921267.57484375
8087,2022,4,0.0013146984126984123,1906618.9841269841,25296730.084126983
8087,2023,1,0.0009841774193548388,1800932.8548387096,25642670.07951613
8087,2023,2,0.0001731612903225807,1284537.1612903227,24586062.010483872
8087,2023,3,-0.0007356507936507938,1336183.746031746,25263985.94936508
8087,2023,4,0.0007566984126984126,1540014.0634920634,22261235.187619045
8087,2024,1,0.0023224098360655736,1418195.5573770492,24992794.49147541
8087,2024,2,-0.0006237619047619048,1250307.0,25685335.72920635
8087,2024,3,-0.0005988125000000001,1098065.546875,24438015.54390625
8087,2024,4,0.000857609375,1298449.359375,25725760.34546875
8476,2014,1,0.001643639344262295,3912519.770491803,31915647.49967213
8476,2014,2,0.0016809365079365078,3619045.26984127,32094555.02825397
8476,2014,3,-0.000628609375,2637962.3125,35283207.73
8476,2014,4,0.0009507968749999999,3302730.796875,34925549.42421875
8476,2015,1,0.00037173770491803293,2360390.7377049183,37242726.99262296
8476,2015,2,0.0015177142857142856,2462834.8571428573,38969225.695396826
8476,2015,3,0.00037771875,3415541.25,40373528.055156246
8476,2015,4,0.00221075,2933154.4375,44778915.5778125
8476,2016,1,0.00022121311475409826,4123332.2459016396,43284626.50950819
8476,2016,2,0.00043184375000000015,2572976.015625,48003320.39796875
8476,2016,3,0.0020311875,2217953.390625,49960089.62078125
8476,2016,4,-0.0007786507936507938,2447540.714285714,52538443.03
8476,2017,1,0.003819951612903226,2408163.935483871,58072673.213225804
8476,2017,2,0.0013674285714285713,2592661.9682539683,67669466.58
8476,2017,3,0.0009135555555555556,1987488.8095238095,73610455.42936508
8476,2017,4,0.00277784126984127,2897317.507936508,84712492.01809524
8476,2018,1,0.003640262295081967,3074561.5081967213,100072928.10836065
8476,2018,2,0.0019922343749999996,2898543.609375,116308976.8903125
8476,2018,3,0.0017234285714285713,2684783.761904762,126176019.0888889
8476,2018,4,-0.0022251111111111113,4517021.73015873,117803063.35333334
8476,2019,1,0.0027944918032786884,3128792.62295082,123070316.45360656
8476,2019,2,0.001743968253968254,2603550.634920635,135334877.04619047
8476,2019,3,-0.0009002812500000001,2497545.796875,141643165.31578124
8476,2019,4,0.00285528125,2455853.0625,142239505.066875
8476,2020,1,0.0004029838709677419,3662222.3225806453,165047924.6787097
8476,2020,2,0.005302793650793651,3151542.111111111,178588000.49380952
8476,2020,3,0.00218315625,3016214.78125,223168825.05421874
8476,2020,4,0.0005047343750000001,2436487.6875,231624718.47578126
8476,2021,1,-0.0006365081967213113,2893410.0655737706,223820031.28688523
8476,2021,2,0.0034132380952380955,2108069.8095238097,246205863.17460316
8476,2021,3,-0.00019723437499999998,1789380.46875,299764433.34375
8476,2021,4,8.74218750000001e-05,2664136.5625,297262652.1875
8476,2022,1,-0.0030730645161290322,4040992.1612903224,227371783.56741935
8476,2022,2,-0.003148935483870968,3187877.0161290322,192031585.88709676
8476,2022,3,-0.00397934375,3447106.9375,176924040.875
8476,2022,4,0.0035205238095238098,3438558.873015873,148379128.25396827
8476,2023,1,0.0024306774193548386,3023860.193548387,162945319.88516128
8476,2023,2,0.004097774193548388,3746942.5322580645,184363868.91935483
8476,2023,3,0.0008120793650793648,2761758.587301587,239127182.96825397
8476,2023,4,0.0026544444444444445,2817139.476190476,262539321.7777778
8476,2024,1,-0.0023808196721311473,3632263.8524590163,259174780.564918
8476,2024,2,0.0017865555555555556,3450900.888888889,216802631.9047619
8476,2024,3,-0.000938234375,2535718.71875,243201278.09375
8476,2024,4,-0.0020753125,3407989.109375,218088284.3125
8598,2014,1,-0.0006059508196721311,1272639.7049180327,14602414.903770491
8598,2014,2,0.001044253968253968,1174427.5555555555,14810373.139047619
8598,2014,3,0.001102453125,890302.015625,15746680.25765625
8598,2014,4,0.0015203749999999998,1247968.25,16720264.70859375
8598,2015,1,0.0018909672131147543,1140667.524590164,18247267.690655738
8598,2015,2,0.0007188888888888888,1045918.4603174604,19063307.055873014
8598,2015,3,0.0008377812500000002,1225464.109375,20299163.94
8598,2015,4,0.000901625,1200969.640625,21478037.8265625
8598,2016,1,0.001982590163934426,1340540.4426229508,21244485.381311476
8598,2016,2,0.000964875,1007535.828125,22904494.578125
8598,2016,3,-0.0013438593749999998,967495.296875,23078293.65
8598,2016,4,0.0010954761904761903,1164120.761904762,22312264.785238095
8598,2017,1,0.0013408548387096775,977374.6290322581,24113236.320645165
8598,2017,2,0.0009614444444444446,823873.746031746,25700968.893968254
8598,2017,3,0.0008781428571428572,753492.1904761905,26159262.585396826
8598,2017,4,0.0002943968253968254,879568.0634920635,26927406.70301587
8598,2018,1,0.001468786885245902,1319226.6229508198,29053807.530819673
8598,2018,2,0.0006448125,1705169.25,29758639.013125
8598,2018,3,0.001714936507936508,1622683.1587301588,31800536.008412696
8598,2018,4,-0.0016446349206349208,2193835.238095238,30857073.445555553
8598,2019,1,0.0031264918032786883,5435988.918032787,32358168.439508196
8598,2019,2,0.0006031746031746032,3799985.015873016,34384949.38095238
8598,2019,3,0.002132875,5146474.09375,61315108.015468754
8598,2019,4,0.0017960312499999999,2769713.40625,75100501.61796875
8598,2020,1,-0.0022204516129032265,4785843.9677419355,75582221.2264516
8598,2020,2,0.0008937301587301585,4748466.682539683,67631977.01857144
8598,2020,3,0.001050140625,4824944.015625,66688468.69140625
8598,2020,4,0.0017002656250000002,4015575.3125,72240805.805625
8598,2021,1,0.0008542950819672133,4626782.032786885,76775066.77245902
8598,2021,2,-0.0016426984126984127,4522222.873015873,77501239.48698413
8598,2021,3,0.0003367343749999998,3910903.359375,73951716.4109375
8598,2021,4,-0.0004742187499999999,4481590.03125,68247058.51125
8598,2022,1,-0.00021224193548387095,4010410.9032258065,65880573.436935484
8598,2022,2,-0.0018477741935483871,3069667.306451613,62818596.14096774
8598,2022,3,0.0009178281249999999,3671691.328125,65242586.24375
8598,2022,4,0.001414174603174603,3723051.015873016,63257707.68571428
8598,2023,1,0.0019983548387096776,3632286.919354839,69138198.4780645
8598,2023,2,0.0002959777777777776,3874470.822222222,72181718.4711111
9804,2014,1,-0.0008516721311475411,2311303.131147541,19595965.544918034
9804,2014,2,0.0011304444444444446,1716678.4126984128,20240260.990793653
9804,2014,3,0.001103140625,1492372.078125,21342085.446875
9804,2014,4,0.001350234375,2139002.015625,22435728.13796875
9804,2015,1,0.0010746721311475408,2265965.4590163934,24386542.477540985
9804,2015,2,-0.002324095238095238,2271998.507936508,23015349.06920635
9804,2015,3,0.0012988750000000001,2464516.921875,22623075.28375
9804,2015,4,0.00124453125,1989040.453125,23822894.51640625
9804,2016,1,0.0018148524590163935,2474204.5409836066,24628146.455081966
9804,2016,2,0.001951296875,2249833.796875,26849771.6396875
9804,2016,3,-0.0004773125000000001,2185272.53125,28954526.08890625
9804,2016,4,0.0018208412698412697,1913012.396825397,29568607.745238096
9804,2017,1,0.0005584677419354839,1588719.2741935484,31479029.456612904
9804,2017,2,0.00020584126984126984,1640116.5873015872,32171170.40920635
9804,2017,3,0.0011336984126984128,1583917.5238095238,33476885.195079364
9804,2017,4,0.0016811587301587302,1912489.2698412698,35498465.34222222
9804,2018,1,-0.00025545901639344263,2387281.426229508,37235259.93836066
9804,2018,2,-0.00039879687500000006,2212658.78125,35771702.4665625
9804,2018,3,0.00181015873015873,1697094.6825396826,38112933.19444445
9804,2018,4,-7.547619047619026e-05,2129423.888888889,38354390.106507935
9804,2019,1,0.002650754098360656,1817162.8032786886,41510809.07622951
9804,2019,2,0.001771888888888889,1688200.365079365,46082699.970158726
9804,2019,3,7.412500000000008e-05,1695015.53125,49559324.021875
9804,2019,4,-3.296874999999997e-05,1818599.359375,47908849.024375
9804,2020,1,-0.002688903225806452,2839344.6129032257,48678956.28032258
9804,2020,2,0.0024669206349206348,2500553.698412698,42711900.18523809
9804,2020,3,0.0011661562499999999,1628448.6875,46672730.83109375
9804,2020,4,0.0007943593749999998,1437461.5625,49269340.10703125
9804,2021,1,0.0016322295081967213,2150561.606557377,49416884.670327865
9804,2021,2,0.0014051428571428572,1365892.507936508,58349098.62746032
9804,2021,3,0.0010875625,1327751.15625,63062842.64484375
9804,2021,4,0.001859546875,1595750.0625,67397006.85578126
9804,2022,1,-0.0006793387096774193,2109223.6129032257,63193750.40435484
9804,2022,2,-0.0003806451612903226,1800147.0967741935,64999536.85758065
9804,2022,3,0.000843796875,1579366.40625,68429319.54203124
9804,2022,4,-0.0001762222222222221,1694685.142857143,66194250.93444444
9804,2023,1,0.0007851612903225808,1852651.8548387096,62729260.3767742
9804,2023,2,0.0010831612903225804,1502020.1129032257,67317019.36225806
9804,2023,3,-0.0019331904761904762,1399071.6825396826,65633835.09936508
9804,2023,4,0.0026864285714285714,1546286.0634920634,67656691.32507937
9804,2024,1,0.0029561803278688524,1670745.2459016393,79067404.3137705
9804,2024,2,0.00012238095238095234,1789553.7936507936,83409685.87412699
9804,2024,3,-0.00026540624999999985,1544186.421875,83708860.90890625
9804,2024,4,-0.0003308125000000001,1482999.109375,86203949.16171876
9848,2014,1,0.001245885245901639,1125490.3934426229,8040189.491803279
9848,2014,2,0.0007055555555555557,929735.5396825396,8566184.80952381
9848,2014,3,-5.80468750000001e-05,563399.625,8925402.765625
9848,2014,4,0.0010413125000000001,1277713.78125,8713703.28125
9848,2015,1,0.002623622950819672,1336235.8032786886,10858648.704918033
9848,2015,2,-0.0005854603174603174,1100895.5396825396,12162114.437460316
9848,2015,3,-0.001645359375,1062510.3125,12125374.703125
9848,2015,4,0.0021884062500000002,991074.828125,12148667.125
9848,2016,1,-0.0007524918032786885,1040280.8360655737,11315468.836065574
9848,2016,2,0.0017129375,944965.015625,12788524.153125
9848,2016,3,0.0008821718749999998,694568.125,14035405.625
9848,2016,4,-0.0009544285714285716,737533.3174603175,13288491.825396825
9848,2017,1,0.0018502419354838712,820581.4354838709,14157011.64516129
9848,2017,2,0.0011933968253968253,759853.873015873,14591497.031746032
9848,2017,3,-0.0002877777777777778,637585.1428571428,15828602.349206349
9848,2017,4,0.000920015873015873,618282.9682539683,15659312.285714285
9848,2018,1,0.00031914754098360653,664988.4426229508,17412085.01639344
9848,2018,2,0.0017016562500000003,747693.609375,17936206.0378125
9848,2018,3,-0.00048061904761904765,695979.3015873015,18065244.0
9848,2018,4,-0.0048037936507936505,976990.8095238095,15792043.412698412
9848,2019,1,0.0032161803278688526,812147.4590163934,14342577.950819673
9848,2019,2,0.002055365079365079,811650.380952381,16013005.788253969
9848,2019,3,-0.0003785937499999999,621884.4375,16686610.8125
9848,2019,4,0.0001612343750000001,554388.640625,16351841.078125
9848,2020,1,-0.003377387096774194,1005010.8225806452,16290735.08064516
9848,2020,2,0.004924444444444444,1043253.6349206349,15652387.0
9848,2020,3,0.0020734062499999997,773835.84375,17949688.59375
9848,2020,4,0.0013640000000000002,641286.171875,19582467.84375
9848,2021,1,0.003849983606557377,757590.5901639344,22771202.62295082
9848,2021,2,0.001303873015873016,644695.3968253968,25892377.011587303
9848,2021,3,0.0003693125,619564.859375,28449188.090625
9848,2021,4,0.0018500312500000001,687295.390625,27756973.90625
9848,2022,1,-0.002709854838709678,937004.0,25957226.48387097
9848,2022,2,-0.001636306451612903,886912.9516129033,23137457.867096774
9848,2022,3,-0.0019231875,570034.390625,21992071.7
9848,2022,4,0.0024566349206349204,787491.5396825396,20419073.777777776
9848,2023,1,-0.00026885483870967757,621949.6774193548,21187931.548387095
9848,2023,2,0.0009449193548387097,601877.2258064516,19991651.93548387
9848,2023,3,-0.00022979365079365096,790070.3174603175,18687835.46031746
9848,2023,4,0.0020694285714285715,783258.8253968254,18081817.34920635
9848,2024,1,-0.000524704918032787,747795.9672131147,18642709.524590164
9848,2024,2,-0.000985031746031746,743981.619047619,17119955.411111113
9848,2024,3,0.001656875,550612.359375,18502421.9925
9848,2024,4,0.0005283281249999999,573111.53125,19211468.51734375
10302,2014,1,0.0011730491803278687,1703590.0983606558,17912638.07262295
10302,2014,2,0.0011303968253968254,1914974.1587301588,19149074.077301584
10302,2014,3,-0.0003176562499999999,1994967.890625,18822949.53703125
10302,2014,4,0.00250178125,2466396.828125,20342634.231875
10302,2015,1,0.0005689836065573771,3105129.37704918,24086766.349508196
10302,2015,2,-0.0023031111111111112,2258556.396825397,22634658.431904763
10302,2015,3,0.0008722031250000001,2772766.9375,20188691.14125
10302,2015,4,0.00043165625,2655057.078125,18108607.3784375
10302,2016,1,0.0022025409836065575,3226147.7540983604,18803618.878852457
10302,2016,2,0.0025145,2081590.34375,22236301.053125
10302,2016,3,-0.0002159375,2177859.828125,25221385.260625
10302,2016,4,-0.0015879682539682541,2273450.1587301586,22352698.617460318
10302,2017,1,0.0008953387096774192,1981671.5483870967,22062317.858064517
10302,2017,2,0.001274984126984127,1829553.111111111,23615064.148412697
10302,2017,3,-0.0008110793650793651,1392463.3015873015,23991096.375873018
10302,2017,4,-0.0010451746031746032,1673564.4126984128,22512323.796507936
10302,2018,1,-0.0027545901639344263,3061029.0655737706,18676524.654426232
10302,2018,2,0.002504328125,2354399.984375,18645276.5359375
10302,2018,3,-0.00043376190476190484,2048960.238095238,20635656.65714286
10302,2018,4,0.0015163492063492063,2466135.698412698,21015608.76888889
10302,2019,1,0.0016612131147540983,2153895.0,22266289.88360656
10302,2019,2,0.0013710476190476192,2333016.222222222,22827116.177619047
10302,2019,3,0.00127059375,1830765.09375,26410036.9440625
10302,2019,4,-0.0033366249999999997,2269684.546875,23402075.46796875
10302,2020,1,-0.00854575806451613,4649544.483870967,18508896.61935484
10302,2020,2,0.006867444444444443,4394354.0,12319121.364761906
10302,2020,3,0.0026465937499999996,2767291.421875,14916430.2815625
10302,2020,4,0.003050734375,2436577.796875,17274820.91671875
10302,2021,1,0.0016879672131147542,2161619.9836065574,19220643.558852457
10302,2021,2,0.0012978095238095238,2105841.5714285714,20937638.50079365
10302,2021,3,-0.000323796875,2406782.890625,21609903.67234375
10302,2021,4,-0.0008900000000000002,2173523.8125,20660088.8871875
10302,2022,1,0.003314758064516129,2560314.629032258,21818321.512258064
10302,2022,2,-0.0026254516129032264,2071473.0161290322,22374376.524193548
10302,2022,3,-0.0035224375,1770476.609375,19639456.730625
10302,2022,4,0.0022419841269841266,2336371.9682539683,16857245.475079365
10302,2023,1,-0.0003078548387096773,2156069.0967741935,19271313.066129033
10302,2023,2,0.001670258064516129,2405733.193548387,18129956.62677419
10302,2023,3,-0.001535238095238095,2136817.9206349207,18055426.452063493
10302,2023,4,0.0029678253968253967,2130578.714285714,18022175.800952382
10302,2024,1,-0.0019238524590163935,2478158.37704918,18278871.418032788
10302,2024,2,0.002680460317460317,2212092.4285714286,18884067.636507936
10302,2024,3,0.003701078125,2546098.140625,23809950.1815625
10302,2024,4,-0.001037953125,2602736.34375,26380516.21609375
10486,2014,1,0.0001692950819672131,43921519.55737705,115127000.20622951
10486,2014,2,0.0018342857142857145,33979187.603174604,122239073.54079364
10486,2014,3,0.00046828125000000006,25750670.875,128514118.19625
10486,2014,4,0.00163096875,28253411.515625,131903946.90921874
10486,2015,1,0.00022367213114754097,31262741.262295082,143767343.51213115
10486,2015,2,6.4920634920636725e-06,24006852.80952381,146045911.86444443
10486,2015,3,-0.00046128125,27650673.53125,137132481.07375
10486,2015,4,0.00075603125,25692151.890625,140005022.900625
10486,2016,1,0.0011076065573770494,32928526.360655736,129802136.4719672
10486,2016,2,0.00034828124999999996,23218155.203125,141236559.44203126
10486,2016,3,0.001744484375,22367270.484375,154542913.2
10486,2016,4,-0.0005876666666666668,21886703.698412698,153009214.35809523
10486,2017,1,0.0019691451612903225,20499685.112903226,162497431.48080644
10486,2017,2,-0.0010095873015873017,21468916.714285713,162944760.64952382
10486,2017,3,0.001341698412698413,20095781.492063493,158445556.96603176
10486,2017,4,0.0022469365079365077,18825280.07936508,176739041.80761904
10486,2018,1,0.0021489180327868853,29635038.80327869,207298202.32819673
10486,2018,2,0.00026710937500000004,22697992.796875,207256300.22984377
10486,2018,3,0.0021272698412698413,19918802.873015873,207959273.64539683
10486,2018,4,-0.0014931587301587304,26564451.873015873,206992907.4447619
10486,2019,1,0.003808934426229508,21325881.606557377,215198764.87278688
10486,2019,2,0.0004394285714285714,22184725.587301586,238736603.76904762
10486,2019,3,-0.001332,18924537.546875,221286997.39765626
10486,2019,4,-0.0002388281249999999,19917076.703125,197202455.24625
10486,2020,1,-0.0022690000000000006,31129395.69354839,186072676.98435485
10486,2020,2,0.0031515396825396824,24581287.14285714,185328984.35936508
10486,2020,3,-0.002339875,22155831.0,184457851.25984374
10486,2020,4,0.002246984375,22240899.484375,173707647.11671874
10486,2021,1,0.0025977868852459017,22558400.508196723,198209466.41163936
10486,2021,2,0.000554047619047619,18638573.507936507,221814212.67476192
10486,2021,3,0.0005710625,15979369.8125,236580057.165
10486,2021,4,0.00258471875,19894518.75,240959721.593125
10486,2022,1,-0.0018467580645161292,22436713.56451613,236117355.92741936
10486,2022,2,-0.0038920483870967743,24435469.532258064,198528769.4316129
10486,2022,3,-0.0007371249999999999,18795374.140625,182727627.285625
10486,2022,4,0.003049857142857143,19194372.206349205,186939820.2657143
10486,2023,1,0.0017137096774193549,18373131.774193548,200174991.41403225
10486,2023,2,2.2064516129032275e-05,18609422.112903226,200739858.6251613
10486,2023,3,0.0007901746031746032,18130051.92063492,219315630.3225397
10486,2023,4,-0.000755904761904762,18692705.19047619,207305804.42571428
10486,2024,1,-2.8180327868852596e-05,19677951.75409836,202236003.57491803
10486,2024,2,-0.000591984126984127,19339133.92063492,191609985.98396826
10486,2024,3,0.0020049531250000002,18748287.890625,194898787.54765624
10486,2024,4,0.001834265625,18176443.40625,227478668.44703126
10996,2014,1,-0.00011231147540983607,5367453.737704918,10201353.20622951
10996,2014,2,0.001469857142857143,5428287.746031746,10404197.993650794
10996,2014,3,-0.001336234375,3684143.140625,10777197.17125
10996,2014,4,-0.00023464062500000004,5964015.265625,9826007.32734375
10996,2015,1,-0.0008300327868852461,6407117.31147541,8883295.95377049
10996,2015,2,0.0007081269841269843,6081627.952380952,9333642.26920635
10996,2015,3,-0.0044397343750000005,6074201.265625,8240098.50234375
10996,2015,4,-1.1562500000000085e-05,5905797.109375,6809400.50796875
10996,2016,1,0.0039263934426229516,6421305.950819672,6645477.885409836
10996,2016,2,0.001158765625,4864330.265625,7430100.25125
10996,2016,3,0.0006960937500000001,4417150.625,8210301.805625
10996,2016,4,-0.0012905555555555554,5582607.73015873,7736805.033809524
10996,2017,1,-0.00028851612903225797,5619917.483870967,7529864.1132258065
10996,2017,2,0.0001297619047619048,5482413.873015873,7575396.7330158735
10996,2017,3,8.97619047619048e-05,4874601.317460317,7366894.893174603
10996,2017,4,-2.3682539682539632e-05,5748279.80952381,7143292.402380953
10996,2018,1,0.0011909672131147542,9374375.770491803,7179146.677704917
10996,2018,2,0.0028290625,6795710.859375,8134821.22015625
10996,2018,3,0.0009197619047619047,6635109.285714285,8908593.177460317
10996,2018,4,0.0008334444444444445,6963526.380952381,9939001.615396826
10996,2019,1,0.003870049180327869,5690004.278688525,11137094.819016393
10996,2019,2,-0.001002968253968254,6042719.777777778,11227597.122063493
10996,2019,3,-0.00017115625000000003,4857091.390625,10691100.87140625
10996,2019,4,0.0032776718749999998,5401919.609375,11878013.56703125
10996,2020,1,-0.004592354838709677,5369611.516129033,11902147.967741935
10996,2020,2,0.0021231587301587303,6830589.476190476,8734683.875238094
10996,2020,3,0.003823546875,5121408.703125,11108756.14671875
10996,2020,4,0.00436525,5475251.234375,13821110.39984375
10996,2021,1,0.0026227049180327865,7210665.491803279,17696333.12672131
10996,2021,2,-0.0002496666666666666,5240882.031746032,17621815.334126983
10996,2021,3,-0.0018685625,5164452.0625,16187558.80125
10996,2021,4,0.0011862187500000002,4861253.328125,16199970.6421875
10996,2022,1,0.0011981612903225808,6166946.580645162,15071352.584999999
10996,2022,2,-0.0028165483870967742,5887726.935483871,14566873.57983871
10996,2022,3,0.0015173125,5146380.265625,15834773.6565625
10996,2022,4,0.004133047619047619,3932969.714285714,18001299.19111111
10996,2023,1,-0.002592935483870968,4553537.693548387,16976181.35483871
10996,2023,2,-0.0021388387096774194,6144099.903225807,14731037.753225807
10996,2023,3,-0.004595285714285714,5649861.476190476,12750044.132222222
10996,2023,4,0.0043045873015873015,8196172.571428572,10891781.41079365
10996,2024,1,-0.0007495573770491804,8528821.852459017,11414024.85557377
10996,2024,2,8.163492063492055e-05,8014747.555555556,13510949.751746032
10996,2024,3,0.002526328125,7983212.21875,12572797.66546875
10996,2024,4,-0.00641425,12800519.9375,10618335.153125
11112,2014,1,0.0018197704918032785,1621239.68852459,75037529.48377049
11112,2014,2,0.0006956666666666666,1392090.888888889,71385650.57507935
11112,2014,3,0.0009473124999999999,1126810.578125,77862441.5571875
11112,2014,4,0.00066415625,1718542.265625,76390386.07921875
11112,2015,1,0.0038728196721311476,1938128.3934426229,92474391.28016394
11112,2015,2,-0.0005525396825396823,1604590.111111111,94404502.1215873
11112,2015,3,-0.00433846875,2808295.546875,77604942.1515625
11112,2015,4,0.00096809375,2388511.4375,64030859.5725
11112,2016,1,-0.0023902786885245907,1947839.475409836,57764803.041147545
11112,2016,2,-0.0008436093750000004,1889716.09375,57729478.43140625
11112,2016,3,0.004238484375,1729918.9375,64890801.07890625
11112,2016,4,-0.0013817777777777776,1721592.8412698412,64486993.23428571
11112,2017,1,0.0008165000000000001,1718121.5967741935,61038838.26419355
11112,2017,2,-1.3126984126984041e-05,1576212.4603174604,56106980.70253969
11112,2017,3,0.002377079365079365,1249630.380952381,62607722.344126984
11112,2017,4,0.00037301587301587306,1246471.0634920634,67842978.50444445
11112,2018,1,-0.0022611967213114754,1676823.1803278688,65662761.4352459
11112,2018,2,0.001020140625,1660472.0,59280598.765
11112,2018,3,0.003563460317460317,1649794.507936508,69356985.2736508
11112,2018,4,-0.0023326190476190478,1353553.4761904762,64279899.37507936
11112,2019,1,-0.0028831803278688527,1958076.9016393442,61986111.01262295
11112,2019,2,-8.347619047619047e-05,2055104.6825396826,44735597.465555556
11112,2019,3,3.6328124999999983e-05,1371121.984375,42934202.709375
11112,2019,4,0.00435046875,2225724.078125,50036496.8721875
11112,2020,1,0.001885435483870968,2037348.4193548388,52781874.73967742
11112,2020,2,-0.0022783809523809523,1871299.0793650793,49197234.12857143
11112,2020,3,0.0011265468750000002,1221135.859375,44136192.8828125
11112,2020,4,-0.0001929894120437307,1656196.4280075443,39905743.12595461
11112,2021,1,0.002367065573770492,1309476.2295081967,41080662.861147545
11112,2021,2,0.004493,1878637.4126984128,45600957.43746032
11112,2021,3,-0.002997171875,1075585.09375,48836429.2815625
11112,2021,4,-0.00235,1323307.6875,37770034.2209375
11112,2022,1,-0.0019197419354838713,1354775.7580645161,31959827.606935486
11112,2022,2,-0.0002591935483870968,1130379.3548387096,29950789.926290322
11112,2022,3,0.005381203125,1238297.921875,30814482.48890625
11112,2022,4,0.0007257936507936508,1353763.9841269841,40671169.46984127
11112,2023,1,0.00016140322580645154,981257.1774193548,39915075.30806451
11112,2023,2,0.00048599999999999994,991221.5806451613,43131503.77661291
11112,2023,3,-0.0015772539682539681,995345.9523809524,38735938.031111114
11112,2023,4,0.00024563492063492046,1082526.5873015872,35589650.449523814
11112,2024,1,-0.002852655737704918,1163615.3278688525,33989065.22327869
11112,2024,2,0.0012979682539682542,1129729.6984126985,31600187.57079365
11112,2024,3,-0.002660421875,978553.640625,30402782.3221875
11112,2024,4,-0.003603484375,1504577.03125,24577110.19828125
11300,2014,1,-0.0007400655737704914,13279552.590163935,120493227.0637705
11300,2014,2,0.002643920634920635,14670923.825396825,119558994.81396826
11300,2014,3,0.004039875,13700062.34375,148360222.95109376
11300,2014,4,-0.0015123750000000003,17255373.046875,156197135.11734375
11300,2015,1,0.0008314754098360655,13300692.131147541,151582487.34163934
11300,2015,2,0.0029652698412698415,11015704.412698412,160828012.6788889
11300,2015,3,-0.0024641562499999998,11275421.140625,163172314.91203126
11300,2015,4,0.0006609375,9531820.8125,150192741.290625
11300,2016,1,-0.0013138360655737705,13215859.360655738,125330038.13360655
11300,2016,2,-0.0012375625000000002,9798999.859375,118689896.5040625
11300,2016,3,-0.00061096875,10525404.71875,107491252.1703125
11300,2016,4,-0.0013999047619047617,9482368.476190476,98023701.77777778
11300,2017,1,-0.0006034354838709677,10518055.193548387,92018442.1285484
11300,2017,2,0.0008357460317460318,8671052.333333334,86959023.99492064
11300,2017,3,0.002341301587301587,9386590.968253968,99863622.81079365
11300,2017,4,-0.0017665396825396825,7964585.349206349,99220060.36809523
11300,2018,1,0.001161622950819672,8625745.983606558,103974654.32016394
11300,2018,2,-0.000721015625,7211424.40625,91808982.92671876
11300,2018,3,0.0015703492063492063,6288551.936507937,97893482.1115873
11300,2018,4,-0.003015126984126984,7635617.126984127,90415518.97460316
11300,2019,1,0.0008954590163934427,7556208.672131147,85042760.53573771
11300,2019,2,0.0008521587301587303,6702513.365079365,83694070.14523809
11300,2019,3,-0.0007707968750000002,5949602.78125,82787316.990625
11300,2019,4,0.000615234375,6316687.96875,82406419.4590625
11300,2020,1,0.0029697741935483875,19705317.467741936,87297685.90451613
11300,2020,2,0.0009986984126984127,17180472.333333332,96244379.57555556
11300,2020,3,-0.0028084843749999998,8668861.03125,86947203.509375
11300,2020,4,-0.00103371875,9420814.921875,75628468.296875
11300,2021,1,0.0020201147540983605,8789558.721311476,80938654.40278688
11300,2021,2,0.0012293968253968255,6984746.698412699,83741547.4168254
11300,2021,3,0.0004251562499999999,6133655.828125,88090181.7140625
11300,2021,4,0.0008182187500000002,6890751.34375,86409622.77875
11300,2022,1,-0.0029459193548387096,11225638.532258065,80145999.2182258
11300,2022,2,0.0009282741935483873,8094582.193548387,77671250.99741936
11300,2022,3,0.000267671875,6775299.046875,79047781.32890625
11300,2022,4,0.005573984126984127,8087392.126984127,99309107.73968254
11300,2023,1,-0.0002951129032258065,6223041.903225807,103270626.94112904
11300,2023,2,-0.0009776935483870968,5476479.258064516,99497034.32096773
11300,2023,3,-0.0002149841269841271,5422107.698412699,95863085.5968254
11300,2023,4,0.001466269841269841,6126233.587301588,96988603.19301587
11300,2024,1,-0.001323229508196721,7527997.557377049,95791453.0019672
11300,2024,2,-0.0007186666666666668,7615552.206349206,83166670.9515873
11300,2024,3,0.003369125,6441523.34375,95020453.96484375
11300,2024,4,0.0017517187499999998,6333795.125,112203365.903125
11344,2014,1,-0.0005477540983606557,517861.8360655738,13531458.430491803
11344,2014,2,0.0015123015873015873,448434.4603174603,13914186.495555555
11344,2014,3,9.0390625e-05,336605.171875,14681419.06984375
11344,2014,4,0.00114375,388522.1875,15345582.130625
11344,2015,1,0.0016634262295081965,430836.8032786885,16232203.624590164
11344,2015,2,0.00010282539682539677,378875.3333333333,17394217.84857143
11344,2015,3,-0.00136203125,445094.78125,16621947.965781251
11344,2015,4,0.00308615625,429924.3125,18459016.2575
11344,2016,1,-0.0004516557377049181,550735.6721311476,17381043.296721313
11344,2016,2,-0.0009770781249999999,560394.4375,17689412.9234375
11344,2016,3,0.001157046875,584982.59375,17654540.0571875
11344,2016,4,0.00011779365079365072,647390.4285714285,18177556.646984126
11344,2017,1,0.002013048387096774,531939.7096774194,20370788.037419353
11344,2017,2,0.0018704761904761904,455145.55555555556,22567051.42190476
11344,2017,3,0.0008564126984126983,350002.44444444444,23981288.722539682
11344,2017,4,0.001046984126984127,379320.50793650793,26253496.063809525
11344,2018,1,0.0014631803278688524,458423.54098360654,28291579.45967213
11344,2018,2,-0.00017846875000000013,461930.234375,28397404.934375
11344,2018,3,0.001215888888888889,436849.71428571426,30443717.484920636
11344,2018,4,-0.001447952380952381,518275.3650793651,29232494.15793651
11344,2019,1,0.004189032786885246,400036.40983606555,31419490.188688524
11344,2019,2,0.0011494920634920634,441889.20634920633,36831094.52730159
11344,2019,3,-0.0002985937499999999,477062.203125,37731159.23671875
11344,2019,4,-2.017187499999994e-05,523532.296875,35930138.2109375
11344,2020,1,-0.0011737580645161292,599693.5967741936,37113303.53903226
11344,2020,2,0.0037260000000000006,615680.2380952381,37574447.25571429
11344,2020,3,0.00040987499999999987,471644.28125,43453917.4990625
11344,2020,4,0.0015345156249999999,531615.296875,43027786.50484375
11344,2021,1,-0.0009342622950819673,646524.2131147541,42102181.74229509
11344,2021,2,0.0025031269841269844,414425.22222222225,46475565.8163492
11344,2021,3,-0.00076346875,365700.375,50449527.77671875
11344,2021,4,0.0016211250000000002,375843.109375,50188562.2053125
11344,2022,1,-0.0005276290322580647,511011.2419354839,47463619.30467742
11344,2022,2,-0.002688661290322581,687327.9354838709,45958452.70370968
11344,2022,3,-0.0013231249999999999,476503.96875,43113968.00140625
11344,2022,4,0.0030807619047619047,507127.50793650793,43683304.282222226
11344,2023,1,0.0004067580645161292,566539.7741935484,45836022.805
11344,2023,2,0.001483725806451613,509885.46774193546,48167747.875
11344,2023,3,0.00017234920634920633,377764.79365079367,52282993.76539682
11344,2023,4,0.0019415396825396825,596245.6666666666,55024534.56952381
11344,2024,1,0.0005405409836065574,486483.9016393443,58356419.84163935
11344,2024,2,0.00014861904761904757,536060.9047619047,57712225.3784127
11344,2024,3,-8.682812499999994e-05,457141.734375,58935490.5571875
11344,2024,4,-0.0009795937500000002,502798.921875,58861724.66046875
12011,2014,1,0.0004318196721311474,1840836.7704918033,21667331.42786885
12011,2014,2,0.0006486507936507936,1607319.507936508,21887910.746507935
12011,2014,3,0.001408640625,1481760.921875,23662802.4809375
12011,2014,4,0.0009026874999999998,1547174.109375,25395080.5409375
12011,2015,1,0.000988655737704918,1762476.262295082,25944021.714590162
12011,2015,2,0.0007156984126984126,1365270.2063492064,28166649.644444443
12011,2015,3,-0.0016518125,2224491.90625,26867836.16390625
12011,2015,4,0.0014599218749999996,1800013.078125,25937642.19859375
12011,2016,1,0.0014319016393442622,1870775.4918032787,24995778.320819672
12011,2016,2,0.00122375,1410913.875,26788749.74515625
12011,2016,3,-0.00014220312500000002,1414339.0,28777462.9109375
12011,2016,4,0.0007439841269841269,1272250.6984126985,28789107.296031747
12011,2017,1,0.0002933709677419354,1491960.935483871,30687840.720322583
12011,2017,2,0.0023145555555555562,1874214.6984126985,33214292.92095238
12011,2017,3,0.001154111111111111,1299297.5238095238,35270132.143968254
12011,2017,4,0.0017413333333333332,1226205.619047619,38931505.07206349
12011,2018,1,0.0017089016393442623,1456018.6721311475,43062897.310327865
12011,2018,2,0.0026983125,1439897.1875,49182004.258125
12011,2018,3,0.0017974126984126985,1434936.111111111,55429086.40698413
12011,2018,4,-0.0019245714285714287,1853183.7936507936,53935424.36857142
12011,2019,1,0.004815131147540984,1515806.7540983607,59905293.92459016
12011,2019,2,0.00017026984126984105,1490159.7301587302,65864923.02380952
12011,2019,3,0.0004062031249999999,1225565.78125,71471996.9784375
12011,2019,4,-0.00011949999999999981,1348778.1875,68048059.12546875
12011,2020,1,-0.0010111935483870969,1718538.8548387096,70516271.88322581
12011,2020,2,0.004403730158730158,1296781.0793650793,71514351.96492064
12011,2020,3,0.0017156093750000001,1252233.484375,81805567.1371875
12011,2020,4,0.002591328125,1188385.546875,92167923.2209375
12011,2021,1,0.00040624590163934414,1478296.1967213114,104224573.1557377
12011,2021,2,0.004038460317460317,1181041.3015873015,118560582.05111112
12011,2021,3,0.0015788281250000002,1060140.859375,147234557.3740625
12011,2021,4,0.00305584375,1487044.515625,172075375.88625
12011,2022,1,-0.004250096774193548,1970029.564516129,144874360.47532257
12011,2022,2,-0.0028887419354838716,1941409.9838709678,116907500.69951613
12011,2022,3,0.00037654687499999993,1504673.390625,121792989.09953125
12011,2022,4,0.0005877936507936508,1745286.0634920634,111600450.16015874
12011,2023,1,0.0024794032258064515,1604868.6129032257,115213660.44322582
12011,2023,2,0.0006767096774193548,1761054.0483870967,122722911.53419355
12011,2023,3,0.0018609206349206348,1382525.4444444445,141815761.96349207
12011,2023,4,0.0033434761904761905,1397657.619047619,154485890.43825397
12011,2024,1,0.000779327868852459,1224659.1147540985,178715466.01065573
12011,2024,2,0.0003874603174603173,1430743.7301587302,173492420.64126983
12011,2024,3,-0.000709234375,1269211.140625,178752554.96296874
12011,2024,4,0.00038981249999999997,1509329.25,179003260.38984376
13650,2023,3,4.7045454545454445e-05,1334551.0,36119810.39545455
13650,2023,4,0.002179222222222222,1400412.365079365,39190385.02095238
13650,2024,1,0.002848967213114754,1311618.8032786886,45947445.19901639
13650,2024,2,-0.0010945873015873017,1499943.5714285714,46197935.83619048
13650,2024,3,7.864062500000002e-05,1423150.046875,46120839.2640625
13650,2024,4,7.534375e-05,1262744.34375,46037743.8440625
14152,2014,1,-0.0015574262295081967,5337800.049180328,13509527.338032788
14152,2014,2,2.738095238095245e-05,4168889.1746031744,11684334.354761906
14152,2014,3,0.0026645312500000002,3222797.796875,12897005.7784375
14152,2014,4,-0.0003866875000000001,2791384.875,13034111.71046875
14152,2015,1,-0.0023608196721311477,3188480.7540983604,11910942.778852459
14152,2015,2,-0.0016061587301587305,4229481.682539683,10654836.724285714
14152,2015,3,-0.000772125,3772857.328125,9197272.66734375
14152,2015,4,-0.0014855625,3448017.890625,9185275.415625
14152,2016,1,0.0008390983606557376,4139941.393442623,7074096.284262295
14152,2016,2,-0.001330546875,3236623.46875,7009380.826875
14152,2016,3,0.00630040625,3003598.453125,8495724.1153125
14152,2016,4,-1.2333333333333167e-05,3547419.1746031744,9710614.91111111
14152,2017,1,0.002906822580645161,2884746.3387096776,10758941.847096775
14152,2017,2,-0.0005378730158730158,3016188.015873016,10771590.087142857
14152,2017,3,0.001617269841269841,3098814.285714286,11154488.993333334
14152,2017,4,0.004028730158730159,2803535.761904762,13432201.192698412
14152,2018,1,0.002043803278688525,3211621.3278688523,16337579.037704917
14152,2018,2,0.00392925,3061745.265625,18600533.28234375
14152,2018,3,0.001634809523809524,2434657.095238095,21502423.432539683
14152,2018,4,-0.005161396825396826,3405421.6825396824,18318555.034761906
14152,2019,1,0.002743213114754098,2816774.868852459,16019146.050819673
14152,2019,2,-0.001579936507936508,2610114.015873016,16346607.366825396
14152,2019,3,-0.0018392500000000004,2797265.265625,12801254.46703125
14152,2019,4,0.0029280468749999997,2136232.078125,13465586.10421875
14152,2020,1,-0.0053460322580645165,2791394.14516129,11552438.497903226
14152,2020,2,0.001809730158730159,2368194.26984127,9466404.468095237
14152,2020,3,0.00024065624999999963,2945671.421875,9683488.28953125
14152,2020,4,0.006898078125,2113657.0,11758455.57421875
14152,2021,1,0.002048081967213115,2036941.6721311475,14988643.990983607
14152,2021,2,0.0020985555555555553,1645682.365079365,17389263.92666667
14152,2021,3,0.001636625,1430222.40625,18904387.359375
14152,2021,4,0.0005888593750000001,1502341.46875,20101599.76125
14152,2022,1,-0.001319741935483871,1971453.8870967743,19359237.16419355
14152,2022,2,-0.0035523870967741934,1955601.6935483871,15908288.931935484
14152,2022,3,-0.0005272031249999998,1326406.328125,15185412.684687499
14152,2022,4,-0.00010868253968253979,1734704.8253968253,14391566.716190476
14152,2023,1,0.0012283225806451613,1862258.0967741935,13872511.049193548
14152,2023,2,0.0032072258064516127,2244077.3225806453,14365484.652741935
14152,2023,3,4.539682539682542e-05,2071598.0793650793,16204375.671746032
14152,2023,4,0.0027017460317460317,1821533.365079365,16647374.977777777
14152,2024,1,0.003255934426229508,1965476.0819672132,19097287.98114754
14152,2024,2,0.003412746031746032,1996736.5714285714,23133730.725714285
14152,2024,3,-0.0003880156249999998,1657558.890625,25579424.001875002
14152,2024,4,-0.0007068281250000001,1670188.140625,24880975.20109375
14330,2014,1,-0.0013398852459016392,1921648.6557377048,5294946.834754098
14330,2014,2,0.004530603174603175,1964454.2698412698,5630194.688888889
14330,2014,3,0.0006752968749999999,1676947.96875,6736690.985
14330,2014,4,0.003067203125,2285826.125,7048251.306875
14330,2015,1,-0.0006305737704918032,1483594.262295082,8103163.346557377
14330,2015,2,-0.0022139523809523807,1824369.0793650793,7367696.367619048
14330,2015,3,0.00039448437499999987,1559079.203125,6287752.29828125
14330,2015,4,-0.0017874062500000001,1570741.84375,6189953.52828125
14330,2016,1,0.004155,1340948.3770491802,6069116.248196721
14330,2016,2,0.00278675,2573289.75,8398139.32453125
14330,2016,3,-0.0006361406250000001,1737088.71875,10137906.83515625
14330,2016,4,-0.0018830952380952382,1640041.5396825396,8753690.545555556
14330,2017,1,0.0018275483870967741,1395071.2258064516,9332021.562580645
14330,2017,2,-0.0002726507936507936,1178074.9682539683,9234925.962380953
14330,2017,3,0.0022683174603174605,1170744.9523809524,9875759.352222223
14330,2017,4,-0.00015758730158730146,1562444.0158730159,10567121.629206348
14330,2018,1,-0.0018402295081967213,2095889.2459016393,9549841.73557377
14330,2018,2,0.001319046875,1572611.328125,9651372.961875
14330,2018,3,0.0001115396825396825,1644025.4761904762,10190876.38
14330,2018,4,-0.0005365079365079364,2100254.5714285714,9386904.895555554
14330,2019,1,0.0017982131147540983,2167564.0655737706,10112220.200000001
14330,2019,2,-0.0015560952380952381,2700985.714285714,9395470.101587301
14330,2019,3,0.0009627343749999998,2634716.046875,9013474.46828125
14330,2019,4,0.00012724999999999992,2169099.09375,9414382.8296875
14330,2020,1,-0.0035251129032258057,3673948.3870967743,8692583.279677419
14330,2020,2,0.002380904761904761,3787266.746031746,7264958.021587302
14330,2020,3,0.000813140625,2525879.28125,8194405.22296875
14330,2020,4,0.0019503593750000003,3158514.921875,7995583.21109375
14330,2021,1,0.004399885245901639,3619600.918032787,9638060.328360654
14330,2021,2,0.0024805396825396827,2312991.873015873,12105146.607619047
14330,2021,3,0.000687328125,1526542.0,13007585.7753125
14330,2021,4,0.00323815625,1647965.90625,13682958.98421875
14330,2022,1,0.0013502419354838712,2409635.419354839,13791937.016935483
14330,2022,2,-0.00161,1608091.1612903227,15276714.943225807
14330,2022,3,-0.001123296875,1827470.359375,14675165.39671875
14330,2022,4,0.0023683968253968256,1317191.2063492064,14674589.868888889
14330,2023,1,0.0013015645161290324,1505792.1451612904,15234366.035483873
14330,2023,2,0.0013982258064516129,1357059.8387096773,15938601.514032258
14330,2023,3,0.0009535555555555555,1431982.0793650793,17825146.827301584
14330,2023,4,0.0028354603174603173,1510015.7142857143,18310939.212380953
14330,2024,1,0.002524377049180328,1518533.3770491802,21141849.955081966
14330,2024,2,0.001963095238095238,1664689.6666666667,23700952.115396824
14330,2024,3,0.00464809375,1732826.65625,31361363.9375
14330,2024,4,-0.0016037031250000003,1522411.625,34470303.00625
15473,2014,1,-0.002562704918032787,3927753.8032786883,170535499.29163933
15473,2014,2,-0.00030473015873015865,4667627.126984127,145591907.22873014
15473,2014,3,7.97812499999999e-05,3588921.546875,153693069.0171875
15473,2014,4,-0.000425515625,4173752.5625,144274750.87609375
15473,2015,1,0.0032139016393442623,3761804.704918033,163482722.59278688
15473,2015,2,0.0026612698412698415,3038497.714285714,194689412.46507937
15473,2015,3,0.002852421875,4091630.328125,236510039.959375
15473,2015,4,0.0044912187499999996,4293452.640625,295552379.3478125
15473,2016,1,-0.0017444426229508197,5713624.803278688,267303548.93721312
15473,2016,2,0.00307771875,3808297.90625,319215162.565625
15473,2016,3,0.00249984375,2906818.75,362882689.86625
15473,2016,4,-0.001632079365079365,4140183.6825396824,372383649.6685714
15473,2017,1,0.0027471451612903226,3277405.2419354836,397876084.1851613
15473,2017,2,0.001454857142857143,3904340.619047619,456098170.9285714
15473,2017,3,-4.533333333333335e-05,3423891.476190476,471900893.88253963
15473,2017,4,0.0032830158730158734,3468831.8412698414,530302325.9631746
15473,2018,1,0.0036869999999999997,5980549.639344262,692030319.8096721
15473,2018,2,0.002649734375,4497684.59375,770252404.9376563
15473,2018,3,0.0026933809523809523,4587529.793650794,916945012.025873
15473,2018,4,-0.003952777777777778,7578900.920634921,811263511.3960317
15473,2019,1,0.002976049180327869,5177417.180327869,817089568.9293443
15473,2019,2,0.0010763968253968254,4036078.222222222,917148775.7180952
15473,2019,3,-0.0012737500000000001,3362115.46875,917157201.53625
15473,2019,4,0.001025625,3015166.5,877470525.290625
15473,2020,1,0.001272467741935484,5488741.4677419355,963796174.4054838
15473,2020,2,0.005751428571428571,4675679.825396826,1205061073.024762
15473,2020,3,0.0023803906249999997,5101654.671875,1579456464.1203125
15473,2020,4,0.00074653125,4436632.703125,1601609646.4653125
15473,2021,1,-0.0007037049180327871,3626625.4426229508,1596175626.0116394
15473,2021,2,0.001765952380952381,3466350.412698413,1676233083.085714
15473,2021,3,-0.0006036562499999999,3258371.59375,1746855144.5296874
15473,2021,4,0.0003561250000000001,3166084.125,1735931625.564375
15473,2022,1,9.254838709677408e-05,3907519.209677419,1572327769.5741937
15473,2022,2,-0.0062169516129032265,26500251.177419353,1273336234.7290323
15473,2022,3,0.0013413593750000003,58052829.359375,1287589034.2398438
15473,2022,4,-0.004226984126984128,80257682.90476191,1007712502.3885715
15473,2023,1,0.0036353709677419354,68322256.79032259,990210162.8590323
15473,2023,2,0.003959274193548387,62826640.79032258,1171758418.7069354
15473,2023,3,-0.00020487301587301593,53796351.92063492,1382427190.729365
15473,2023,4,0.003001095238095238,50324031.79365079,1448283599.0884128
15473,2024,1,0.0029531803278688524,43983228.36065574,1729243227.569836
15473,2024,2,0.0012015396825396823,41286975.96825397,1911806038.6331747
15473,2024,3,-0.0003630468749999998,40388736.609375,1914770869.3317187
15473,2024,4,0.0027241875,37176306.15625,2151326408.1321874
16167,2014,1,0.0001682950819672129,2593095.9344262294,30363993.25704918
16167,2014,2,-0.00042415873015872987,3544506.6825396824,29655383.0415873
16167,2014,3,-0.0011984375000000003,5215752.828125,28604236.55328125
16167,2014,4,0.002677171875,4445990.484375,30418595.76703125
16167,2015,1,0.002886180327868852,3992823.524590164,35943206.17049181
16167,2015,2,-0.00021665079365079364,3150178.587301587,38321437.442857146
16167,2015,3,0.0005568125,3528759.96875,38259726.225625
16167,2015,4,-0.0005239843749999999,3370903.671875,39190894.95453125
16167,2016,1,0.0009574098360655736,5036684.049180328,35407028.272131145
16167,2016,2,-0.0012839843750000002,3936311.046875,36619294.384375
16167,2016,3,-0.002632453125,4946995.515625,34535159.43515625
16167,2016,4,0.0027168412698412698,6467082.746031746,32468778.83968254
16167,2017,1,0.0010675645161290325,5317270.064516129,34953421.54290322
16167,2017,2,0.0018115555555555554,4223467.428571428,37422363.49666666
16167,2017,3,0.0014752857142857144,2960546.73015873,41467195.24222223
16167,2017,4,-0.00026761904761904773,3405799.873015873,43096149.47650794
16167,2018,1,0.0021775409836065573,3775579.770491803,46474124.40311476
16167,2018,2,-0.0001705312500000002,3531681.59375,46066597.924375
16167,2018,3,-0.00025038095238095245,3061983.4444444445,45385493.81968254
16167,2018,4,-0.0028742539682539685,3847289.126984127,40292132.33396825
16167,2019,1,0.0023056393442622953,3540564.2786885244,40300351.420655735
16167,2019,2,-0.001838968253968254,6188085.253968254,37331592.05841269
16167,2019,3,-0.0006486093750000001,3236832.3125,34902179.02109375
16167,2019,4,0.0005317343750000001,2627743.0625,33883775.63
16167,2020,1,-0.0035874354838709684,4501694.5322580645,32669939.918548387
16167,2020,2,0.003854412698412699,3843057.4285714286,29052010.831746034
16167,2020,3,0.00332615625,2870154.65625,35279809.5378125
16167,2020,4,0.002737515625,3033759.96875,40762358.57734375
16167,2021,1,-0.000585655737704918,3000420.2459016396,40970943.28786885
16167,2021,2,-0.0017650476190476192,3954405.634920635,39296844.86095238
16167,2021,3,0.0012109375000000002,2851800.6875,38767436.39953125
16167,2021,4,0.002910453125,2579816.5625,42236715.07125
16167,2022,1,0.0003544677419354836,3160950.806451613,46098865.91612904
16167,2022,2,-0.004176806451612903,3061462.5967741935,39881037.33032258
16167,2022,3,-0.00231625,3133750.109375,33912474.38515625
16167,2022,4,0.0003389841269841272,4197522.285714285,30138258.79
16167,2023,1,0.0012451290322580645,4642790.145161291,31878311.446774196
16167,2023,2,0.0013009354838709678,3637157.3870967743,31419244.796290323
16167,2023,3,0.0007497777777777778,3447970.0476190476,34712159.83
16167,2023,4,0.0018698571428571427,3218360.1904761903,34610387.51444444
16167,2024,1,-0.0003536557377049179,4420189.377049181,38153398.74393443
16167,2024,2,-0.001045904761904762,3805519.5714285714,33707089.219365075
16167,2024,3,0.00212090625,3474416.578125,36951430.4609375
16167,2024,4,0.00011090625000000004,3047253.296875,38803619.99125
16382,2014,1,0.002022983606557377,8321274.377049181,9652145.547377048
16382,2014,2,0.000720793650793651,7075361.904761905,10406082.767619047
16382,2014,3,0.00012626562500000005,6978627.421875,10291350.66953125
16382,2014,4,0.001515203125,6059013.515625,10582398.13
16382,2015,1,0.0009629672131147542,6411492.672131147,11616369.06557377
16382,2015,2,-0.0004066031746031746,7948791.015873016,11736908.431746032
16382,2015,3,0.0035568906249999997,8373168.28125,11653644.6875
16382,2015,4,0.004859984375,8210924.796875,16218180.78125
16382,2016,1,0.00164527868852459,9724667.360655738,16450974.84672131
16382,2016,2,0.0046521406250000005,9877306.8125,22117649.6875
16382,2016,3,0.006073546875,9839053.40625,31586101.25
16382,2016,4,0.007978888888888888,14843463.873015873,44976727.14285714
16382,2017,1,0.0006160322580645161,16893616.580645163,61091550.43983871
16382,2017,2,0.005061603174603174,20739225.412698414,74770280.50380953
16382,2017,3,0.003671206349206349,17732054.285714287,99544309.52380952
16382,2017,4,0.0014407142857142856,13260500.603174603,120058227.61904761
16382,2018,1,0.0033890819672131147,16609124.0,142317745.57950822
16382,2018,2,0.0005757812500000001,12471545.203125,147366337.03125
16382,2018,3,0.0028576190476190476,9353300.523809524,158080384.44444445
16382,2018,4,-0.010602,16519910.952380951,116577633.65079366
16382,2019,1,0.0054415901639344256,16550126.93442623,94368033.77049181
16382,2019,2,-0.0011403968253968254,11452947.301587302,100781601.90476191
16382,2019,3,0.0012524218750000003,9528017.09375,102474431.71875
16382,2019,4,0.004901578125,8476550.484375,127171924.21875
16382,2020,1,0.003289274193548387,13586695.693548387,154547769.01935485
16382,2020,2,0.006344301587301588,13293047.888888888,199012033.7504762
16382,2020,3,0.00597125,13109198.6875,286968876.40625
16382,2020,4,-0.00027098437499999985,8084075.5,331213909.53125
16382,2021,1,0.0008417704918032789,8369332.655737705,333333543.4418033
16382,2021,2,0.006708095238095238,9521938.38095238,399303592.1134921
16382,2021,3,0.0007746249999999999,23605914.0,518613832.96875
16382,2021,4,0.006106,41859866.125,687961798.75
16382,2022,1,-0.00037050000000000033,53017169.88709678,628055463.8733871
16382,2022,2,-0.008499209677419354,57190188.161290325,472103293.65370965
16382,2022,3,-0.0028535468749999997,55844743.046875,394093288.59375
16382,2022,4,0.0036950793650793656,50907844.55555555,361882471.4285714
16382,2023,1,0.010980677419354839,50107306.58064516,533865391.9354839
16382,2023,2,0.0074775,47744884.741935484,820302045.3754839
16382,2023,3,0.0007363015873015874,48948622.93650793,1106629787.3015873
16382,2023,4,0.0022817777777777775,42168963.20634921,1144213048.5714285
16382,2024,1,0.010394245901639345,53629157.655737706,1799224232.7644262
16382,2024,2,0.005542619047619048,113759116.44444445,2487096435.6726985
16382,2024,3,0.0005391250000000003,323127382.234375,2900047665.8
16382,2024,4,0.0018432968749999999,221098244.125,3377632044.0625
16454,2018,1,0.003989521739130435,530342.6521739131,101835678.57304347
16454,2018,2,-0.0003205937500000001,362027.90625,101508891.67859375
16454,2018,3,-0.00025946031746031746,425043.0317460318,93616378.50984126
16454,2018,4,-0.0020452857142857143,432259.90476190473,85105622.28190477
16454,2019,1,0.0004204590163934427,508210.45901639346,80887208.22491804
16454,2019,2,0.001244047619047619,423114.1111111111,78300813.75492065
16454,2019,3,0.0008205937499999999,316210.359375,82458207.849375
16454,2019,4,0.0008015312500000002,317980.96875,82308647.94078125
16454,2020,1,-0.005934145161290323,638469.8870967742,72411525.40483871
16454,2020,2,0.0032701904761904764,600225.0793650794,62301441.91
16454,2020,3,0.001288078125,347800.140625,71913916.47546875
16454,2020,4,0.004608874999999999,367794.90625,79036837.58953124
16454,2021,1,0.0010571967213114757,411966.3278688525,90975791.48459017
16454,2021,2,-0.0008653492063492062,344032.5714285714,95821522.98952381
16454,2021,3,0.0014208437499999998,294809.640625,92095516.37828125
16454,2021,4,0.0004472656249999999,331285.359375,97326069.53703125
16454,2022,1,9.740322580645168e-05,469219.8870967742,95728747.18467742
16454,2022,2,-0.0042748870967741935,424905.5,86734342.62790324
16454,2022,3,-0.0006860312500000002,390046.546875,74777209.10046875
16454,2022,4,0.0034751111111111115,348751.3968253968,73736507.5068254
16454,2023,1,0.00455458064516129,326891.2419354839,91844057.79225807
16454,2023,2,0.00039756451612903214,313606.03225806454,97729155.20564516
16454,2023,3,0.002266111111111111,279152.4126984127,108315652.91269842
16454,2023,4,0.0023282380952380955,252626.3650793651,109015178.1326984
16454,2024,1,0.0005927213114754097,282459.9344262295,122165150.35442623
16454,2024,2,0.001517873015873016,220752.2857142857,125756888.88
16454,2024,3,0.0011816874999999998,246493.125,128658182.44
16454,2024,4,0.002711484375,211130.265625,159111386.92015624
17300,2014,1,0.003893672131147541,2713732.393442623,9868150.219016394
17300,2014,2,0.0008860000000000001,2191564.5555555555,9910180.957777778
17300,2014,3,-0.00022684375,1624328.09375,10711341.3509375
17300,2014,4,0.0009567656250000002,1610807.40625,10734923.53765625
17300,2015,1,0.0021034754098360657,1621991.1639344261,11786299.72557377
17300,2015,2,-0.00021099999999999995,1419986.2222222222,13254511.853968253
17300,2015,3,-2.5046875000000004e-05,1800478.859375,12885157.235
17300,2015,4,-0.0038690000000000005,2254354.609375,10938990.1834375
17300,2016,1,0.0015102459016393443,3146925.655737705,8976334.484590163
17300,2016,2,0.00034607812499999987,1819945.0,9248294.084375
17300,2016,3,-0.00063375,2156259.03125,9358071.25859375
17300,2016,4,0.0038882857142857148,2217407.984126984,11044711.629523808
17300,2017,1,-0.0016239516129032258,1990165.2741935484,11375501.589677418
17300,2017,2,-0.0025628095238095236,2642022.301587302,9128597.593015874
17300,2017,3,-9.711111111111125e-05,1923825.365079365,8209179.101111111
17300,2017,4,0.004772873015873017,2547182.523809524,9375296.62936508
17300,2018,1,0.0015952131147540982,1900124.7049180327,11571087.476721313
17300,2018,2,0.0006132187499999999,2055972.34375,12804688.59546875
17300,2018,3,9.326984126984119e-05,1549651.1746031747,12722763.482380953
17300,2018,4,-0.002452968253968254,2083001.650793651,10859144.816031745
17300,2019,1,0.002731524590163934,1369790.475409836,11055789.107868854
17300,2019,2,0.0018478412698412698,1106490.1746031747,12673224.701428572
17300,2019,3,0.0021857187499999997,1561241.875,14261879.24109375
17300,2019,4,-0.000812875,1375097.953125,14132012.33328125
17300,2020,1,0.0015348709677419359,1804537.4193548388,15015632.939516129
17300,2020,2,0.0027117936507936513,2210221.587301587,16310799.58857143
17300,2020,3,0.0006788906249999999,1574212.9375,18057226.1090625
17300,2020,4,-0.00065175,1555379.21875,17037884.98
17300,2021,1,-0.0001926557377049181,2206138.4426229508,16831715.393114753
17300,2021,2,0.0021936349206349206,1384842.2698412698,18189551.47301587
17300,2021,3,-0.001623171875,1118613.078125,18612441.15796875
17300,2021,4,0.001856875,1305675.125,17863547.79125
17300,2022,1,0.0004695161290322579,1621226.5161290322,18014589.72870968
17300,2022,2,-0.004072612903225806,1782018.6129032257,16713150.275322579
17300,2022,3,-0.0018827968750000001,1497245.40625,14486960.60484375
17300,2022,4,0.0009617936507936511,1524121.380952381,13708981.16888889
17300,2023,1,-0.0010004516129032256,1696950.0967741935,12660130.262903225
17300,2023,2,0.002351354838709677,1454451.5161290322,13053081.744677419
17300,2023,3,0.0027982063492063493,1685271.603174603,15108475.792222222
17300,2023,4,0.0017086825396825398,1375360.4285714286,16785121.404920634
17300,2024,1,-0.0012692950819672131,1743423.8032786886,17445006.003442623
17300,2024,2,-0.0028206984126984127,1687372.4444444445,14730943.683333332
17300,2024,3,0.0019449218749999998,1427889.40625,14781188.79796875
17300,2024,4,-0.000569640625,1716735.15625,14749837.76703125
20017,2014,1,0.00022004918032786887,8418480.049180327,59556098.36262295
20017,2014,2,0.0010779047619047621,6080845.634920635,60014885.9847619
20017,2014,3,0.00038006250000000003,4672231.3125,63564648.96109375
20017,2014,4,0.001393984375,5006281.484375,65535732.85140625
20017,2015,1,0.0006258852459016394,5614578.540983606,69209063.94885246
20017,2015,2,0.0010468571428571428,4695597.19047619,72092423.78079364
20017,2015,3,-0.0028800781250000003,6671804.21875,70208515.3525
20017,2015,4,0.0019169999999999999,6312753.484375,65826001.77734375
20017,2016,1,-0.0008771967213114754,7768666.950819672,59089275.33868852
20017,2016,2,-0.0007418281249999998,10269445.109375,58537901.62234375
20017,2016,3,0.0012918749999999996,9500694.46875,62963199.65546875
20017,2016,4,-0.0013301111111111113,8676961.42857143,58318966.20714286
20017,2017,1,0.002479629032258065,8478083.903225806,71438397.60758065
20017,2017,2,0.001563126984126984,6807575.920634921,78345609.92698412
20017,2017,3,0.0016196825396825397,5418605.714285715,87141594.53904761
20017,2017,4,0.0011826666666666667,5782687.444444444,96344673.3320635
20017,2018,1,0.000994409836065574,7207531.573770491,105005820.61344263
20017,2018,2,0.0004216250000000001,5665251.53125,106018473.988125
20017,2018,3,0.0030544285714285712,4975113.603174604,115133430.54047619
20017,2018,4,1.3650793650792434e-06,7310596.53968254,123383587.95857143
20017,2019,1,0.001825983606557377,6319946.639344262,130680530.68360655
20017,2019,2,0.0009367777777777778,5393526.253968254,138474747.53190476
20017,2019,3,6.418749999999985e-05,4497665.421875,150083349.9890625
20017,2019,4,0.000702375,4617332.921875,148085806.7240625
20017,2020,1,-0.0007664838709677417,8590013.64516129,147416797.63080648
20017,2020,2,0.002667730158730159,8266738.349206349,159717546.6366667
20017,2020,3,0.0029305,5273170.640625,179567652.07890624
20017,2020,4,0.00024251562499999995,4760892.953125,192523442.1603125
20017,2021,1,0.0016613606557377048,5269511.2950819675,209950177.26688525
20017,2021,2,-0.00033507936507936497,6393955.555555556,206733462.17968252
20017,2021,3,0.00039309375,4466229.75,218092644.08828124
20017,2021,4,0.00287321875,5307701.453125,226697388.418125
20017,2022,1,-0.002601016129032258,6294378.903225807,219207933.3582258
20017,2022,2,-0.0011407741935483872,5491054.822580645,199781479.21064514
20017,2022,3,-0.0016503750000000001,4691514.046875,186633985.495625
20017,2022,4,0.0022426190476190475,5619725.571428572,181041289.61428574
20017,2023,1,-0.001153774193548387,5172261.516129033,183878389.97612903
20017,2023,2,0.0013597258064516127,5038516.225806451,185293322.05774194
20017,2023,3,-0.0017369206349206348,4471457.682539683,182517283.104127
20017,2023,4,0.0021957619047619044,6006150.238095238,173414009.2379365
20017,2024,1,0.0006677868852459016,5747239.540983606,198979684.74770492
20017,2024,2,-0.0012906349206349207,5669263.603174604,184122741.56507936
20017,2024,3,0.00161784375,5971485.9375,190820847.8684375
20017,2024,4,2.8125000000000413e-06,4998564.46875,200850347.524375
20030,2014,1,0.001215032786885246,1321102.1475409835,24273653.89409836
20030,2014,2,0.0014153333333333333,1095572.349206349,25574561.007777777
20030,2014,3,0.00033673437499999974,1496868.53125,28106384.79703125
20030,2014,4,0.0017944062500000002,1573900.828125,29161898.97
20030,2015,1,0.0009524590163934427,1030626.131147541,32034453.718032785
20030,2015,2,-0.0014357619047619047,1007451.6825396825,31645520.173492063
20030,2015,3,-0.0008478437500000001,1410123.859375,29560348.9178125
20030,2015,4,0.00048114062499999996,1347304.75,29270519.84859375
20030,2016,1,0.0019093934426229508,2158437.1639344264,28186544.21147541
20030,2016,2,-5.5796875000000074e-05,1020557.203125,31086754.56
20030,2016,3,0.001013,1332548.78125,32441196.9775
20030,2016,4,0.0010404761904761904,1417955.142857143,30348374.609206352
20030,2017,1,-0.0008238870967741936,1517520.7580645161,30664327.03548387
20030,2017,2,0.0010225714285714285,1253608.5714285714,30944298.679682538
20030,2017,3,0.0009209523809523809,1412042.349206349,31919865.12142857
20030,2017,4,0.0015145873015873018,903846.0317460317,34746124.28555555
20030,2018,1,-0.00029214754098360663,1211750.7049180327,36092529.63786885
20030,2018,2,-0.0001656562500000001,954065.15625,35832738.93578125
20030,2018,3,0.0012562698412698413,958367.9682539683,35700450.51968254
20030,2018,4,-0.0004542380952380954,1243451.7777777778,34768354.47761905
20030,2019,1,0.0030563606557377047,1184068.31147541,37795467.22327869
20030,2019,2,0.0028472063492063493,1185584.8412698412,45540602.75952381
20030,2019,3,-0.00015099999999999996,964892.5625,49561232.45234375
20030,2019,4,0.0010584375000000001,965442.28125,49735028.01515625
20030,2020,1,-0.0016079193548387085,1478508.5,50279457.34935483
20030,2020,2,0.0033887142857142857,1114182.126984127,50407601.95460317
20030,2020,3,0.0034915468750000003,1070191.359375,63541180.15765625
20030,2020,4,-0.0010627187500000003,1219654.625,62220407.1596875
20030,2021,1,0.0007369508196721312,1259386.5573770492,60114162.55868852
20030,2021,2,0.0004890476190476191,850313.4126984127,64915160.0915873
20030,2021,3,-0.001667390625,903634.359375,61220848.7640625
20030,2021,4,0.00282875,1023430.015625,65000648.09671875
20030,2022,1,-0.0028996129032258064,1486213.1129032257,56967472.88854839
20030,2022,2,-0.0003563870967741934,1160893.4677419355,53920308.14129033
20030,2022,3,-0.0002783750000000001,1000511.578125,54903556.6503125
20030,2022,4,0.004746460317460318,1093887.380952381,62508529.49380953
20030,2023,1,-0.0009103870967741937,1151045.3709677418,64775232.045
20030,2023,2,0.0008525483870967742,813245.4838709678,63246089.37370968
20030,2023,3,-0.0007025079365079363,740577.8095238095,65155318.56698413
20030,2023,4,-0.00024119047619047593,1177665.1746031747,61080811.98507936
20030,2024,1,-0.0015876393442622952,1840314.4426229508,54457898.58491803
20030,2024,2,0.0010779682539682539,1713606.8095238095,56386269.5915873
20030,2024,3,0.0024978749999999997,1330447.234375,60794168.866875
20030,2024,4,-0.00019604687499999999,1382142.484375,69819348.6278125
20077,2014,1,0.0015300655737704918,2858812.901639344,23687521.753770493
20077,2014,2,0.001730888888888889,2943349.793650794,25743453.01873016
20077,2014,3,-0.0008132187499999999,2321606.8125,25827778.6696875
20077,2014,4,0.00256765625,2693729.25,27984739.003125
20077,2015,1,-0.0010162786885245902,2870272.6885245903,29032115.710655738
20077,2015,2,-0.0007587936507936508,2471746.746031746,27116569.575714286
20077,2015,3,0.001337015625,2817616.140625,27211254.4734375
20077,2015,4,0.000622453125,3100474.734375,27810590.42015625
20077,2016,1,0.0023603606557377047,3319402.295081967,30358904.508360654
20077,2016,2,0.0010313593750000002,2609774.75,32148764.67890625
20077,2016,3,-0.001189875,2424555.34375,33059595.10828125
20077,2016,4,-8.777777777777777e-05,2776286.523809524,30326021.947619047
20077,2017,1,0.0012122903225806453,2354079.9838709678,31847155.23096774
20077,2017,2,0.0006975396825396825,2420924.301587302,34158920.44190476
20077,2017,3,0.00032998412698412695,2334692.396825397,35035469.50095238
20077,2017,4,0.0008913809523809523,2125274.6825396824,36749778.61190476
20077,2018,1,-0.0009243770491803279,3687379.475409836,33120639.477213115
20077,2018,2,0.0003428125,2904997.640625,33162671.35609375
20077,2018,3,0.0005546825396825397,2465284.777777778,35064568.38063492
20077,2018,4,0.0010615555555555552,2868198.380952381,36996521.02269841
20077,2019,1,0.002043180327868852,2818030.655737705,39222402.41819672
20077,2019,2,0.0009588412698412699,2337867.603174603,42526577.00380952
20077,2019,3,0.00112884375,2137406.8125,44833159.3471875
20077,2019,4,0.0002887812500000001,2303481.390625,45624937.80234375
20077,2020,1,-0.0019239354838709681,3694358.306451613,46706449.17129032
20077,2020,2,0.00041463492063492077,3026328.412698413,40413357.923968256
20077,2020,3,0.000637015625,2980055.78125,40838402.4125
20077,2020,4,0.000498859375,2868691.9375,43076590.70953125
20077,2021,1,0.0005096721311475409,3228613.5409836066,40036053.27901639
20077,2021,2,0.0001605873015873015,2785386.380952381,43020005.36873016
20077,2021,3,-0.0004725468750000001,2648057.578125,43670578.00875
20077,2021,4,0.00162825,2577406.5,42484200.09375
20077,2022,1,0.0020529516129032255,3341592.4838709678,46092395.684354834
20077,2022,2,-0.0004026451612903225,2830976.5,50895829.24516129
20077,2022,3,-0.0013875781250000001,2530872.125,50789770.1121875
20077,2022,4,0.001786,3300433.1904761903,46774791.9863492
20077,2023,1,-0.00043327419354838726,2930407.0483870967,47041334.31951613
20077,2023,2,-0.0010376774193548387,2781261.209677419,45835949.39951613
20077,2023,3,-0.0015669365079365079,2999191.301587302,41931765.172380954
20077,2023,4,0.0015090317460317458,3668736.476190476,40813566.88142858
20077,2024,1,0.0012335081967213115,4029918.295081967,42789467.21803279
20077,2024,2,0.0005130952380952381,2745820.603174603,46115789.25333334
20077,2024,3,0.002640953125,2743774.9375,51926902.7875
20077,2024,4,-0.00144740625,2715293.921875,51536305.23
20204,2014,1,-0.0004681147540983607,2990696.8852459015,32622425.894754097
20204,2014,2,0.003155888888888889,3181949.9365079366,35417671.29523809
20204,2014,3,-0.000971796875,2498694.703125,38084636.7171875
20204,2014,4,-0.00586178125,5030298.78125,27082690.51640625
20204,2015,1,-0.0002932950819672133,4297870.377049181,23703407.999836065
20204,2015,2,-0.0005278253968253966,3339901.904761905,23740809.534603175
20204,2015,3,-0.005481828124999999,5409007.953125,17163656.005625
20204,2015,4,0.00257646875,4802051.84375,17610497.038125
20204,2016,1,0.0025943278688524587,6298171.262295082,15716178.142459016
20204,2016,2,0.0025028906249999995,3887810.5625,20580465.2165625
20204,2016,3,0.00253690625,3859411.609375,20706730.4015625
20204,2016,4,0.00018023809523809531,3394543.0,23899993.143333334
20204,2017,1,-0.0032214032258064515,3761336.919354839,21331478.342903227
20204,2017,2,-0.0008522222222222221,3746779.1428571427,18748812.136984125
20204,2017,3,-0.0004049047619047621,3451620.904761905,16786215.06936508
20204,2017,4,-0.0009457142857142856,3367129.238095238,16031701.57142857
20204,2018,1,-0.0011402131147540987,4996943.278688525,15333450.962131148
20204,2018,2,0.003430078125,4436308.71875,15839704.7065625
20204,2018,3,0.0005773015873015875,2840736.73015873,17203651.10920635
20204,2018,4,-0.008961873015873017,4680816.968253968,14079075.727301588
20204,2019,1,0.004894295081967212,4406756.2950819675,12311919.57704918
20204,2019,2,-0.0024085079365079366,4226134.063492063,11684226.64126984
20204,2019,3,-0.0011661718749999997,5661336.171875,9017945.5234375
20204,2019,4,0.0009401875,6315482.53125,8510401.17734375
20204,2020,1,-0.021087629032258064,9754806.596774194,8385160.459354839
20204,2020,2,0.021702142857142857,23229046.174603175,4305640.986349206
20204,2020,3,-0.00447434375,9566461.421875,5169916.42109375
20204,2020,4,0.007544609375,11686973.25,4393878.98109375
20204,2021,1,0.004760131147540983,9144016.31147541,6897487.812786885
20204,2021,2,0.0035585714285714287,7048454.365079365,7763280.548095238
20204,2021,3,0.0005273750000000004,8176485.0625,7228104.8934375
20204,2021,4,0.00409546875,9870454.25,9753694.38421875
20204,2022,1,0.007493629032258064,10062934.85483871,12099605.12580645
20204,2022,2,-0.0017435,9326190.35483871,14401977.036451614
20204,2022,3,0.0005322187499999998,8009020.265625,11741727.01875
20204,2022,4,0.005585539682539682,7112477.73015873,14407351.935238095
20204,2023,1,-0.0036703225806451615,6119611.354838709,12485637.161612904
20204,2023,2,-0.0004411612903225807,5579151.9677419355,10768573.50935484
20204,2023,3,0.0032783809523809528,4135188.380952381,12643892.644444445
20204,2023,4,-0.0018837619047619048,3833757.4444444445,11579834.257777778
20204,2024,1,-0.0003357377049180327,6918640.770491803,9576544.436065573
20204,2024,2,-0.002193015873015873,6122866.936507937,11484297.10968254
20204,2024,3,-0.0024469375000000003,5570193.75,10384645.57984375
20204,2024,4,-0.00041268749999999975,6357467.34375,8645789.455
20207,2014,1,0.0001713770491803279,4680460.606557377,27137415.422295082
20207,2014,2,0.0003942222222222222,3000001.365079365,28953061.747460317
20207,2014,3,0.0024231093750000003,2797941.6875,31948350.98078125
20207,2014,4,0.00046965625,3849308.984375,32154539.47421875
20207,2015,1,-0.0012888852459016391,3950924.1967213117,30483530.516721312
20207,2015,2,0.00040157142857142865,3387802.396825397,31567754.64142857
20207,2015,3,-0.0021723281249999998,3874359.875,28162031.07234375
20207,2015,4,-0.0016242968749999999,4622503.625,24239132.253125
20207,2016,1,0.0002785573770491804,4819919.819672131,20738242.626393445
20207,2016,2,0.00288328125,3740255.78125,23417656.3940625
20207,2016,3,-9.103125000000018e-05,2617786.765625,25320188.398125
20207,2016,4,0.0015295238095238098,3180834.238095238,25648029.206666667
20207,2017,1,0.00030938709677419353,3255686.0483870967,25704575.752258066
20207,2017,2,-0.0014588888888888887,2889326.3492063493,24467491.48888889
20207,2017,3,0.0005946349206349205,2979623.746031746,23776666.895714287
20207,2017,4,-0.0007420634920634921,3020064.761904762,23053601.936507937
20207,2018,1,0.0015148688524590163,3977277.950819672,23532402.98262295
20207,2018,2,0.00102325,3896501.359375,25099387.86375
20207,2018,3,0.0016082063492063492,3289239.9523809524,27453392.88079365
20207,2018,4,-0.003022190476190476,3790235.3333333335,26103052.792857144
20207,2019,1,0.0010466885245901639,3597033.8852459015,23966080.046557374
20207,2019,2,-0.0006540317460317459,3667934.4444444445,23192227.703333333
20207,2019,3,0.00033981250000000005,3545042.703125,22253405.86390625
20207,2019,4,0.0020877031249999997,2750932.140625,23744111.4815625
20207,2020,1,-0.0036121935483870962,3688397.5,22778577.37596774
20207,2020,2,0.0024938571428571423,3043051.619047619,20832460.888888888
20207,2020,3,0.002603828125,2694659.3125,24293127.95203125
20207,2020,4,0.00152946875,2609797.15625,27481049.7215625
20207,2021,1,0.0022511311475409837,2753007.049180328,30581734.56344262
20207,2021,2,0.0011252380952380954,2573630.6666666665,35460581.07238095
20207,2021,3,1.8968750000000078e-05,2419032.40625,33525420.869374998
20207,2021,4,0.0020252343749999997,2328386.390625,36132448.195625
20207,2022,1,0.004907322580645161,3823223.1612903224,43663194.88096774
20207,2022,2,-0.002095967741935484,3954151.2741935486,49166190.61193548
20207,2022,3,0.0008234687500000001,2644935.328125,46262512.5478125
20207,2022,4,0.002505031746031746,2593969.634920635,51027013.36888889
20207,2023,1,-0.002268306451612903,3396523.629032258,44827791.12064516
20207,2023,2,-0.0006437903225806451,2780956.8387096776,41309265.84919355
20207,2023,3,0.0001323650793650791,2770305.777777778,43635894.51666667
20207,2023,4,-0.0004922698412698413,3095762.238095238,39107645.38142857
20207,2024,1,-0.0014329672131147544,6690820.049180328,31285234.455409836
20207,2024,2,-0.00038844444444444457,4087140.9206349207,30780877.86285714
20207,2024,3,4.570312499999993e-05,2823320.921875,29485213.73875
20207,2024,4,-0.002363625,2930412.234375,25875035.97875
20235,2014,1,-0.0005807704918032786,1941974.8688524591,37373312.03409836
20235,2014,2,0.0005371269841269842,1613572.7142857143,37449795.82444444
20235,2014,3,0.000840015625,1242867.359375,39555511.4175
20235,2014,4,0.002320203125,2071565.5625,39055906.0065625
20235,2015,1,0.000595393442622951,2101486.770491803,40964683.39114755
20235,2015,2,-0.000902,1629472.5555555555,40072667.7079365
20235,2015,3,0.0002516093749999998,2202885.1875,37305404.0909375
20235,2015,4,0.00098540625,1631520.671875,39781062.37328125
20235,2016,1,0.0011259016393442623,1998208.3442622952,38359307.051147535
20235,2016,2,0.000525453125,1989707.140625,40243856.6453125
20235,2016,3,-0.0004971250000000001,1669753.53125,41279323.43796875
20235,2016,4,0.002558825396825397,1956901.5873015872,42145016.4731746
20235,2017,1,7.708064516129044e-05,1861831.822580645,45784337.55854839
20235,2017,2,0.00016795238095238094,2388346.4603174604,45298989.03968254
20235,2017,3,0.0012622857142857143,4944293.714285715,47610210.53698412
20235,2017,4,0.0012198571428571428,1990523.7142857143,50728380.26031746
20235,2018,1,-0.0003074426229508197,2194489.950819672,51668987.34098361
20235,2018,2,0.00275609375,2416731.125,55873553.3240625
20235,2018,3,0.0019471746031746032,1917851.0793650793,61969246.75984127
20235,2018,4,-0.001924984126984127,2412978.4603174604,61814393.980317466
20235,2019,1,0.0033881475409836066,2223569.5573770492,63299431.33442623
20235,2019,2,0.0006853809523809523,1482014.7777777778,70728733.54920636
20235,2019,3,-0.0002077656249999999,2133469.359375,71670503.416875
20235,2019,4,0.000984875,1760239.984375,71681224.1865625
20235,2020,1,-0.002494258064516129,2751781.2580645164,69567617.36596774
20235,2020,2,0.0018483650793650794,2372692.1587301586,61553724.89301588
20235,2020,3,-0.0007743749999999999,2086218.078125,60239299.5915625
20235,2020,4,0.0038443749999999997,1759849.59375,70445725.2234375
20235,2021,1,0.001298016393442623,2111382.901639344,74272143.37540983
20235,2021,2,0.0009747936507936509,1595572.0952380951,82708829.59079365
20235,2021,3,0.00021996875,1463334.03125,87167779.17390625
20235,2021,4,0.003419734375,1379720.703125,95435259.6375
20235,2022,1,-0.0010613870967741937,2031182.8548387096,89949231.6717742
20235,2022,2,-0.001020467741935484,1855574.9193548388,91564962.96435484
20235,2022,3,0.001350609375,1596251.3125,98057057.2059375
20235,2022,4,0.0011035396825396825,1658156.619047619,101874257.49714285
20235,2023,1,-0.0009479354838709676,2080433.435483871,93474580.57225806
20235,2023,2,-4.712903225806445e-05,1714406.4677419355,89092675.06741937
20235,2023,3,0.0015755873015873016,1492578.2857142857,100457095.21063492
20235,2023,4,-0.0002866825396825397,1691838.7936507936,95859064.58730158
20235,2024,1,0.001259295081967213,1879004.9180327868,100361333.66540983
20235,2024,2,-0.0005637460317460319,1478245.7936507936,100524501.72619048
20235,2024,3,0.0024306875,1545122.828125,106668378.60140625
20235,2024,4,0.00101228125,1655250.796875,120432687.293125
20238,2014,1,0.00033477049180327873,886987.9180327869,4809706.861147541
20238,2014,2,0.00036380952380952374,829048.3492063492,4744931.146825396
20238,2014,3,-0.00200065625,740579.234375,4585492.0203125
20238,2014,4,0.002537859375,923582.5625,4365963.3346875
20238,2015,1,0.0004959180327868854,751633.5081967213,4806816.623442623
20238,2015,2,0.0024063015873015876,906720.5079365079,5270491.613650794
20238,2015,3,-0.0009348749999999999,752035.53125,5500468.151875
20238,2015,4,0.0017765,738465.25,5767678.28875
20238,2016,1,0.0025403606557377048,1035938.5081967213,5849185.899836065
20238,2016,2,0.0007312656250000001,735674.40625,6631795.03875
20238,2016,3,0.000781046875,634053.453125,6802808.93625
20238,2016,4,-0.001450730158730159,761583.1746031746,6458667.029999999
20238,2017,1,0.0024008387096774195,735678.3709677419,6923774.013064516
20238,2017,2,0.0015686984126984127,607326.4444444445,7425401.456825396
20238,2017,3,0.0018104285714285713,650472.4444444445,8320340.727301587
20238,2017,4,0.002592888888888889,636146.1587301587,9527810.58031746
20238,2018,1,-0.001094360655737705,721202.1147540984,10192130.330819672
20238,2018,2,-0.0004811406249999999,692490.71875,9315038.420625
20238,2018,3,0.0011556349206349205,573171.873015873,9420781.467460318
20238,2018,4,-0.002751015873015873,860654.8571428572,8186053.040952381
20238,2019,1,0.003920196721311476,674140.0819672131,8848833.998360656
20238,2019,2,0.0005446349206349204,592311.253968254,9220181.556507938
20238,2019,3,-8.714062499999999e-05,503422.71875,9613901.02921875
20238,2019,4,0.002352,522738.9375,10563221.5821875
20238,2020,1,-0.0028448064516129034,680774.0322580645,10228803.618709678
20238,2020,2,0.002301761904761905,560811.4761904762,9153220.76952381
20238,2020,3,0.0020371875,594021.453125,9845187.190625
20238,2020,4,0.00323021875,492209.8125,12073459.766562501
20238,2021,1,0.0030363442622950818,540038.9836065574,14215108.533278689
20238,2021,2,0.002271571428571429,544716.1587301587,17437980.48206349
20238,2021,3,-0.00011420312500000005,423215.828125,17803049.590625
20238,2021,4,0.0008659687500000001,412086.90625,17726577.0903125
20238,2022,1,-0.0032450967741935485,628930.7580645161,15368804.031774195
20238,2022,2,-0.0008660161290322579,612492.8709677419,14032269.920967743
20238,2022,3,0.0003158281249999999,423331.390625,14794291.6196875
20238,2022,4,0.0020098412698412696,528260.126984127,14460550.826666668
20238,2023,1,1.7741935483866328e-07,505499.8387096774,14698656.921612903
20238,2023,2,-0.00044038709677419346,581430.7419354839,13812109.73016129
20238,2023,3,0.001108920634920635,510337.873015873,14609899.253492065
20238,2023,4,0.001750936507936508,433904.6031746032,15051040.696190476
20238,2024,1,0.0017296393442622951,445967.9672131148,16700962.440655738
20238,2024,2,-0.0002293492063492063,433974.873015873,17877069.534761906
20238,2024,3,0.00032182812500000007,511657.125,17388351.64796875
20238,2024,4,-0.002461625,521216.296875,16408612.33984375
20265,2014,1,0.00032203278688524586,6073207.049180328,37707514.699672125
20265,2014,2,0.0010948571428571429,4925046.095238095,39417805.596984126
20265,2014,3,0.000616546875,5737948.21875,44107055.02265625
20265,2014,4,0.0008540312500000002,4750570.546875,44121211.6390625
20265,2015,1,5.209836065573778e-05,6127476.196721312,43636532.38262295
20265,2015,2,0.0007686825396825398,5628179.158730159,47698825.234920636
20265,2015,3,-0.0008571250000000002,6015278.953125,46421838.70953125
20265,2015,4,0.000983234375,5996246.71875,46104140.05578125
20265,2016,1,-0.0016038196721311476,6984854.196721312,39306244.34721311
20265,2016,2,0.0010915625000000003,5625312.546875,42829516.1253125
20265,2016,3,0.0005519062500000001,4744246.15625,42889852.92515625
20265,2016,4,0.002883968253968254,6241612.317460317,47821940.893968254
20265,2017,1,7.341935483870971e-05,5344399.129032258,48943862.603548385
20265,2017,2,0.001315968253968254,4671919.349206349,49677840.65238095
20265,2017,3,0.0007352698412698412,3981261.984126984,54322077.07587302
20265,2017,4,0.0003591587301587302,4223503.587301588,54711069.69714286
20265,2018,1,-0.0005018524590163935,5099285.032786885,56494512.475737706
20265,2018,2,0.0008616093750000001,4554895.078125,55715444.20078125
20265,2018,3,-0.0007324126984126985,5285373.126984127,52797367.010000005
20265,2018,4,-0.0010475714285714285,6755406.428571428,48210324.22238096
20265,2019,1,0.0012851639344262295,4650348.737704918,49863794.90344263
20265,2019,2,-0.001881253968253968,5425795.111111111,44954390.65396825
20265,2019,3,0.0006079687500000001,4619980.5,42190272.68515625
20265,2019,4,0.00184303125,4781265.71875,44323147.94
20265,2020,1,-0.005324629032258064,6931048.387096774,38028171.69112903
20265,2020,2,0.002721936507936508,5933843.476190476,32395884.354444444
20265,2020,3,-0.0015350937500000002,4921512.5625,32244843.07
20265,2020,4,0.00371196875,5262950.4375,34024211.8675
20265,2021,1,0.002102295081967213,6103896.918032787,38851187.341803275
20265,2021,2,0.0014657460317460316,4664831.587301588,43875807.31
20265,2021,3,0.0004168281249999999,4755478.25,45079995.29875
20265,2021,4,0.0019729375000000003,4172868.734375,48872331.46015625
20265,2022,1,-0.0021688387096774195,5897012.919354838,46939735.838064514
20265,2022,2,-0.0025,5058873.193548387,35964109.84129032
20265,2022,3,-0.00096728125,3431668.84375,34448748.45015625
20265,2022,4,0.0029879206349206345,4978633.793650794,34659866.53825396
20265,2023,1,0.0002624838709677422,6050214.838709678,39120547.01951613
20265,2023,2,-7.73870967741935e-05,5036485.5,34276672.96903226
20265,2023,3,-0.00042709523809523797,4401210.365079365,35004263.525396824
20265,2023,4,0.0033964920634920637,4565504.603174604,35705048.80111111
20265,2024,1,0.001840983606557377,4039398.0655737706,42060158.422459014
20265,2024,2,0.0007863809523809524,3425049.126984127,43531024.391904764
20265,2024,3,0.00304425,4058776.5625,48957960.9015625
20265,2024,4,0.0012041875000000002,3814096.0625,56743193.28734375
20277,2014,1,0.0010912459016393444,3636906.868852459,37361167.47803278
20277,2014,2,-0.00014371428571428575,2673278.412698413,39879828.98031746
20277,2014,3,2.6296875000000024e-05,2165932.453125,40483753.87203125
20277,2014,4,0.000495890625,2804035.71875,38855855.03046875
20277,2015,1,-0.0009339344262295082,3447024.8852459015,37847119.107049175
20277,2015,2,0.0004994761904761904,4826165.126984127,37403905.37523809
20277,2015,3,-0.0023529375,10239723.96875,20599981.67453125
20277,2015,4,0.002471578125,4686375.984375,19959467.06421875
20277,2016,1,0.001367295081967213,5250002.639344262,20859179.54295082
20277,2016,2,0.001642484375,10340898.09375,24164795.615625
20277,2016,3,0.0009002187500000001,3798338.703125,25908346.963125
20277,2016,4,-0.00098715873015873,4053454.9206349207,25148754.643809523
20277,2017,1,0.0025969838709677417,2797406.209677419,26673316.96451613
20277,2017,2,0.002549777777777778,3166353.476190476,30821761.302857142
20277,2017,3,0.0006384761904761906,2248114.634920635,33608735.09968254
20277,2017,4,0.0005457936507936509,2518574.984126984,34987401.34190476
20277,2018,1,0.0002582295081967215,3327184.4918032787,36744357.27377049
20277,2018,2,0.002106625,3042046.625,37846823.31796875
20277,2018,3,0.000763111111111111,2712042.793650794,39694230.22634921
20277,2018,4,-0.002260777777777778,4215218.904761905,35847150.573968254
20277,2019,1,0.0035601475409836065,3153899.8360655736,38191504.30540984
20277,2019,2,0.0002181746031746033,2613773.8412698414,39658387.17888889
20277,2019,3,0.00114190625,2344269.234375,43571936.618125
20277,2019,4,-0.0005253437499999999,2770187.125,42242924.79375
20277,2020,1,0.0002657258064516129,3346331.290322581,44051902.09967741
20277,2020,2,0.00115584126984127,3029857.111111111,44277958.26634921
20277,2020,3,-0.0008903906250000001,3076444.515625,42658756.216875
20277,2020,4,0.00010004687499999993,3060793.25,40342646.999375
20277,2021,1,0.0009324918032786886,2846663.6885245903,40382720.54393442
20277,2021,2,-0.000641873015873016,2548753.9206349207,42251603.72
20277,2021,3,0.0001277031250000001,3297629.6875,39577430.5934375
20277,2021,4,0.00114871875,2405687.078125,40263938.77546875
20277,2022,1,-0.001497,3196809.6129032257,41974188.30032258
20277,2022,2,-0.002791403225806452,3208790.5483870967,36526601.34516129
20277,2022,3,-0.0024278750000000003,3027045.625,30298864.62265625
20277,2022,4,-0.000567285714285714,4563786.619047619,27069298.952063493
20277,2023,1,-0.003211870967741935,6499411.516129033,21380648.611290324
20277,2023,2,0.002128306451612903,5509740.483870967,22020279.976451613
20277,2023,3,-0.0027462063492063493,4287741.587301588,21559747.286031745
20277,2023,4,0.0007417460317460316,5088221.444444444,17925800.776507936
20277,2024,1,0.0018638032786885245,3838586.770491803,20634570.421967212
20277,2024,2,-0.0036273650793650796,4209615.079365079,18740621.4984127
20277,2024,3,0.0022958593749999997,4363612.625,18727687.5403125
20277,2024,4,-0.0039051093749999997,4200275.71875,17180174.2890625
20284,2014,1,0.001068688524590164,913810.7213114754,21817182.166065577
20284,2014,2,0.0002671587301587301,775038.1428571428,22439778.356349207
20284,2014,3,-0.000510390625,701660.453125,22527075.984375
20284,2014,4,0.0033320156250000003,1577392.796875,25161724.5584375
20284,2015,1,0.0006520163934426229,1295990.6065573771,27763566.26819672
20284,2015,2,-0.00011631746031746034,1049351.2222222222,29582357.704444446
20284,2015,3,-0.000866,1147312.40625,30013374.42625
20284,2015,4,0.00247053125,955367.0,31052077.02171875
20284,2016,1,-7.444262295081968e-05,1221958.31147541,30834553.347704917
20284,2016,2,0.00184315625,948711.078125,34738424.18828125
20284,2016,3,0.001011515625,793655.0,37238501.0609375
20284,2016,4,-0.001139365079365079,1107483.8253968253,36192014.66063492
20284,2017,1,0.0017453548387096774,952789.8709677419,38069376.46725806
20284,2017,2,0.0010878571428571428,1930514.9365079366,40899238.34714285
20284,2017,3,0.00015907936507936505,1131984.365079365,45210291.34444444
20284,2017,4,0.0015448888888888886,1231345.3015873015,49011229.35619048
20284,2018,1,0.00037411475409836057,1427569.68852459,59785185.519672126
20284,2018,2,0.00168184375,1212875.796875,60820035.151875
20284,2018,3,0.0014313968253968255,867378.7936507936,67496284.12730159
20284,2018,4,-0.0021470634920634922,1230888.238095238,63710534.38920635
20284,2019,1,0.0018328524590163935,1086735.3278688525,65253387.77475409
20284,2019,2,0.00028939682539682536,1458003.0793650793,64128843.901269846
20284,2019,3,0.00020670312500000005,987075.21875,68268296.976875
20284,2019,4,0.001271671875,1142773.5625,69030293.8771875
20284,2020,1,-0.0020815161290322582,2261496.8225806453,68512397.5648387
20284,2020,2,0.0009319047619047619,2173436.8095238097,68606751.24031746
20284,2020,3,-0.00021896874999999998,1538899.203125,72993020.89390625
20284,2020,4,0.0012713281249999999,1341927.5,69300217.45046875
20284,2021,1,-0.0003421311475409834,1340330.6229508198,72809739.26032788
20284,2021,2,0.0001203015873015872,1446472.873015873,71438681.45031746
20284,2021,3,0.00027493750000000006,1301825.4375,72792493.93578126
20284,2021,4,0.00048560937499999993,1369936.71875,70247975.7053125
20284,2022,1,0.0010556935483870967,1384384.7096774194,75201804.54209676
20284,2022,2,-0.0006656612903225808,1162187.177419355,72332435.79725806
20284,2022,3,-0.001439875,943829.109375,70952171.29296875
20284,2022,4,0.0023015238095238093,1454272.5555555555,67164958.62
20284,2023,1,-0.000313741935483871,1108794.0161290322,69518792.68451612
20284,2023,2,0.0011519193548387098,1130095.7419354839,72138281.60580646
20284,2023,3,-0.0001988095238095238,1245201.761904762,78338482.90984127
20284,2023,4,-0.0007588571428571428,1531522.1746031747,71525380.43809524
20284,2024,1,0.00037657377049180306,1475099.31147541,69258941.60360657
20284,2024,2,-0.0007768095238095237,1433083.6984126985,68071343.47492063
20284,2024,3,0.0006155624999999999,1368564.109375,67738342.6065625
20284,2024,4,-0.0008124218750000001,1666605.671875,66749249.1075
20288,2014,1,-0.00028839344262295095,42023992.06557377,157003242.32163936
20288,2014,2,0.0006495238095238097,17584612.222222224,200610855.01904762
20288,2014,3,0.000531515625,13333189.765625,205980224.44828126
20288,2014,4,-0.0008141718750000001,16074021.6875,202945062.659375
20288,2015,1,0.0008785081967213114,17165049.393442623,200383421.3652459
20288,2015,2,-0.00047358730158730155,15147433.761904761,200854251.83333334
20288,2015,3,-0.0008184375,15420580.671875,187794819.11203125
20288,2015,4,0.001194296875,12925560.171875,184697245.23984376
20288,2016,1,0.0028354754098360658,17933113.93442623,203674335.90344262
20288,2016,2,0.000713953125,13653971.140625,211493179.9
20288,2016,3,-0.0009219843750000001,12570576.90625,218771405.216875
20288,2016,4,0.0006571746031746032,14118316.285714285,203737167.2425397
20288,2017,1,-0.0012444032258064517,15682760.822580645,204527925.34
20288,2017,2,-0.0011631111111111113,15677363.476190476,189985133.7279365
20288,2017,3,0.0019196984126984126,14577015.936507937,191940159.2179365
20288,2017,4,0.001321111111111111,16287769.952380951,200606296.99301586
20288,2018,1,-0.0013932459016393441,17991386.147540983,205052565.73065573
20288,2018,2,0.0010923593749999998,15970064.9375,199947310.23875
20288,2018,3,0.001163095238095238,12959038.38095238,218708641.1366667
20288,2018,4,0.0010960634920634922,19029443.412698414,234457539.01238096
20288,2019,1,0.0010659344262295084,15260305.55737705,234001190.6939344
20288,2019,2,-0.00031525396825396814,13385596.222222222,238194066.19079366
20288,2019,3,0.001066109375,11840591.65625,238181746.80203125
20288,2019,4,0.00045354687500000007,11135401.8125,249467201.6125
20288,2020,1,-0.0016855806451612902,21121688.870967742,236639930.91225806
20288,2020,2,0.0006947460317460317,16946010.57142857,232810382.05873019
20288,2020,3,0.0013949218750000001,13434214.46875,240425678.0921875
20288,2020,4,3.5781249999999464e-06,15030598.71875,245774215.5684375
20288,2021,1,7.96885245901639e-05,20831999.459016394,233518754.01901639
20288,2021,2,-0.00039299999999999996,16369008.26984127,237593312.1542857
20288,2021,3,-0.00038745312500000005,14867783.109375,229016144.06875
20288,2021,4,-0.000367421875,21468857.40625,216005146.310625
20288,2022,1,-6.77096774193549e-05,24504374.48387097,221432813.78451613
20288,2022,2,0.0002508870967741935,23242714.129032258,212446536.90064517
20288,2022,3,-0.004223359375,20364558.0625,187034105.13890624
20288,2022,4,0.0009741904761904759,24945879.492063493,158239906.92666665
20288,2023,1,0.00011003225806451609,20444171.241935484,165626842.2687097
20288,2023,2,-0.00036598387096774195,19803767.5,155556433.41532257
20288,2023,3,-0.0017765873015873016,25131038.777777776,142047994.99190477
20288,2023,4,0.00287363492063492,22272752.57142857,148747139.55142856
20288,2024,1,0.0021348360655737706,20349236.8852459,169577223.45147538
20288,2024,2,5.1015873015873025e-05,17572407.476190478,169579597.64238095
20288,2024,3,0.0016841875,18712551.984375,175680766.24140626
20288,2024,4,-0.0014852656249999998,17096871.8125,177582813.091875
20315,2014,1,-0.0011814098360655738,5445900.131147541,97527495.29721312
20315,2014,2,0.00036309523809523815,3465170.6825396824,95508347.75539683
20315,2014,3,0.00016201562499999991,4165611.671875,91123274.18546875
20315,2014,4,0.0004951875000000001,4324879.328125,90719089.6871875
20315,2015,1,0.0025687213114754096,4643341.540983606,103291382.83737704
20315,2015,2,-0.0010991111111111108,3718720.380952381,101248883.18428572
20315,2015,3,-0.0006835000000000001,3816801.4375,94818710.4171875
20315,2015,4,0.001739171875,3511679.75,96931698.625625
20315,2016,1,-0.001718245901639344,6506944.065573771,82758422.24655737
20315,2016,2,0.0005851093749999999,4394095.75,83614654.04578125
20315,2016,3,0.0003997812500000002,3268789.0,82694678.61234374
20315,2016,4,0.0028289047619047616,3465722.6666666665,90416941.08
20315,2017,1,0.002244774193548387,3420191.6612903224,104781841.95306452
20315,2017,2,0.0019345079365079365,2901718.6507936507,112597577.95174603
20315,2017,3,0.004195999999999999,3753135.222222222,138577613.0720635
20315,2017,4,0.002493634920634921,3064232.984126984,160842282.29968253
20315,2018,1,0.002068983606557377,6239836.377049181,200338710.1762295
20315,2018,2,0.0005904062500000001,4282634.109375,200871295.79265624
20315,2018,3,0.0017923809523809522,2980396.507936508,202719315.61555555
20315,2018,4,-0.0018877777777777777,4394929.222222222,197035973.11888888
20315,2019,1,0.003040049180327869,6958031.508196721,218186748.7842623
20315,2019,2,-0.000497809523809524,5159406.587301588,205380677.38031745
20315,2019,3,0.0009389218749999998,4367019.71875,201133571.984375
20315,2019,4,-0.00218009375,5115652.625,199220892.103125
20315,2020,1,-0.00947391935483871,16839111.56451613,154117823.41774192
20315,2020,2,0.005415746031746033,45978486.571428575,86738579.22952381
20315,2020,3,-0.001210875,29559515.875,96191061.78921875
20315,2020,4,0.004575265625,21222919.265625,108512427.93
20315,2021,1,0.0032515737704918034,16729663.213114753,127245159.8842623
20315,2021,2,-0.0008259999999999998,12422047.476190476,141294168.5095238
20315,2021,3,-0.0011357343749999998,10224992.671875,130627517.2825
20315,2021,4,-0.0011122031249999997,9483638.90625,124060704.20515625
20315,2022,1,-0.000454612903225806,10162995.193548387,117725011.19338709
20315,2022,2,-0.004739177419354839,10500529.64516129,87150968.03903227
20315,2022,3,-0.0015320781249999996,7493863.046875,90849695.315625
20315,2022,4,0.00752263492063492,7474982.428571428,97388809.6852381
20315,2023,1,0.0019431935483870965,6315315.274193549,124152902.54016128
20315,2023,2,2.1048387096774288e-05,5452704.741935484,124760667.00193548
20315,2023,3,-0.0013769206349206347,5027908.80952381,131870364.56444445
20315,2023,4,0.005002746031746032,5911907.380952381,129275245.40523809
20315,2024,1,-0.0046317868852459015,10419887.62295082,124653159.67704919
20315,2024,2,-0.0007378253968253965,6753338.428571428,109202949.23539682
20315,2024,3,-0.002543046875,7031803.78125,105475574.14640625
20315,2024,4,0.0025633125,13235519.296875,110376909.07875
20331,2014,1,-0.00021772131147540968,9367220.885245902,87692042.33590163
20331,2014,2,-0.0008729841269841269,9057786.285714285,81661342.07047619
20331,2014,3,0.0009915625,5693944.84375,82802458.635
20331,2014,4,0.002568671875,6738119.125,93531806.5778125
20331,2015,1,0.001553295081967213,6507561.557377049,103932720.5019672
20331,2015,2,0.0006751746031746032,6769002.682539683,109850033.21492064
20331,2015,3,-0.001486265625,7108913.46875,105770993.0896875
20331,2015,4,0.00254965625,5875692.671875,110229827.0971875
20331,2016,1,-0.000970098360655738,7438070.098360656,105239685.81131147
20331,2016,2,0.0023431249999999997,5952767.421875,118022950.4728125
20331,2016,3,-0.004470578125,11601487.796875,107293951.001875
20331,2016,4,0.0015750476190476191,11712563.301587302,91360637.41920635
20331,2017,1,-0.0008266774193548389,13297547.306451613,91674403.04516129
20331,2017,2,0.0005614126984126983,8243189.301587301,89648091.42857143
20331,2017,3,0.0023114603174603176,6200631.920634921,95879948.56063491
20331,2017,4,-0.00046201587301587295,5245690.492063492,102439835.19809525
20331,2018,1,0.0007679180327868854,7687480.229508197,105194993.30754098
20331,2018,2,-0.0018660937500000001,9182504.921875,88286916.5203125
20331,2018,3,0.0019989206349206347,5309915.015873016,96889760.90095238
20331,2018,4,-0.0025017460317460316,9323255.111111112,87689597.90301588
20331,2019,1,-0.0009914426229508195,20257633.19672131,81317847.85868853
20331,2019,2,-0.0005452222222222221,14840140.126984127,76143617.36746031
20331,2019,3,0.00196909375,11750871.34375,76877363.880625
20331,2019,4,0.00387759375,17532198.328125,108657387.13171875
20331,2020,1,-0.0017971290322580647,16357621.64516129,141532439.62741935
20331,2020,2,0.0010952380952380953,16241075.047619049,135329226.08301586
20331,2020,3,0.0005896093750000001,9903387.125,136005013.03203124
20331,2020,4,0.0008220781249999997,10335515.90625,138722981.15421876
20331,2021,1,0.000498360655737705,12877956.081967212,140120924.51213115
20331,2021,2,0.0009632539682539683,10275780.714285715,145664516.31111112
20331,2021,3,-0.001615796875,8666169.375,146588103.86125
20331,2021,4,0.0009080937500000002,12984595.34375,130250449.5634375
20331,2022,1,0.0028657903225806454,14873692.548387097,148925029.95225808
20331,2022,2,0.001037016129032258,14692697.483870968,161962152.62951615
20331,2022,3,-0.0011421875,9700679.75,154592849.9678125
20331,2022,4,0.00038842857142857136,9072590.57142857,160521999.7373016
20331,2023,1,-0.00041419354838709684,8184253.516129033,149243244.26709676
20331,2023,2,-0.0011130645161290323,8113893.177419355,140832648.2551613
20331,2023,3,-0.0013377619047619047,10733253.158730159,128228153.00777778
20331,2023,4,-0.0016734126984126983,14213735.444444444,107822383.59714286
20331,2024,1,0.0011668524590163934,16874232.393442623,103426218.28295082
20331,2024,2,-0.003913619047619048,14685046.968253968,90623175.44
20331,2024,3,0.003892953125,13642148.09375,95102543.02734375
20331,2024,4,0.001761578125,10943304.53125,113293649.9909375
20357,2014,1,-0.0005120655737704916,2198596.868852459,22678530.295409836
20357,2014,2,0.0015543809523809523,1700982.1904761905,23192281.576825395
20357,2014,3,-0.00014684375000000006,1382199.6875,24805010.09140625
20357,2014,4,0.00205734375,1589913.359375,25848329.2125
20357,2015,1,0.0038600983606557377,1545346.8852459015,30247251.507868852
20357,2015,2,0.003764174603174603,2657056.777777778,35597489.43523809
20357,2015,3,-0.002701609375,2298904.984375,37375329.6578125
20357,2015,4,0.0013950624999999998,1523458.609375,35402518.13984375
20357,2016,1,-0.0008982131147540985,1317112.9672131147,35277562.375737704
20357,2016,2,-0.0009578125,1551249.96875,33801296.00828125
20357,2016,3,0.00042573437500000006,1614596.71875,33497012.4559375
20357,2016,4,0.0005012539682539682,1253937.9682539683,33580239.20539682
20357,2017,1,0.0015739193548387096,1390196.5806451612,37850806.452580646
20357,2017,2,0.0021526190476190473,1446541.5714285714,41198191.50714286
20357,2017,3,0.0017954126984126985,1214118.8095238095,45049508.31301587
20357,2017,4,0.0013821587301587302,1335706.9365079366,49750853.53873016
20357,2018,1,-0.002878622950819672,2461724.1639344264,47684782.09229508
20357,2018,2,0.000259859375,1954697.875,42107129.811875
20357,2018,3,0.003297761904761905,2624901.492063492,45108285.34253968
20357,2018,4,-0.0012483174603174607,2709229.1428571427,51194134.19
20357,2019,1,-0.002568524590163934,2809242.524590164,69546584.74557377
20357,2019,2,-0.00014752380952380955,2565063.8095238097,59488167.7015873
20357,2019,3,-0.00030674999999999984,2103466.75,61660232.083125
20357,2019,4,0.004766046875,1975040.171875,68696403.908125
20357,2020,1,-0.0009712419354838712,2813169.7258064514,72350954.11677419
20357,2020,2,0.0013041111111111114,1790548.7142857143,70350419.69539683
20357,2020,3,-0.0014504531249999997,1950702.84375,64841719.035
20357,2020,4,0.003620078125,1917377.40625,71577822.25046875
20357,2021,1,0.002686934426229508,1961452.213114754,79631062.6947541
20357,2021,2,-0.000177984126984127,1596773.7777777778,86389860.11809523
20357,2021,3,-0.0023838125,2103657.359375,74397347.21
20357,2021,4,0.002331546875,1881401.28125,71607540.658125
20357,2022,1,0.0009188870967741934,1737115.177419355,76616977.65725806
20357,2022,2,0.0017919354838709677,1652008.2580645161,81935322.05596775
20357,2022,3,0.0009614531250000002,1992113.234375,88089935.03453125
20357,2022,4,0.002990777777777778,1792138.888888889,96619329.40333334
20357,2023,1,-0.003998516129032258,1788930.3548387096,88169685.54048388
20357,2023,2,0.0017265161290322582,1758458.7419354839,77245518.94645162
20357,2023,3,0.000506079365079365,1312203.650793651,84388340.92380951
20357,2023,4,0.001137888888888889,1969002.0158730159,86174432.25714286
20357,2024,1,0.003311803278688525,1658917.8852459015,96310547.21852459
20357,2024,2,-0.0013795079365079366,1588138.1746031747,98887789.08555557
20357,2024,3,0.0008871562499999999,1272632.578125,97261380.41140625
20357,2024,4,-0.0032541406249999997,1976272.40625,88969793.8021875
20361,2014,1,0.0016786229508196722,2220596.3278688523,7401943.242786885
20361,2014,2,0.001159920634920635,2646015.8095238097,7998278.7206349205
20361,2014,3,-0.0005775,2225175.734375,8175180.459375
20361,2014,4,0.00267128125,2267487.90625,9020169.64328125
20361,2015,1,0.00031977049180327864,2865896.3278688523,9804933.103770493
20361,2015,2,-0.0012690476190476189,2993500.412698413,9291225.940317461
20361,2015,3,0.001837203125,2732732.140625,9351685.1971875
20361,2015,4,0.0005323906250000001,2259609.09375,9900417.06125
20361,2016,1,0.002841590163934426,2851560.62295082,10884492.621967213
20361,2016,2,0.001381359375,2158921.640625,11732575.2525
20361,2016,3,-0.001202296875,1924589.640625,12219250.16984375
20361,2016,4,5.192063492063489e-05,1880613.9206349207,11442278.161587302
20361,2017,1,0.0013197419354838708,1824006.7580645161,12125013.132580645
20361,2017,2,0.0006623650793650794,1859779.761904762,12953144.811587302
20361,2017,3,0.0001583015873015873,1732049.396825397,13287665.656984126
20361,2017,4,0.00046977777777777773,1920913.349206349,13658695.34142857
20361,2018,1,-0.0005141147540983607,3112298.393442623,12378654.090655737
20361,2018,2,0.0008382812499999999,2681357.21875,12760921.3246875
20361,2018,3,0.0007302380952380953,2251860.1746031744,13795589.642380953
20361,2018,4,0.0004112857142857143,2708414.9523809524,14311429.571269842
20361,2019,1,0.001997131147540984,2339813.0163934426,14937279.843442624
20361,2019,2,0.0008199206349206348,2131454.698412698,15925487.071269842
20361,2019,3,0.001693640625,1826040.734375,17229050.12578125
20361,2019,4,-0.00014198437500000005,1740126.5,17693059.86203125
20361,2020,1,-0.00023358064516129003,2678550.919354839,18164115.26451613
20361,2020,2,0.00031782539682539686,2097680.8412698414,16535749.084761905
20361,2020,3,0.000956375,1770166.46875,17525988.51234375
20361,2020,4,8.159375000000004e-05,1599005.703125,17895115.32140625
20361,2021,1,0.00027424590163934435,2089566.4262295081,16515617.53262295
20361,2021,2,-0.0003983809523809524,2353170.603174603,18001115.493968252
20361,2021,3,0.00032403125000000005,1777312.046875,18071066.1765625
20361,2021,4,0.0015096875,1232887.640625,17784456.558125
20361,2022,1,0.0013453064516129032,1965093.5161290322,18792363.793387096
20361,2022,2,-0.00035067741935483875,1917229.322580645,20034285.395
20361,2022,3,-0.0020851875,1773862.125,19517051.65484375
20361,2022,4,0.0015968095238095238,2125339.095238095,17159070.911746033
20361,2023,1,-0.00027227419354838693,1860134.6935483871,17864950.766451612
20361,2023,2,-0.0005241129032258064,2276022.290322581,17585627.912258063
20361,2023,3,-0.001405015873015873,1837564.365079365,16895338.97761905
20361,2023,4,0.0016480158730158732,2724273.5396825396,16293851.423650794
20361,2024,1,0.0008473442622950819,2472598.131147541,16968028.609836068
20361,2024,2,-3.109523809523805e-05,2435424.1587301586,18076373.64206349
20361,2024,3,0.00283675,2030632.453125,19600715.39375
20361,2024,4,-0.0007421875,2134809.5625,20553988.15546875
20370,2014,1,0.0003115737704918032,6618996.8852459015,28113263.482459016
20370,2014,2,0.001107190476190476,6260203.111111111,29344590.635873016
20370,2014,3,0.000731546875,5458432.046875,30973906.095468752
20370,2014,4,0.002150859375,8218593.859375,35006594.10828125
20370,2015,1,-0.0012940327868852458,7345157.163934426,34275459.62016393
20370,2015,2,-1.5968253968254064e-05,10106942.46031746,34395110.47825397
20370,2015,3,-0.002750609375,8393267.296875,28987268.47921875
20370,2015,4,-0.0002739531250000002,8414089.921875,26536700.64140625
20370,2016,1,0.00021214754098360675,10200051.672131147,23411573.8347541
20370,2016,2,0.00043403124999999985,7696126.140625,24951824.098125
20370,2016,3,0.0026353125,6351073.21875,26812340.36453125
20370,2016,4,0.0027816984126984128,8696972.936507937,31502065.236984126
20370,2017,1,0.004723693548387096,12879554.790322581,42458104.43354839
20370,2017,2,0.0026707460317460315,7602014.682539683,47413784.411269836
20370,2017,3,8.863492063492076e-05,6993655.682539683,47007729.479682535
20370,2017,4,0.00043150793650793693,7254322.746031746,47477840.527460314
20370,2018,1,0.00045093442622950785,6946455.786885246,49719091.42786885
20370,2018,2,0.002278015625,5194309.921875,54062336.8903125
20370,2018,3,0.002493206349206349,5286678.015873016,61356717.9468254
20370,2018,4,-0.0025336507936507932,6145953.984126984,58240935.37142857
20370,2019,1,0.003166967213114754,5112939.393442623,56630173.13704918
20370,2019,2,0.0006616507936507935,4049699.0,62531158.16634921
20370,2019,3,-0.0014942812500000002,5439708.0,55723103.57234375
20370,2019,4,0.0008072343750000001,4494441.703125,55504260.23453125
20370,2020,1,-0.002607112903225806,5614295.677419355,54129383.94709677
20370,2020,2,0.003553380952380952,4541758.063492063,50808105.244920634
20370,2020,3,0.0018373125,3583765.65625,56617409.8859375
20370,2020,4,0.00259528125,4001611.5625,65907943.5353125
20370,2021,1,0.0011829016393442625,3999372.0327868853,69748634.7047541
20370,2021,2,6.839682539682535e-05,3952888.285714286,74928982.56634921
20370,2021,3,-0.00103809375,10327655.796875,72170585.7253125
20370,2021,4,0.0037958749999999998,11981577.21875,78205354.56359375
20370,2022,1,0.00015582258064516128,16224038.161290323,77530589.55419354
20370,2022,2,-0.0038675322580645163,16448010.709677419,70857333.87193549
20370,2022,3,-0.001165609375,15658562.59375,66536617.58015625
20370,2022,4,0.0025933809523809525,14824020.761904761,63205205.521587305
20370,2023,1,-0.0003669516129032258,13781662.129032258,63305231.18145161
20370,2023,2,0.0022225483870967743,12056867.822580645,64294765.84516129
20370,2023,3,-0.001503031746031746,13362604.53968254,63550252.92301588
20370,2023,4,0.002025047619047619,12374396.253968254,62938812.884444445
20370,2024,1,0.0011882131147540982,11493730.852459017,71469343.62590164
20370,2024,2,-0.0015196825396825398,12098106.650793651,66384450.06428572
20370,2024,3,0.0006453281249999999,10576443.375,65787088.03859375
20370,2024,4,-0.0008366249999999999,11578614.1875,66123005.2221875
20408,2014,1,0.0016610655737704918,6329557.803278688,60065937.63606558
20408,2014,2,0.0015663809523809526,4208102.968253968,66011203.38952381
20408,2014,3,-0.0013078125,4386805.640625,66303161.9703125
20408,2014,4,-0.000975234375,5107376.875,59670184.538125
20408,2015,1,-0.0019144098360655737,6637626.8852459015,50330725.11065574
20408,2015,2,0.0011023968253968254,4638083.365079365,51972056.06095238
20408,2015,3,-0.0037649062499999996,7432514.6875,46121512.03375
20408,2015,4,0.0009311874999999999,6273917.53125,41173262.31171875
20408,2016,1,0.0023940983606557374,7273845.0,39052680.016065575
20408,2016,2,0.00014112499999999997,5312810.09375,43707699.868125
20408,2016,3,0.00271296875,4338180.140625,47780600.5771875
20408,2016,4,0.0009408888888888888,5007014.047619048,52975644.565714285
20408,2017,1,0.00023212903225806438,5187847.193548387,55435868.49516129
20408,2017,2,0.0025812222222222226,5089337.650793651,59772821.91095238
20408,2017,3,0.0025317460317460317,3452097.412698413,67997412.42571428
20408,2017,4,0.003874904761904762,3624924.777777778,82164565.79920636
20408,2018,1,-0.0008003934426229509,6345482.081967213,94091172.62983607
20408,2018,2,-0.0010801093750000003,4695819.46875,89328099.52703124
20408,2018,3,0.0020773174603174608,4370245.793650794,84404829.9111111
20408,2018,4,-0.002422984126984127,6646811.920634921,76977811.22730158
20408,2019,1,0.0013732295081967214,4579503.360655738,77679733.07786885
20408,2019,2,0.0002922063492063492,4315274.0,75729142.03777778
20408,2019,3,-0.0009267812500000003,4059573.890625,72267957.73125
20408,2019,4,0.002678265625,3429092.34375,77566270.38046876
20408,2020,1,-0.003024274193548388,4767813.048387097,70489714.60903226
20408,2020,2,0.0020053333333333334,4531679.428571428,64494053.446666665
20408,2020,3,0.00284553125,3112866.859375,76044068.7440625
20408,2020,4,0.0034280000000000005,3139540.53125,91941900.81375
20408,2021,1,0.004244098360655738,3438693.37704918,112645254.25081967
20408,2021,2,-0.0008484126984126985,3456370.8412698414,126145203.92
20408,2021,3,-0.00175309375,3414129.0625,114058914.93546875
20408,2021,4,0.001363265625,3138221.109375,109763507.88109376
20408,2022,1,0.001469,4044214.790322581,113034217.24419355
20408,2022,2,-0.003192741935483871,3224076.4516129033,112748795.30548386
20408,2022,3,-0.00101290625,2710830.046875,97101073.728125
20408,2022,4,0.006315619047619047,3170415.396825397,114308034.89920634
20408,2023,1,-0.0004985967741935486,3354076.290322581,125449496.21403226
20408,2023,2,0.0014375322580645158,3206947.5967741935,115040994.52645162
20408,2023,3,0.0018605555555555556,2534044.777777778,139323500.64126983
20408,2023,4,0.0015200317460317462,3166441.9206349207,132239340.7188889
20408,2024,1,0.0036905409836065573,2469274.918032787,161548655.88737705
20408,2024,2,-0.0013300793650793652,2963429.5396825396,170822979.28079367
20408,2024,3,0.002742390625,2618550.984375,168404652.0203125
20408,2024,4,-0.0009799999999999998,2064514.859375,187778160.6565625
20436,2014,1,0.0007912459016393441,19662699.262295082,217837984.2604918
20436,2014,2,-0.0006776349206349207,15680182.365079366,212823539.76190478
20436,2014,3,0.00084715625,12872778.015625,220751302.51765624
20436,2014,4,0.000786359375,15229119.828125,225833574.1178125
20436,2015,1,-0.0003145245901639345,18356861.01639344,221151901.77639344
20436,2015,2,0.0019255873015873017,14763513.777777778,242681884.09428573
20436,2015,3,-0.001411640625,16449169.953125,242793891.80578125
20436,2015,4,0.00145696875,14017447.171875,240399176.8440625
20436,2016,1,-0.0014448524590163934,21395358.508196723,214735467.0434426
20436,2016,2,0.00100653125,16001877.640625,228657058.815
20436,2016,3,0.00124146875,13499132.671875,237399414.17703125
20436,2016,4,0.004309079365079365,17553210.0,274433495.08920634
20436,2017,1,0.00043843548387096775,15907891.741935484,315670717.24
20436,2017,2,0.0007815079365079365,14904847.063492063,307178171.4419048
20436,2017,3,0.0008216349206349205,12313780.07936508,325458887.06285715
20436,2017,4,0.0019348095238095235,12697650.253968254,354557743.6126984
20436,2018,1,0.000668032786885246,16083382.196721312,391281510.64147544
20436,2018,2,-0.0006801249999999998,14406779.921875,373913312.3590625
20436,2018,3,0.0014065714285714285,12147046.587301588,384898472.56920636
20436,2018,4,-0.0020677619047619047,18118831.523809522,356955890.89984125
20436,2019,1,0.0007885245901639346,14056860.950819673,340680462.9040984
20436,2019,2,0.0017753333333333334,11610238.682539683,358874116.5431746
20436,2019,3,0.001000984375,11289686.421875,365148506.90234375
20436,2019,4,0.002824578125,10437389.6875,407240111.1890625
20436,2020,1,-0.005694274193548388,19729598.080645163,378799470.7775806
20436,2020,2,0.0015208412698412698,24856980.23809524,289869953.5606349
20436,2020,3,0.0006693125,17862460.9375,299241104.3617188
20436,2020,4,0.004760437500000001,14584010.296875,340671224.9482812
20436,2021,1,0.003201327868852459,15529304.836065574,438736042.05704916
20436,2021,2,0.0005056666666666669,14196542.396825397,476860471.5704762
20436,2021,3,0.000981734375,11304397.78125,472462588.7470313
20436,2021,4,-0.00035060937500000006,10737858.609375,488848868.29578125
20436,2022,1,-0.0021027096774193545,16992840.048387095,436091318.7391935
20436,2022,2,-0.0027754677419354837,14282845.5,365169624.56838715
20436,2022,3,-0.0008930937500000001,11665071.125,336878955.0146875
20436,2022,4,0.004269857142857143,11855888.507936507,371604796.18761903
20436,2023,1,-0.0001995161290322581,13516672.967741935,402414783.25241935
20436,2023,2,0.002005709677419355,11063347.887096774,403773780.2054839
20436,2023,3,0.00010863492063492068,9092705.857142856,437269921.6747619
20436,2023,4,0.002694222222222222,9381593.158730159,439579596.4073016
20436,2024,1,0.002818672131147541,9059818.016393442,520963273.8496721
20436,2024,2,0.0003503492063492064,9453712.92063492,562569592.796508
20436,2024,3,0.0008477343750000002,9006032.8125,603024743.8351562
20436,2024,4,0.002277015625,8569663.109375,657975517.3828125
20440,2014,1,-0.0006118196721311475,6666449.377049181,223065876.56
20440,2014,2,0.0016461587301587303,5824417.746031746,237046087.22777778
20440,2014,3,-0.001237125,5053443.265625,242710957.5121875
20440,2014,4,-0.0006753906249999998,8581736.484375,215402162.989375
20440,2015,1,-0.000802639344262295,8660540.426229509,201336152.05508196
20440,2015,2,-0.001146936507936508,6693995.888888889,197445582.7425397
20440,2015,3,-0.002721234375,11229789.203125,158293936.845
20440,2015,4,0.0024347343750000003,10358333.78125,169619064.50718752
20440,2016,1,0.001440639344262295,11963638.245901639,164655341.24377048
20440,2016,2,0.00170025,6855889.734375,189517891.809375
20440,2016,3,-5.8921875000000055e-05,6540870.765625,192506712.4284375
20440,2016,4,0.0023353809523809525,7034088.80952381,205487936.12714285
20440,2017,1,-0.0012878387096774194,6642926.29032258,211970294.9935484
20440,2017,2,-0.0002490476190476189,5503352.158730159,200663280.20000002
20440,2017,3,0.0020785714285714283,5146740.349206349,206838465.71238095
20440,2017,4,0.001196809523809524,5085785.714285715,224884922.45841268
20440,2018,1,-0.0012221147540983606,7294893.459016394,227507697.81590164
20440,2018,2,0.0018337499999999999,6677541.640625,237188901.644375
20440,2018,3,-0.0003178888888888889,5266108.253968254,232034346.12015873
20440,2018,4,-0.0015317936507936506,7517060.206349206,221781343.7931746
20440,2019,1,0.002258540983606557,6215877.016393443,225585336.9862295
20440,2019,2,0.00039749206349206344,8079649.349206349,230148042.08
20440,2019,3,-0.0005279375,5564441.078125,231090328.388125
20440,2019,4,0.00047009375000000013,5528940.703125,223296768.168125
20440,2020,1,-0.00618008064516129,12723143.758064516,186513394.9766129
20440,2020,2,0.004124428571428571,11366777.61904762,167474888.75650793
20440,2020,3,-0.00291696875,9553683.1875,157028508.9740625
20440,2020,4,0.0030972499999999997,11213095.59375,154497265.9425
20440,2021,1,0.0039366393442622945,11558945.918032788,188029094.73065573
20440,2021,2,0.0003139365079365078,9661627.53968254,203664010.9968254
20440,2021,3,-0.00017487499999999995,10462477.0625,192818615.395625
20440,2021,4,0.00253234375,10285664.28125,219414521.7384375
20440,2022,1,0.005640951612903226,17922811.048387095,277700474.91274196
20440,2022,2,-0.0014840645161290325,11082279.193548387,323907414.0270968
20440,2022,3,0.000240875,9124692.75,299261150.83140624
20440,2022,4,0.0038336825396825393,7920455.0,340130289.8463492
20440,2023,1,-0.001261209677419355,8916170.14516129,322518258.2214516
20440,2023,2,-0.0003287258064516129,7687803.306451613,305016369.2583871
20440,2023,3,0.0013136984126984128,7235875.428571428,305268913.6146032
20440,2023,4,-0.001651,10752716.349206349,286024306.72888887
20440,2024,1,0.001159016393442623,8778723.31147541,282694144.7952459
20440,2024,2,8.485714285714299e-05,7410113.412698412,294644268.00412697
20440,2024,3,-0.0006768593749999999,7330470.015625,273656508.6853125
20440,2024,4,-3.0703125000000104e-05,7723996.328125,278290617.19921875
20463,2014,1,-0.0007020819672131148,1242115.5081967213,11356247.79704918
20463,2014,2,0.0007582063492063493,1142466.365079365,11593239.879682539
20463,2014,3,0.0009759531249999999,1040971.75,11636388.61796875
20463,2014,4,0.001431609375,1063602.640625,12926113.3515625
20463,2015,1,0.001094688524590164,1021161.393442623,14121211.026885245
20463,2015,2,-0.0008127460317460317,703001.5079365079,14154251.953333333
20463,2015,3,0.001825078125,858740.78125,14629022.941875
20463,2015,4,0.0016067968750000002,967181.375,16026298.06515625
20463,2016,1,7.608196721311482e-05,1291046.5901639345,16425549.451639343
20463,2016,2,0.00159515625,1056189.953125,16779184.819375
20463,2016,3,-0.0014367187499999998,867969.828125,16946223.04390625
20463,2016,4,-0.0005123015873015873,1056022.888888889,15247043.349841269
20463,2017,1,0.0020215806451612905,918623.1612903225,16651522.250967741
20463,2017,2,-6.0698412698412676e-05,720209.0317460317,17335282.852380954
20463,2017,3,-2.13333333333333e-05,681234.2222222222,17317985.080634918
20463,2017,4,0.0020533650793650793,910696.9047619047,17539867.566190477
20463,2018,1,-0.0015863114754098358,1127356.1147540985,17339730.89196721
20463,2018,2,0.0005009531250000001,1391600.53125,15978215.1125
20463,2018,3,0.0018773809523809524,1102330.2063492064,18330012.32936508
20463,2018,4,0.0006424761904761906,1081725.7936507936,19908702.413968254
20463,2019,1,0.0008424262295081968,997189.0163934426,19832784.181639344
20463,2019,2,-0.0005510952380952381,1051393.634920635,19537470.685079366
20463,2019,3,4.9593750000000064e-05,982518.15625,20050973.44140625
20463,2019,4,0.00031653124999999997,913598.296875,18754883.023125
20463,2020,1,0.0024867096774193556,2163159.193548387,20709196.49419355
20463,2020,2,0.00395704761904762,1939017.238095238,25057452.68952381
20463,2020,3,-0.0004790937500000002,1391098.625,28063903.49234375
20463,2020,4,-0.0003844531250000002,1400578.203125,26077260.43421875
20463,2021,1,-0.0004900327868852459,1788818.6065573771,24244990.832131147
20463,2021,2,-0.0009569206349206348,1389075.253968254,22868930.147142857
20463,2021,3,-0.0010586249999999999,1446511.359375,21328642.5828125
20463,2021,4,0.001005265625,1217640.59375,20478482.205625
20463,2022,1,-0.0032036451612903224,1572476.5161290322,18838262.417419355
20463,2022,2,0.0005904032258064513,1459712.3548387096,17582641.448387098
20463,2022,3,-0.001203328125,1039067.34375,17763867.795
20463,2022,4,0.0016757142857142856,1110208.2857142857,17492322.414603174
20463,2023,1,0.0022168064516129033,1211828.1290322582,18511688.997580644
20463,2023,2,0.00026596774193548406,1204395.6290322582,19929573.17564516
20463,2023,3,-0.0028215238095238094,1285185.634920635,18796620.87142857
20463,2023,4,0.001626095238095238,1633519.1587301588,16527255.737936508
20463,2024,1,0.0014018196721311475,1252096.3278688525,18521134.92590164
20463,2024,2,-0.001610825396825397,1279189.111111111,17238129.92920635
20463,2024,3,0.0029923437499999998,1229395.375,18384690.583125
20463,2024,4,0.00011050000000000007,1152427.734375,20253143.08765625
20468,2014,1,-0.0009127377049180329,16799641.786885247,170459613.24540982
20468,2014,2,0.0015955396825396825,13942270.063492063,178475252.83380952
20468,2014,3,0.00025373437500000005,13214386.484375,181450985.8140625
20468,2014,4,2.3859375000000036e-05,17357715.140625,187143127.66328126
20468,2015,1,-0.0004784098360655739,15663581.147540983,182979073.4852459
20468,2015,2,-0.0003783015873015873,12744497.285714285,177531021.48904762
20468,2015,3,0.000532671875,14975967.3125,174334731.80234376
20468,2015,4,0.001235953125,14146358.78125,184578142.06765625
20468,2016,1,0.0014218360655737705,15890043.901639344,188938946.1508197
20468,2016,2,-0.00018817187500000003,12705511.25,195536059.77421874
20468,2016,3,-0.000908328125,11285687.640625,189273825.03421876
20468,2016,4,-0.00015623809523809525,13734608.174603175,179530500.74396828
20468,2017,1,0.0005366451612903226,14734228.306451613,179573813.19403228
20468,2017,2,0.0010193333333333332,11502575.698412698,189018566.08873016
20468,2017,3,0.00019585714285714286,9556183.26984127,194118076.84301588
20468,2017,4,0.0004533968253968254,9809345.841269841,195924449.60984126
20468,2018,1,-0.0006998688524590164,13573836.409836065,191459288.60786885
20468,2018,2,0.000331765625,12039293.46875,184048784.85921875
20468,2018,3,0.0009790158730158729,10045265.650793651,194342738.49873015
20468,2018,4,0.0005824920634920636,14514521.412698412,203670546.37809524
20468,2019,1,7.368852459016385e-05,17103047.655737706,199392890.71344262
20468,2019,2,0.0014753492063492063,11823459.031746032,209218988.6833333
20468,2019,3,0.00122353125,11701636.25,228805972.58421874
20468,2019,4,0.00041062499999999997,11095281.34375,230195566.01140624
20468,2020,1,-0.002952435483870968,19765025.419354837,231421747.46129033
20468,2020,2,0.0005564126984126986,18685965.57142857,197804172.62349206
20468,2020,3,0.0017787187500000001,15048975.078125,206574743.81265625
20468,2020,4,0.0018544374999999997,14609937.875,222168272.71515626
20468,2021,1,-0.0004328196721311473,19844160.75409836,216538947.87803277
20468,2021,2,0.0005577460317460318,14072610.904761905,234543218.50492063
20468,2021,3,-0.00033334375000000004,13253413.828125,240664247.49421874
20468,2021,4,0.002065546875,16333094.0,240557175.0
20468,2022,1,0.0009313387096774193,19852382.5,262729524.03225806
20468,2022,2,0.0004697903225806453,18269109.241935484,274795380.6014516
20468,2022,3,-0.0016401562500000001,12758570.40625,269212170.5646875
20468,2022,4,0.0021945873015873016,13364202.92063492,261075675.06269842
20468,2023,1,-0.00024258064516129028,13904838.741935484,261838189.66451615
20468,2023,2,-0.00033601612903225815,13379901.193548387,269078477.2619355
20468,2023,3,-0.0010083174603174603,12243037.42857143,259367529.5974603
20468,2023,4,0.0009956349206349207,15499581.507936507,245590203.78761905
20468,2024,1,0.0007709836065573771,14194649.721311476,259480262.15540984
20468,2024,2,0.0007770793650793649,12090928.46031746,266826986.23809522
20468,2024,3,0.00203821875,13673506.6875,295088474.0103125
20468,2024,4,-0.002082609375,15917853.4375,281242009.440625
20483,2014,1,-0.0013478360655737704,30246531.655737706,150945362.06737706
20483,2014,2,-0.00011149206349206352,18809388.0,144497048.2147619
20483,2014,3,0.0015500625,15893166.046875,152465043.28140625
20483,2014,4,0.0007713750000000001,17542592.515625,160872492.5378125
20483,2015,1,-0.0006772295081967216,21356468.18032787,154361037.87704918
20483,2015,2,0.0011667936507936507,16341457.650793651,165079640.2184127
20483,2015,3,-0.0014921875,19756170.359375,165316426.77578124
20483,2015,4,0.0007973593750000001,16378248.46875,158596799.9765625
20483,2016,1,-0.0031284262295081964,26996450.557377048,123662251.37868853
20483,2016,2,0.0005231250000000002,22091590.0625,129870170.1453125
20483,2016,3,0.0018241093749999998,18237443.4375,132534378.0353125
20483,2016,4,0.003790857142857143,21318450.19047619,154617975.66285715
20483,2017,1,0.00022796774193548382,19109082.66129032,165307810.6885484
20483,2017,2,0.0018754761904761904,16864056.603174604,169050653.26984128
20483,2017,3,0.0014614603174603175,15844810.904761905,186594711.7568254
20483,2017,4,0.0004823968253968255,15638331.42857143,197499521.7311111
20483,2018,1,-0.0014049672131147542,17642202.19672131,195036758.34459016
20483,2018,2,2.2718749999999986e-05,17038684.40625,175781051.31359375
20483,2018,3,0.001278111111111111,14268731.38095238,178654644.82539684
20483,2018,4,-0.004806095238095238,20978356.0,156428273.15460318
20483,2019,1,0.003164065573770492,17390065.93442623,148122705.49016392
20483,2019,2,0.002107968253968254,13406990.92063492,155336948.80587304
20483,2019,3,4.815624999999998e-05,13595603.359375,154912663.7475
20483,2019,4,0.0024568281250000002,11680155.34375,163134614.3559375
20483,2020,1,-0.008400467741935484,21593326.01612903,145143473.37774193
20483,2020,2,0.00450815873015873,31778487.42857143,99001471.52507937
20483,2020,3,-0.002237609375,23021581.640625,103713592.565
20483,2020,4,0.00609425,23627692.84375,105830482.815625
20483,2021,1,0.0030931147540983603,20746702.459016394,139131439.37114754
20483,2021,2,-0.000238015873015873,19832688.095238097,153873603.6979365
20483,2021,3,0.00010889062499999994,18567849.828125,143516726.12203124
20483,2021,4,-0.00215390625,20911287.859375,133828922.44734375
20483,2022,1,-0.0016987258064516128,28467517.403225806,122572644.51629032
20483,2022,2,-0.0019726290322580643,24694919.5,98417980.55064517
20483,2022,3,-0.001131796875,18385121.9375,95939393.304375
20483,2022,4,0.0016674761904761906,17896016.15873016,88135817.71539682
20483,2023,1,0.0009544677419354839,20388366.30645161,95172543.18548387
20483,2023,2,-1.277419354838717e-05,15088305.91935484,91087603.05548386
20483,2023,3,-0.0015240634920634921,16489366.555555556,85150141.74666667
20483,2023,4,0.0038601111111111115,18530943.682539683,85059177.06666666
20483,2024,1,0.0036341311475409834,17437398.672131147,106449220.88721311
20483,2024,2,0.00029126984126984137,12814576.634920634,117855885.91571428
20483,2024,3,0.00012962499999999983,13494534.84375,117961333.8140625
20483,2024,4,0.00213759375,13281945.921875,127828023.59296875
20543,2014,1,0.0010807868852459014,1615915.0655737706,25996226.95672131
20543,2014,2,0.0006881746031746032,1113304.9365079366,27819512.74
20543,2014,3,-0.0023076562500000002,1416682.3125,26527262.28546875
20543,2014,4,0.001633640625,1739423.34375,25892808.87421875
20543,2015,1,-0.0004463278688524591,1803940.8688524591,25708730.031147543
20543,2015,2,-0.0007507936507936507,1462234.634920635,24932730.203809522
20543,2015,3,-0.0027112187499999997,1756479.0625,22177009.5984375
20543,2015,4,-0.0029120625,2799670.046875,17779327.3284375
20543,2016,1,0.003987245901639344,2529709.37704918,17034857.696065575
20543,2016,2,0.0006638281249999999,1966312.0625,19296463.79
20543,2016,3,0.00228696875,1419161.109375,20603826.346875
20543,2016,4,0.0012515555555555559,1616450.4126984128,22557077.784444444
20543,2017,1,0.0018046612903225806,1215621.2741935484,24900946.25
20543,2017,2,0.001308809523809524,1400879.9841269841,26066372.85952381
20543,2017,3,0.0007274603174603173,1276235.8412698412,27142398.701904763
20543,2017,4,0.000954079365079365,1298841.111111111,28477075.285714287
20543,2018,1,-0.0011936229508196722,1675929.7049180327,28506683.796229508
20543,2018,2,-0.002856859375,1521226.390625,24693941.59703125
20543,2018,3,0.001693126984126984,1363632.492063492,23055112.96793651
20543,2018,4,-0.0011267142857142856,1576126.873015873,22806565.646507937
20543,2019,1,0.002949737704918033,1380623.5737704919,23905889.811311476
20543,2019,2,0.0015114603174603172,1151485.3333333333,25775312.61888889
20543,2019,3,-0.0005194687500000001,1303722.421875,25225357.8128125
20543,2019,4,0.00168490625,1086920.078125,27226284.891875
20543,2020,1,-0.003520161290322581,1563336.7096774194,23735219.83451613
20543,2020,2,0.004427396825396826,1352052.8253968253,23603447.542539682
20543,2020,3,0.0033290625,981790.125,29411950.5778125
20543,2020,4,0.0013445468749999996,1024469.765625,33213053.1690625
20543,2021,1,0.002433311475409836,1129397.4426229508,36976491.75622951
20543,2021,2,-0.0008042380952380952,1030194.9206349206,37566875.30841269
20543,2021,3,-0.0011068125000000002,1010255.671875,34058679.3084375
20543,2021,4,-0.00024951562499999995,944557.875,32675017.7403125
20543,2022,1,-0.0007124516129032259,1257896.2096774194,30883586.808548383
20543,2022,2,-0.0006147419354838708,975407.0322580645,28335347.558709677
20543,2022,3,0.0009964062500000001,842978.328125,30011679.107187502
20543,2022,4,0.0030124126984126982,963193.1746031746,33540082.962222226
20543,2023,1,1.3548387096774873e-06,1051880.064516129,34463235.147258066
20543,2023,2,0.0006845806451612904,995051.0322580645,32027450.862096775
20543,2023,3,-0.0008948253968253971,825234.5238095238,34188588.14825397
20543,2023,4,0.0009592063492063492,751366.746031746,32208522.37031746
20543,2024,1,0.0036047213114754097,3261080.9672131147,36540204.38540984
20543,2024,2,-0.0008164603174603176,963373.8571428572,40094926.31460318
20543,2024,3,0.0026969375,751814.203125,40544573.83375
20543,2024,4,0.0013385781250000001,615980.40625,48163726.8734375
20557,2014,1,-0.0003908852459016394,2715156.6393442624,52852916.80688524
20557,2014,2,0.0008329047619047619,2970665.206349206,53432465.2384127
20557,2014,3,-0.00047796874999999993,3009302.984375,53572042.699375
20557,2014,4,0.001958171875,2933154.40625,56651821.63
20557,2015,1,-8.119672131147537e-05,2806707.4590163934,60085027.3062295
20557,2015,2,0.00019015873015873028,3744382.492063492,60291891.482857145
20557,2015,3,5.6171875000000015e-05,4022550.1875,60779646.89515625
20557,2015,4,0.001436296875,2824208.359375,63765495.37328125
20557,2016,1,0.00043827868852459016,3195547.3114754097,60892968.89262295
20557,2016,2,0.001038484375,2470937.71875,66974446.85859375
20557,2016,3,0.000222125,3292673.484375,55429387.01125
20557,2016,4,-3.3968253968254004e-05,3330438.396825397,54146214.704126984
20557,2017,1,0.0015789516129032257,2349271.919354839,58128005.28774194
20557,2017,2,-0.00015341269841269846,2884393.603174603,58585383.68888889
20557,2017,3,0.00032182539682539685,2860111.9682539683,57974517.98730158
20557,2017,4,0.0013105714285714285,2302464.873015873,63775487.896031745
20557,2018,1,0.0010122786885245903,2582782.704918033,68740851.73147541
20557,2018,2,0.00020079687499999988,2248519.734375,70201113.94078125
20557,2018,3,0.0015984285714285714,2297346.523809524,71844205.17650793
20557,2018,4,-0.0006635238095238095,2860979.412698413,71738348.49222222
20557,2019,1,0.004203196721311475,3035894.704918033,81655407.41983606
20557,2019,2,0.0013202539682539683,2374255.126984127,95603187.98793651
20557,2019,3,0.0002692031250000001,2245708.078125,101258051.11875
20557,2019,4,0.0010434375,11073035.703125,102340900.38765626
20557,2020,1,-0.0011810000000000002,3436795.0,106946833.55548386
20557,2020,2,0.004140793650793651,3288006.714285714,113454225.65714285
20557,2020,3,0.00317484375,2099049.390625,142177159.50375
20557,2020,4,0.0006165,2435709.359375,160589103.3228125
20557,2021,1,0.0003975737704918032,2699838.180327869,162949730.51491803
20557,2021,2,0.0029141904761904765,2526280.3492063493,178382151.1868254
20557,2021,3,0.002048046875,2045927.140625,219169892.44921875
20557,2021,4,0.00132484375,2461728.4375,221939780.0425
20557,2022,1,-0.0016457096774193545,3023715.5,201945530.36516127
20557,2022,2,-0.002104677419354839,2732735.0483870967,187895825.66370967
20557,2022,3,0.0005219062500000002,2148419.84375,200809547.50921875
20557,2022,4,0.0007234761904761902,2671870.492063492,190306072.6263492
20557,2023,1,-0.0006971290322580645,2600637.209677419,186852292.87258065
20557,2023,2,-0.0006397580645161291,3307579.4677419355,175530637.48403227
20557,2023,3,0.0006188730158730159,2623409.1904761903,185718597.60507938
20557,2023,4,0.0010280158730158733,3160441.0,157220125.87396824
20557,2024,1,0.0013554426229508195,2766186.0,180409722.68655735
20557,2024,2,0.00014373015873015874,2931198.3492063493,187053725.2263492
20557,2024,3,0.00178665625,2679982.15625,192651912.539375
20557,2024,4,-0.0028916875,2848720.75,177500907.909375
20561,2014,1,-0.0005215901639344263,6742064.491803279,37480767.23704918
20561,2014,2,-0.0005038730158730159,5485428.619047619,37261447.70857143
20561,2014,3,0.001424671875,4488615.71875,38389252.88125
20561,2014,4,0.003230421875,5007205.09375,42863194.199374996
20561,2015,1,0.0014585409836065572,5183815.983606557,49298325.60672131
20561,2015,2,7.596825396825404e-05,4615496.222222222,51775203.93777778
20561,2015,3,-0.0003739531250000001,4826479.765625,50687690.269999996
20561,2015,4,-0.0010047187500000002,5496626.890625,46585597.0290625
20561,2016,1,0.0022944754098360655,5799555.639344262,46089147.07885246
20561,2016,2,-0.0023285,6230950.609375,44398722.66140625
20561,2016,3,-4.456250000000006e-05,5432060.46875,41894652.59609375
20561,2016,4,0.0010274444444444445,5023660.507936508,41263559.885714285
20561,2017,1,-0.003972451612903226,7712210.612903226,34948062.51451613
20561,2017,2,-0.0005806984126984127,7739681.761904762,30175646.95111111
20561,2017,3,0.0022093174603174605,6672335.063492063,30793471.714920633
20561,2017,4,0.0020418253968253973,7095100.555555556,32921892.873174604
20561,2018,1,0.0013466229508196724,7069002.016393443,39561241.5042623
20561,2018,2,0.0016928593750000001,4985426.0625,39507047.163593754
20561,2018,3,0.0025133809523809527,4229328.015873016,44149499.720952384
20561,2018,4,-0.004161809523809523,6062484.873015873,40404827.183015876
20561,2019,1,0.0034358032786885244,5173316.065573771,38130786.150491804
20561,2019,2,0.0015005714285714284,5176937.857142857,41585702.15285715
20561,2019,3,0.0037939531249999996,5442399.84375,48684550.496875
20561,2019,4,0.0031188593750000005,4708720.34375,59782600.525625
20561,2020,1,-0.00446583870967742,6166738.225806451,56258272.52951613
20561,2020,2,0.004360460317460317,5721555.253968254,57093712.13920635
20561,2020,3,0.00450903125,4017291.953125,68639751.98515625
20561,2020,4,0.0019341406249999999,3544148.109375,83506435.28546876
20561,2021,1,0.0021334590163934425,4095457.5901639345,93719887.33114754
20561,2021,2,0.0032925079365079364,3194715.793650794,108853687.36539683
20561,2021,3,-0.0007444375000000001,2903097.921875,123512880.86765625
20561,2021,4,0.0003537343750000002,3565099.375,118191043.7165625
20561,2022,1,-0.001070725806451613,4184997.5322580645,103603535.44258064
20561,2022,2,-0.005609709677419355,6411196.983870967,88722604.5235484
20561,2022,3,0.0010935156249999999,3772014.65625,74048558.99109375
20561,2022,4,0.0005926031746031748,4650318.079365079,72213794.48174603
20561,2023,1,0.001953903225806452,3283585.6129032257,75680676.52451614
20561,2023,2,-0.0034065322580645162,5218938.387096774,68373649.03870969
20561,2023,3,-0.0025616984126984126,4752500.841269841,58600495.453174606
20561,2023,4,0.004506587301587301,4784316.571428572,56351324.53460317
20561,2024,1,0.003911032786885245,3948344.819672131,70232948.44918033
20561,2024,2,-0.0025857777777777776,3949894.793650794,72735227.60095237
20561,2024,3,0.0011271875000000002,4112306.296875,68848866.53390625
20561,2024,4,-0.0015380468750000001,6135583.3125,65910857.25515625
20566,2014,1,4.2573770491803315e-05,3059201.8524590163,32462866.34852459
20566,2014,2,8.303174603174595e-05,2487290.380952381,33804973.7384127
20566,2014,3,-0.0014090312500000001,3563059.515625,30951724.418125
20566,2014,4,0.00136878125,3575450.421875,30948355.79875
20566,2015,1,2.4590163934426137e-05,2795844.7213114756,30334755.65344262
20566,2015,2,0.001770079365079365,2712693.3333333335,30689697.72111111
20566,2015,3,-0.0039754375,3369202.59375,29220654.49515625
20566,2015,4,0.0007533593750000001,3571119.265625,25383563.97625
20566,2016,1,0.000421688524590164,3396479.770491803,24735285.542950816
20566,2016,2,0.00103646875,3217679.90625,25823602.248124998
20566,2016,3,0.0011071249999999996,3380854.21875,25708519.92515625
20566,2016,4,0.0032024285714285713,3088288.4603174604,29567355.18984127
20566,2017,1,0.0010084838709677418,2358234.7419354836,34448936.5866129
20566,2017,2,0.0021717619047619046,2499405.412698413,37353759.21031746
20566,2017,3,0.0004064603174603173,2494933.0793650793,39510707.493968256
20566,2017,4,0.003604968253968254,2059863.5555555555,44961191.82333333
20566,2018,1,0.00013114754098360662,2609641.8360655736,52397391.329672135
20566,2018,2,-0.001374234375,2818864.875,47743578.14640625
20566,2018,3,0.0013424761904761906,2414788.206349206,46439856.74619048
20566,2018,4,0.0002374444444444446,2633307.3492063493,47105384.241111115
20566,2019,1,0.0013370163934426228,2123634.868852459,50962763.562459014
20566,2019,2,0.0008243492063492065,2077072.492063492,49488814.47031746
20566,2019,3,0.0005173593749999997,1918693.015625,50583569.949374996
20566,2019,4,0.0005542500000000002,1811890.484375,54227237.3896875
20566,2020,1,-0.002601354838709677,2093995.0967741935,49651498.41870968
20566,2020,2,0.0025684920634920635,1831297.0317460317,45399981.70031746
20566,2020,3,0.0055556875,1583419.8125,60448623.7421875
20566,2020,4,0.00320725,1499887.4375,77859379.87578125
20566,2021,1,0.005735409836065574,1890350.3770491802,102851192.99639344
20566,2021,2,-0.0007996349206349206,1789179.4761904762,114403620.24079365
20566,2021,3,-0.0006087968750000002,1580759.21875,112172717.71140625
20566,2021,4,0.0005834687500000001,1609749.625,107858812.608125
20566,2022,1,0.0033794032258064512,2261315.564516129,117791924.97016129
20566,2022,2,-0.004747387096774193,1850588.0483870967,112941982.18516128
20566,2022,3,0.001914875,1422196.984375,104677231.78875001
20566,2022,4,0.004134730158730159,1506360.2698412698,122649443.87492064
20566,2023,1,-0.0003648709677419355,1521400.7580645161,123184999.3714516
20566,2023,2,-9.690322580645146e-05,1845838.0483870967,113294080.91161291
20566,2023,3,-0.0009476507936507937,1455186.111111111,120875422.04603174
20566,2023,4,0.0010864920634920637,1642950.7936507936,108540194.93365079
20566,2024,1,0.0005778852459016392,1531890.9180327868,107334953.97409835
20566,2024,2,-0.001356126984126984,1506692.111111111,108232205.15396824
20566,2024,3,0.001914578125,1500129.5625,103641932.225
20566,2024,4,0.0004352656249999999,1166814.5625,115236318.8671875
20608,2014,1,0.0007223442622950818,3294789.770491803,49223671.30229508
20608,2014,2,0.0008562222222222223,2776047.9206349207,50855754.3784127
20608,2014,3,0.00033709375000000005,2848503.0625,51603332.96515625
20608,2014,4,0.001950765625,3560042.421875,57030779.9203125
20608,2015,1,-0.0011473278688524592,3681378.0327868853,57401208.70393442
20608,2015,2,-0.0011205079365079363,3520483.873015873,53068241.73460318
20608,2015,3,0.00055309375,3431940.078125,49996428.945
20608,2015,4,0.00015665624999999995,3290154.765625,48396044.3003125
20608,2016,1,0.002239409836065574,3890946.3606557376,52091853.708852455
20608,2016,2,0.0011720156249999999,2976549.46875,55057298.27265625
20608,2016,3,-0.0008722031249999999,2968607.15625,57057572.84375
20608,2016,4,-0.0002317936507936507,3368648.3174603176,52773025.396825396
20608,2017,1,0.0010975967741935484,3129233.4516129033,55102067.30241936
20608,2017,2,0.00047884126984126975,2515151.777777778,58830085.59904762
20608,2017,3,0.00024160317460317457,2232128.1746031744,59927824.52126984
20608,2017,4,0.00021426984126984128,2513400.5714285714,61142826.87936508
20608,2018,1,-0.0010906721311475412,4269898.803278688,54138922.29524591
20608,2018,2,0.0005496875,3546917.390625,54977763.0396875
20608,2018,3,0.0004111587301587302,3520395.6666666665,56979165.84555556
20608,2018,4,0.0014471904761904763,4092676.8253968256,60647612.27333333
20608,2019,1,0.000889,3500690.475409836,63316177.507540986
20608,2019,2,-0.00010630158730158724,3174989.3174603176,64325097.965238094
20608,2019,3,0.001485640625,2605698.421875,66270374.6490625
20608,2019,4,-0.000576484375,3683656.328125,66924869.0071875
20608,2020,1,-0.0009152903225806453,4412675.5322580645,67315714.7567742
20608,2020,2,0.0002740793650793647,3765866.8571428573,62049177.40968254
20608,2020,3,0.0019239374999999999,3558564.46875,60586928.32875
20608,2020,4,0.0007515625,3113653.6875,68046218.2015625
20608,2021,1,0.0011124590163934425,3273492.1475409837,68348653.51590164
20608,2021,2,0.000555,3314525.4285714286,77275979.694127
20608,2021,3,1.6718750000000728e-06,2798140.0625,79633517.16546875
20608,2021,4,0.001328796875,2674463.484375,77981138.60109375
20608,2022,1,0.0012338387096774196,3053064.4516129033,79898022.94064516
20608,2022,2,-0.0004303709677419356,2922970.5483870967,84659335.81258065
20608,2022,3,-0.001970953125,2411548.171875,82685468.4459375
20608,2022,4,0.001904968253968254,3336625.8253968256,73910370.72492063
20608,2023,1,-0.0008149032258064516,3001962.806451613,76072415.22129032
20608,2023,2,-0.000947048387096774,2974009.9516129033,72697651.93419355
20608,2023,3,-1.874603174603181e-05,3024735.380952381,70656061.58349207
20608,2023,4,0.0017461587301587302,3436502.111111111,70099812.36888888
20608,2024,1,0.00018127868852459015,3150515.4426229508,73120934.68393444
20608,2024,2,0.0007713809523809523,2759237.888888889,77175062.77285713
20608,2024,3,0.0023754375,3031746.5625,85914770.28140625
20608,2024,4,-0.0008460468749999999,3375954.109375,87490705.860625
20643,2014,1,-0.0006419344262295081,3452653.5409836066,46354559.95934426
20643,2014,2,3.144444444444464e-05,2794794.380952381,47235181.662539676
20643,2014,3,-0.0007743124999999999,2957926.5625,45482159.09203125
20643,2014,4,8.35937499999993e-06,3874299.5,43619014.96703125
20643,2015,1,-0.0011909344262295081,5921233.196721312,40080867.48852459
20643,2015,2,-0.00016244444444444444,4517856.444444444,39894753.255555555
20643,2015,3,-0.003287125,4743786.203125,32687874.92265625
20643,2015,4,0.001533671875,4579440.53125,31230407.5671875
20643,2016,1,0.0023995901639344264,4654008.377049181,31250187.332459018
20643,2016,2,-0.00040101562500000006,3639529.953125,34163919.7515625
20643,2016,3,0.000918765625,3536277.875,34481920.6275
20643,2016,4,0.000595,3858719.3492063493,34601362.33190476
20643,2017,1,0.0013364677419354838,3906808.2741935486,38489340.894354835
20643,2017,2,0.00013057142857142873,3708988.222222222,38235957.385714285
20643,2017,3,0.0009918412698412698,2536437.4285714286,38682654.26984127
20643,2017,4,0.0018358095238095236,3444819.6507936507,41510896.77380952
20643,2018,1,-8.87377049180328e-05,3617529.7540983604,45376881.50147541
20643,2018,2,0.00038537499999999987,3065808.25,44498767.4425
20643,2018,3,0.0017944761904761905,2486581.1904761903,46441390.396507934
20643,2018,4,-0.0036446984126984124,4441053.317460317,42336407.518730156
20643,2019,1,0.0024394918032786886,3710065.9836065574,40898984.56672131
20643,2019,2,-0.00019747619047619038,3015923.206349206,41173784.03492063
20643,2019,3,0.0003055312500000001,3023876.234375,38638282.30640625
20643,2019,4,0.002223375,2841634.328125,44175170.2315625
20643,2020,1,-0.0059989677419354836,4778483.0,40242414.05516129
20643,2020,2,0.004836873015873015,3871105.222222222,34170889.220952384
20643,2020,3,0.0011169374999999999,2573150.71875,39356706.6940625
20643,2020,4,0.0035213124999999997,2770570.796875,44444250.84140625
20643,2021,1,0.002116344262295082,2879995.4426229508,51522437.578688525
20643,2021,2,0.0011813809523809524,2641532.714285714,56405589.23333333
20643,2021,3,-0.00017823437499999995,2264597.953125,59771053.953125
20643,2021,4,2.3750000000000645e-06,2984519.4375,56192583.171875
20643,2022,1,0.0010711129032258064,3479146.290322581,56291412.338709675
20643,2022,2,-0.003105209677419355,3082626.3387096776,53206104.36064516
20643,2022,3,-0.001066078125,2605777.734375,49938292.155
20643,2022,4,0.004542507936507937,3491744.111111111,53157175.603174604
20643,2023,1,-0.0013176612903225808,3633560.4677419355,51036147.32258064
20643,2023,2,0.0007853064516129033,3274836.3387096776,48095011.53225806
20643,2023,3,0.001190190476190476,2517167.9523809524,54430022.85714286
20643,2023,4,0.00033365079365079385,3070465.015873016,52284819.79365079
20643,2024,1,0.0027201475409836065,2826895.37704918,58618860.2295082
20643,2024,2,-0.0003113492063492063,2574237.9523809524,63227065.46031746
20643,2024,3,0.000142796875,2819885.390625,61574397.1875
20643,2024,4,0.0021692343750000006,2854413.28125,69350050.87234375
20659,2014,1,-0.00011901639344262298,658397.7868852459,8519175.297704918
20659,2014,2,0.0011253650793650793,537830.5079365079,8556659.436984127
20659,2014,3,0.00054684375,467405.75,9275697.03015625
20659,2014,4,0.0013345625,532299.6875,9357934.0875
20659,2015,1,0.002421622950819672,640429.0819672131,10663055.302622952
20659,2015,2,0.0007820634920634921,525692.0,11629690.318730159
20659,2015,3,0.00017017187499999997,676188.84375,11781293.749375
20659,2015,4,0.00225765625,636829.390625,12790984.826875
20659,2016,1,0.0006298524590163934,905115.8032786886,12475253.537704917
20659,2016,2,0.0019383750000000002,671734.21875,14413740.53359375
20659,2016,3,0.0008073906250000001,589361.234375,15809493.81046875
20659,2016,4,-0.0018961904761904764,863159.3650793651,14620170.626349207
20659,2017,1,0.002436467741935484,797251.4516129033,15241260.824193548
20659,2017,2,0.0001565079365079365,549840.2380952381,16520155.01079365
20659,2017,3,-0.0035772698412698417,3188907.0,15910788.073809523
20659,2017,4,0.001797968253968254,1693197.253968254,13519205.826666668
20659,2018,1,0.00015313114754098372,1245939.4590163934,14417519.682131147
20659,2018,2,0.0010920156249999999,999391.984375,14248029.32125
20659,2018,3,0.0007684126984126983,782319.746031746,15681564.74031746
20659,2018,4,-0.004962904761904762,1531128.9365079366,12826392.0984127
20659,2019,1,0.004076262295081967,1082807.8360655739,12877839.151639344
20659,2019,2,0.002215952380952381,826976.3492063492,15192340.35873016
20659,2019,3,0.00074346875,766906.953125,17031210.64875
20659,2019,4,5.9234375e-05,772878.296875,16764548.58046875
20659,2020,1,-0.0018684193548387097,1008893.1290322581,17619768.441290323
20659,2020,2,0.00618331746031746,983538.1746031746,18005507.26
20659,2020,3,-0.00123515625,771231.375,19891793.52515625
20659,2020,4,0.0034754218749999998,838038.859375,20441497.826875
20659,2021,1,-0.0008558360655737707,777130.5737704918,21499961.623934425
20659,2021,2,0.004717000000000001,712958.746031746,27245521.404444445
20659,2021,3,0.0009810468750000001,607334.96875,31655836.95609375
20659,2021,4,0.0024686875000000004,658217.65625,33949754.414218746
20659,2022,1,-0.003137032258064516,1098364.7419354839,28758393.615322582
20659,2022,2,-0.003834951612903226,1089282.935483871,24521151.51983871
20659,2022,3,-0.0007703750000000001,637423.015625,23974037.20703125
20659,2022,4,0.002473952380952381,1027714.7142857143,22374604.92095238
20659,2023,1,0.0008982096774193546,795698.0806451613,25489490.120806452
20659,2023,2,0.002530951612903226,737245.4677419355,25847122.39016129
20659,2023,3,-0.0037924920634920633,884609.7936507936,25051020.14285714
20659,2023,4,0.004997507936507936,921888.3492063492,24962608.24126984
20659,2024,1,0.0014654426229508198,787550.5573770492,31425175.83786885
20659,2024,2,-0.0013102857142857141,894433.0317460317,29538771.81634921
20659,2024,3,0.003149140625,838139.328125,34888195.38078125
20659,2024,4,-0.00205496875,991541.734375,33192741.71875
20678,2014,1,-0.0004080983606557378,12565459.721311476,413824601.63
20678,2014,2,0.0006073333333333334,9838432.031746032,434573288.6812698
20678,2014,3,-0.0009105624999999999,9513285.859375,426721547.26453125
20678,2014,4,-6.348437500000002e-05,15021411.203125,396702197.3960937
20678,2015,1,-0.0011720655737704915,15303725.295081967,374213431.14147544
20678,2015,2,-0.00017704761904761902,10942921.603174603,360065531.60571426
20678,2015,3,-0.001454984375,15290843.0625,321869167.47765625
20678,2015,4,0.001008203125,14834425.515625,333113976.0309375
20678,2016,1,0.0014423934426229508,17567746.573770493,333073674.487541
20678,2016,2,0.00196059375,10832692.0625,366914603.86375
20678,2016,3,-0.0009185624999999999,11213592.078125,367889123.835625
20678,2016,4,0.0007152222222222222,10248119.222222222,362358103.1407936
20678,2017,1,-0.0013568709677419355,12991102.629032258,346421759.7717742
20678,2017,2,-7.642857142857143e-05,11376373.0,344634918.71047616
20678,2017,3,0.00041979365079365075,10190412.507936507,336448937.4806349
20678,2017,4,0.0004760952380952381,9282859.015873017,350435351.64476186
20678,2018,1,-0.0015899180327868852,15739352.409836065,338705067.34918034
20678,2018,2,0.0018608124999999998,13176281.59375,337421107.334375
20678,2018,3,0.0006384285714285716,10266549.825396825,346160444.2520635
20678,2018,4,-0.0032083492063492065,15454598.650793651,332171893.91904765
20678,2019,1,0.003023459016393442,12897582.852459017,322893920.37
20678,2019,2,-0.0006034126984126986,10929748.07936508,327684958.28825396
20678,2019,3,-0.001016,10661890.6875,305943416.0940625
20678,2019,4,8.417187500000002e-05,12205798.96875,292582302.120625
20678,2020,1,-0.008680129032258064,32426432.20967742,233692821.60064515
20678,2020,2,0.0035741746031746034,29426181.301587302,189721155.73095238
20678,2020,3,-0.003627078125,23242560.03125,172847562.74171874
20678,2020,4,0.00367671875,30287862.703125,158530344.0559375
20678,2021,1,0.005524918032786885,31633598.147540983,221800569.66885245
20678,2021,2,0.0023174761904761905,23898680.0,252659865.92063493
20678,2021,3,-0.0007045937499999999,20705644.65625,241267863.40984374
20678,2021,4,0.00094946875,20071213.625,264595791.01359376
20678,2022,1,0.005274854838709678,33705181.46774194,329084152.1525806
20678,2022,2,0.0010777903225806448,29448345.080645163,380914182.2596774
20678,2022,3,0.0006700312499999996,19748355.0625,383188768.455
20678,2022,4,0.0040175873015873016,18669806.095238097,444688491.53
20678,2023,1,0.0001954516129032256,16994381.19354839,455438057.6493548
20678,2023,2,-9.420967741935496e-05,15321291.14516129,443134474.49596775
20678,2023,3,0.0016936825396825395,15666122.80952381,441915498.51412696
20678,2023,4,-0.002324095238095238,21925134.476190478,419442606.62888885
20678,2024,1,0.0026898688524590163,18492813.442622952,417384319.3201639
20678,2024,2,4.0111111111111234e-05,18243689.84126984,479638167.6068254
20678,2024,3,0.0005012968749999999,13798013.625,516362596.5704687
20678,2024,4,-0.00114878125,14816270.84375,517887707.02375
20684,2014,1,0.0019841639344262297,2111165.704918033,39445435.016393445
20684,2014,2,0.0012616349206349207,2195783.285714286,42410872.34428571
20684,2014,3,-0.001208109375,1712431.859375,42135722.84609375
20684,2014,4,0.00212025,2141800.828125,44077374.61140625
20684,2015,1,-0.00013560655737704903,2313711.475409836,46320707.84803279
20684,2015,2,-0.0007833174603174603,1995918.7936507936,45154087.08
20684,2015,3,0.000119484375,2604522.65625,45450358.75859375
20684,2015,4,0.00117640625,2101902.484375,46603732.07109375
20684,2016,1,0.0023151311475409836,2674187.9836065574,51710198.94688525
20684,2016,2,0.001677796875,1800732.921875,55383111.2459375
20684,2016,3,-0.00083290625,1992666.75,58196457.89609375
20684,2016,4,-0.00016023809523809518,2571103.0476190476,55429270.83682539
20684,2017,1,0.0013145161290322581,1821275.3709677418,58781006.588709675
20684,2017,2,0.0015207301587301587,1833229.0,64004162.783492066
20684,2017,3,0.0008376349206349206,1526398.3174603174,68708626.96920636
20684,2017,4,0.001142873015873016,1578140.9206349207,72583813.59587301
20684,2018,1,0.000929950819672131,2364081.62295082,72578001.392459
20684,2018,2,0.000496484375,1873384.703125,76117524.1625
20684,2018,3,0.00019293650793650798,1691920.761904762,80293829.73428571
20684,2018,4,0.0007478253968253967,2198787.984126984,83218923.96904762
20684,2019,1,0.0019034426229508198,2184854.3114754097,87426374.21409835
20684,2019,2,0.0010534761904761906,1812464.7142857143,94215980.80238095
20684,2019,3,0.002141421875,1947599.59375,103734508.60359375
20684,2019,4,0.0007277968749999999,1886291.25,114143847.666875
20684,2020,1,0.0008239838709677418,3189303.35483871,122911741.19032258
20684,2020,2,0.0003766666666666668,2505580.9365079366,117145630.45269842
20684,2020,3,0.002481859375,1818407.078125,135197252.293125
20684,2020,4,0.001809,5550826.71875,146535523.05625
20684,2021,1,-3.924590163934444e-05,9491252.163934426,152918956.99311474
20684,2021,2,-0.0003475555555555555,7608187.746031746,147166213.0563492
20684,2021,3,0.0012039531250000002,6632067.40625,158207661.5484375
20684,2021,4,0.00283896875,6680826.703125,169566439.16171876
20684,2022,1,-0.001239403225806452,10815020.516129032,157268688.4929032
20684,2022,2,-0.0011394032258064519,10299831.548387097,149518180.91129032
20684,2022,3,0.0003873906250000002,7610275.703125,166694284.4946875
20684,2022,4,0.0012863968253968253,6944394.793650794,160493293.96492064
20684,2023,1,-0.0010580483870967744,9252809.903225806,152870359.83693546
20684,2023,2,-0.00044088709677419363,7191222.4677419355,153130394.62741935
20684,2023,3,-0.003859349206349206,9076028.73015873,140114971.69428572
20684,2023,4,0.0013441111111111112,15116520.57142857,116904471.3231746
20684,2024,1,0.0011138688524590164,12073637.672131147,120209465.07639344
20684,2024,2,0.001867952380952381,11917663.53968254,145725889.81507936
20684,2024,3,0.002996703125,8867490.53125,160377677.40031248
20684,2024,4,-0.00234915625,10209915.328125,159721284.26765624
20750,2014,1,0.00037967213114754097,38337425.08196721,59942216.05081967
20750,2014,2,0.0017792857142857144,27422480.174603175,63148005.05777778
20750,2014,3,-0.00219465625,26493269.40625,65498880.9375
20750,2014,4,0.000993390625,32915254.5,55813423.19171875
20750,2015,1,0.0009290163934426228,28386210.606557377,60280886.38295082
20750,2015,2,-0.0009625555555555556,24554463.984126985,60530943.80444444
20750,2015,3,-0.00127790625,31465546.046875,55721713.4634375
20750,2015,4,0.0008470781250000002,26575763.734375,56438985.2003125
20750,2016,1,2.0548387096774123e-05,42719970.43548387,48999650.10725807
20750,2016,2,-0.0008140624999999999,32158982.203125,51475337.041875
20750,2016,3,-0.00033632812500000036,34833726.796875,49250806.54953125
20750,2016,4,0.000367063492063492,33392886.174603175,47337440.70555555
20750,2017,1,-0.000301968253968254,38921804.0952381,48487417.73714286
20750,2017,2,-0.0003545873015873015,40691327.03174603,43646968.22031746
20750,2017,3,0.0013245396825396826,33967752.71428572,44032519.51857143
20750,2017,4,0.0009123174603174603,34495099.984126985,48034533.65142857
20750,2018,1,-0.0017059354838709678,51207536.11290322,44005453.201612905
20750,2018,2,0.00026453125,36692783.71875,44773937.336875
20750,2018,3,-0.0025273968253968254,39905664.82539683,39138646.53333333
20750,2018,4,-0.0024783809523809524,49690002.46031746,34845424.15698413
20750,2019,1,0.0027357213114754097,43908134.60655738,33559399.54983606
20750,2019,2,0.0028346190476190476,37551546.88888889,38626423.67222222
20750,2019,3,-0.00137725,36005733.0,37225755.1484375
20750,2019,4,0.0006156249999999997,36135918.265625,35080008.70734375
20750,2020,1,-0.009153,86331499.43548387,29188382.132903226
20750,2020,2,0.004515603174603175,94016646.53968254,21613951.484126985
20750,2020,3,0.0016506875,63159093.890625,26458468.00203125
20750,2020,4,0.004593515625,63971376.96875,32717298.4815625
20750,2021,1,0.0058316885245901645,83000683.03278689,44712300.53229508
20750,2021,2,0.003458523809523809,82504909.6031746,52070850.8268254
20750,2021,3,-0.0005329687499999998,59560721.953125,53359981.245
20750,2021,4,0.00644715625,90657782.328125,72232918.64265625
20750,2022,1,-0.002599322580645161,104589859.90322581,74696460.71951613
20750,2022,2,-0.00616008064516129,62025948.11290322,54065835.59758065
20750,2022,3,0.000727375,67566675.078125,55266063.0259375
20750,2022,4,0.0011061904761904763,56949952.20634921,50741948.74253969
20750,2023,1,0.0025922063492063493,69185165.87301587,49308762.17492063
20750,2023,2,0.003383032258064516,59943469.58064516,49604182.96451613
20750,2023,3,-0.0028374761904761906,49746516.603174604,51038485.2015873
20750,2023,4,0.0002748095238095236,53744025.58730159,43754598.80507936
20750,2024,1,0.0023885483870967742,54732097.03225806,47567040.37354838
20750,2024,2,-0.0005480793650793649,47846899.92063492,48349090.73
20750,2024,3,-0.00196659375,59402354.4375,44746535.281875
20750,2024,4,-0.0006017812499999998,54867511.859375,41631896.88484375
20791,2014,1,0.0023310327868852456,2667217.704918033,36124260.49360656
20791,2014,2,0.0012206825396825396,1754771.5238095238,39046658.04857143
20791,2014,3,0.001476875,1389600.09375,40924352.564375
20791,2014,4,0.00140540625,1920723.84375,45215243.1953125
20791,2015,1,-9.147540983606546e-05,1644568.4098360655,45500542.11295082
20791,2015,2,0.0008958888888888889,1327011.9365079366,45713824.65047619
20791,2015,3,-0.00032643749999999996,1481352.453125,46967062.83421875
20791,2015,4,7.121875000000013e-05,1370511.015625,45496760.80953125
20791,2016,1,-0.000539950819672131,1900485.7540983607,41507325.98327869
20791,2016,2,0.00114225,1561995.921875,42838057.13875
20791,2016,3,0.0017273750000000002,1391304.390625,45522303.85390625
20791,2016,4,0.0018353650793650794,1580445.253968254,49854059.42555556
20791,2017,1,0.0014187741935483874,1356170.4032258065,56038582.99129032
20791,2017,2,0.0009971428571428572,1062512.3333333333,59182581.72825397
20791,2017,3,0.000701111111111111,1121590.857142857,60144574.131587304
20791,2017,4,-6.595238095238099e-05,1066448.6825396826,61067155.031904764
20791,2018,1,0.0015648688524590162,1659147.0983606558,64700047.280327864
20791,2018,2,-0.0025045625,1644265.390625,60890505.668437496
20791,2018,3,0.0016127777777777779,1252310.349206349,58021950.093333334
20791,2018,4,-0.0039370476190476195,1804275.0158730159,53076119.18634921
20791,2019,1,0.0013814590163934426,1395534.7704918033,49018171.63409836
20791,2019,2,0.0013334285714285713,1275975.238095238,49721848.18730159
20791,2019,3,0.00021949999999999991,1180880.296875,53655194.233125
20791,2019,4,-0.00040942187500000006,1240541.9375,51912872.675
20791,2020,1,-0.003876451612903226,2101071.7258064514,48092575.448548384
20791,2020,2,0.002447380952380952,1892307.2698412698,40650233.56761905
20791,2020,3,-0.0009579843750000003,1152322.234375,42367573.46203125
20791,2020,4,0.0013738124999999998,1419973.296875,41949611.32
20791,2021,1,0.003465655737704918,1398188.049180328,46801956.568524584
20791,2021,2,0.0007327301587301589,1080222.8095238095,53346327.883650795
20791,2021,3,0.0007780156250000001,862646.359375,54901047.83734375
20791,2021,4,0.001112421875,946568.734375,56404089.61890625
20791,2022,1,0.002547967741935484,1576836.9193548388,61763862.57870968
20791,2022,2,-0.0010859193548387097,1430353.8709677418,63972470.63629032
20791,2022,3,-0.0005564531249999999,1003325.28125,62485094.58609375
20791,2022,4,0.0026786984126984125,987755.5714285715,66950468.462698415
20791,2023,1,-0.0011967096774193546,1215422.2741935484,63423642.61919355
20791,2023,2,-0.0008006935483870969,1176602.4677419355,59199044.9216129
20791,2023,3,0.0005588095238095238,1076082.6825396826,60484859.04619047
20791,2023,4,0.002755269841269841,1192797.8095238095,66584356.55507936
20791,2024,1,0.001509377049180328,1056075.6721311475,73150034.46163934
20791,2024,2,0.0005502222222222223,1054499.619047619,80327238.62730159
20791,2024,3,0.0007756250000000002,1186325.5,80710273.2684375
20791,2024,4,-0.00196959375,1356396.296875,79149182.91546875
20792,2014,1,-0.0010955409836065574,37418216.36065574,260005295.88442624
20792,2014,2,0.0003923492063492063,26366150.698412698,266067136.9104762
20792,2014,3,-0.00023423437499999996,28553429.546875,260844258.0396875
20792,2014,4,-1.2562499999999824e-05,34359510.765625,257535163.5975
20792,2015,1,-0.00010055737704918024,38023059.60655738,249648357.0462295
20792,2015,2,0.001346,43152475.93650793,272515156.20285714
20792,2015,3,-0.0005400625000000002,36325012.0625,258000331.62875
20792,2015,4,0.0034913749999999997,91845333.265625,299362377.20265627
20792,2016,1,0.0005706393442622951,44958656.31147541,288870256.5173771
20792,2016,2,2.4812499999999986e-05,33159692.984375,281667732.48859376
20792,2016,3,-0.0008040468750000001,31923239.75,283839407.10609376
20792,2016,4,0.0011844285714285715,32506969.634920634,270345354.96920633
20792,2017,1,-0.0007887741935483872,30339928.112903226,265772038.0085484
20792,2017,2,-0.0013774603174603174,36496168.396825396,248823954.74634922
20792,2017,3,-0.0015274920634920637,39164104.047619045,218620705.59396824
20792,2017,4,-0.004895666666666667,78238345.87301587,172659962.08142856
20792,2018,1,-0.003841131147540984,95362018.06557377,134123684.70573771
20792,2018,2,0.0005182812499999996,68267349.109375,120866723.745
20792,2018,3,-0.0026842539682539685,57850095.952380955,111760550.76412699
20792,2018,4,-0.005673492063492064,139674670.26984128,81910097.74873015
20792,2019,1,0.00566888524590164,104133370.6557377,84099528.85934426
20792,2019,2,0.0009942857142857145,58465699.952380955,86096155.38380952
20792,2019,3,-0.0021246875,65712322.84375,82262718.915
20792,2019,4,0.0037245624999999996,53132327.828125,90507641.18015625
20792,2020,1,-0.004082596774193548,84244997.85483871,93448392.71564516
20792,2020,2,-0.001316174603174603,116302104.34920634,59165181.69825397
20792,2020,3,-0.0009924687500000003,89560506.109375,57076686.61265625
20792,2020,4,0.008937265625,101752104.28125,78733489.7434375
20792,2021,1,0.003579803278688525,86491261.5409836,106492161.09540983
20792,2021,2,0.0005428571428571428,59339085.0,117539570.8926984
20792,2021,3,-0.0004868125000000001,25570936.421875,113256231.6353125
20792,2021,4,-0.001193796875,6728688.8125,110684405.82265624
20792,2022,1,-0.000252290322580645,6804789.241935484,105207997.03983872
20792,2022,2,-0.005499080645161291,7000223.145161291,85659462.9101613
20792,2022,3,-0.00022526562499999972,6379230.3125,77586498.67875
20792,2022,4,0.005023873015873016,5788187.428571428,86303304.73380952
20792,2023,1,0.006393741935483871,8112341.322580645,91804266.09241936
20792,2023,2,0.002326806451612903,5715794.241935484,110501899.79854839
20792,2023,3,0.00021639682539682515,4305660.19047619,122586428.19619048
20792,2023,4,0.0024132063492063494,4718670.19047619,126348884.15301588
20792,2024,1,0.0053216065573770495,6076535.934426229,160722967.68606558
20792,2024,2,0.0023108412698412692,7085139.412698412,175307201.0877778
20792,2024,3,0.0029355781250000003,5067973.671875,184268382.53484374
20792,2024,4,-0.001699015625,4652357.375,193250137.2559375
20798,2014,1,0.0007865245901639345,3310090.098360656,30915316.38819672
20798,2014,2,0.00037952380952380963,2818759.3333333335,32765493.747301586
20798,2014,3,-0.000473140625,2844901.890625,32149466.828125
20798,2014,4,0.0010395468749999999,2888252.09375,31214526.285
20798,2015,1,0.0011535245901639346,3282072.5573770492,32190973.170491803
20798,2015,2,-0.00010411111111111111,2391472.761904762,33394381.061904762
20798,2015,3,0.00030856249999999997,3742854.9375,34270955.22
20798,2015,4,0.000613421875,3122987.4375,34381731.589687504
20798,2016,1,0.0017211803278688524,3769860.295081967,34488157.24426229
20798,2016,2,0.00203234375,3212196.296875,37843942.9978125
20798,2016,3,-0.001567875,3382902.546875,41585953.89171875
20798,2016,4,-0.0003497777777777778,3068231.777777778,36623900.430952385
20798,2017,1,-0.0005554999999999999,3190781.193548387,35455002.757741936
20798,2017,2,-0.0008323650793650793,3743240.4603174604,32878678.237301588
20798,2017,3,-0.0008643968253968255,4177257.396825397,31625759.125079367
20798,2017,4,0.0023893809523809523,3949912.0,30739991.95968254
20798,2018,1,-0.004193049180327869,5405250.803278688,30883774.04327869
20798,2018,2,-2.490625000000016e-05,5740847.1875,25950106.8371875
20798,2018,3,-0.0001822063492063494,4567089.174603174,26903388.29015873
20798,2018,4,-0.0012106666666666665,5753245.095238095,25187347.343809526
20798,2019,1,0.004930622950819672,5003057.098360656,27028396.734754097
20798,2019,2,0.0004762222222222222,4112981.3492063493,30943978.686984126
20798,2019,3,0.0009595781249999998,3644723.078125,32469745.82875
20798,2019,4,-0.000253671875,3274362.75,31844174.0
20798,2020,1,0.00039096774193548374,5364299.112903226,31939169.73548387
20798,2020,2,0.0027251269841269844,4105507.238095238,36553068.07619048
20798,2020,3,0.00023339062500000023,3374996.40625,38061844.96625
20798,2020,4,-0.000556203125,3096399.703125,36980261.416875
20798,2021,1,0.0009446885245901639,4960778.065573771,35279644.03639344
20798,2021,2,7.97936507936508e-05,3909012.095238095,37726069.3052381
20798,2021,3,-7.978125000000005e-05,3596759.125,35862130.2946875
20798,2021,4,0.0020543124999999997,3133855.125,38474251.9790625
20798,2022,1,0.0002960322580645161,3924170.870967742,40457174.190645166
20798,2022,2,0.0020057258064516124,3756399.8870967743,42183493.635483876
20798,2022,3,0.0004176718750000001,3814417.96875,45627031.059375
20798,2022,4,0.0016407460317460318,3770052.8253968256,48335927.91031746
20798,2023,1,0.0004983225806451613,3562249.5967741935,47080180.286774196
20798,2023,2,-0.0015898387096774194,3325389.693548387,50194008.12064516
20798,2023,3,-0.0027063015873015875,3950585.714285714,41264404.45857143
20798,2023,4,0.0005071428571428572,4508745.19047619,37508546.047619045
20798,2024,1,0.0013928360655737705,4354083.819672131,36971113.221803285
20798,2024,2,-0.0013786666666666667,4103250.222222222,38757924.41063492
20798,2024,3,0.002625125,3446305.90625,38665344.21359375
20798,2024,4,-0.002105796875,3896784.84375,37238060.1953125
20807,2014,1,0.0008934426229508194,796023.0,12998735.498688525
20807,2014,2,0.00032063492063492065,592844.873015873,13213226.254761904
20807,2014,3,0.00012282812499999986,531495.859375,13305607.12171875
20807,2014,4,0.003179171875,617629.734375,14992602.66328125
20807,2015,1,-0.0019931967213114754,1001238.3606557377,14724782.050819673
20807,2015,2,-0.0004903809523809523,623110.6507936508,14047883.983333334
20807,2015,3,-0.001006046875,654884.609375,13088374.85140625
20807,2015,4,0.0007410781250000002,768066.890625,13224650.94453125
20807,2016,1,0.0026036229508196724,908117.9344262296,13324735.801803278
20807,2016,2,0.000461203125,649977.484375,14503894.88125
20807,2016,3,3.540624999999998e-05,650597.15625,15123840.205625
20807,2016,4,-0.0006103968253968255,700245.6349206349,14187157.217619048
20807,2017,1,-0.0003753548387096775,659855.1774193548,14291466.431612903
20807,2017,2,0.00022788888888888883,849820.4285714285,13570487.806190476
20807,2017,3,0.0007232380952380953,1052236.7142857143,12511668.521746032
20807,2017,4,0.00010600000000000008,807477.3650793651,13398409.316825397
20807,2018,1,-0.0006855573770491802,923893.9180327869,14172108.936885245
20807,2018,2,0.000520625,905292.265625,13387878.62515625
20807,2018,3,0.001411793650793651,649638.1111111111,14384349.082857143
20807,2018,4,-0.0003412222222222222,1101837.2698412698,14523157.42793651
20807,2019,1,0.0026845901639344265,976241.0655737704,15153046.201967211
20807,2019,2,-0.0010504285714285715,784233.3174603175,15124563.104761906
20807,2019,3,-0.000386703125,765374.75,14019894.920625
20807,2019,4,0.001183515625,632625.453125,14966425.073125
20807,2020,1,-0.006013193548387096,1107950.9677419355,12937249.528870966
20807,2020,2,0.004836000000000001,978425.1428571428,11444491.130793652
20807,2020,3,0.0016400937499999998,741195.734375,13425543.61
20807,2020,4,0.0011605937500000002,759040.453125,14111025.37125
20807,2021,1,0.0026046721311475413,889435.4918032787,15366519.285737704
20807,2021,2,0.001601111111111111,752222.8095238095,18179445.186349206
20807,2021,3,-0.00048326562499999986,573865.90625,17912907.871875
20807,2021,4,0.002460671875,589034.6875,18881708.3521875
20807,2022,1,-0.0014676290322580645,726583.7741935484,18400801.13096774
20807,2022,2,0.0011271935483870969,788177.7741935484,18861751.782903224
20807,2022,3,0.001979640625,893478.0625,21379011.1115625
20807,2022,4,0.0025667301587301585,884152.5714285715,24568711.994126987
20807,2023,1,-0.0003800483870967742,1214741.7258064516,23790888.851451613
20807,2023,2,0.0003731935483870966,897589.5,23004722.706935484
20807,2023,3,-0.00232568253968254,850559.1904761905,21818429.934603177
20807,2023,4,-0.000346126984126984,1077947.0952380951,19240641.08714286
20807,2024,1,0.0019934590163934425,1010061.0983606557,20395548.4304918
20807,2024,2,-0.0015263650793650794,976069.746031746,20790780.108888887
20807,2024,3,0.00037592187500000006,932957.671875,19348016.65515625
20807,2024,4,-0.0021580312500000002,1360326.734375,17358762.31
20868,2014,1,0.0025836721311475407,8624226.590163935,45354195.08918033
20868,2014,2,0.0030883968253968253,6786895.063492063,54249582.14634921
20868,2014,3,-0.0013585,6867010.75,58183607.64
20868,2014,4,-0.00716140625,22447880.21875,41306916.568125
20868,2015,1,0.002033639344262295,16123100.360655738,35366430.006557375
20868,2015,2,-8.800000000000009e-05,12949209.333333334,39183435.85746032
20868,2015,3,-0.0026342500000000003,14331360.671875,33571025.46703125
20868,2015,4,-0.0002637499999999998,12015074.8125,32261040.865156252
20868,2016,1,0.0012024098360655742,12041317.68852459,27960448.700655736
20868,2016,2,0.003989296875,10806400.546875,35323523.0103125
20868,2016,3,0.00010137500000000017,7962367.328125,37538048.949375
20868,2016,4,0.0031993492063492066,8304714.968253968,43049407.29571429
20868,2017,1,-0.001355016129032258,8528990.14516129,46536227.09790323
20868,2017,2,-0.0020871269841269842,9579767.365079366,39839681.22396825
20868,2017,3,0.001359111111111111,8761005.57142857,36463187.78984127
20868,2017,4,0.001113126984126984,7976044.650793651,38448182.79571429
20868,2018,1,-0.00041063934426229524,9674787.196721312,43098398.40081967
20868,2018,2,-0.0004782812500000001,8276599.78125,43607382.149375
20868,2018,3,-0.0014555714285714287,8757505.714285715,36351000.41142857
20868,2018,4,-0.006317396825396826,11761506.063492063,29607565.661904763
20868,2019,1,0.0019141967213114756,9883833.836065574,26418899.451639343
20868,2019,2,-0.003666063492063492,11942592.412698412,22671891.25111111
20868,2019,3,-0.0023282500000000005,14023771.6875,18115645.41
20868,2019,4,0.004432609375,11736868.796875,18490477.19875
20868,2020,1,-0.01638401612903226,21702842.967741936,15287921.88548387
20868,2020,2,0.012221015873015871,27724375.85714286,9462986.475396827
20868,2020,3,-0.000638140625,14544047.84375,12715837.589375
20868,2020,4,0.007914578125,13037587.953125,13699024.76375
20868,2021,1,0.0026739016393442622,11565336.31147541,18498643.530491803
20868,2021,2,0.0015340158730158726,8474293.777777778,19729364.53
20868,2021,3,-0.000630984375,8458559.828125,18227700.95671875
20868,2021,4,0.00119421875,9456857.0625,21154765.27921875
20868,2022,1,0.00865691935483871,14189834.467741935,29007219.977419354
20868,2022,2,-0.002383209677419355,11682518.306451613,33586507.65548387
20868,2022,3,-0.003212578125,9839003.46875,25894714.215
20868,2022,4,0.008017333333333333,10436325.285714285,32127354.753174603
20868,2023,1,-0.0030777741935483867,9383858.774193548,33578710.34709677
20868,2023,2,0.0011011935483870971,9602377.838709677,28520662.03451613
20868,2023,3,0.0034786984126984125,7542509.968253968,35237636.70619048
20868,2023,4,-0.0015619206349206348,6738800.936507937,34458768.13904762
20868,2024,1,0.0016020163934426228,7492277.721311475,32000929.836393442
20868,2024,2,-0.0022495079365079367,7134404.111111111,32738857.824920636
20868,2024,3,-0.002073609375,8726117.84375,27863926.19890625
20868,2024,4,-0.000766859375,9396196.8125,25767782.098125
20887,2014,1,0.0003750655737704916,1439626.0,6972805.464590165
20887,2014,2,-0.0005876666666666667,1046380.1587301587,7014948.543809524
20887,2014,3,0.00074365625,1029476.90625,6705906.99421875
20887,2014,4,0.00024335937500000009,1332804.390625,7081302.23
20887,2015,1,0.002522032786885246,1308168.8852459015,7306239.651147542
20887,2015,2,0.0029257936507936506,1167223.380952381,8872102.07952381
20887,2015,3,-0.0002979843750000001,1356043.265625,9640498.2609375
20887,2015,4,-0.0008297031250000003,1417800.453125,9128867.76375
20887,2016,1,0.003083295081967213,1458443.213114754,9282666.939836066
20887,2016,2,0.0009280625000000001,985749.234375,10565004.1309375
20887,2016,3,-0.0007177968750000002,1115548.609375,10183773.52078125
20887,2016,4,-9.701587301587303e-05,1438434.0634920634,10300934.215079363
20887,2017,1,0.004346580645161291,1613255.2580645161,11536497.961290322
20887,2017,2,0.0019086031746031744,992136.1428571428,12884342.074603176
20887,2017,3,-0.001883888888888889,1261661.1746031747,12684055.254603174
20887,2017,4,-0.000879015873015873,1456615.0952380951,11683245.997936508
20887,2018,1,-0.0009510655737704915,1699251.4590163934,11555645.570163934
20887,2018,2,0.001589359375,1303208.875,10980150.01203125
20887,2018,3,0.002346063492063492,1207918.9047619049,12721853.04015873
20887,2018,4,-0.0038089841269841273,1453304.3174603174,11770134.91
20887,2019,1,0.0009400327868852459,1269174.8196721312,10982677.675081966
20887,2019,2,0.0038113015873015876,1085934.2063492064,12401479.415873017
20887,2019,3,0.002146265625,957298.640625,14373455.58375
20887,2019,4,-0.0014049687500000002,1385404.890625,13735562.316875
20887,2020,1,-0.004759854838709677,1727210.9193548388,11847130.143387096
20887,2020,2,0.0014378730158730161,1273490.126984127,9913221.357142856
20887,2020,3,0.0019029218750000003,887967.953125,10611343.473125
20887,2020,4,0.00224690625,960181.6875,12183320.644375
20887,2021,1,0.0006937049180327871,928998.2295081967,13042803.797868852
20887,2021,2,-0.00010020634920634926,735056.2063492064,13220863.402857143
20887,2021,3,-0.000611609375,664729.890625,13372744.2015625
20887,2021,4,0.0022672968749999998,800020.578125,13246012.28453125
20887,2022,1,-0.0031736612903225806,1290813.7903225806,13002302.047903227
20887,2022,2,0.0003301612903225805,1108734.9516129033,12070820.603548387
20887,2022,3,-0.002736265625,1041932.9375,10904669.255
20887,2022,4,-0.0010756825396825397,1748822.365079365,8625503.080952382
20887,2023,1,-0.0015976290322580644,2036974.0161290322,7900616.844032258
20887,2023,2,0.0034507580645161285,1615359.0322580645,8093987.696935483
20887,2023,3,0.0006565555555555553,1646637.0793650793,9184362.944920635
20887,2023,4,-0.0035152698412698412,1952667.4126984128,7008927.662539682
20887,2024,1,0.0020495901639344264,1732975.7540983607,7066163.7122950815
20887,2024,2,0.0009715873015873013,1891164.8253968253,8252938.483968254
20887,2024,3,0.00359134375,1298508.234375,9049140.6846875
20887,2024,4,-0.003713375,1536710.046875,9103796.92609375
20891,2024,1,0.00498978947368421,7668207.0,9751633.82368421
20891,2024,2,0.001043968253968254,4958143.952380952,13476463.674444444
20891,2024,3,0.002712828125,4801041.5625,15102769.010625
20891,2024,4,-0.0015683437499999999,4925446.34375,15155873.40046875
20906,2014,1,0.001287360655737705,1086998.1639344261,16678039.025737707
20906,2014,2,-0.0009877460317460317,1076129.603174603,15940367.678730158
20906,2014,3,-0.0001802968749999999,1184160.171875,14980006.00828125
20906,2014,4,0.0014680625,1030768.921875,15633582.54015625
20906,2015,1,-0.0003351311475409836,1242673.1147540985,16718405.506885245
20906,2015,2,-0.0018853174603174602,1270802.8095238095,14955367.865079366
20906,2015,3,0.0007238125,1093484.484375,14444425.504375
20906,2015,4,-0.00024443749999999997,1275834.09375,14087809.86734375
20906,2016,1,0.0006775573770491804,1323631.0819672132,13921739.450655738
20906,2016,2,0.0036160000000000003,1624446.765625,14336088.59515625
20906,2016,3,-0.002453546875,1582271.734375,16147202.93375
20906,2016,4,0.0014213968253968254,1166029.0634920634,15000146.041269843
20906,2017,1,0.0009904193548387096,1061081.4516129033,16264704.501612904
20906,2017,2,-0.00015742857142857133,1027257.5079365079,16785408.204126984
20906,2017,3,0.0003905555555555556,1039442.8095238095,16184528.780952381
20906,2017,4,0.000770952380952381,926669.6984126985,16575096.740793651
20906,2018,1,-0.00205372131147541,1206649.6721311475,15495868.761967214
20906,2018,2,-0.0007811249999999999,1340173.34375,13880565.19125
20906,2018,3,0.0016682380952380952,1103052.492063492,14695185.711904762
20906,2018,4,0.0009834285714285715,1268767.111111111,15843464.028253967
20906,2019,1,0.0012749016393442622,1174129.0163934426,16192922.51114754
20906,2019,2,0.0025882539682539683,1330491.9047619049,18815809.21047619
20906,2019,3,0.00242065625,1208554.9375,22459594.37359375
20906,2019,4,-0.0006920781249999999,883582.890625,22023334.73859375
20906,2020,1,-0.0007253225806451611,1194918.7096774194,21870113.094193548
20906,2020,2,-0.00012099999999999985,1354541.5396825396,19849742.55936508
20906,2020,3,0.00173871875,965837.546875,20902754.20875
20906,2020,4,0.0010911875,789630.03125,21819033.58359375
20906,2021,1,0.0007527049180327867,983116.7540983607,22159169.446885247
20906,2021,2,0.00164431746031746,940673.8412698413,24660641.724126983
20906,2021,3,-0.00033406249999999994,711744.109375,25749416.93296875
20906,2021,4,0.00221396875,875822.9375,26332035.8690625
20906,2022,1,0.001972709677419355,1056861.4193548388,29550999.156451613
20906,2022,2,0.00010662903225806456,1175175.0161290322,31786401.471129034
20906,2022,3,0.000505078125,830067.125,32785835.41984375
20906,2022,4,0.0009320793650793653,936931.4920634921,33869213.982857145
20906,2023,1,0.001654225806451613,1076853.1129032257,34528561.772741936
20906,2023,2,-0.00019004838709677408,1066827.8548387096,38570603.91532258
20906,2023,3,-0.0033775555555555555,1285635.6825396826,33357162.77761905
20906,2023,4,-0.0009537301587301588,1478732.0476190476,28398699.94253968
20906,2024,1,0.0009281475409836064,2073813.5409836066,28875811.991639346
20906,2024,2,-0.0006996507936507935,1724802.7777777778,28790935.71047619
20906,2024,3,0.000827,1396664.46875,28699651.7334375
20906,2024,4,-0.00160221875,2047861.359375,26486616.85796875
20908,2014,1,0.0025758196721311476,13184108.639344262,56443095.61426229
20908,2014,2,0.0008166984126984128,11349533.111111112,62714594.86571428
20908,2014,3,0.00093915625,9406888.90625,66824920.54390625
20908,2014,4,0.002151359375,12489284.015625,68851485.1978125
20908,2015,1,-0.003861524590163934,13657039.37704918,66546053.79983606
20908,2015,2,-0.0004232698412698412,10929803.682539683,59430024.87015873
20908,2015,3,-0.0022051718749999997,14741665.109375,51659062.7109375
20908,2015,4,-0.00032717187500000053,19197821.84375,32520281.3253125
20908,2016,1,0.0011576721311475407,17229217.524590164,18878913.08098361
20908,2016,2,0.000659328125,13107202.703125,21624303.98390625
20908,2016,3,0.00355459375,11867918.421875,24388242.73
20908,2016,4,-0.0004376507936507937,11967482.92063492,25901113.18349206
20908,2017,1,0.0032428870967741935,12566986.564516129,27492000.94387097
20908,2017,2,-0.00016066666666666673,10747642.857142856,31085788.17777778
20908,2017,3,0.0022680952380952383,9780884.063492063,31958007.69238095
20908,2017,4,0.0009986984126984125,10242115.53968254,35515040.29111111
20908,2018,1,0.0009834754098360658,10946111.032786885,37090320.57737704
20908,2018,2,0.0007419375000000001,8391454.140625,36584774.46453125
20908,2018,3,0.0021677619047619045,7373680.063492063,38686003.46444445
20908,2018,4,-0.0032997777777777778,11260830.682539683,36901178.875396825
20908,2019,1,-0.0003322459016393445,12019968.016393442,32785702.793770492
20908,2019,2,0.0013290952380952382,10324274.238095239,30151147.40031746
20908,2019,3,-0.001199421875,9887799.78125,29436138.2840625
20908,2019,4,0.0016046875000000002,13734877.578125,28068183.70953125
20908,2020,1,-0.0014414516129032258,13207147.64516129,29399383.66
20908,2020,2,0.0011333809523809523,15960403.952380951,22715599.156666666
20908,2020,3,0.001694703125,10968416.34375,26075047.0321875
20908,2020,4,0.004322375,8899869.859375,28797910.279218752
20908,2021,1,0.004494491803278689,10508857.901639344,35082516.297540985
20908,2021,2,-0.0005258412698412699,9674489.777777778,40009165.34349206
20908,2021,3,-0.001280734375,8910928.96875,34492159.99046875
20908,2021,4,0.005348578125,10248493.5625,37648991.02703125
20908,2022,1,-0.0001879032258064514,13132281.258064516,39967423.074516125
20908,2022,2,-0.001005483870967742,13131711.790322581,38654312.59129032
20908,2022,3,-0.003861609375,9168465.015625,31751114.4278125
20908,2022,4,0.0016283492063492062,7903617.396825396,27836000.018095236
20908,2023,1,0.0017043387096774194,6297739.741935484,28195807.817419358
20908,2023,2,0.0010206451612903224,7488168.145161291,29572803.942580648
20908,2023,3,-0.0025511269841269842,6865908.253968254,30248195.625714287
20908,2023,4,0.0027238095238095237,8502158.095238095,27679534.89904762
20908,2024,1,0.00031018032786885247,8512023.098360656,29056032.91213115
20908,2024,2,0.002790539682539682,8108541.682539683,31048799.188412696
20908,2024,3,0.00066190625,7468202.890625,34312262.375625
20908,2024,4,-0.00111703125,7121307.625,34634705.6640625
20939,2014,1,0.0005686393442622951,4280277.393442623,10072313.42262295
20939,2014,2,0.0013912063492063493,4310782.015873016,10402811.805714285
20939,2014,3,-0.00047926562499999993,3097471.578125,10571599.636875
20939,2014,4,-0.000417328125,4454180.140625,10259700.609375
20939,2015,1,-0.0019588360655737706,4036011.0,9390440.91672131
20939,2015,2,-0.0008483333333333334,3634980.3174603176,8694144.59936508
20939,2015,3,-0.0005254218750000003,3887658.609375,8041579.28703125
20939,2015,4,0.0006123906250000002,4849096.296875,7635805.93125
20939,2016,1,0.002528360655737705,5306410.983606557,8124880.647540984
20939,2016,2,0.0023774843750000003,3590162.546875,9505119.33734375
20939,2016,3,-0.00024442187499999985,4527594.484375,10048930.64765625
20939,2016,4,0.0011677936507936508,3460183.888888889,10069345.16
20939,2017,1,0.002021790322580645,3033879.1129032257,11454390.824677419
20939,2017,2,6.936507936507931e-05,2772478.714285714,12090085.956984127
20939,2017,3,0.001201857142857143,2847099.603174603,12442006.877777778
20939,2017,4,-0.00029336507936507936,2632097.0476190476,12566497.471428571
20939,2018,1,-0.00031572131147540995,4730619.852459016,11743458.858688524
20939,2018,2,0.00041773437500000003,4663279.640625,11317569.78328125
20939,2018,3,0.0001738730158730159,4436081.238095238,12114641.337936508
20939,2018,4,0.0005567619047619047,5392547.968253968,13897311.96984127
20939,2019,1,0.0015698852459016394,4886661.819672131,15155640.931311477
20939,2019,2,-0.000900047619047619,4625072.317460317,14958485.97015873
20939,2019,3,0.001052109375,4319936.40625,14472699.1378125
20939,2019,4,-0.001288609375,5488518.390625,13655224.9775
20939,2020,1,-0.007291790322580645,7266456.661290322,11522502.58016129
20939,2020,2,0.0038737301587301585,9842254.174603175,8671915.593809523
20939,2020,3,0.0008404062500000002,5840580.53125,10688129.4721875
20939,2020,4,0.002055421875,5112460.109375,12077631.514375
20939,2021,1,0.001049885245901639,4736272.1147540985,11670339.56065574
20939,2021,2,0.0014203968253968255,5914139.047619048,13804713.456031747
20939,2021,3,0.00022196874999999994,5631457.140625,14969747.16125
20939,2021,4,0.00214346875,4139023.15625,16797925.61296875
20939,2022,1,0.0016763870967741936,5069323.20967742,17663342.945483875
20939,2022,2,-0.00036709677419354827,5023254.258064516,19365771.032258064
20939,2022,3,-0.00056021875,3650804.15625,19637329.64953125
20939,2022,4,0.0012134603174603178,3965696.5555555555,18303901.22238095
20939,2023,1,-8.167741935483867e-05,3966244.4516129033,18390817.446935486
20939,2023,2,-1.037096774193556e-05,3654418.693548387,18634924.16129032
20939,2023,3,-0.0011382857142857143,3997595.761904762,18237706.056507934
20939,2023,4,0.0011938095238095239,4693114.523809524,17545861.474285714
20939,2024,1,0.00013654098360655744,4180841.0163934426,17685607.748688526
20939,2024,2,0.001492968253968254,4838713.888888889,18741711.305714287
20939,2024,3,-0.0005588437500000001,6808815.359375,18033048.39296875
20939,2024,4,0.0013596875,5194143.703125,20070278.84875
20950,2014,1,0.0016413442622950818,1858727.3770491802,16166464.525081966
20950,2014,2,0.0021534126984126987,1300381.1904761905,18326256.58920635
20950,2014,3,0.000460640625,1112446.5625,19627602.39640625
20950,2014,4,0.0016813437500000001,1228333.453125,21027883.21875
20950,2015,1,0.003686983606557377,1284199.5573770492,24028113.59245902
20950,2015,2,0.001630476190476191,2278583.206349206,27854758.234761905
20950,2015,3,-0.0009290156249999999,1522452.65625,27487829.60015625
20950,2015,4,0.00011860937500000014,1043038.890625,26012565.70359375
20950,2016,1,0.0005562295081967212,979409.0983606557,25721294.7495082
20950,2016,2,-0.00010909374999999998,1128421.859375,26471051.35703125
20950,2016,3,-4.176562499999988e-05,1708243.15625,25865533.76765625
20950,2016,4,0.002415746031746032,1461707.3015873015,28433088.444603175
20950,2017,1,0.0002974516129032259,1703123.9032258065,30827948.547419354
20950,2017,2,0.00252231746031746,1484012.238095238,32668894.187142856
20950,2017,3,0.0002841111111111111,1094535.3333333333,35394453.195079364
20950,2017,4,0.00041592063492063496,1190621.9365079366,35546819.502698414
20950,2018,1,0.0014280491803278688,1104788.0,38172951.12934426
20950,2018,2,0.0016858281249999998,697063.421875,40395127.25109375
20950,2018,3,0.0021074444444444443,506818.61904761905,44742130.82428571
20950,2018,4,-0.0024061904761904763,942885.9206349206,43621735.73142857
20950,2019,1,-0.0010320819672131145,1120742.1639344261,39373173.409344256
20950,2019,2,0.00020815873015873,1596154.8253968253,34346810.0947619
20950,2019,3,-0.0003698749999999999,1052537.921875,37870317.5375
20950,2019,4,0.00576621875,951892.71875,42520196.78140625
20950,2020,1,-0.0010416612903225819,1581530.6935483871,44628195.28935484
20950,2020,2,0.003700301587301587,1063903.0158730159,49455537.3584127
20950,2020,3,0.0011675468750000002,657695.421875,53189123.36890625
20950,2020,4,6.904687500000011e-05,768030.0,55010356.16921875
20950,2021,1,0.0005068852459016394,1115631.7213114754,52276105.44770492
20950,2021,2,0.0009653015873015873,842134.5238095238,56363329.470158726
20950,2021,3,-0.0018975625,752126.671875,54617065.7034375
20950,2021,4,0.002853515625,749146.765625,56870780.8634375
20950,2022,1,-0.0005176129032258065,1389702.7258064516,53448519.562741935
20950,2022,2,0.001369612903225806,867562.4516129033,56354503.70354839
20950,2022,3,0.0007226875,843489.421875,61539876.89390625
20950,2022,4,0.0009791904761904762,995649.3968253968,66523589.66920634
20950,2023,1,-0.0006973709677419353,1059094.2258064516,62272008.088709675
20950,2023,2,-0.0010703870967741938,1124337.9838709678,62904806.4967742
20950,2023,3,0.0014582539682539682,1271358.0634920634,58551456.87015873
20950,2023,4,-0.0007752698412698412,1345352.507936508,60947904.38539683
20950,2024,1,-0.004239852459016393,2001420.950819672,46366512.62737705
20950,2024,2,0.001481968253968254,1662821.7301587302,40690312.83523809
20950,2024,3,-0.002317359375,1242251.21875,42883967.95171875
20950,2024,4,-0.0027820468750000002,2529819.375,32292702.973125
20968,2014,1,-0.00040857377049180335,2475640.8360655736,35349795.53540983
20968,2014,2,0.0012713968253968255,1823979.634920635,36133166.49936508
20968,2014,3,-0.0004558125000000001,1804982.890625,35208474.20203125
20968,2014,4,0.0019387031249999999,1826558.25,35767879.8303125
20968,2015,1,0.000547344262295082,1889892.1475409835,37249330.449672125
20968,2015,2,-0.0007713015873015873,1692474.396825397,35343093.94571429
20968,2015,3,-0.0014940468749999997,1814423.109375,32072345.75703125
20968,2015,4,0.0020267031250000003,1570293.9375,33070555.39296875
20968,2016,1,0.001821344262295082,2057843.262295082,33655637.36229508
20968,2016,2,0.00040576562499999993,1526323.5625,37723227.9740625
20968,2016,3,0.002317484375,1370085.96875,41540285.7984375
20968,2016,4,0.0004709841269841269,1577657.111111111,42544086.28412698
20968,2017,1,0.0013718225806451613,1290053.677419355,45169098.868064515
20968,2017,2,0.0013569365079365077,1286704.5555555555,48198433.22666667
20968,2017,3,0.0006401746031746031,1121553.9841269841,48989282.95063492
20968,2017,4,0.0020190952380952382,1120868.0317460317,54717760.87523809
20968,2018,1,-0.0008277377049180325,1508367.2295081967,56805186.69081967
20968,2018,2,-0.0017123437499999999,1586974.546875,50191176.34875
20968,2018,3,0.0005058888888888887,1541503.761904762,47586712.78
20968,2018,4,-0.0014248253968253966,1894342.9206349207,44020928.74539682
20968,2019,1,0.002265377049180328,1485774.7213114754,45709424.27295082
20968,2019,2,0.0009897936507936506,1254158.5555555555,49297801.268412694
20968,2019,3,0.0008017031249999998,1263255.15625,49347128.52921875
20968,2019,4,0.002341796875,1088869.5,54573472.9875
20968,2020,1,-0.0027294193548387095,1819591.8064516129,54469054.39806452
20968,2020,2,0.003699904761904762,1486199.1746031747,51752048.07619048
20968,2020,3,0.001739265625,947570.90625,60036238.2996875
20968,2020,4,0.001049421875,1051396.859375,64656544.53328125
20968,2021,1,0.0015120655737704918,1141191.3934426229,65734964.36196721
20968,2021,2,0.0002686190476190476,995691.5079365079,72415800.77412699
20968,2021,3,-0.0010908125000000002,832039.640625,71151819.80984375
20968,2021,4,0.002914296875,941606.078125,73008471.3315625
20968,2022,1,-0.0024611451612903228,1121963.1451612904,70203237.34548387
20968,2022,2,-0.0019667419354838706,1161056.9193548388,62366618.34403226
20968,2022,3,0.00010467187500000011,1083494.625,61321763.69484375
20968,2022,4,0.003384063492063492,1110626.603174603,65578840.092380956
20968,2023,1,0.0018008387096774194,1103810.3548387096,71490244.59483871
20968,2023,2,0.0006364193548387095,1087682.322580645,71339954.59516129
20968,2023,3,-0.001150174603174603,1004352.380952381,74030998.66539682
20968,2023,4,0.0021785873015873016,1082285.0,72217932.32666667
20968,2024,1,0.0005136229508196722,1297553.4098360655,77940893.44065574
20968,2024,2,-0.0018353809523809523,1092403.619047619,73779882.73015873
20968,2024,3,0.001728890625,921604.046875,73300876.375
20968,2024,4,-0.00037903125,830589.734375,78493804.84375
20990,2014,1,0.0005744918032786884,5405849.1147540985,196956589.13
20990,2014,2,-0.0008223015873015874,4239067.428571428,192345099.2852381
20990,2014,3,0.0008432656249999999,3364077.734375,191021479.53203124
20990,2014,4,-0.00241703125,5123873.0625,165176146.3775
20990,2015,1,0.0002098196721311475,4917847.573770491,157001310.61770493
20990,2015,2,0.00038165079365079345,3692283.9523809524,165750883.58285713
20990,2015,3,-0.0015465781250000002,4210318.921875,151579755.649375
20990,2015,4,-0.000571,4746051.796875,136780108.3734375
20990,2016,1,0.0018691639344262292,5552395.836065574,129118839.5395082
20990,2016,2,0.0002854375,3857134.53125,143779110.11421874
20990,2016,3,0.00087715625,3275243.09375,151918367.07375
20990,2016,4,0.0008869365079365078,3557775.904761905,151742641.27396825
20990,2017,1,0.000932758064516129,3678479.6129032257,166250386.6364516
20990,2017,2,-0.0017712222222222222,4561309.634920635,148332815.37222224
20990,2017,3,-0.0007312539682539683,3998207.9206349207,136146561.2042857
20990,2017,4,0.0011308888888888887,4823973.603174604,141125854.9253968
20990,2018,1,0.00028829508196721317,5602763.573770491,146255532.8552459
20990,2018,2,-0.001196859375,4718047.546875,134065843.2325
20990,2018,3,0.0014713650793650795,4286996.634920635,133652877.03365079
20990,2018,4,-0.004104031746031746,7228792.555555556,114283204.48698413
20990,2019,1,0.003836491803278689,4320319.770491803,120225373.30163933
20990,2019,2,-0.0001075555555555556,3445716.0476190476,121982015.50063492
20990,2019,3,0.0011158750000000001,3727901.25,125028846.0890625
20990,2019,4,-0.0010302968750000002,3588601.46875,120411181.21625
20990,2020,1,-0.002156274193548387,6801369.161290322,117265804.40483871
20990,2020,2,0.0019186825396825394,5469804.53968254,107886210.44190477
20990,2020,3,0.00040067187500000004,4261911.78125,109566089.84546874
20990,2020,4,0.0009254843749999997,5713231.203125,107700596.16296875
20990,2021,1,0.001322885245901639,6735805.950819672,111674293.49295081
20990,2021,2,0.0017682539682539683,4846512.333333333,127806948.17698412
20990,2021,3,-0.0006085781250000001,4015071.171875,125206725.25703125
20990,2021,4,0.00040278125,5897779.109375,114449499.675
20990,2022,1,-0.0001616774193548387,5522396.29032258,116959266.03548387
20990,2022,2,0.001673548387096774,5269841.419354838,121387637.23790322
20990,2022,3,-0.0024109062500000003,4601440.6875,118199035.28046875
20990,2022,4,0.003022619047619048,4659162.666666667,124677483.1831746
20990,2023,1,-0.0008948709677419354,5157254.548387097,120961443.6716129
20990,2023,2,0.000594,4535450.387096774,117153341.17258064
20990,2023,3,0.0009723650793650795,4013644.9206349207,129499412.70079364
20990,2023,4,0.0026606984126984127,4137810.5555555555,137774637.40571427
20990,2024,1,0.0028365573770491805,5222294.803278688,166820800.14459017
20990,2024,2,-0.0013153809523809524,3931844.9206349207,159389963.2715873
20990,2024,3,0.004045578125,3596239.53125,180460946.405625
20990,2024,4,0.00015085937499999974,4131885.1875,205655159.70421875
20991,2014,1,0.0018761311475409834,420756.9016393443,7319358.723114754
20991,2014,2,0.0014678730158730158,390080.126984127,7995468.653492064
20991,2014,3,-0.00118409375,412857.03125,8216372.9125
20991,2014,4,0.0010164375,483738.984375,8011887.94015625
20991,2015,1,0.0025884426229508197,501100.0,9143387.876065575
20991,2015,2,-0.001005857142857143,439595.8253968254,9330793.113968253
20991,2015,3,-0.000697484375,440726.46875,8923143.1115625
20991,2015,4,0.002447625,413046.390625,9308858.0484375
20991,2016,1,-0.0004736065573770496,717568.3278688524,8975607.847868852
20991,2016,2,0.001752828125,583872.859375,9855321.36875
20991,2016,3,0.0020765625,373165.3125,10789787.8596875
20991,2016,4,-0.002884095238095238,633625.4126984127,9979226.57015873
20991,2017,1,0.002031322580645161,705765.3387096775,9735262.547903227
20991,2017,2,0.00042658730158730165,445607.4126984127,10708375.875396825
20991,2017,3,0.0010199206349206348,357621.0,10833804.948412698
20991,2017,4,0.0011527301587301586,269866.14285714284,11868338.756031746
20991,2018,1,-0.00161227868852459,440068.4262295082,11441255.424590163
20991,2018,2,-0.0013130781249999998,751387.03125,10312780.100625
20991,2018,3,0.0019828412698412695,912368.2857142857,10411604.021111112
20991,2018,4,-0.0003656031746031747,1044998.7142857143,13985342.984761905
20991,2019,1,-0.00045447540983606567,944646.8196721311,14136239.636229508
20991,2019,2,0.0020462222222222223,967663.2222222222,14811649.142380953
20991,2019,3,-0.002165765625,1148835.640625,13615955.96875
20991,2019,4,0.0011101406249999998,1146799.5,13637274.75640625
20991,2020,1,-0.0029780483870967735,1437337.2258064516,13297386.391774192
20991,2020,2,0.0033496190476190475,967070.0158730159,13499995.671269841
20991,2020,3,0.00020781249999999996,811105.3125,13307762.73375
20991,2020,4,-0.001581859375,1464214.34375,12001458.1721875
20991,2021,1,0.0045913114754098355,5940225.065573771,21439836.364590164
20991,2021,2,0.0012171587301587302,1276225.2063492064,35716764.136190474
20991,2021,3,-0.001561515625,1244048.078125,36569530.00078125
20991,2021,4,0.002064515625,1232800.0625,37077683.68953125
20991,2022,1,-0.0018896290322580644,1707184.0322580645,33806063.54564516
20991,2022,2,-0.0012188387096774198,1410640.6935483871,31830972.07451613
20991,2022,3,-0.003908453125,1248892.015625,29197100.68984375
20991,2022,4,0.002588015873015873,1783714.888888889,25064147.432380952
20991,2023,1,-0.0014828548387096777,2162527.629032258,25344193.580645163
20991,2023,2,-0.001984306451612903,1905102.2580645161,21947329.518225808
20991,2023,3,-0.001805142857142857,2298733.6666666665,18647987.553492066
20991,2023,4,0.003025952380952381,2004978.1587301588,18461672.344920635
20991,2024,1,0.0012328360655737705,2378208.6885245903,20500791.688688524
20991,2024,2,0.001799063492063492,1595187.3333333333,23413204.38714286
20991,2024,3,0.0016475625,1244835.0625,25455403.969375
20991,2024,4,-0.00312090625,1392919.71875,24027922.2584375
20994,2014,1,-0.0009058852459016394,3774459.524590164,21032528.291475408
20994,2014,2,0.001671047619047619,3000181.26984127,20513345.864444446
20994,2014,3,-0.00044771875000000015,3824924.734375,20962000.80625
20994,2014,4,0.0020105156249999997,3205302.96875,22008378.9290625
20994,2015,1,0.0007578688524590163,2783328.5081967213,23190578.170491803
20994,2015,2,-0.002233095238095238,3160965.714285714,22141909.320476193
20994,2015,3,-0.003317015625,2956427.296875,18849511.28078125
20994,2015,4,0.0002673437499999999,3230794.96875,16928205.9225
20994,2016,1,0.001860344262295082,4859720.032786885,15194474.63737705
20994,2016,2,0.0007867656249999999,3064733.796875,17257407.0790625
20994,2016,3,0.0021629375,2658297.109375,19145176.1934375
20994,2016,4,0.0018299206349206348,2842255.873015873,20077630.339206353
20994,2017,1,-0.00046245161290322606,3117801.1612903224,21757189.05580645
20994,2017,2,0.0019176507936507936,2391767.634920635,22012185.587619048
20994,2017,3,0.00027284126984127,1939261.5555555555,22926634.54984127
20994,2017,4,0.0004894126984126985,1787169.142857143,23408005.287460316
20994,2018,1,-0.0010363114754098361,2884523.6393442624,24226065.363606557
20994,2018,2,-0.00014870312499999994,2952730.578125,22321052.03859375
20994,2018,3,-0.0007069682539682541,2258788.9682539683,21593733.42031746
20994,2018,4,-0.002651174603174603,4210564.238095238,18070749.781587303
20994,2019,1,0.002533426229508197,2938194.5573770492,18459870.61704918
20994,2019,2,-0.000727873015873016,3111184.301587302,17875491.193174604
20994,2019,3,-0.00018956250000000006,3424086.5,16276147.4765625
20994,2019,4,0.001761328125,2691482.515625,17393751.96125
20994,2020,1,-0.00503883870967742,3459195.9838709678,15369221.140967742
20994,2020,2,0.0028103174603174605,3388813.698412698,13211141.715714287
20994,2020,3,0.00267034375,2906894.0625,14653586.68390625
20994,2020,4,0.00353325,2777616.71875,18563238.1228125
20994,2021,1,0.0017625245901639341,3302299.9344262294,20199632.751639344
20994,2021,2,0.0022083174603174604,2548963.5555555555,23655263.385238096
20994,2021,3,-0.0012418124999999999,2138076.859375,23008638.861406248
20994,2021,4,-0.0016042656249999998,3378920.75,19158530.33203125
20994,2022,1,7.9516129032257e-06,3656413.7741935486,17645353.06806452
20994,2022,2,-0.0012988709677419356,3010752.306451613,17331646.67112903
20994,2022,3,-0.00390815625,3026974.28125,15039323.66
20994,2022,4,0.0017579047619047622,3378344.5396825396,12364145.008095238
20994,2023,1,0.0010810483870967744,3207878.7419354836,13099901.299032258
20994,2023,2,-0.0016625322580645161,3187953.306451613,11435994.573225806
20994,2023,3,0.00203815873015873,2958846.396825397,11773162.0984127
20994,2023,4,0.0006473809523809523,3071501.9365079366,12091934.085714286
20994,2024,1,0.0017309016393442624,4538387.5245901635,12556849.199344262
20994,2024,2,0.0019632063492063495,6997903.936507937,14095972.245079366
20994,2024,3,0.002176078125,4545949.28125,16184611.40203125
20994,2024,4,0.0018590937500000003,4326760.0,18630381.1140625
21018,2014,1,0.001310737704918033,8802038.245901639,261831413.9304918
21018,2014,2,0.0011357777777777779,6809025.444444444,285900227.9053968
21018,2014,3,0.00042762499999999995,6243976.65625,292887794.644375
21018,2014,4,-0.00013099999999999996,8342847.171875,295721890.6092188
21018,2015,1,-0.0004557213114754099,9243992.885245902,283936677.4916394
21018,2015,2,-0.00035969841269841265,7704498.349206349,278179210.44206345
21018,2015,3,-0.0004772031250000001,8573053.28125,267998874.9040625
21018,2015,4,0.001653484375,7500105.734375,278326969.7903125
21018,2016,1,0.0010359672131147542,9603284.147540983,286154551.2406557
21018,2016,2,0.0019176406249999999,7294949.34375,313104354.135625
21018,2016,3,-0.0002915781249999999,6265919.21875,333095393.09265625
21018,2016,4,-0.00024820634920634917,7142660.079365079,315412994.1852381
21018,2017,1,0.0013852903225806453,7156137.870967742,324639976.7551613
21018,2017,2,0.0010856984126984127,5782709.920634921,344996349.6055556
21018,2017,3,-0.00014665079365079367,5256533.396825396,356188281.7550794
21018,2017,4,0.0012682222222222222,5263624.365079365,373971797.93650794
21018,2018,1,-0.0011895081967213115,8193871.901639344,362950417.052459
21018,2018,2,-0.000684765625,6618507.8125,334663913.9609375
21018,2018,3,0.0022145555555555555,6223488.619047619,356446512.1571429
21018,2018,4,-0.0008188095238095236,9680688.555555556,374151323.52380955
21018,2019,1,0.0014556065573770492,7068946.442622951,358305708.8077049
21018,2019,2,9.476190476190478e-05,6892859.904761905,368224868.5555556
21018,2019,3,-0.0009795625,7196606.1875,348396454.6409375
21018,2019,4,0.00205953125,7264843.84375,357305861.53015625
21018,2020,1,-0.00111558064516129,10541328.0,373537200.0282258
21018,2020,2,0.0013422539682539682,8645404.444444444,384017023.8250794
21018,2020,3,0.0010383906249999998,6041783.8125,389660522.538125
21018,2020,4,0.00104409375,7029131.390625,388496135.289375
21018,2021,1,0.0008729508196721312,8315708.557377049,425740970.2503279
21018,2021,2,0.00016987301587301597,7019707.968253968,435896549.21428573
21018,2021,3,-0.0001903125,5945892.90625,449163448.79125
21018,2021,4,0.0010487812499999998,7321747.84375,430979970.2303125
21018,2022,1,0.0007440806451612904,8069288.225806451,447726669.71370965
21018,2022,2,0.00020079032258064534,7669720.983870967,468634903.47516125
21018,2022,3,-0.00114125,6878020.609375,445159600.6459375
21018,2022,4,0.0013874126984126983,6469200.793650794,452203324.3447619
21018,2023,1,-0.0019449516129032259,8242578.5,421564692.0080645
21018,2023,2,0.0012259677419354839,6854956.29032258,420008766.6567742
21018,2023,3,-0.000772857142857143,22750325.492063493,418594777.5761905
21018,2023,4,0.0002666190476190476,6833949.26984127,369163784.4355555
21018,2024,1,0.00030231147540983605,7162177.852459016,383250599.58295083
21018,2024,2,-0.0010674603174603175,7669452.428571428,358197960.00841266
21018,2024,3,0.001789453125,6599779.28125,383508567.123125
21018,2024,4,-0.001617640625,7253302.5,373070923.88453126
21055,2014,1,0.0010510819672131149,1819167.3442622952,41097109.971803285
21055,2014,2,0.00028319047619047616,1561838.7777777778,41831056.659523815
21055,2014,3,-0.00036531249999999997,1485998.515625,40715646.81578125
21055,2014,4,0.00193459375,1746478.921875,41988951.59
21055,2015,1,-0.001036065573770492,1806839.786885246,40862976.64327869
21055,2015,2,3.730158730158678e-06,1378133.9047619049,39689914.54269841
21055,2015,3,0.0006542812500000001,1491665.921875,40146822.0784375
21055,2015,4,0.00259525,1597216.1875,43625310.4275
21055,2016,1,0.0010780655737704919,2097039.3606557378,47022909.2904918
21055,2016,2,0.0005094687500000002,1752054.3125,47153100.4328125
21055,2016,3,-0.0011990625,1595516.171875,46534142.429375
21055,2016,4,-0.001414206349206349,1895958.9047619049,41629377.33063492
21055,2017,1,0.0024670967741935485,2060060.177419355,44982647.87580646
21055,2017,2,-0.00015665079365079362,1627296.7142857143,46208937.88825397
21055,2017,3,-0.0013099841269841271,1502713.0952380951,43205521.06079365
21055,2017,4,0.0005705873015873016,2104909.111111111,41084717.30841269
21055,2018,1,-0.0012489180327868855,2485848.7868852457,39978877.93573771
21055,2018,2,-0.00045000000000000015,2415486.203125,36317590.254375
21055,2018,3,0.0014353650793650795,2191636.26984127,39040423.32238095
21055,2018,4,0.00035246031746031744,2230002.253968254,38481756.72936507
21055,2019,1,0.0015868852459016392,1991723.6393442622,40164628.640819676
21055,2019,2,0.0013572380952380952,1607517.6984126985,44348714.66936508
21055,2019,3,0.001187296875,1673239.21875,47283954.21953125
21055,2019,4,-0.0003002031250000001,1432689.703125,46431465.638125
21055,2020,1,-0.0005361290322580647,2264238.7419354836,47372782.89290323
21055,2020,2,0.0018244761904761906,1828703.888888889,47048725.268412694
21055,2020,3,0.0008455468749999999,1427951.578125,51188953.76796875
21055,2020,4,-0.001206234375,2086311.75,47665348.670625
21055,2021,1,0.0007065081967213114,2259796.0,44992812.181967214
21055,2021,2,-0.00040792063492063493,2532773.26984127,45042746.29190476
21055,2021,3,1.1671875000000072e-05,1880447.40625,45831608.9884375
21055,2021,4,0.0013836249999999999,1619860.15625,45325963.805625
21055,2022,1,-0.002171258064516129,2051161.7580645161,44449465.53048387
21055,2022,2,0.001801177419354839,1942222.0806451612,44387796.02677419
21055,2022,3,-0.002657875,1388472.171875,43844399.27140625
21055,2022,4,0.003189111111111111,1591569.380952381,42884392.11079365
21055,2023,1,2.845161290322579e-05,1723363.5483870967,43835450.765
21055,2023,2,0.0006347903225806452,1687272.677419355,46973464.19145161
21055,2023,3,-0.0019314761904761905,1620306.761904762,43654849.544285715
21055,2023,4,0.0002908253968253968,1853679.396825397,40856605.244920634
21055,2024,1,0.0012445573770491804,2129422.5081967213,41442810.07180328
21055,2024,2,0.001263095238095238,2196975.73015873,44982651.954126984
21055,2024,3,0.0006609375,2059120.953125,47749061.9346875
21055,2024,4,-0.001095078125,2106073.109375,45625635.5115625
21068,2014,1,0.0017992295081967213,4583326.262295082,20549686.26098361
21068,2014,2,0.0020926031746031745,3507075.619047619,23713312.13047619
21068,2014,3,0.0008740312499999999,2581059.9375,24647920.875
21068,2014,4,0.0034041249999999996,3296317.6875,28426192.236875
21068,2015,1,0.0030271311475409835,4410927.065573771,35065788.32393443
21068,2015,2,-0.0007923174603174602,3972710.492063492,35558662.04952381
21068,2015,3,0.00010028124999999992,6541618.0625,36010833.9009375
21068,2015,4,0.00246021875,8068565.078125,37732209.01578125
21068,2016,1,-0.0012289836065573771,9470121.573770491,37615192.72098361
21068,2016,2,-0.00046218749999999987,8430913.203125,34525363.7725
21068,2016,3,-0.003205875,10018101.703125,31554121.66875
21068,2016,4,0.0025958888888888893,9679245.317460317,30784819.75142857
21068,2017,1,-0.002382983870967742,8533475.387096774,29957042.34032258
21068,2017,2,-0.003194428571428571,13240558.777777778,25912980.974126983
21068,2017,3,-0.002130126984126984,12819254.746031746,20220553.989841267
21068,2017,4,0.00524052380952381,13834415.777777778,20711294.041904762
21068,2018,1,-0.0018334754098360655,11248014.278688524,23934488.6852459
21068,2018,2,0.00292646875,11536436.59375,21213216.9409375
21068,2018,3,0.0006469047619047618,9077730.0,23707524.225555558
21068,2018,4,-0.0006436507936507939,7916993.904761905,23137949.873015873
21068,2019,1,-0.0015525081967213113,8038508.508196721,21854338.51639344
21068,2019,2,-0.0017799682539682538,8909917.507936507,19474620.46126984
21068,2019,3,0.00294703125,9299839.125,18586193.970625
21068,2019,4,0.002100484375,7331482.140625,21247999.2746875
21068,2020,1,0.0011367419354838706,9924653.064516129,23489564.080967743
21068,2020,2,0.0020956349206349206,12505041.047619049,25638766.186031748
21068,2020,3,0.00021489062500000008,8142014.1875,26866805.21609375
21068,2020,4,-0.0008211093749999999,9896114.40625,25092336.63625
21068,2021,1,0.0024025245901639347,11631124.44262295,26010733.794590164
21068,2021,2,0.0011848888888888888,8267200.079365079,28480036.0268254
21068,2021,3,0.0010744531249999999,7751983.21875,31370863.5103125
21068,2021,4,0.0021056718750000003,7084345.984375,31259983.4840625
21068,2022,1,0.004234451612903226,8172460.741935484,36500242.45419355
21068,2022,2,-0.0028148064516129033,6662091.645161291,38736345.258548394
21068,2022,3,-0.001002546875,5397758.65625,34165430.21671875
21068,2022,4,0.0005598888888888893,6094402.111111111,32886865.841904763
21068,2023,1,0.0018269838709677416,5416671.274193549,32723497.051612902
21068,2023,2,-0.000630209677419355,5446594.596774193,34223087.18
21068,2023,3,-0.000625063492063492,4605508.714285715,33769925.21904762
21068,2023,4,0.0005166190476190478,4710752.317460317,31944330.30873016
21068,2024,1,0.0038883114754098363,5096735.163934426,35431769.329016395
21068,2024,2,-0.0019946825396825398,5428908.206349206,38921353.78412698
21068,2024,3,0.0023523593750000003,4378766.890625,38824561.21953125
21068,2024,4,0.0012031875,4646328.96875,42442968.6675
21102,2014,1,0.0025775901639344258,5689981.049180328,62730530.013606556
21102,2014,2,0.0010545873015873016,4728246.777777778,66796470.20380953
21102,2014,3,0.0008128281250000001,3623938.984375,70784428.84140626
21102,2014,4,0.0011601718750000002,4536440.671875,75241119.379375
21102,2015,1,0.0010390655737704919,4561601.68852459,79205758.88049181
21102,2015,2,0.0024123015873015866,5077589.26984127,84625294.44031745
21102,2015,3,0.00034479687499999983,5143934.015625,93656675.09515625
21102,2015,4,0.0003894375000000001,4975189.859375,91966704.51859374
21102,2016,1,-0.0022910819672131147,5540408.901639344,83788081.29754098
21102,2016,2,0.0015685625,4163658.421875,83118016.9296875
21102,2016,3,0.000432,3439114.6875,88353002.64046875
21102,2016,4,-0.001084825396825397,6031171.253968254,82211340.31730159
21102,2017,1,0.002317951612903226,3988763.290322581,88401668.12548387
21102,2017,2,-0.0001866031746031747,3945464.8571428573,90016865.73444445
21102,2017,3,0.0007626984126984129,3446454.1587301586,90360575.33174603
21102,2017,4,-7.533333333333337e-05,3241494.714285714,93684590.78269842
21102,2018,1,-0.0011896885245901638,4948607.344262295,88484856.70557377
21102,2018,2,0.0016910624999999999,3854115.96875,89331884.2375
21102,2018,3,0.0037804444444444443,3583293.6825396824,107700599.25428572
21102,2018,4,0.001448190476190476,4973255.603174604,119446402.1247619
21102,2019,1,0.0020471803278688523,17141152.393442623,127719357.47016394
21102,2019,2,-0.0023338571428571427,4697259.984126984,119495091.21777779
21102,2019,3,0.0003383281249999999,3647926.109375,107894268.93890625
21102,2019,4,0.00268259375,3224812.015625,111491785.14984375
21102,2020,1,0.0016059516129032253,4834977.0,131736645.03241935
21102,2020,2,0.0030898571428571425,3856771.222222222,146904573.44603175
21102,2020,3,-0.0014526875,3035315.453125,148061583.07625
21102,2020,4,0.002465390625,4048074.90625,142820004.6028125
21102,2021,1,0.0020337540983606556,4479540.508196721,187257820.86852458
21102,2021,2,0.003534269841269841,3485114.3333333335,192568581.3674603
21102,2021,3,0.00026453124999999996,2588856.78125,236496951.92
21102,2021,4,0.003018109375,2956521.171875,242497196.1378125
21102,2022,1,0.0007605000000000002,2941820.5322580645,245736457.62048385
21102,2022,2,0.0022612580645161293,3097553.0,285627413.2224194
21102,2022,3,0.00017209375000000005,2715870.796875,301045250.96015626
21102,2022,4,0.002109714285714286,2834852.6666666665,337106261.36603177
21102,2023,1,-0.0008716774193548388,3185691.129032258,328265904.51870966
21102,2023,2,0.005185870967741936,3041070.193548387,398207059.935
21102,2023,3,0.0024296507936507933,2793774.746031746,489158806.8006349
21102,2023,4,0.0015172698412698415,3244143.507936508,554107176.1328572
21102,2024,1,0.004903065573770492,3236375.9836065574,675826543.295082
21102,2024,2,0.002557190476190476,2647522.222222222,760435712.7779366
21102,2024,3,-4.36562500000001e-05,3275244.046875,854467050.2459375
21102,2024,4,-0.0019435781249999998,3680674.390625,786383534.6775
21110,2014,1,0.0017398524590163935,2092210.2950819673,50357832.990983605
21110,2014,2,-6.1920634920635e-05,1262609.6825396826,51903916.07333333
21110,2014,3,0.00217134375,1263369.53125,54126735.75
21110,2014,4,0.0010031093749999999,1508568.4375,58724645.38828125
21110,2015,1,0.0010418524590163935,1309789.0,62349381.7157377
21110,2015,2,-0.0012355079365079366,1206667.761904762,60904768.0247619
21110,2015,3,0.00189021875,1337208.65625,63555901.74421875
21110,2015,4,0.0008967343750000001,1335658.484375,66906952.60390625
21110,2016,1,0.0005049508196721312,1608085.0983606558,65965519.59885246
21110,2016,2,0.00191021875,1140341.375,71850117.701875
21110,2016,3,-0.00039564062500000005,3608154.9375,75890294.7121875
21110,2016,4,0.0008781428571428571,1530841.761904762,73259278.91095239
21110,2017,1,0.0012351129032258064,1173294.0967741935,76451846.98161289
21110,2017,2,0.0007100476190476189,916976.0952380953,79545596.52079366
21110,2017,3,0.0018830952380952382,1053046.0476190476,86053575.46238096
21110,2017,4,0.0006687619047619049,960487.2380952381,90528175.34666666
21110,2018,1,0.0010405081967213114,1618604.6065573771,97446862.47508197
21110,2018,2,-0.0018884999999999998,1490206.75,92134611.8375
21110,2018,3,0.0026602698412698414,1223643.3015873015,91965994.51523809
21110,2018,4,-0.004126031746031746,1637360.2698412698,86335167.55317461
21110,2019,1,0.002417508196721311,1272294.1967213114,83212642.65032788
21110,2019,2,0.0032163650793650793,1222528.6984126985,94606862.4368254
21110,2019,3,0.001240625,1072475.109375,106254268.535625
21110,2019,4,0.00010218750000000004,1028183.34375,108286126.706875
21110,2020,1,-0.0012471935483870972,1829581.4193548388,110920265.72903225
21110,2020,2,0.0015473809523809524,1568223.0317460317,106094188.76920635
21110,2020,3,0.000980578125,1194822.4375,106789407.61921875
21110,2020,4,-0.0010041093750000002,1346554.5,102817859.5078125
21110,2021,1,0.0008671967213114755,2018948.9836065574,96056757.70557377
21110,2021,2,0.0005251904761904761,1260702.857142857,106957352.04253969
21110,2021,3,-0.00127975,1163847.046875,100335424.2071875
21110,2021,4,0.0007404531249999998,1571924.546875,95511340.51625
21110,2022,1,0.0037902419354838707,2570801.935483871,110748094.31435484
21110,2022,2,-0.00021340322580645134,1383653.5967741935,116904141.60661289
21110,2022,3,-0.0014882343750000002,1188472.296875,110832122.346875
21110,2022,4,0.003931777777777778,1382218.746031746,122195132.0847619
21110,2023,1,-0.00031125806451612906,1484506.9677419355,120668790.9585484
21110,2023,2,-0.0002558709677419354,1040252.2741935484,117841668.44258064
21110,2023,3,-0.0017204285714285713,1065226.6984126985,111919240.23333333
21110,2023,4,0.0018340000000000001,1341210.6984126985,110458545.46396825
21110,2024,1,0.00022360655737704916,1175591.4590163934,106857330.08180328
21110,2024,2,0.0005569206349206349,1024738.5873015873,111145954.56
21110,2024,3,0.0036475624999999998,988500.171875,128223701.1065625
21110,2024,4,-0.002690390625,1182865.25,129480675.98046875
21177,2014,1,0.0003403934426229508,5418509.491803279,94965440.33
21177,2014,2,0.0005763174603174603,4579595.952380952,99848172.0868254
21177,2014,3,-0.000788609375,5730480.46875,94064109.97640625
21177,2014,4,3.609374999999991e-06,6218868.828125,91627172.55890626
21177,2015,1,0.000857704918032787,7522577.426229509,91887987.22557378
21177,2015,2,-0.00020290476190476194,6020934.523809524,92809822.0009524
21177,2015,3,0.0007810624999999999,6026245.96875,92815365.7484375
21177,2015,4,0.00303665625,6497425.703125,104315957.659375
21177,2016,1,0.0012025245901639344,7624788.75409836,108966001.24983606
21177,2016,2,-0.000523359375,5486837.859375,110881187.21078125
21177,2016,3,-0.0004960937500000001,4719153.8125,103048425.234375
21177,2016,4,0.001010222222222222,4263326.841269841,99087965.21015872
21177,2017,1,0.0011445322580645161,3725723.4838709678,104179237.39112903
21177,2017,2,0.0027903333333333335,3544651.1428571427,118033614.0879365
21177,2017,3,0.0005122857142857143,3459833.111111111,127479999.55
21177,2017,4,0.0016096984126984127,2961889.619047619,135287029.8695238
21177,2018,1,-0.001369295081967213,4866760.836065574,130994808.2790164
21177,2018,2,0.00023168750000000001,3993923.328125,127829263.30046874
21177,2018,3,0.001174904761904762,3336675.4444444445,125348669.40238096
21177,2018,4,0.0011453015873015872,4102491.9523809524,137304276.74761906
21177,2019,1,0.0012417540983606559,3614417.524590164,139532167.2591803
21177,2019,2,0.001539253968253968,2791583.3492063493,151347379.86238095
21177,2019,3,0.000655421875,2931555.5,163410919.03125
21177,2019,4,-0.0011339999999999998,3981935.328125,150217501.93687502
21177,2020,1,-0.0018632580645161286,5268275.661290322,147890546.7014516
21177,2020,2,0.002103063492063492,4327440.095238095,136442601.3922222
21177,2020,3,0.0028647968749999997,2924281.65625,152695139.14859375
21177,2020,4,-0.00020242187499999997,3071418.140625,161885401.34671876
21177,2021,1,0.0008869180327868851,3376291.344262295,159394027.86065573
21177,2021,2,0.0005961269841269841,2448847.8095238097,173590136.51904762
21177,2021,3,0.0007945937500000002,2418254.9375,178155399.76796874
21177,2021,4,0.0017909375,2627489.328125,188596684.2328125
21177,2022,1,-0.0011300645161290324,3467191.3870967743,185806282.83064517
21177,2022,2,0.00016216129032258075,2870364.9516129033,182454341.8217742
21177,2022,3,-0.0009125937499999999,2448245.0625,188704225.21921876
21177,2022,4,0.002268507936507936,3032201.793650794,193784262.31619048
21177,2023,1,0.001101483870967742,2743444.85483871,196127401.2616129
21177,2023,2,0.001158983870967742,2513779.2419354836,212380563.46290323
21177,2023,3,-0.0018622380952380952,2372528.126984127,208105548.50460318
21177,2023,4,0.002015920634920635,3159098.0,198018552.69063494
21177,2024,1,-0.0006753934426229507,3189754.6721311477,210624514.97590166
21177,2024,2,-0.0014458730158730159,3663883.5714285714,191349815.2925397
21177,2024,3,0.002948203125,3447925.015625,198312079.7
21177,2024,4,-0.0006114843749999999,3465427.265625,213831879.98515624
21179,2016,2,7.65111111111111e-05,1138725.177777778,28399803.49311111
21179,2016,3,0.00268859375,900154.5625,31736038.125
21179,2016,4,-0.0024846190476190476,1415154.0634920634,31344035.825396825
21179,2017,1,0.0032485,1221054.322580645,32176165.17129032
21179,2017,2,0.0018340476190476193,1093160.7936507936,35824338.61047619
21179,2017,3,0.0011608095238095238,1033908.9206349206,39101087.84126984
21179,2017,4,0.0013620793650793652,1084656.7936507936,41737138.571428575
21179,2018,1,0.0021978360655737707,1397330.262295082,46977192.435081966
21179,2018,2,0.001095609375,1195295.375,49528356.88109375
21179,2018,3,-0.0005803015873015874,989453.253968254,51899580.31746032
21179,2018,4,-0.0020048412698412694,1870032.8253968253,44982099.9047619
21179,2019,1,0.0036336229508196725,1379112.9180327868,48411442.550000004
21179,2019,2,0.001340952380952381,1013056.5238095238,53749871.35047619
21179,2019,3,0.0012990312499999998,1241425.984375,61527765.095625
21179,2019,4,0.0017869687500000001,1150265.515625,63660465.546875
21179,2020,1,-0.0005380483870967743,1907802.564516129,66972422.54435484
21179,2020,2,0.005059428571428571,1492629.746031746,72421277.62380953
21179,2020,3,0.0015750156250000002,807602.0625,85017353.734375
21179,2020,4,-0.00129415625,1276600.875,81207624.08234376
21179,2021,1,0.0013188524590163934,1812195.8688524591,80092238.64508197
21179,2021,2,0.002508539682539683,1338344.4761904762,92556400.63492064
21179,2021,3,0.0006245624999999999,1140594.625,104414754.28125
21179,2021,4,0.001771015625,1255234.015625,110246843.28125
21179,2022,1,-0.002061758064516129,2389273.435483871,115619603.6917742
21179,2022,2,-0.0029323064516129037,2624244.0,123720490.88129033
21179,2022,3,-0.00137546875,1761024.984375,122586688.734375
21179,2022,4,0.0017463174603174606,1781394.492063492,108138695.44444445
21179,2023,1,0.0006253870967741936,1425535.322580645,114164635.4516129
21179,2023,2,0.0025466935483870966,1127476.435483871,117333923.09677419
21179,2023,3,-0.0013296031746031747,1180331.7936507936,125432480.06349206
21179,2023,4,0.0030916666666666666,1207239.873015873,125370704.6031746
21179,2024,1,-0.0004772786885245903,1348020.9344262294,136916519.60655737
21179,2024,2,0.00082384126984127,1243476.8412698412,134407062.2857143
21179,2024,3,0.002374078125,1068980.078125,154885473.15625
21179,2024,4,-0.000492546875,1184470.359375,157919047.453125
21185,2014,1,0.0008535245901639345,5933299.1147540985,83872722.8619672
21185,2014,2,0.00019884126984126983,4579527.476190476,89305958.69761905
21185,2014,3,0.00093625,3515631.15625,91863955.9746875
21185,2014,4,0.0030915625,4676942.765625,101649025.305625
21185,2015,1,0.001233262295081967,4635490.7049180325,115191219.80672131
21185,2015,2,0.0003428412698412699,4442179.174603174,115731277.5888889
21185,2015,3,-0.001160546875,4719192.875,118321392.7946875
21185,2015,4,0.0003912031249999999,5584155.671875,108689641.89859375
21185,2016,1,0.0011201803278688526,5139829.081967213,107335032.31327869
21185,2016,2,-0.0011429375,4948210.703125,108430753.42953125
21185,2016,3,-0.001020078125,4825682.375,101135585.4459375
21185,2016,4,-0.0016168888888888888,8427745.634920634,86278881.41142857
21185,2017,1,6.550000000000009e-05,6950261.806451613,83882223.33758065
21185,2017,2,0.0005789047619047619,6629746.634920635,81068969.26063493
21185,2017,3,0.00032426984126984125,4886748.936507937,80528831.58253968
21185,2017,4,-0.0015320158730158734,9654135.285714285,73821109.83380952
21185,2018,1,-0.0022575081967213116,8820794.967213115,72718099.02508196
21185,2018,2,0.000873640625,8951581.125,66993156.80390625
21185,2018,3,0.0034095555555555554,7032069.317460317,72717748.82126984
21185,2018,4,-0.002595174603174603,9105655.952380951,82192727.03412698
21185,2019,1,-0.0028610491803278686,13432596.31147541,79895237.32442623
21185,2019,2,0.0004222698412698413,10578654.841269841,69911150.56603174
21185,2019,3,0.002550109375,7790797.140625,77010151.641875
21185,2019,4,0.002762640625,6599843.0,91326328.77796875
21185,2020,1,-0.002801387096774193,10697676.596774194,86917552.81225806
21185,2020,2,0.00179715873015873,8341504.111111111,82223227.96825397
21185,2020,3,-0.001460828125,7554441.40625,81364013.26421875
21185,2020,4,0.002804875,8319921.875,85126389.26765625
21185,2021,1,0.0018114918032786883,7127204.803278688,95411940.03803279
21185,2021,2,0.0018218253968253968,6609811.396825396,107581691.90952381
21185,2021,3,0.00042620312499999993,5405446.703125,110367895.9325
21185,2021,4,0.00323765625,5575276.34375,121956072.8790625
21185,2022,1,-0.00010101612903225814,6697726.274193549,138367674.9198387
21185,2022,2,-0.0011830645161290323,5427154.596774193,128079336.86241935
21185,2022,3,0.000639390625,4710383.828125,129852512.5115625
21185,2022,4,-8.122222222222238e-05,6114485.206349206,126717394.32222222
21185,2023,1,-0.003461225806451613,9260758.85483871,109294569.5035484
21185,2023,2,-0.0008779838709677419,8797486.241935484,91317356.52032259
21185,2023,3,0.0004313333333333334,9148217.301587302,90892992.10476191
21185,2023,4,0.0021859047619047617,7368947.174603174,91475846.63380952
21185,2024,1,0.00039275409836065576,11297360.68852459,97551343.12377049
21185,2024,2,-0.004190333333333333,12884956.174603175,78661758.31111112
21185,2024,3,0.0013042031249999998,8630610.890625,73289431.06281249
21185,2024,4,-0.004675,13780433.53125,70580198.19765624
21188,2014,1,0.002280262295081967,12919354.0,158943927.46983606
21188,2014,2,0.0004876190476190476,9893420.0,167542312.07317463
21188,2014,3,0.0005290468749999999,8202041.34375,171194406.2575
21188,2014,4,-0.00045199999999999993,11089162.125,167717341.6115625
21188,2015,1,0.00039909836065573766,11486085.62295082,168897195.04819673
21188,2015,2,2.9698412698412688e-05,10630960.07936508,166353752.42904764
21188,2015,3,-0.001937390625,11597610.21875,157132239.4284375
21188,2015,4,0.0012822031250000001,10935876.890625,148385034.0465625
21188,2016,1,0.0002449016393442622,11464060.836065574,143022819.64852458
21188,2016,2,0.001516390625,8923684.3125,154543007.6321875
21188,2016,3,0.001478921875,9690255.828125,169576124.97234374
21188,2016,4,-0.000711904761904762,10749122.492063493,169426565.54285714
21188,2017,1,0.001401790322580645,10664985.548387097,175011746.34629032
21188,2017,2,0.00028247619047619047,9018368.936507937,174815478.06571427
21188,2017,3,0.00012344444444444444,7764760.015873016,173616384.05222222
21188,2017,4,-0.001824936507936508,11687283.142857144,158405182.0463492
21188,2018,1,-0.00028759016393442626,13121772.131147541,153646732.20311475
21188,2018,2,0.00189678125,11157853.40625,159215214.38328126
21188,2018,3,0.0026194126984126986,7847077.079365079,178939255.53460318
21188,2018,4,0.0013878095238095238,13287853.222222222,195327413.4947619
21188,2019,1,0.0015562786885245901,11204186.360655738,203259322.22557378
21188,2019,2,0.0002992698412698413,10952671.80952381,206998439.84079364
21188,2019,3,0.0002522343750000001,9129153.703125,215852544.54625002
21188,2019,4,0.001376359375,7888545.859375,219948697.1503125
21188,2020,1,-0.0021195806451612905,13705709.306451613,209427513.31258065
21188,2020,2,0.00043557142857142834,11031184.53968254,199473566.2504762
21188,2020,3,0.001274828125,7867947.6875,207345831.4
21188,2020,4,-2.7953125000000065e-05,8586132.546875,202747308.8671875
21188,2021,1,-0.0007568196721311476,12126387.803278688,195592437.14426228
21188,2021,2,0.001119857142857143,12373190.095238095,194367202.41555557
21188,2021,3,-0.00036809374999999993,10082011.21875,192556333.18734375
21188,2021,4,0.0007211874999999998,16057498.609375,201475041.5984375
21188,2022,1,0.0013088225806451611,12287625.516129032,199204962.29516128
21188,2022,2,0.0019340483870967744,12509454.612903226,224125649.90225807
21188,2022,3,-0.0006993906249999999,8224392.921875,225880855.746875
21188,2022,4,0.004206714285714286,9432047.777777778,259025362.87555555
21188,2023,1,-0.0004652741935483875,8818573.403225806,273741966.9819355
21188,2023,2,0.0014781451612903226,7042043.451612903,288188896.38903224
21188,2023,3,-0.0016350634920634921,6807834.126984127,273493927.932381
21188,2023,4,0.0010735079365079365,8046158.365079365,263275294.83968252
21188,2024,1,0.0033058360655737707,8807464.524590164,312279656.60918033
21188,2024,2,-0.0008525079365079364,8284973.507936508,326240962.32539684
21188,2024,3,-0.0011049218749999998,9230693.8125,300985946.95890623
21188,2024,4,-0.0018634531249999999,10992788.359375,261146140.11
21201,2014,1,0.0011575573770491805,1636414.737704918,11282233.39852459
21201,2014,2,0.003478238095238095,1885179.9682539683,13376360.153333332
21201,2014,3,-0.0006844687500000001,1532199.046875,13587828.6334375
21201,2014,4,0.002163484375,1790570.15625,14932869.365
21201,2015,1,-0.0017290983606557378,1471016.8524590165,14810461.986393442
21201,2015,2,-0.001272047619047619,1252699.7301587302,13533252.016349206
21201,2015,3,-0.000958171875,1537197.78125,12186420.8875
21201,2015,4,0.00106103125,1365711.03125,12036058.74171875
21201,2016,1,0.0027077540983606557,1337213.6229508198,12956935.698852459
21201,2016,2,0.0006238437499999998,1530599.453125,13746669.0421875
21201,2016,3,-0.0006837031250000001,1110830.59375,14228350.173125
21201,2016,4,-0.0004206349206349207,1545336.1904761905,12837500.114285715
21201,2017,1,0.000778483870967742,1379816.935483871,13137068.545
21201,2017,2,0.0003727301587301587,1131411.238095238,13903997.373492064
21201,2017,3,0.0001218095238095238,1000441.0634920635,13893270.88
21201,2017,4,0.001222920634920635,1377251.7936507936,15061370.66111111
21201,2018,1,-0.00025270491803278686,1398192.786885246,13952270.54409836
21201,2018,2,0.00062446875,1655111.703125,14367508.45625
21201,2018,3,0.00028084126984127,1488952.761904762,15809406.355396826
21201,2018,4,0.0011824126984126982,1543432.0476190476,15393325.939365078
21201,2019,1,0.0019360983606557377,1530163.3442622952,16391166.949508196
21201,2019,2,0.0013659523809523809,1538598.9365079366,18547253.716507938
21201,2019,3,0.002218875,1352322.015625,21438315.5528125
21201,2019,4,0.0004822499999999999,1484471.59375,23445976.63515625
21201,2020,1,-0.002783596774193548,1722168.5967741935,23620885.663870968
21201,2020,2,0.0006259365079365077,1449384.5555555555,19478898.015238095
21201,2020,3,0.0010320312500000002,1081385.859375,19820987.8078125
21201,2020,4,0.0004720156250000003,1265087.09375,21074420.50484375
21201,2021,1,0.00020949180327868867,1573072.3278688525,18927055.014262296
21201,2021,2,0.00023801587301587308,1073391.746031746,21183502.257777777
21201,2021,3,0.0001576874999999999,1390352.734375,21489890.89765625
21201,2021,4,0.00220115625,1121527.015625,21108754.87625
21201,2022,1,0.0008228709677419355,1267380.0483870967,22099580.33451613
21201,2022,2,-0.00032246774193548386,1192908.0483870967,23930544.653064515
21201,2022,3,-0.001499015625,1010635.25,23336219.76125
21201,2022,4,0.0020570952380952385,1255262.2063492064,22306344.42095238
21201,2023,1,-0.00040453225806451586,1478147.2741935484,21908211.25096774
21201,2023,2,-0.0013913709677419357,1429119.3064516129,21909449.73548387
21201,2023,3,-0.0005763809523809525,1444678.2698412698,20629022.528412696
21201,2023,4,0.0017023174603174604,1695140.9841269841,20642573.667460315
21201,2024,1,0.0009506557377049179,1352092.524590164,21498648.810000002
21201,2024,2,0.00042865079365079356,1720230.888888889,23000261.1815873
21201,2024,3,0.003453359375,1670134.0,25180718.74125
21201,2024,4,0.002585515625,1958817.421875,30905144.36171875
21205,2014,1,-0.00037949180327868855,2999949.9672131147,88168963.72032787
21205,2014,2,0.000981984126984127,2167717.8253968256,92007288.98285714
21205,2014,3,-5.890624999999993e-05,2127400.890625,93458159.92859375
21205,2014,4,0.00248034375,2806113.8125,98714027.62625
21205,2015,1,0.00022380327868852455,2299416.475409836,104729294.02704917
21205,2015,2,-0.0009156190476190478,2294944.9523809524,101802450.43920635
21205,2015,3,-0.001131328125,2801120.546875,92365666.9675
21205,2015,4,0.0011342656249999999,2467254.828125,95100020.94796875
21205,2016,1,0.0018562459016393442,2707569.0327868853,93614277.16721311
21205,2016,2,0.0009142031250000001,1909909.09375,102246424.83734375
21205,2016,3,0.00021728124999999995,1682925.65625,108037352.65859374
21205,2016,4,0.0003467460317460316,1979466.6825396826,103961063.14507937
21205,2017,1,0.001233548387096774,1962265.4193548388,109694750.00177419
21205,2017,2,0.0014536190476190476,1835210.8253968253,119473196.63333333
21205,2017,3,0.0002619047619047619,1684836.9682539683,123717637.05920634
21205,2017,4,0.001952666666666667,1900387.650793651,137137685.33412698
21205,2018,1,-0.0009058032786885246,2674815.344262295,141085512.53639343
21205,2018,2,-0.0015135781249999997,2902744.34375,121243448.02
21205,2018,3,0.0012529047619047617,2154236.0634920634,121298976.64999999
21205,2018,4,-0.0013238253968253968,2693721.888888889,115904182.29142857
21205,2019,1,0.001619295081967213,2252302.0,116397343.52311476
21205,2019,2,-0.002536888888888889,3269345.3174603176,106089052.36238095
21205,2019,3,-0.0005856874999999999,2775565.203125,96255019.33296876
21205,2019,4,0.001358515625,2704155.375,96340840.141875
21205,2020,1,-0.0033649354838709684,4769120.903225807,90510979.23370968
21205,2020,2,0.002570079365079365,3741639.126984127,86686315.45222221
21205,2020,3,0.00067359375,2563109.890625,92630609.491875
21205,2020,4,0.0015789999999999999,2324458.78125,97882885.15375
21205,2021,1,0.0018475901639344262,2890802.1967213117,103487426.79737705
21205,2021,2,0.0006476349206349206,2156217.126984127,115680704.28952381
21205,2021,3,-0.001761484375,2393954.3125,112192235.64953125
21205,2021,4,0.00037521874999999985,2257504.484375,102808991.82234375
21205,2022,1,-0.002567532258064516,3570832.4516129033,91173156.6898387
21205,2022,2,-0.0019771451612903227,2892521.4032258065,82269953.33225808
21205,2022,3,-0.002104921875,9593608.1875,74676499.0934375
21205,2022,4,0.0016333015873015873,2929521.285714286,68032315.41920635
21205,2023,1,-0.0017519193548387096,3602620.6129032257,62252423.86677419
21205,2023,2,-0.00038232258064516134,3636227.1612903224,56013441.67096774
21205,2023,3,-0.0006778730158730157,3609435.111111111,56673635.22285714
21205,2023,4,0.0028213968253968254,3579932.603174603,52998348.927777775
21205,2024,1,-7.524590163934501e-06,5107181.7049180325,54785820.231475405
21205,2024,2,0.0022956666666666663,4947083.317460317,53939873.5784127
21205,2024,3,0.005047078125,4166639.015625,67388721.198125
21205,2024,4,-0.00071521875,3272346.859375,71644233.89671876
21224,2014,1,4.759016393442613e-05,13542729.62295082,60500788.499836065
21224,2014,2,0.0007290793650793651,10881882.825396825,60791873.605238095
21224,2014,3,0.0011590468750000001,8861662.546875,65514367.36453125
21224,2014,4,0.001941359375,9531616.625,69715005.441875
21224,2015,1,-0.0011945081967213115,11043976.262295082,70232582.29721312
21224,2015,2,0.0014396666666666668,8523529.142857144,74837473.38746032
21224,2015,3,-0.0030157656250000002,11313262.234375,71347263.66453125
21224,2015,4,0.00039409374999999986,12274369.921875,64540733.44171875
21224,2016,1,-0.0034780327868852456,18226895.426229507,49497922.876721315
21224,2016,2,0.000944484375,15159120.640625,50839658.3071875
21224,2016,3,0.00349359375,12507528.25,57301346.55171875
21224,2016,4,0.004593460317460318,12201387.777777778,71261410.61222222
21224,2017,1,0.0004280806451612903,11467922.725806452,82700573.56387097
21224,2017,2,0.000791904761904762,9892861.666666666,79994192.12142856
21224,2017,3,0.0013936349206349207,8142997.841269841,85364594.50031747
21224,2017,4,0.0014834603174603174,7621453.063492063,92374504.27698413
21224,2018,1,0.0007208524590163934,9767509.950819673,99408348.45836066
21224,2018,2,-0.001828734375,9890381.421875,92929291.4084375
21224,2018,3,-0.00011555555555555542,8696488.650793651,86056398.55555555
21224,2018,4,-0.002234857142857143,13417180.53968254,75154017.54761904
21224,2019,1,0.0012654590163934428,12728826.983606558,72215740.96131147
21224,2019,2,0.000807857142857143,10130811.57142857,75472926.3352381
21224,2019,3,-0.00017589062499999989,9628092.4375,71152309.87265626
21224,2019,4,0.0030166562500000002,9103714.546875,77200391.95281251
21224,2020,1,-0.00493291935483871,18057232.451612905,75932991.66064516
21224,2020,2,0.006372999999999999,14218198.682539683,65658033.301269844
21224,2020,3,0.0002888906249999998,9697272.765625,79395344.92984375
21224,2020,4,0.0058107968749999996,12605142.921875,99982678.62796874
21224,2021,1,0.002303622950819672,11811179.016393442,138791607.4570492
21224,2021,2,0.0028314920634920637,10012960.968253968,160673447.11079365
21224,2021,3,0.001160765625,8628375.34375,182150690.09046873
21224,2021,4,0.0003688124999999999,8621699.8125,180682263.200625
21224,2022,1,-0.001498274193548387,11694041.129032258,173097991.44258064
21224,2022,2,-0.0018727580645161294,8798724.870967742,144486227.2362903
21224,2022,3,0.0008741875,7717822.3125,146490044.255625
21224,2022,4,0.0015048888888888892,7111575.158730159,145498111.83857143
21224,2023,1,0.0008047580645161291,7987014.919354838,157718671.86161292
21224,2023,2,-0.000207758064516129,6961943.20967742,143483894.66064516
21224,2023,3,-0.0004721428571428572,6961215.301587301,144632752.39730158
21224,2023,4,0.002476142857142857,8886047.46031746,132099584.7663492
21224,2024,1,0.00042645901639344256,8982248.93442623,144354931.27016392
21224,2024,2,0.0007234444444444444,6345171.317460317,155073378.8536508
21224,2024,3,0.001364,6177349.140625,163422822.3496875
21224,2024,4,0.0032731875,6437204.0,198955261.28625
21230,2014,1,-0.0006660655737704919,1237031.4262295081,16790100.19442623
21230,2014,2,0.0006647777777777779,1908795.0952380951,16721952.501428572
21230,2014,3,-0.000659546875,1974128.171875,15915823.426718751
21230,2014,4,0.001078125,1832389.90625,15688295.59359375
21230,2015,1,5.640983606557392e-05,1801562.3770491802,15168160.780491803
21230,2015,2,-0.0022192222222222223,1419097.4603174604,12748882.421269841
21230,2015,3,0.002954140625,2175230.390625,13203886.58390625
21230,2015,4,0.00021971874999999997,1272961.09375,13663418.728125
21230,2016,1,0.0018830000000000001,1725841.1475409835,11883405.415081969
21230,2016,2,-0.0019784375,1799387.625,12423521.42375
21230,2016,3,0.002398015625,1234546.65625,12545628.9496875
21230,2016,4,0.0014747936507936512,966607.4920634921,13054646.217777777
21230,2017,1,0.0007971129032258065,1441926.1935483871,13524904.220322581
21230,2017,2,0.00023168253968253977,1041547.6825396825,13890965.853174603
21230,2017,3,-0.00021671428571428568,911472.9682539683,14263967.804444445
21230,2017,4,0.0011465079365079365,887736.619047619,14791674.845714286
21230,2018,1,0.0026845081967213115,1290913.9836065574,16525270.93934426
21230,2018,2,0.0016872500000000002,1179800.53125,17840219.2078125
21230,2018,3,0.0018896190476190473,939688.3650793651,20060130.317619048
21230,2018,4,-0.001719904761904762,984682.9682539683,20194789.413650792
21230,2019,1,0.0035611311475409837,1064870.8852459015,21308968.67377049
21230,2019,2,0.0028516031746031747,997819.9523809524,24790722.193015873
21230,2019,3,0.00048578124999999994,974409.375,28336511.8053125
21230,2019,4,-0.0007217499999999998,1276425.53125,27934531.064375
21230,2020,1,-0.002302564516129032,1328981.7096774194,28696828.81467742
21230,2020,2,0.0014563650793650797,1654038.111111111,24201940.914603174
21230,2020,3,0.0019577656250000003,1199058.578125,24824470.83546875
21230,2020,4,0.001470546875,918042.421875,28461220.46328125
21230,2021,1,0.001805967213114754,743631.2131147541,30216140.57213115
21230,2021,2,0.0023943333333333334,683414.2063492064,33827009.60793651
21230,2021,3,0.00116590625,651584.203125,39339352.94375
21230,2021,4,0.0025912812500000003,662698.828125,42593023.05
21230,2022,1,-0.0015943387096774193,998609.1129032258,39190641.885483876
21230,2022,2,-0.0020467258064516135,866339.8387096775,36563348.338387094
21230,2022,3,0.0011995468749999999,689085.90625,39448168.74125
21230,2022,4,0.002473095238095238,715918.8571428572,41738154.39714286
21230,2023,1,0.001843532258064516,678388.2741935484,44130429.54677419
21230,2023,2,0.0005051612903225806,846892.0806451613,47946566.434354834
21230,2023,3,-0.001091857142857143,671073.7936507936,47702579.98222222
21230,2023,4,0.002352634920634921,683212.5238095238,50440144.95428571
21230,2024,1,0.0021549508196721315,635783.6885245901,54655007.225409836
21230,2024,2,0.0014366507936507936,703371.746031746,60084911.23714286
21230,2024,3,0.0024606093749999997,675694.578125,69544375.13078125
21230,2024,4,0.0005504062500000002,786219.546875,79207354.82265624
21286,2014,1,0.0007077049180327869,10582195.245901639,11736863.785081968
21286,2014,2,0.0014951269841269842,6648427.857142857,12007374.266507937
21286,2014,3,-0.00143209375,5980774.46875,12719096.5228125
21286,2014,4,-0.002583125,9635663.546875,10043751.79578125
21286,2015,1,0.0026334918032786887,8875201.50819672,11659273.488360655
21286,2015,2,0.0013724285714285715,6958045.587301588,12500265.132539682
21286,2015,3,-0.005233125,8942384.453125,9471346.6884375
21286,2015,4,0.0022989687500000002,7610512.859375,9725961.08
21286,2016,1,0.006973590163934427,10655932.393442623,12247266.313114755
21286,2016,2,0.00652828125,8737304.828125,17551625.505625
21286,2016,3,0.00039221874999999994,7062965.09375,21995782.43421875
21286,2016,4,-0.0017290793650793649,8060821.079365079,18128596.924603175
21286,2017,1,-0.00031067741935483876,6770680.306451613,18543847.928064514
21286,2017,2,-0.00014839682539682537,5404596.80952381,17942587.102222223
21286,2017,3,0.002475539682539683,4988610.571428572,19366686.031746034
21286,2017,4,9.644444444444442e-05,4362995.920634921,19612078.227301586
21286,2018,1,0.0008635409836065574,5568267.540983606,20590851.81590164
21286,2018,2,-0.0004229062500000001,4374091.96875,20987495.6653125
21286,2018,3,-0.003335238095238095,5327484.698412699,18051844.242698412
21286,2018,4,0.0025106666666666663,6262970.793650794,17274540.406031746
21286,2019,1,0.0007680327868852461,11270603.278688524,18045703.30409836
21286,2019,2,0.0017103015873015874,11277165.53968254,24551358.80968254
21286,2019,3,-5.1046874999999985e-05,7651524.984375,31849049.75015625
21286,2019,4,0.002253921875,6118538.671875,32044656.07140625
21286,2020,1,0.001452435483870968,9456354.951612903,36783441.92145161
21286,2020,2,0.005453555555555555,9481667.777777778,47706432.72984127
21286,2020,3,0.000750296875,6861746.734375,52340896.73578125
21286,2020,4,-0.000588375,5819841.234375,49498737.83359375
21286,2021,1,0.00044849180327868866,7341515.377049181,47992559.06573771
21286,2021,2,0.0010767142857142857,6823865.222222222,53682263.1215873
21286,2021,3,-0.00217515625,5453667.90625,47163652.1084375
21286,2021,4,0.0023872656249999996,6486186.515625,45221953.23828125
21286,2022,1,0.004365435483870968,8513014.596774194,53926068.537096776
21286,2022,2,-0.004238967741935484,6442991.225806451,56124444.102580644
21286,2022,3,-0.0049443593749999995,9894592.9375,37079642.09375
21286,2022,4,0.002353507936507937,7707576.841269841,35434249.67063492
21286,2023,1,0.0010153064516129028,7878517.0322580645,38475645.353548385
21286,2023,2,-0.0018975967741935483,8307723.096774193,36058957.033548385
21286,2023,3,-0.001969238095238095,7415314.507936508,32314079.844285715
21286,2023,4,0.0022191428571428575,15572997.952380951,35531897.89714286
21286,2024,1,-0.0019513114754098363,13394390.55737705,39726761.49770492
21286,2024,2,0.0028481587301587303,10438527.507936507,47146393.155079365
21286,2024,3,0.004059375,7607014.359375,57094516.46359375
21286,2024,4,-0.00521596875,10570316.578125,52054895.93625
21294,2014,1,0.0009599344262295081,2297079.770491803,28711734.87295082
21294,2014,2,0.0010575396825396827,1451410.3174603174,31006419.07936508
21294,2014,3,0.001376765625,1406994.734375,32830258.79234375
21294,2014,4,-2.8796874999999987e-05,2194090.9375,33919726.009375
21294,2015,1,-0.0008676393442622951,2195015.573770492,33041992.947213113
21294,2015,2,-0.00242531746031746,2201607.476190476,30424924.395555556
21294,2015,3,-0.0018512031250000002,2241234.53125,24586075.136875
21294,2015,4,0.001988671875,2358227.03125,25630819.975
21294,2016,1,9.157377049180335e-05,1819096.2786885246,22527972.287213113
21294,2016,2,0.0006514374999999999,1817704.578125,25149333.7146875
21294,2016,3,0.00222278125,1402080.046875,26772997.05375
21294,2016,4,0.0018893333333333336,1837353.873015873,29539732.681904763
21294,2017,1,0.0007474516129032257,2170298.5967741935,34056838.61548387
21294,2017,2,0.0014823650793650794,1728776.761904762,36424131.94714286
21294,2017,3,0.00147115873015873,1569434.3333333333,35093183.23142857
21294,2017,4,0.0016013809523809524,1489364.349206349,38511416.097460315
21294,2018,1,-0.0008443442622950816,1798058.6721311475,41000069.92704918
21294,2018,2,0.001858234375,1776893.75,42183328.110625
21294,2018,3,0.0029987777777777773,1705530.5714285714,47964759.086349204
21294,2018,4,-0.0026935238095238097,2343121.253968254,45255267.864285715
21294,2019,1,0.0038335245901639343,1773242.6557377048,46549639.99049181
21294,2019,2,0.0011824920634920637,1459450.0,52807670.723015875
21294,2019,3,-0.0013819062499999999,1730627.8125,48622352.0934375
21294,2019,4,0.0013906093750000001,1561721.75,49070050.56859375
21294,2020,1,-0.003385596774193549,2005988.5806451612,48019718.97451613
21294,2020,2,0.0034556507936507937,1597707.0476190476,44454056.27238095
21294,2020,3,0.003291140625,1348523.71875,51297552.3034375
21294,2020,4,0.001832203125,1256827.59375,57865446.7671875
21294,2021,1,0.0022039672131147544,1203816.9344262294,63964094.81344262
21294,2021,2,-7.820634920634917e-05,1116988.126984127,69215003.60650794
21294,2021,3,-0.0014446093750000001,1248436.46875,63602162.23890625
21294,2021,4,0.00356590625,1173353.65625,68249452.1353125
21294,2022,1,-0.0004533225806451611,1398849.2903225806,66407448.118870966
21294,2022,2,-0.0033761774193548384,1344957.3548387096,60399790.479193546
21294,2022,3,-0.001071,1237228.375,57037401.7925
21294,2022,4,0.00283615873015873,1329830.9682539683,55000948.492380954
21294,2023,1,-0.0022117096774193546,1633092.0806451612,53006676.81645161
21294,2023,2,0.0012665645161290325,1430314.0483870967,48363746.47580645
21294,2023,3,-0.00207415873015873,1167192.507936508,49114445.287301585
21294,2023,4,0.0031369206349206352,1212153.7777777778,47447751.44730158
21294,2024,1,0.0014568524590163935,1370747.4098360655,56010856.986065574
21294,2024,2,-0.0025293968253968253,1297145.650793651,54083118.4231746
21294,2024,3,0.0025467812499999996,1134499.34375,54186668.2053125
21294,2024,4,-0.0006355156249999999,1184600.015625,57510219.655
21300,2014,1,0.001555344262295082,2760279.4590163934,14516146.023278687
21300,2014,2,0.0011383174603174604,2623446.1428571427,15508430.956825396
21300,2014,3,-0.0007216250000000002,2180960.71875,15741429.8453125
21300,2014,4,0.002807109375,3400314.796875,16975725.731875
21300,2015,1,-0.00026416393442622936,3511026.049180328,18085559.19672131
21300,2015,2,-0.0010493968253968253,2936116.365079365,17038540.78190476
21300,2015,3,0.001722984375,3306490.203125,17243263.8853125
21300,2015,4,0.0004282656249999998,3463187.1875,18116725.75234375
21300,2016,1,0.0026811967213114757,3932821.606557377,19784438.31803279
21300,2016,2,0.0012480468749999998,3210504.921875,21014607.29125
21300,2016,3,-0.0011350937499999998,3084945.671875,21720943.32421875
21300,2016,4,4.5587301587301596e-05,2866192.9206349207,20313121.09746032
21300,2017,1,0.0015865322580645162,2531582.5,21511354.66580645
21300,2017,2,0.000638904761904762,2465243.777777778,23369854.655873016
21300,2017,3,0.0006275873015873017,2560396.904761905,24362710.53190476
21300,2017,4,0.00040928571428571424,2981449.8095238097,25198988.133174606
21300,2018,1,-0.0007135081967213114,3844305.7213114756,22637632.067377046
21300,2018,2,0.0002593437499999999,3113374.671875,22788478.62109375
21300,2018,3,0.0006936190476190476,3192800.8095238097,24035622.72301587
21300,2018,4,0.000884952380952381,4644543.46031746,25769205.715873014
21300,2019,1,0.002315229508196721,3558769.1967213117,27350434.58114754
21300,2019,2,0.001051222222222222,2955688.1428571427,29589736.883809526
21300,2019,3,0.0014980625,3285238.140625,32098205.041875
21300,2019,4,-0.00019765625000000002,3046552.046875,33264093.818125
21300,2020,1,5.645161290322552e-05,4328861.193548387,34190713.27290323
21300,2020,2,0.0009534920634920636,3217856.619047619,33090273.49777778
21300,2020,3,0.00174528125,2323517.03125,35839637.329375
21300,2020,4,-0.00036079687499999995,2441093.59375,36629363.34796875
21300,2021,1,0.00019685245901639325,3034642.5901639345,33982901.42704918
21300,2021,2,4.222222222222218e-06,2735714.0793650793,37462530.62523809
21300,2021,3,-0.0006638906250000001,2588432.78125,36374462.8234375
21300,2021,4,0.0014294062499999997,3407173.421875,35117986.933125
21300,2022,1,0.0012101935483870966,3481996.3225806453,37391623.62919355
21300,2022,2,-0.00011185483870967729,3350087.693548387,39625823.12774194
21300,2022,3,-0.0013500468750000001,2683740.5625,39817259.33171875
21300,2022,4,0.0016985238095238097,3326883.8253968256,36408844.47063492
21300,2023,1,-0.0003985967741935486,2947966.9516129033,37097618.69612903
21300,2023,2,-0.0011157903225806453,3090867.0483870967,36741282.625
21300,2023,3,-0.0011144603174603174,4250657.444444444,33148355.406984128
21300,2023,4,0.0014651904761904763,4035001.603174603,33108292.913650792
21300,2024,1,-0.0019432622950819674,5724214.508196721,31695213.781967215
21300,2024,2,0.00010695238095238094,3789018.523809524,30226306.325873014
21300,2024,3,0.00334046875,3142015.546875,33081750.80125
21300,2024,4,0.0005915625,3615740.8125,38514496.1096875
21303,2014,1,0.0013647704918032788,1430444.7540983607,25912672.72114754
21303,2014,2,-0.000339,1137146.6984126985,25980298.69063492
21303,2014,3,0.0016361875,971311.453125,26498045.71078125
21303,2014,4,0.0019463437499999997,1258946.421875,27955834.47984375
21303,2015,1,0.0015817704918032788,1608233.3606557378,32072182.243606556
21303,2015,2,-0.00011026984126984121,1056282.9841269841,31263375.56
21303,2015,3,0.0009036093749999999,1138130.109375,31753618.97953125
21303,2015,4,0.002168734375,1175054.84375,33721740.42328125
21303,2016,1,0.0009209180327868854,1312504.5901639345,34278948.274918035
21303,2016,2,0.001915546875,885001.140625,38015498.01609375
21303,2016,3,-0.0005065781250000001,884616.078125,38802022.5028125
21303,2016,4,0.0014599682539682538,1147014.0476190476,41141015.419047624
21303,2017,1,0.0004464032258064516,976530.5645161291,41627894.50209678
21303,2017,2,0.001294174603174603,765818.126984127,43672455.343333334
21303,2017,3,0.0019001746031746033,666471.4920634921,46907879.29952381
21303,2017,4,0.0011196984126984127,697497.0317460317,52288691.04126984
21303,2018,1,0.002295081967213115,1031266.7540983607,58309928.64295082
21303,2018,2,-0.0017980937500000002,1157331.6875,57630282.0575
21303,2018,3,0.0006556031746031745,1189129.873015873,53092342.03571428
21303,2018,4,-0.0038022222222222225,1514124.4285714286,48014157.54190476
21303,2019,1,0.0017237868852459017,996861.606557377,46638655.219344266
21303,2019,2,0.003060047619047619,914165.9841269841,50611657.38634921
21303,2019,3,0.0024894375,889843.109375,59981421.48625
21303,2019,4,-0.0012153281249999998,979200.09375,59343904.2275
21303,2020,1,-0.0012288225806451614,1272311.4838709678,58420022.2516129
21303,2020,2,0.000562730158730159,943523.6666666666,54761013.359365076
21303,2020,3,0.0006058281249999998,774761.34375,54353520.43796875
21303,2020,4,-0.00036623437499999986,969327.9375,51008119.75375
21303,2021,1,0.0011561475409836064,1196985.4426229508,50264044.81606558
21303,2021,2,0.001973809523809524,911530.0476190476,58586779.81793651
21303,2021,3,-3.4921874999999946e-05,632168.3125,57964834.536875
21303,2021,4,0.0013070156250000002,746162.296875,59239609.20890625
21303,2022,1,0.002672774193548387,1096169.3548387096,64740782.75516129
21303,2022,2,0.0012949032258064515,821180.5806451613,71580516.96967742
21303,2022,3,-8.55312500000001e-05,745227.015625,73940337.7871875
21303,2022,4,0.002640603174603175,911161.3492063492,80418393.92428571
21303,2023,1,-0.0025144516129032256,1119407.7741935484,71142948.80741936
21303,2023,2,-7.398387096774195e-05,688714.0645161291,68934646.98387097
21303,2023,3,-0.0004200793650793651,713382.0952380953,66518145.54396825
21303,2023,4,0.001195095238095238,816735.7936507936,70762408.96460319
21303,2024,1,0.0004993442622950818,947262.6885245901,69191228.2590164
21303,2024,2,-0.0013565396825396825,1046991.9365079365,67609296.15714286
21303,2024,3,0.0031191875,697576.6875,71861108.80703124
21303,2024,4,-0.0017122656249999998,720753.59375,73382283.51953125
21305,2014,1,0.0016482786885245904,17404493.213114753,245109907.72016394
21305,2014,2,0.0010230158730158729,15057484.73015873,264503818.6031746
21305,2014,3,-7.276562499999997e-05,13533300.5,269810861.3925
21305,2014,4,0.001022421875,16148270.9375,275636261.71875
21305,2015,1,5.998360655737695e-05,16649359.327868853,279612809.847541
21305,2015,2,0.0006669999999999998,14901409.142857144,287268920.6944444
21305,2015,3,-0.001186609375,17088274.34375,282800276.2515625
21305,2015,4,0.0010680937499999998,15039091.8125,277790674.46703124
21305,2016,1,-0.001629016393442623,21983543.672131147,249251387.0681967
21305,2016,2,-0.00012531250000000004,18773710.28125,246905225.966875
21305,2016,3,-0.0008578124999999999,22987849.859375,241932681.58578125
21305,2016,4,0.003744047619047619,28141388.936507937,252896520.80349207
21305,2017,1,0.0003455322580645162,18256720.83870968,284702319.1525806
21305,2017,2,0.0001084444444444444,19336076.80952381,267827565.08476192
21305,2017,3,8.073015873015865e-05,17362019.285714287,264396699.89920634
21305,2017,4,0.0016865396825396825,18499402.53968254,279564622.6931746
21305,2018,1,-0.0021249508196721314,23408053.262295082,291223352.674918
21305,2018,2,0.001082671875,19152062.171875,261132196.15078124
21305,2018,3,-0.0006782698412698412,18958861.507936507,276713797.3080952
21305,2018,4,-0.0018325555555555556,24802029.126984127,243174584.9168254
21305,2019,1,0.0009951639344262296,20743608.360655736,226758289.99016392
21305,2019,2,-0.00011230158730158716,21487610.19047619,211189116.27412698
21305,2019,3,0.0012923281249999999,20445174.484375,209151433.99578124
21305,2019,4,0.001206140625,18617179.84375,225208623.0321875
21305,2020,1,-0.008629064516129032,32731703.419354837,176872791.17016128
21305,2020,2,-0.00044985714285714296,49949613.952380955,111995943.12063493
21305,2020,3,-0.001001265625,43236518.109375,101361555.838125
21305,2020,4,0.0043276875,37918163.359375,106909088.98015624
21305,2021,1,0.004611704918032787,36646176.93442623,146361917.6
21305,2021,2,0.0025500158730158732,28077283.85714286,184695937.2431746
21305,2021,3,0.000662703125,27209528.359375,190440667.11390626
21305,2021,4,0.00077359375,24010437.4375,198271426.9928125
21305,2022,1,0.0005491774193548388,33338946.93548387,209611582.37467742
21305,2022,2,-0.0030628709677419357,25377989.79032258,166678260.51903227
21305,2022,3,0.00068225,16265867.828125,162926210.745
21305,2022,4,0.0006821904761904763,18199631.412698414,168146721.9068254
21305,2023,1,-0.0012772580645161293,23279920.887096774,165824727.48564517
21305,2023,2,0.0024491290322580643,21833126.580645163,152092426.7567742
21305,2023,3,-0.00048452380952380964,15215863.396825397,160700083.5022222
21305,2023,4,0.003212190476190476,16710261.825396825,157456545.16777778
21305,2024,1,0.0029053606557377046,19147555.918032788,188939723.46622953
21305,2024,2,0.000549047619047619,18006330.19047619,208728476.28015873
21305,2024,3,-0.00044087499999999986,17377864.8125,195676752.590625
21305,2024,4,0.0037329843749999998,17080211.828125,230553752.4959375
21308,2014,1,-0.0006986721311475411,2106461.0655737706,15966477.119344262
21308,2014,2,-0.00022546031746031734,1624041.7142857143,16343051.01984127
21308,2014,3,0.001688609375,1708274.625,16808996.93484375
21308,2014,4,-0.001356203125,2117724.09375,16592754.7271875
21308,2015,1,-0.00022586885245901624,2672032.1639344264,14899612.87032787
21308,2015,2,-0.0009760317460317459,1924172.349206349,15315926.344761904
21308,2015,3,-0.002163484375,2557150.25,13686803.48828125
21308,2015,4,0.00141459375,2284271.140625,13129086.02265625
21308,2016,1,0.002988639344262295,3026408.2459016396,12978224.03967213
21308,2016,2,0.0009554375,2614771.265625,15495735.81875
21308,2016,3,0.00028217187499999965,2849396.984375,16184759.64265625
21308,2016,4,0.003262873015873016,3078029.015873016,17803426.8415873
21308,2017,1,0.00034035483870967746,3149750.1774193547,19464288.182419352
21308,2017,2,-0.0002375396825396825,2802412.6666666665,18708574.625396825
21308,2017,3,-0.0003037142857142858,2350330.206349206,18039937.772698414
21308,2017,4,0.002191349206349206,2595035.0793650793,18654217.65238095
21308,2018,1,-0.00034885245901639355,3003236.8032786883,21055953.730327867
21308,2018,2,0.0005847656250000001,2349743.828125,20302293.4190625
21308,2018,3,0.0004161587301587301,2201473.619047619,20328286.153492063
21308,2018,4,-0.0029102857142857146,2742995.6666666665,18657834.73888889
21308,2019,1,0.002171983606557377,2499524.344262295,18072984.13311475
21308,2019,2,-0.0006593333333333334,2541970.3174603176,16746997.146031747
21308,2019,3,-0.0009485312499999999,2086370.4375,15857516.53859375
21308,2019,4,0.0017714843749999998,1851164.609375,16535836.45328125
21308,2020,1,-0.0059713870967741944,2859037.0,13424142.941612903
21308,2020,2,0.0028599365079365075,2579494.4444444445,12170741.394444445
21308,2020,3,0.0015891250000000003,1991166.03125,13350525.89609375
21308,2020,4,0.0030301875,1828494.828125,15592082.87546875
21308,2021,1,0.007150065573770492,2923282.3606557376,18296742.09295082
21308,2021,2,0.0032287142857142857,3712391.793650794,27961977.50952381
21308,2021,3,0.0008480625000000002,3280737.515625,31608660.1553125
21308,2021,4,0.00273028125,3243813.6875,31499696.325
21308,2022,1,0.004773951612903226,3587985.1612903224,33817609.06629032
21308,2022,2,-0.005131967741935484,2980766.709677419,36259997.08096774
21308,2022,3,0.0008798125,2028677.109375,33205709.4140625
21308,2022,4,0.003752444444444444,1914546.5873015872,35316110.497301586
21308,2023,1,0.002939548387096774,1850813.5161290322,40593540.87596774
21308,2023,2,0.0012514516129032262,1637793.5967741935,36745109.18548387
21308,2023,3,-0.0005496507936507938,1324069.111111111,41446201.43238095
21308,2023,4,0.0018656190476190476,1410006.761904762,39271367.929841265
21308,2024,1,0.002278950819672131,1471511.3770491802,44595401.309999995
21308,2024,2,-0.003359650793650794,1476216.2222222222,41780968.27301587
21308,2024,3,-0.0005575156250000002,1458070.421875,35955183.168125
21308,2024,4,-0.0034773125000000004,2098248.46875,34028120.121875
21322,2014,1,0.00021770491803278698,4287997.147540984,74533574.0085246
21322,2014,2,0.001340015873015873,3794000.492063492,77346486.15619048
21322,2014,3,-0.000859015625,3425027.671875,78462007.04125
21322,2014,4,-0.0018104375000000002,6436045.453125,66411589.370625
21322,2015,1,-0.0013525737704918033,5213088.967213115,59925626.59442622
21322,2015,2,0.0012219841269841267,4405770.968253968,60177701.979682535
21322,2015,3,-0.00218365625,5042792.21875,53625844.09828125
21322,2015,4,0.00069,4819986.28125,55038610.78015625
21322,2016,1,0.0006431803278688527,5677770.196721312,51248539.89786885
21322,2016,2,0.0018068281249999998,3934291.75,57072574.91203125
21322,2016,3,-0.0003326562499999999,3958412.109375,57179986.57390625
21322,2016,4,-8.115873015873024e-05,5118830.301587301,54261408.27206349
21322,2017,1,-0.0016356129032258065,5250246.854838709,50841801.449838705
21322,2017,2,-0.0005912698412698413,5062033.396825396,46801160.24031746
21322,2017,3,0.0013605238095238095,3525160.714285714,46564843.53
21322,2017,4,0.002391809523809524,4022274.26984127,51908703.75793651
21322,2018,1,-0.0017463934426229506,5000999.1147540985,53524311.708852455
21322,2018,2,0.004190125,5214336.171875,61161092.30703125
21322,2018,3,-6.319047619047628e-05,4362169.952380952,61861562.06285714
21322,2018,4,-0.004196825396825398,5655976.634920635,53546445.862222224
21322,2019,1,0.001542672131147541,4442515.721311475,49615723.13409836
21322,2019,2,-0.003944460317460317,11122614.158730159,42088525.57746032
21322,2019,3,-0.001416234375,9232577.1875,37540364.04875
21322,2019,4,-0.0006693437499999999,9680560.28125,35816931.458125
21322,2020,1,-0.014388306451612902,24379120.274193548,29353260.50145161
21322,2020,2,0.010277365079365079,47161018.65079365,14156277.266507937
21322,2020,3,-0.008651640625,24132749.890625,12892476.519375
21322,2020,4,0.010008343749999999,26708498.0,12762681.0225
21322,2021,1,0.008069327868852458,20721032.557377048,23299715.89262295
21322,2021,2,0.0031485079365079368,17983028.38095238,25038527.661904763
21322,2021,3,-0.0002432656249999996,16303275.078125,24921128.517500002
21322,2021,4,7.80781249999998e-05,15556397.921875,29304357.3515625
21322,2022,1,0.011806112903225807,33149188.48387097,41304373.90693548
21322,2022,2,0.0012855161290322582,28952399.870967742,57556205.64048387
21322,2022,3,0.0011655781249999997,24861897.671875,59860828.81578125
21322,2022,4,0.0007762857142857144,15246119.603174603,62930155.52888889
21322,2023,1,0.0001393870967741937,13765462.85483871,56457818.72354839
21322,2023,2,-0.0008135806451612904,11079591.548387097,53825349.70112903
21322,2023,3,0.001737047619047619,8937928.19047619,55953608.69761904
21322,2023,4,-0.0011311746031746033,9994581.761904761,53900527.949999996
21322,2024,1,0.0015193934426229508,8742305.426229509,52466874.28442623
21322,2024,2,-0.0003441904761904761,7427876.079365079,56851917.71746031
21322,2024,3,-0.0029735781249999997,10290598.140625,51424445.5446875
21322,2024,4,-0.0004707499999999998,12015970.203125,47286714.66546875
21384,2014,1,0.00026931147540983606,5983976.442622951,124197980.94590163
21384,2014,2,0.0012175714285714285,4376295.634920635,131026284.98730159
21384,2014,3,0.0007801406249999999,4204530.3125,137600367.25640625
21384,2014,4,0.0003831093749999999,4633276.984375,143472936.07953125
21384,2015,1,0.000346672131147541,5322107.983606557,143923369.37032786
21384,2015,2,-0.00024411111111111118,4206924.571428572,141088532.39238095
21384,2015,3,0.0003456718750000001,5060542.921875,139568412.95390624
21384,2015,4,0.0010589375,4371225.859375,145307152.30515626
21384,2016,1,0.000575,5150388.147540984,143255973.5681967
21384,2016,2,0.0006722968749999999,4559927.046875,149108144.2584375
21384,2016,3,0.000543546875,3915824.28125,155121281.85921875
21384,2016,4,-0.00045573015873015885,4438945.746031746,150180586.66904762
21384,2017,1,0.0012042419354838711,4165065.9838709678,153461716.03387097
21384,2017,2,0.0006326190476190477,3419249.0,163815801.8011111
21384,2017,3,-0.00044234920634920636,3446838.619047619,164606055.25587302
21384,2017,4,0.0013023492063492063,3568922.3492063493,162526311.33460316
21384,2018,1,-0.0013625737704918031,4643076.213114754,161467125.34163934
21384,2018,2,0.00016195312499999996,5289471.5,146422418.480625
21384,2018,3,0.000607968253968254,5090783.73015873,160089946.7679365
21384,2018,4,3.241269841269832e-05,5149704.841269841,159155148.7111111
21384,2019,1,0.0018731147540983607,5538087.573770491,160254676.68377048
21384,2019,2,0.001220952380952381,4173702.904761905,179669137.0111111
21384,2019,3,0.0008550781249999999,4223446.703125,185660311.4578125
21384,2019,4,8.967187499999996e-05,3603338.90625,189751828.0671875
21384,2020,1,-0.0011624999999999995,6506217.612903226,187849433.13580644
21384,2020,2,0.0018166349206349206,5745121.777777778,182874201.3222222
21384,2020,3,0.0008988281250000002,4197429.796875,188265214.810625
21384,2020,4,0.0012161875,3768110.46875,196404443.79
21384,2021,1,-0.0005741967213114755,5760122.147540984,189390089.57950822
21384,2021,2,0.0008819841269841269,5040520.666666667,201315421.37412697
21384,2021,3,0.000367484375,3968057.015625,213971677.18484375
21384,2021,4,0.0024012968750000002,4162260.671875,225845981.2046875
21384,2022,1,-0.00043179032258064523,5752981.0,232249038.71209678
21384,2022,2,0.00015554838709677432,5438929.903225807,232745097.35999998
21384,2022,3,-0.0001637968749999999,4353496.5,237761569.16828126
21384,2022,4,0.0017771587301587302,4921840.111111111,245741046.14714286
21384,2023,1,0.00029522580645161293,4761699.677419355,240744367.82596773
21384,2023,2,0.00039679032258064514,4450004.483870967,257084977.7087097
21384,2023,3,-0.0012577301587301587,4732575.492063492,249952995.69
21384,2023,4,0.00022015873015873016,5683588.19047619,228018575.66095236
21384,2024,1,0.0006714918032786884,5896492.7049180325,231368903.8286885
21384,2024,2,-0.0007564126984126985,5069530.317460317,237255748.8720635
21384,2024,3,0.0006451874999999999,5396047.234375,235959489.67625
21384,2024,4,-0.001565203125,5825099.8125,224790965.225625
21394,2014,1,0.0009836065573770492,27095984.491803277,202537128.28934425
21394,2014,2,-0.0010545238095238095,29250254.015873015,191653235.55238095
21394,2014,3,0.0001129062500000001,22918218.90625,188158456.5990625
21394,2014,4,0.00099621875,25290672.234375,191179379.8546875
21394,2015,1,0.0020145409836065573,30465784.032786883,208908576.46393442
21394,2015,2,-0.0004306825396825396,23840094.063492063,211144617.92603174
21394,2015,3,-0.000777203125,25380977.578125,208206697.3915625
21394,2015,4,0.0006645468750000002,35482512.078125,204566756.908125
21394,2016,1,-0.001162,42595259.37704918,185871851.21540982
21394,2016,2,0.00289553125,37082199.796875,206703392.3953125
21394,2016,3,-0.00043445312499999994,19202394.40625,213750826.1490625
21394,2016,4,-0.00040809523809523827,26121382.444444444,195209604.44761905
21394,2017,1,0.0010266774193548388,25172883.741935484,200116140.71467742
21394,2017,2,-0.00011549206349206343,21429985.46031746,198094302.1542857
21394,2017,3,0.0011500634920634922,17161713.333333332,201921729.46222225
21394,2017,4,0.0003943492063492063,15005390.26984127,213905563.9231746
21394,2018,1,-6.803278688524589e-05,24892765.557377048,215880442.84737706
21394,2018,2,0.00052865625,21013557.625,213026025.63703126
21394,2018,3,0.0032615714285714283,19476332.19047619,237520416.06333333
21394,2018,4,9.64444444444447e-05,25275609.968253966,255359458.08095238
21394,2019,1,-0.00022334426229508192,25462331.786885247,240526038.16311476
21394,2019,2,0.0004987777777777777,22594050.84126984,232361545.26666665
21394,2019,3,-0.00266646875,24860452.390625,212538649.7159375
21394,2019,4,0.0015512968750000002,18431297.078125,207690279.676875
21394,2020,1,-0.0022897258064516124,32724401.677419353,198919032.68967742
21394,2020,2,0.00040990476190476193,27399996.73015873,198736913.91238093
21394,2020,3,0.002056921875,26756699.015625,205293246.1509375
21394,2020,4,0.0011105625,42911609.953125,209287241.5259375
21394,2021,1,-3.513114754098355e-05,33281018.491803277,197620244.93262294
21394,2021,2,0.0014442063492063491,26343649.07936508,217201465.21714285
21394,2021,3,0.0017303437500000003,32477686.125,248119968.405
21394,2021,4,0.005398249999999999,39781313.078125,277914606.30125
21394,2022,1,-0.0018328548387096775,34374723.62903226,291455008.4248387
21394,2022,2,0.0005139032258064518,24441753.725806452,287141698.79806453
21394,2022,3,-0.0026067812499999997,17637687.265625,272670202.2775
21394,2022,4,0.002770380952380952,20781273.0,269092186.4785714
21394,2023,1,-0.003440967741935484,23078070.258064516,242445581.42177418
21394,2023,2,-0.001443483870967742,26286196.774193548,219068394.22548386
21394,2023,3,-0.0013524761904761906,24342066.666666668,199639745.38031745
21394,2023,4,-0.0018515396825396825,39166856.03174603,170679854.96746033
21394,2024,1,-0.0002552131147540983,43843415.04918033,156683074.2004918
21394,2024,2,0.0004972698412698412,38067678.46031746,155639967.12555555
21394,2024,3,0.000818390625,31171607.0,165302578.785
21394,2024,4,-0.0009960312500000002,42453495.546875,153710850.15859374
21396,2014,1,0.003565360655737705,7221100.180327869,25296278.65704918
21396,2014,2,0.0015508571428571429,8619721.46031746,30687918.735873014
21396,2014,3,-0.00083528125,6482950.734375,28204919.65671875
21396,2014,4,0.00156284375,6517804.890625,30916034.27625
21396,2015,1,-0.0013411639344262294,7138945.24590164,29852162.34081967
21396,2015,2,-0.000843873015873016,6251648.777777778,28920716.584285714
21396,2015,3,-0.0005459531249999999,8976975.75,27151683.6934375
21396,2015,4,-0.0007737812500000001,7928217.21875,25045180.3878125
21396,2016,1,0.004476049180327869,8159071.573770491,28886806.261147544
21396,2016,2,0.0004244375,5293116.359375,31947010.11703125
21396,2016,3,-0.0011673281249999997,4750269.15625,31668830.5340625
21396,2016,4,0.0013233968253968252,6209530.46031746,30689912.067619048
21396,2017,1,0.0004241935483870966,4984342.903225807,33032621.851612903
21396,2017,2,0.00022884126984126977,5033239.476190476,33050613.601269837
21396,2017,3,0.0008590476190476191,4666967.587301588,35624246.896825396
21396,2017,4,0.0008752539682539683,4963181.253968254,38683317.07428571
21396,2018,1,5.316393442622941e-05,7113625.213114754,36413727.527049184
21396,2018,2,0.00154925,5986224.4375,38740168.170625
21396,2018,3,0.0005557142857142857,5176935.936507937,41656477.72904762
21396,2018,4,0.0007043174603174602,5985298.507936508,43326307.978412695
21396,2019,1,0.0018937377049180327,5432800.508196721,46209417.40901639
21396,2019,2,-0.0005452698412698413,5001229.793650794,47849187.59793651
21396,2019,3,0.00029681249999999993,5790859.984375,45718339.9221875
21396,2019,4,-0.0007194687499999998,6661380.265625,44124890.04640625
21396,2020,1,-0.002213258064516129,7354879.919354838,42935420.57064516
21396,2020,2,0.0004910476190476187,6168238.412698412,36269054.2984127
21396,2020,3,5.19687500000002e-05,5535008.953125,36224128.555
21396,2020,4,0.002849203125,5468571.375,40365945.744375
21396,2021,1,0.0008444098360655736,5294033.049180328,41130768.492131144
21396,2021,2,0.0004076825396825397,5354805.380952381,44100603.204126984
21396,2021,3,0.0015240156250000002,4475264.046875,46846970.27890625
21396,2021,4,0.00295165625,5090490.03125,51657334.526875
21396,2022,1,0.002665483870967742,9708274.258064516,46887529.95467742
21396,2022,2,-0.0005400806451612904,6916438.774193549,46084448.466774195
21396,2022,3,-0.002721390625,6521941.28125,43699191.21
21396,2022,4,0.0025872698412698412,8301781.079365079,39261030.6152381
21396,2023,1,-0.0002767903225806452,7289939.403225807,41440997.38596774
21396,2023,2,-0.00025188709677419365,6351855.774193549,41116390.815967746
21396,2023,3,-0.0010000317460317461,5102558.825396826,40550407.90603174
21396,2023,4,-0.0004960952380952383,7625791.380952381,38342629.44936508
21396,2024,1,0.0009855245901639344,7044493.163934426,35712392.757540986
21396,2024,2,-0.0010754603174603177,6833219.063492063,36910547.66317461
21396,2024,3,0.0026875,6482909.453125,37622410.029375
21396,2024,4,-0.00095396875,6190583.015625,38979990.6221875
21398,2014,1,-0.00015244262295081967,8836839.524590164,72512968.37081967
21398,2014,2,0.002023,7476257.492063492,79994895.89190476
21398,2014,3,0.0016508125000000002,6224883.78125,85002689.639375
21398,2014,4,0.0012956093749999999,6776713.046875,96396307.98234375
21398,2015,1,0.0004692622950819672,7269834.8852459015,104784919.09
21398,2015,2,-0.00012230158730158744,6569719.031746032,99725449.46047619
21398,2015,3,0.0019172500000000001,7162155.390625,105236569.51328126
21398,2015,4,0.0012781406250000002,5870225.0625,113633602.34765625
21398,2016,1,0.001413983606557377,6768047.180327869,118484130.56327869
21398,2016,2,0.001668828125,6125735.78125,125322437.15328126
21398,2016,3,-0.001169375,5251744.234375,129894480.53984375
21398,2016,4,0.001273079365079365,6779029.428571428,125666542.08761905
21398,2017,1,0.0010281774193548387,6625539.129032258,140826839.30741936
21398,2017,2,0.0008192857142857142,5722266.26984127,141582898.36031747
21398,2017,3,-0.002264888888888889,8098557.492063492,128177713.16857143
21398,2017,4,0.0020815714285714287,6844549.46031746,128087730.25492065
21398,2018,1,-0.0019424918032786885,8234563.950819672,126201984.71885246
21398,2018,2,-0.0011480312500000002,8425669.0625,109300002.835625
21398,2018,3,0.001265,6795008.666666667,112052678.86555555
21398,2018,4,-0.0027775238095238096,10329871.349206349,109005836.14444445
21398,2019,1,0.0028581311475409836,12544771.081967212,95945234.74688525
21398,2019,2,-0.0026675873015873015,8180552.476190476,98043862.44682539
21398,2019,3,-0.001871453125,10647453.375,85974947.8325
21398,2019,4,0.003444546875,8796800.078125,88117623.68421875
21398,2020,1,-0.003114451612903226,12355548.983870968,82619431.87096775
21398,2020,2,0.0008422539682539683,10361846.793650793,72502592.65587302
21398,2020,3,0.0001539218749999999,7646365.625,77342319.9746875
21398,2020,4,0.00135534375,9151726.84375,74618434.79234375
21398,2021,1,0.004018622950819672,9434564.196721312,83280325.14885245
21398,2021,2,-0.0007377619047619047,8857762.92063492,91052142.95333333
21398,2021,3,-0.00035967187499999997,6424758.546875,89159096.0325
21398,2021,4,0.0010024531249999999,7750490.6875,84284274.34578125
21398,2022,1,0.0019459193548387098,9695201.161290323,93074400.45564516
21398,2022,2,-0.00304241935483871,12118738.241935484,93899822.33177419
21398,2022,3,-0.00011218749999999993,8351886.734375,78835849.23265626
21398,2022,4,0.002371873015873016,8302349.619047619,81305587.97333333
21398,2023,1,3.029032258064514e-05,8509057.451612903,82385194.24403226
21398,2023,2,0.0006213870967741935,7338067.419354838,80854562.5632258
21398,2023,3,-0.0008092857142857143,7516250.206349206,78716338.66666667
21398,2023,4,-0.00017755555555555572,9045431.26984127,73226848.96206349
21398,2024,1,0.0017257377049180326,11809183.114754098,73256033.65196723
21398,2024,2,0.0010706507936507938,10720882.174603175,76846751.28857143
21398,2024,3,0.0021405937499999997,8212829.125,86619219.0553125
21398,2024,4,0.0007622812499999999,7602740.359375,90675659.23625
21446,2014,1,-2.622950819672138e-06,9746260.459016394,213830692.1495082
21446,2014,2,-0.0002600952380952382,7649557.650793651,218327805.61777776
21446,2014,3,0.00114040625,7346657.625,221767936.940625
21446,2014,4,0.001466609375,7825998.125,237878271.70953125
21446,2015,1,-0.0015687868852459017,8596372.081967212,232226366.4032787
21446,2015,2,-0.0005813968253968254,7855371.698412699,217973173.32761905
21446,2015,3,-0.0011014687500000002,10144901.28125,203425750.18687502
21446,2015,4,0.001731078125,8694861.421875,207722436.2853125
21446,2016,1,0.0007828196721311474,10443220.885245902,218279814.93311477
21446,2016,2,0.000603484375,7184131.8125,219586433.8125
21446,2016,3,0.0010609999999999999,18399522.828125,231411648.795
21446,2016,4,-0.0008663492063492064,12004307.238095239,227897313.7993651
21446,2017,1,0.001228290322580645,9492801.241935484,233081778.39725804
21446,2017,2,-0.00034646031746031757,6640863.619047619,225419717.9942857
21446,2017,3,0.0008238571428571428,6226384.587301588,232477096.9769841
21446,2017,4,0.0003027460317460318,6882858.555555556,228553983.98126984
21446,2018,1,-0.00222444262295082,10275195.081967212,211060863.42983606
21446,2018,2,-4.232812500000007e-05,9249042.109375,189392455.56015626
21446,2018,3,0.001194047619047619,7177470.873015873,204981035.91095236
21446,2018,4,0.0018606031746031743,11306793.825396825,222654861.95253968
21446,2019,1,0.0022101803278688523,9539358.770491803,243202825.8104918
21446,2019,2,0.0009917777777777776,6968200.317460317,267130673.1761905
21446,2019,3,0.0021377500000000003,7384186.84375,295747308.99890625
21446,2019,4,0.00021773437500000007,6515524.15625,305492499.06828123
21446,2020,1,-0.0013307903225806455,10436190.177419355,297368518.71854836
21446,2020,2,0.0015661269841269843,9181795.253968254,288460636.47190475
21446,2020,3,0.00248225,6150022.515625,329358394.761875
21446,2020,4,0.00015326562499999992,6324066.890625,347018829.1670312
21446,2021,1,-0.00028506557377049193,8398928.704918033,321966632.79770494
21446,2021,2,8.35079365079365e-05,8747972.92063492,331873655.7555555
21446,2021,3,0.000677578125,6646519.8125,346036059.0759375
21446,2021,4,0.002593515625,7269827.859375,359659436.388125
21446,2022,1,-0.0009174032258064517,8407200.322580645,376142837.31903225
21446,2022,2,-0.0007598548387096777,7901046.112903226,360501223.8762904
21446,2022,3,-0.0018331875000000002,6510244.140625,340375137.61046875
21446,2022,4,0.0030733650793650794,6522647.428571428,333003780.87714285
21446,2023,1,-0.00015479032258064514,6886329.854838709,337712349.8583871
21446,2023,2,0.0004696935483870969,6116611.258064516,355345052.68774194
21446,2023,3,-0.0004955079365079366,5535236.984126984,360011990.58809525
21446,2023,4,0.00022446031746031753,6645165.761904762,349075035.12920636
21446,2024,1,0.001807688524590164,6909187.852459016,369225054.3767213
21446,2024,2,0.00038987301587301595,6294996.666666667,385468899.645873
21446,2024,3,0.0009284531249999999,6853667.859375,400068276.22046876
21446,2024,4,-0.00037306249999999986,6730650.71875,400779188.81625
21543,2014,1,0.003459868852459016,2304131.4918032787,16223571.804262294
21543,2014,2,0.0005525555555555556,2005768.619047619,18250329.023015875
21543,2014,3,-0.000448515625,1891116.390625,18609000.712812502
21543,2014,4,0.002626421875,2283752.015625,20240193.8475
21543,2015,1,-0.0005578360655737705,2173242.2459016396,21251156.00409836
21543,2015,2,-0.0016796984126984126,2273855.603174603,19570587.59746032
21543,2015,3,0.0021736718750000003,2412796.15625,19346555.3640625
21543,2015,4,-0.0007890781250000001,2231665.53125,19915604.63875
21543,2016,1,0.0033607540983606556,2581190.2786885244,21130232.05262295
21543,2016,2,0.001356078125,1634513.28125,23389157.1625
21543,2016,3,-0.0009724218750000001,1539223.765625,24445434.188125
21543,2016,4,0.00013600000000000005,1700013.349206349,22993115.101746034
21543,2017,1,0.0017633387096774194,1742562.8709677418,24712449.049032256
21543,2017,2,-0.0001572698412698413,1628180.0476190476,26102063.826825395
21543,2017,3,-7.807936507936505e-05,1699563.4761904762,25776563.123015873
21543,2017,4,-0.0027273333333333333,2830969.619047619,24853535.3884127
21543,2018,1,0.0003608524590163934,3614103.704918033,20065577.845573768
21543,2018,2,0.00010568749999999985,1868877.78125,20331115.4796875
21543,2018,3,0.0012646507936507935,1978398.3015873015,21793704.654126983
21543,2018,4,-0.0019528253968253966,3036004.238095238,20257583.363174606
21543,2019,1,0.0017047704918032786,2761168.0,19440234.372131146
21543,2019,2,0.0015279841269841268,2151842.746031746,20227639.780793652
21543,2019,3,0.002109625,2746033.4375,24925344.951875
21543,2019,4,0.00030532812500000004,2590128.140625,25359156.39953125
21543,2020,1,-0.00407208064516129,2442561.14516129,24936842.308064513
21543,2020,2,0.0003089682539682535,3046242.206349206,21203260.843015876
21543,2020,3,-0.0004981250000000001,2278652.234375,20126908.071875
21543,2020,4,0.003606828125,1829349.765625,22796789.1021875
21543,2021,1,-0.0008537704918032787,2142324.7868852457,22235698.847213116
21543,2021,2,-0.00013074603174603175,1885671.6984126985,22068295.9984127
21543,2021,3,-0.00020867187499999995,1811028.46875,21775172.888125
21543,2021,4,0.003460609375,2056877.4375,24079261.9146875
21543,2022,1,0.0006716774193548387,2183596.2258064514,24264073.53483871
21543,2022,2,-0.0014906774193548383,1858687.7580645161,25817528.429032255
21543,2022,3,-0.0012351875,1694937.796875,25233383.475
21543,2022,4,0.0022271428571428572,1910475.0952380951,23419359.476031747
21543,2023,1,0.001983274193548387,2105633.5161290322,25792377.865967743
21543,2023,2,-0.0001910483870967742,1533038.0322580645,26928309.779999997
21543,2023,3,-0.0010589206349206348,1538250.8253968253,26697345.69190476
21543,2023,4,0.002227873015873016,2206604.1587301586,25189873.858412698
21543,2024,1,8.952459016393432e-05,2331051.9836065574,26245500.258360654
21543,2024,2,0.00029814285714285706,1793936.4285714286,27881878.506666668
21543,2024,3,0.003234484375,1930745.296875,31330582.42265625
21543,2024,4,-0.001157875,2085360.609375,32333905.41421875
21578,2014,1,0.0010179180327868852,7819657.622950819,33784397.1052459
21578,2014,2,-3.419047619047624e-05,7503834.46031746,34138533.884444445
21578,2014,3,0.0014789687500000002,5436985.140625,36855419.640625
21578,2014,4,0.0006199375000000002,7541416.640625,37057406.72296875
21578,2015,1,0.00036477049180327876,7447704.737704918,37912179.84311475
21578,2015,2,0.001210015873015873,6633091.523809524,41499980.304603174
21578,2015,3,-0.0018271093749999995,9771112.828125,42173934.6484375
21578,2015,4,0.002445796875,9100895.671875,41641174.9790625
21578,2016,1,-0.0022495573770491806,12350894.459016394,34787238.6747541
21578,2016,2,-0.0011929531250000002,9328854.921875,37557275.2225
21578,2016,3,0.003593203125,8113889.71875,38770659.030625
21578,2016,4,0.0036946190476190477,9402854.587301588,47306180.947936505
21578,2017,1,0.0007185645161290324,7776347.0322580645,54889213.91709678
21578,2017,2,0.0009571428571428571,7838520.968253968,53520523.8384127
21578,2017,3,0.0003816349206349207,6345873.444444444,55544184.20714286
21578,2017,4,0.0026635396825396827,6056790.952380952,62934111.48047619
21578,2018,1,0.0004791967213114753,7368912.5245901635,71958461.41131148
21578,2018,2,-0.00018132812499999996,6324258.046875,74666677.6765625
21578,2018,3,-0.00048258730158730144,5681237.079365079,68930398.27936509
21578,2018,4,-0.00241831746031746,9120709.26984127,61105296.99888889
21578,2019,1,0.0006777213114754099,6751778.327868853,60689830.41688524
21578,2019,2,-0.0007891746031746034,7442520.031746032,58139812.22698413
21578,2019,3,0.0008649374999999999,8973983.28125,53499374.1265625
21578,2019,4,0.0023089687500000003,10784178.984375,57240613.3465625
21578,2020,1,-0.004313129032258064,14363050.096774194,53929642.701290324
21578,2020,2,0.0007052698412698413,11300963.904761905,46098437.41253968
21578,2020,3,0.001381046875,8570981.328125,44807075.4546875
21578,2020,4,0.00628725,11785208.984375,74949055.2321875
21578,2021,1,0.0036816557377049182,8649395.131147541,109123836.55475411
21578,2021,2,0.001956063492063492,7446357.158730159,127769220.88349207
21578,2021,3,0.00022773437499999986,5759671.3125,129096676.51078124
21578,2021,4,0.002427546875,5268912.5625,146308449.28546876
21578,2022,1,0.0004103387096774191,8555289.08064516,159297308.83967742
21578,2022,2,-0.004263161290322581,9112777.677419355,125199930.11790323
21578,2022,3,0.0022485937499999997,6964886.671875,126168074.1784375
21578,2022,4,0.002565079365079365,7451098.634920635,141025657.2736508
21578,2023,1,-0.006706032258064516,21945066.80645161,132950568.54290323
21578,2023,2,0.0015815,17597904.596774194,93398852.47064516
21578,2023,3,-0.00019877777777777794,9612881.841269841,106942287.46126984
21578,2023,4,0.0038868095238095233,10552681.603174603,102265946.22380953
21578,2024,1,0.0009627540983606558,7823598.622950819,116717537.33524589
21578,2024,2,0.00044046031746031747,6913754.968253968,131098135.37857144
21578,2024,3,-0.0017418124999999999,9380874.84375,116773711.17609376
21578,2024,4,0.0022789531249999997,7834286.171875,133109348.98265626
21640,2014,1,0.0013181311475409837,4396152.967213115,37133573.35213115
21640,2014,2,0.0007333492063492065,4693077.873015873,39356448.17888889
21640,2014,3,-0.00038646874999999993,4170796.171875,39280301.79625
21640,2014,4,0.002063109375,5910390.5,42369334.87109375
21640,2015,1,-0.0014325901639344262,5996129.344262295,42754029.092459016
21640,2015,2,-0.0006532380952380953,5123024.777777778,39590550.86698412
21640,2015,3,0.0012675625,5460037.4375,39847254.97515625
21640,2015,4,0.0009630000000000001,4322849.4375,41210335.708125
21640,2016,1,0.00187372131147541,5586645.31147541,44353558.38016394
21640,2016,2,0.0007832656250000001,5223198.203125,46463369.757968746
21640,2016,3,-0.00048270312499999995,5630961.578125,50210972.875
21640,2016,4,-0.0004276825396825396,5285344.365079365,48119908.18539682
21640,2017,1,0.00041145161290322585,5052714.112903226,48670010.740161285
21640,2017,2,-0.00041512698412698404,4830384.031746032,49837093.69571429
21640,2017,3,0.0006381269841269842,4576003.063492063,48381395.06714286
21640,2017,4,-0.00013142857142857143,4530345.126984127,50995739.359365076
21640,2018,1,-0.0009357540983606559,7576509.606557377,44627652.44311476
21640,2018,2,0.000835625,5148888.0,45242854.10546875
21640,2018,3,-0.0006768730158730158,6053275.603174604,46655551.61904762
21640,2018,4,0.00039642857142857155,6193578.095238095,46316719.72349206
21640,2019,1,0.0029059508196721314,5123286.803278688,50534727.32213115
21640,2019,2,0.0012815873015873016,4217971.047619048,55621251.52396826
21640,2019,3,0.001949921875,4707532.421875,60504429.65796875
21640,2019,4,0.0006794531249999999,4449645.796875,64915373.0153125
21640,2020,1,-0.0013710967741935485,6303053.129032258,66554026.10516129
21640,2020,2,-8.374603174603148e-05,5305347.142857143,58670608.968888886
21640,2020,3,0.000951953125,3825053.984375,56441658.47375
21640,2020,4,0.002193734375,3689905.28125,63499801.09578125
21640,2021,1,0.0004491147540983608,4070377.704918033,63249858.39672131
21640,2021,2,-0.00022006349206349208,3946307.365079365,67682760.70333333
21640,2021,3,0.0005604843749999999,4044829.046875,68166195.2484375
21640,2021,4,0.00179740625,4137631.75,67501811.915625
21640,2022,1,0.0011394516129032259,5994037.983870967,71766571.335
21640,2022,2,-1.8661290322580507e-05,5390640.70967742,77979194.2401613
21640,2022,3,-0.0005062500000000001,3948365.84375,81161931.25109375
21640,2022,4,0.0010724444444444447,4691544.904761905,72783325.87285714
21640,2023,1,-0.0001659838709677418,4414934.9677419355,73309027.12064515
21640,2023,2,0.00035903225806451606,4092740.919354839,78168103.15967742
21640,2023,3,-0.0010746190476190476,3719931.6825396824,75679845.35761905
21640,2023,4,0.0015071111111111112,4541996.920634921,74890082.03809524
21640,2024,1,0.0006023114754098361,4607899.737704918,75295775.91016394
21640,2024,2,0.0014411904761904761,4708146.53968254,82738243.42507936
21640,2024,3,0.002536046875,4143748.890625,93434853.919375
21640,2024,4,-0.001242015625,4077964.765625,96061613.3621875
21645,2014,1,0.00023222950819672128,30935676.37704918,173971341.24557376
21645,2014,2,0.0003703174603174602,24582983.666666668,184324778.4095238
21645,2014,3,0.00017278124999999995,19403562.4375,182769204.77359375
21645,2014,4,-0.0004983593749999999,24170019.296875,178157746.40625
21645,2015,1,-0.00019434426229508205,26468287.606557377,174598481.24852458
21645,2015,2,0.0016171904761904763,31522249.507936507,177656448.56380954
21645,2015,3,-0.00108075,31990064.296875,196676217.9084375
21645,2015,4,0.001117015625,23127534.59375,206603002.5
21645,2016,1,0.0023931803278688527,28904016.13114754,225743705.4960656
21645,2016,2,0.001754625,21255546.625,242503087.633125
21645,2016,3,-0.000751453125,19911999.921875,257499591.100625
21645,2016,4,0.0009826190476190475,24664705.793650795,240130838.6552381
21645,2017,1,-0.00015630645161290331,19569295.419354837,255854566.67741936
21645,2017,2,-0.0013138571428571429,20873096.904761903,239858877.73492062
21645,2017,3,0.0008718571428571428,24420815.333333332,230865630.47619048
21645,2017,4,0.0001846190476190476,36341541.52380952,221962358.0952381
21645,2018,1,-0.0011059344262295081,28819788.18032787,226421283.19918033
21645,2018,2,-0.0013016562499999999,39467823.015625,208632302.1559375
21645,2018,3,0.0010224285714285715,34965886.73015873,236156458.03174603
21645,2018,4,-0.002183111111111111,42074411.34920635,224061088.57142857
21645,2019,1,0.0019,31931927.557377048,221778039.95245904
21645,2019,2,0.0013656349206349206,28427350.873015873,231605880.13968253
21645,2019,3,0.0022013906250000002,32456259.609375,256186141.25
21645,2019,4,0.000774765625,27805272.40625,279269625.3125
21645,2020,1,-0.003924290322580646,46120188.0,262045907.87935483
21645,2020,2,0.0011381904761904762,38933608.20634921,215742210.0679365
21645,2020,3,-0.000608609375,32857384.640625,210822070.3125
21645,2020,4,0.0005241562500000001,41358023.40625,203440487.8125
21645,2021,1,0.0011939016393442625,44833153.49180328,208673159.77459016
21645,2021,2,-0.0004473174603174604,45038061.253968254,215011296.93714288
21645,2021,3,-0.00067859375,31979283.96875,198601331.25
21645,2021,4,-0.00104146875,52551281.34375,176715678.125
21645,2022,1,-0.000171290322580645,52856688.548387095,174940591.45274192
21645,2022,2,0.002746677419354839,50166696.22580645,147441148.45080647
21645,2022,3,-0.004555421875,38631016.953125,130066915.3125
21645,2022,4,0.003329063492063492,44691860.14285714,127559667.93650794
21645,2023,1,0.0010429677419354839,32273622.30645161,136230299.97096774
21645,2023,2,-0.0026031290322580647,39497118.048387095,121542616.93387096
21645,2023,3,-0.000506063492063492,44453814.50793651,104795261.90476191
21645,2023,4,0.0021798571428571427,37553895.777777776,112877028.88571429
21645,2024,1,0.001139918032786885,38868156.19672131,122108241.80852458
21645,2024,2,0.0016249047619047617,35001896.76190476,124473830.66619048
21645,2024,3,0.00251946875,34618106.484375,142676163.12078124
21645,2024,4,0.0008289843749999999,33587246.0,161443123.958125
21664,2014,1,0.00026831147540983604,1390727.213114754,13566930.637049181
21664,2014,2,0.0013813968253968253,1079479.7777777778,13290010.838412698
21664,2014,3,0.00032324999999999986,996985.859375,13965668.58734375
21664,2014,4,0.0013808281250000001,1186386.078125,14436136.5096875
21664,2015,1,4.7786885245901654e-05,1295925.049180328,15015758.29442623
21664,2015,2,0.0016703650793650794,1025509.8888888889,15650926.462539682
21664,2015,3,-0.0010819375,1262167.125,15797111.29734375
21664,2015,4,0.0016633281249999999,1209240.796875,15900411.4615625
21664,2016,1,-1.8868852459016465e-05,1481217.786885246,14624523.482786886
21664,2016,2,0.00103675,1013956.6875,16683390.50625
21664,2016,3,0.0016918125,888369.171875,18148081.19578125
21664,2016,4,-0.0009627619047619047,1095722.3174603174,17942343.28968254
21664,2017,1,0.002476467741935484,882712.8225806452,18997527.11
21664,2017,2,0.0010157142857142856,1070517.0793650793,20970479.70904762
21664,2017,3,0.0012315079365079365,951021.1746031746,22017385.86
21664,2017,4,0.001965412698412698,888480.5714285715,25089107.555873014
21664,2018,1,-0.0014911147540983606,1207476.1475409835,24929959.22918033
21664,2018,2,-0.002052015625,1328588.375,22198017.96671875
21664,2018,3,0.0017388412698412699,1327780.9365079366,21827864.087301586
21664,2018,4,-0.002822888888888889,1697430.1746031747,18940699.287301585
21664,2019,1,0.002542967213114754,1404055.049180328,19717330.158360656
21664,2019,2,0.001168238095238095,1181642.9365079366,21343620.3752381
21664,2019,3,0.0002701093750000003,1008890.6875,21426393.9134375
21664,2019,4,0.002363609375,1022985.53125,23527733.59984375
21664,2020,1,-0.006146,1817872.0483870967,21794430.553225804
21664,2020,2,0.0062677142857142844,1889490.650793651,18859413.739841267
21664,2020,3,0.00258096875,972460.65625,24850971.32171875
21664,2020,4,0.001682421875,1027948.140625,28381551.775625
21664,2021,1,0.0020278196721311478,1331044.9344262294,29101714.669508196
21664,2021,2,0.0005409523809523807,1088587.1746031747,33446810.346031744
21664,2021,3,-0.002273609375,957877.8125,31685516.1996875
21664,2021,4,0.0013614687499999998,1258199.53125,30094611.03546875
21664,2022,1,-0.004523467741935484,1981415.8064516129,26945195.776935484
21664,2022,2,-0.004146096774193549,2073063.5,19105957.323870968
21664,2022,3,-0.0045771250000000005,1804920.546875,14431159.9440625
21664,2022,4,0.0005610317460317465,1946007.8412698412,11670509.508571427
21664,2023,1,0.0015736612903225807,1917786.8709677418,12867346.128225807
21664,2023,2,0.0028781290322580644,1604996.6129032257,12670157.91919355
21664,2023,3,-0.0015594126984126982,1404691.8412698412,14190665.103809522
21664,2023,4,0.0029155079365079366,1434211.0952380951,13495507.1084127
21664,2024,1,0.0002598524590163933,1320954.4590163934,14145116.666557377
21664,2024,2,-0.0028989365079365084,1495439.6984126985,13545023.417619046
21664,2024,3,0.005421328125,1410655.046875,14774748.3571875
21664,2024,4,-0.004614890625,1637774.859375,14289262.01640625
21698,2014,1,4.1245901639344264e-05,3571456.950819672,20956287.737868853
21698,2014,2,0.0007270634920634922,2700482.476190476,21475086.052857142
21698,2014,3,0.00037051562500000013,2747368.359375,21847654.85375
21698,2014,4,0.0009853124999999999,3002906.125,22768957.37375
21698,2015,1,-0.000632327868852459,4465952.655737705,23227405.71229508
21698,2015,2,-0.0005276984126984126,4174432.777777778,22179672.26063492
21698,2015,3,0.0014013906249999999,6625403.515625,22669817.46
21698,2015,4,0.000831703125,4072930.3125,23848674.794999998
21698,2016,1,0.002484344262295082,5334163.180327869,24360246.595737703
21698,2016,2,0.0014361093749999999,3736018.015625,27295879.981875
21698,2016,3,-0.000493734375,3435799.421875,28795138.873281248
21698,2016,4,0.0021412222222222223,3642489.761904762,28607900.92015873
21698,2017,1,-0.0009070483870967742,3507411.6774193547,28848196.82
21698,2017,2,-0.0003344444444444444,2959790.3333333335,28747641.035873014
21698,2017,3,0.0012425873015873016,2681330.793650794,27717426.345714286
21698,2017,4,0.0020457460317460318,2326364.523809524,29679868.47111111
21698,2018,1,-2.345901639344254e-05,2840345.1967213117,31566064.584590167
21698,2018,2,0.0021703125,2554311.234375,33316604.7684375
21698,2018,3,0.0012966031746031745,2775741.9523809524,37506262.35031746
21698,2018,4,-0.002255571428571429,3098168.603174603,35063994.954444446
21698,2019,1,0.0011893934426229508,3225545.4590163934,33663069.527049184
21698,2019,2,0.0010912222222222222,2334834.126984127,36553828.422698416
21698,2019,3,0.0019458750000000001,2864796.8125,37708800.29765625
21698,2019,4,0.00126034375,2134250.328125,41458803.131875
21698,2020,1,-0.007910419354838709,5049329.419354838,35268380.58629032
21698,2020,2,0.004046396825396825,5262511.984126984,26717659.48142857
21698,2020,3,0.0023986562499999997,3063463.15625,29555046.28125
21698,2020,4,0.003371671875,2871708.046875,34999703.90140625
21698,2021,1,0.001337704918032787,2454456.0655737706,39524582.62983607
21698,2021,2,-0.00012034920634920633,2159186.6507936507,41250728.69142857
21698,2021,3,0.0004576093749999999,2316018.296875,39032009.6471875
21698,2021,4,0.000156890625,2462140.203125,39431790.266875
21698,2022,1,0.0010004032258064516,2650239.129032258,41272221.20596774
21698,2022,2,0.0009153387096774195,2378535.193548387,42563621.91048387
21698,2022,3,-0.002696046875,2187230.515625,42340488.4409375
21698,2022,4,0.001459253968253968,2479774.793650794,40925018.84444444
21698,2023,1,0.0003378709677419354,2379751.14516129,38916451.01354839
21698,2023,2,-0.00046827419354838714,2468562.3387096776,37512569.23677419
21698,2023,3,-0.0016827936507936509,2443055.26984127,36365699.30730159
21698,2023,4,0.0017922380952380952,2891526.904761905,34821757.6984127
21698,2024,1,0.0018894098360655736,3029323.6393442624,39563906.21737705
21698,2024,2,-0.0018587619047619045,3343893.507936508,37204200.755555555
21698,2024,3,0.0015977343750000002,3137794.8125,37271690.02390625
21698,2024,4,-0.00016234375000000008,2980029.21875,37612350.93953125
21737,2014,1,0.001358639344262295,6609574.852459016,47800266.91442623
21737,2014,2,0.0003963333333333334,5618451.793650794,50370188.88888889
21737,2014,3,0.00010353124999999989,5205235.578125,51161656.6715625
21737,2014,4,0.00203596875,7171739.125,53434179.91484375
21737,2015,1,0.001297639344262295,5482850.131147541,58778899.81754098
21737,2015,2,-0.0014540952380952383,5458147.698412699,57473306.43063492
21737,2015,3,-0.00032934375,8547375.0625,50193578.35765625
21737,2015,4,0.0018791718750000002,6270271.09375,56698836.4184375
21737,2016,1,0.0010115245901639346,6615110.180327869,53530250.78819672
21737,2016,2,0.0015400781249999998,5113383.359375,59731946.40546875
21737,2016,3,0.0019433906250000002,5183860.328125,68393445.848125
21737,2016,4,0.0007997936507936507,5166806.476190476,71358282.96603175
21737,2017,1,0.0017393387096774195,5320203.016129033,77272849.51225807
21737,2017,2,-0.0005566825396825395,4646547.873015873,79890608.38968255
21737,2017,3,0.0025755714285714284,4215612.174603174,81448966.7531746
21737,2017,4,0.0025636825396825394,4176526.9682539683,95977883.71190476
21737,2018,1,0.00026977049180327845,6423342.049180328,106452306.35606557
21737,2018,2,0.0011380156250000001,4874077.28125,105991105.41375
21737,2018,3,-0.00025974603174603206,4832343.523809524,108175552.57380952
21737,2018,4,-0.0015896984126984128,7951425.873015873,93081199.34428571
21737,2019,1,0.0021998196721311476,5817697.081967213,98348994.38131148
21737,2019,2,0.0014777460317460319,4826102.333333333,104934269.30507937
21737,2019,3,0.00210309375,4598324.15625,115046282.37296875
21737,2019,4,0.00011501562500000017,4537493.84375,115373296.35015625
21737,2020,1,-0.0030315645161290324,6883750.661290322,111935732.03370968
21737,2020,2,0.004300571428571429,5524267.365079365,107068643.08031747
21737,2020,3,0.002055828125,4281882.4375,124492223.98328125
21737,2020,4,0.0024038593749999997,3954777.84375,142717424.36765626
21737,2021,1,0.0026755573770491804,4915973.065573771,160044237.5862295
21737,2021,2,0.00048441269841269826,4194608.952380952,173090387.60349208
21737,2021,3,0.00015937500000000007,3516748.0,175931072.46515626
21737,2021,4,-0.00010764062500000014,4329168.546875,177295327.11796874
21737,2022,1,-0.00010679032258064508,6360297.564516129,162807545.38548386
21737,2022,2,-0.002576516129032258,5964304.951612903,155107984.00387096
21737,2022,3,0.00041009374999999987,5422655.921875,153257308.30421874
21737,2022,4,0.0013772857142857146,5729052.428571428,151398033.93015873
21737,2023,1,0.0021513870967741935,5329869.387096774,159397199.96419355
21737,2023,2,-0.0002837258064516129,4924102.870967742,156263876.7982258
21737,2023,3,-0.0017552222222222223,4827418.476190476,154918438.9295238
21737,2023,4,0.0013513015873015874,5452785.19047619,140719425.6679365
21737,2024,1,0.000589934426229508,5636258.508196721,151664670.44459018
21737,2024,2,0.0019712857142857145,5398791.650793651,168223262.5031746
21737,2024,3,0.0012643124999999998,5353057.21875,183480060.6328125
21737,2024,4,-0.0012581249999999997,5451257.421875,182321221.98453125
21808,2014,1,0.002367327868852459,1772923.8360655739,9345255.690983607
21808,2014,2,9.447619047619044e-05,1908780.111111111,9674281.0984127
21808,2014,3,-0.0007929531249999999,1336125.859375,9486384.00078125
21808,2014,4,0.00313059375,1541099.03125,10314792.9671875
21808,2015,1,-0.0011904098360655735,1887258.9672131147,10559037.66147541
21808,2015,2,-0.001590984126984127,1370341.8095238095,9743759.438095238
21808,2015,3,0.002048546875,1667046.328125,9774171.8578125
21808,2015,4,0.0005817812499999998,1747359.015625,10522207.98046875
21808,2016,1,0.0026299672131147537,2158840.4918032787,11195377.781147541
21808,2016,2,0.001237953125,1930743.4375,11927936.6
21808,2016,3,-0.0011506250000000002,1486264.296875,12381664.05
21808,2016,4,0.001258904761904762,1509009.746031746,12029111.543650793
21808,2017,1,0.000802709677419355,1420550.9032258065,12985864.334677419
21808,2017,2,0.00016826984126984125,1563670.7936507936,13471672.902380953
21808,2017,3,0.0010403492063492065,1362805.761904762,14023609.757142859
21808,2017,4,0.0004615238095238096,1297060.6984126985,14909728.182539683
21808,2018,1,-0.00043436065573770465,1762751.1803278688,13432016.026065575
21808,2018,2,0.0012950312500000002,1634080.75,13992001.9028125
21808,2018,3,0.0007542380952380953,1463439.365079365,15353337.113968253
21808,2018,4,0.0006954761904761905,1505280.1904761905,16281272.224761905
21808,2019,1,0.0021225737704918036,1420534.8032786886,17031099.79704918
21808,2019,2,0.0004794126984126984,1257883.2222222222,18102828.01920635
21808,2019,3,0.0011305625,1681092.40625,18859129.8065625
21808,2019,4,-0.0005110624999999999,1580497.96875,18680029.624375
21808,2020,1,0.00018616129032258014,2058204.6451612904,19517302.15983871
21808,2020,2,-6.536507936507915e-05,1851469.9206349207,17887105.338095237
21808,2020,3,0.00200934375,1218955.46875,19374967.3125
21808,2020,4,-1.6093749999999913e-05,1308927.734375,19801789.4478125
21808,2021,1,0.0008929836065573768,1712772.5081967213,18708874.531147543
21808,2021,2,-0.00010499999999999988,1396018.4126984128,21385801.69936508
21808,2021,3,0.00033360937500000003,1013105.921875,21847272.15171875
21808,2021,4,0.001636078125,1027381.265625,21865611.92015625
21808,2022,1,0.0010028387096774193,1331300.6451612904,22564935.006129034
21808,2022,2,-0.00041325806451612915,1464395.564516129,23870427.799838707
21808,2022,3,-0.001589015625,1258176.609375,23577028.88828125
21808,2022,4,0.0018126031746031745,1363407.0476190476,21720061.181269843
21808,2023,1,-0.00024188709677419357,1433543.3064516129,22242380.54177419
21808,2023,2,-0.0007208387096774194,1285163.5322580645,22459641.49870968
21808,2023,3,-0.0012025079365079367,1291639.4444444445,21414505.70301587
21808,2023,4,-0.00024992063492063467,2091660.6825396826,19989782.66904762
21808,2024,1,0.000571,1890702.4098360655,18705780.50639344
21808,2024,2,-0.00041639682539682546,1618451.1587301588,19380939.00142857
21808,2024,3,0.00341396875,1358352.375,21368853.173906248
21808,2024,4,0.0004755781249999999,1397230.71875,23899873.4278125
21832,2020,2,0.006041629032258066,13662665.41935484,82299341.52774194
21832,2020,3,-0.0007592968750000001,8489665.28125,92775556.15546875
21832,2020,4,0.0038545937499999995,7968536.84375,100003635.26265626
21832,2021,1,0.0015561639344262297,7527363.459016394,110859220.81098361
21832,2021,2,0.0017250000000000002,6245647.412698412,127526893.95063493
21832,2021,3,0.00029415625,4832050.796875,129153982.8075
21832,2021,4,0.00020962499999999996,4723232.0625,130736389.7109375
21832,2022,1,0.0024815967741935482,6753601.451612903,141682105.26032257
21832,2022,2,-0.00024340322580645201,5127686.322580645,143164702.2020968
21832,2022,3,-0.0022670937500000004,4713960.859375,134296783.03359374
21832,2022,4,0.003527666666666667,4447286.587301588,138448084.31349206
21832,2023,1,-0.0003192580645161292,4803479.806451613,144615576.08548385
21832,2023,2,0.000176516129032258,4270553.629032258,143171094.15467742
21832,2023,3,-0.00459047619047619,8015308.301587301,124815403.45285714
21832,2023,4,0.0027066507936507936,9978826.095238095,114230296.24142857
21832,2024,1,0.002576672131147541,8122027.196721312,126253412.82688524
21832,2024,2,0.000594142857142857,7082902.031746032,137476428.7088889
21832,2024,3,0.003109859375,5884933.703125,151687992.3859375
21832,2024,4,-0.0005625000000000001,4568385.78125,160766117.43328124
21880,2014,1,-0.00034136065573770494,7067803.344262295,243765779.0381967
21880,2014,2,-0.0001664285714285714,6050423.952380952,248750352.3452381
21880,2014,3,0.00041140625,5552529.90625,244182240.78609374
21880,2014,4,0.001966640625,7431674.84375,261217308.71171874
21880,2015,1,-0.0005351803278688524,7213142.950819672,274316718.23934424
21880,2015,2,-0.0022086984126984126,7482172.111111111,246662863.0715873
21880,2015,3,-0.0012101093749999998,8885268.578125,221640492.6296875
21880,2015,4,-0.0006050781249999999,12482020.609375,192972290.294375
21880,2016,1,0.002024,11981577.180327868,210544873.26213115
21880,2016,2,0.001237765625,8753096.09375,218045998.434375
21880,2016,3,-5.035937500000006e-05,8233407.609375,226259595.351875
21880,2016,4,-0.0005145396825396826,8629499.158730159,216571344.6504762
21880,2017,1,0.000834967741935484,9369417.564516129,212123349.89225805
21880,2017,2,0.0009282857142857143,8848748.80952381,230894812.7820635
21880,2017,3,0.00064215873015873,8067536.19047619,236528948.7538095
21880,2017,4,0.003933,9337340.523809524,274153046.534127
21880,2018,1,-0.0014289016393442624,12020160.606557377,285864424.5014754
21880,2018,2,-0.0004245781249999999,9351297.671875,252061712.5484375
21880,2018,3,0.001648222222222222,7150510.444444444,270736957.3804762
21880,2018,4,6.782539682539684e-05,9439224.825396825,281003534.33095235
21880,2019,1,0.0008816065573770492,7683473.852459016,282539664.51344264
21880,2019,2,0.0020994761904761902,6157147.857142857,296488550.48777777
21880,2019,3,0.00126071875,5583164.984375,323212341.1378125
21880,2019,4,0.00011354687499999999,4916015.203125,338837462.88
21880,2020,1,-0.00018401612903225795,9343387.564516129,327396442.9312903
21880,2020,2,0.0010228571428571428,9205846.61904762,349616702.30317456
21880,2020,3,0.0026394375000000003,10879070.125,377737790.9765625
21880,2020,4,0.0005745468750000002,6834187.984375,412822587.94203126
21880,2021,1,-0.0008123114754098363,9539459.213114753,393136415.01180327
21880,2021,2,0.0007026984126984127,7889103.031746032,393265400.6673016
21880,2021,3,-0.00010179687500000007,7259134.171875,404979762.8309375
21880,2021,4,0.000708125,8670857.75,399336938.0465625
21880,2022,1,0.0006002903225806452,8294149.080645162,390619004.7503226
21880,2022,2,-0.002966435483870968,9443349.177419355,380710019.6658064
21880,2022,3,0.0012308749999999998,7880041.359375,360183111.103125
21880,2022,4,0.0015761904761904763,6284822.587301588,386660826.27682537
21880,2023,1,0.0007491774193548388,6544479.338709678,383976797.63225806
21880,2023,2,0.0011176612903225805,5915249.0322580645,407966905.63
21880,2023,3,0.0003602539682539683,5265195.650793651,429880525.44158727
21880,2023,4,-7.822222222222235e-05,7537132.222222222,427244311.12476194
21880,2024,1,0.002314131147540984,11556745.360655738,461631197.9793443
21880,2024,2,0.002002269841269841,15791540.793650793,507391163.6585715
21880,2024,3,0.00287403125,16274174.640625,590719918.5295312
21880,2024,4,0.001851671875,15586222.328125,697523666.30375
21914,2014,1,-0.0010320983606557377,3465782.6885245903,17552076.570163935
21914,2014,2,0.002065206349206349,6306319.888888889,17683935.59952381
21914,2014,3,-0.0004209687499999999,5412530.578125,18540954.0653125
21914,2014,4,0.002043875,3358628.4375,18049166.9971875
21914,2015,1,-0.0011005573770491803,3128045.9836065574,18365033.21377049
21914,2015,2,-0.000616984126984127,3868301.888888889,16728417.944920635
21914,2015,3,-0.0019289843750000001,3678864.875,15207778.728125
21914,2015,4,0.001723359375,4229215.65625,15435664.28984375
21914,2016,1,0.000956,7059142.868852459,16681984.693934428
21914,2016,2,-0.00034104687500000004,5348323.546875,23566904.21109375
21914,2016,3,0.0013522187500000001,3744760.765625,23637585.681875
21914,2016,4,-0.0006767777777777777,3827020.238095238,23059549.134285714
21914,2017,1,0.002172725806451613,3969210.5161290322,24343162.955483872
21914,2017,2,-3.217460317460313e-05,3464755.301587302,25284491.82984127
21914,2017,3,0.0004669682539682541,3092776.9365079366,24714190.545555554
21914,2017,4,0.0007271587301587301,2584540.793650794,26685548.459523812
21914,2018,1,0.00011398360655737698,4422959.75409836,26652412.411311474
21914,2018,2,0.000813265625,4295041.25,27666249.4171875
21914,2018,3,-0.0017266190476190476,3433265.253968254,26296681.46666667
21914,2018,4,-0.005697460317460317,5840182.920634921,20040122.15873016
21914,2019,1,0.003409032786885246,5018214.4754098365,18851473.929180328
21914,2019,2,0.00034476190476190484,5156563.80952381,18945165.9984127
21914,2019,3,0.0010744374999999999,3327607.21875,19435381.55546875
21914,2019,4,0.001588609375,3090379.171875,21619180.59265625
21914,2020,1,-0.006897532258064517,5170083.677419355,19602248.086774196
21914,2020,2,0.005754952380952381,6169046.126984127,15095859.753333334
21914,2020,3,0.003930953125,4895136.328125,20492657.27265625
21914,2020,4,0.00280278125,3971613.640625,22450559.83984375
21914,2021,1,0.001281983606557377,4554024.2950819675,25442359.42344262
21914,2021,2,-0.0003370634920634919,5523053.492063492,27776223.854920633
21914,2021,3,0.0006974374999999999,3787676.25,26250969.68203125
21914,2021,4,0.002715828125,3585993.390625,28461329.109375
21914,2022,1,-0.000527451612903226,4484731.79032258,29637216.48112903
21914,2022,2,-0.0018829354838709677,4563130.919354838,28442235.450483873
21914,2022,3,-0.0020566406250000003,3957165.1875,25299299.40328125
21914,2022,4,0.0016081111111111112,3703506.492063492,22847956.32952381
21914,2023,1,0.00023595161290322603,4366359.016129033,23156918.77483871
21914,2023,2,0.0019148709677419356,4238042.258064516,22044982.865322582
21914,2023,3,-0.0012715079365079364,3235726.873015873,24068844.61968254
21914,2023,4,0.002239285714285714,3803021.8412698414,22723834.25111111
21914,2024,1,0.0007680655737704918,3567043.918032787,24700454.15885246
21914,2024,2,-0.0035492539682539684,3390238.5396825396,22555771.644761905
21914,2024,3,0.0029759531250000003,4021970.921875,22366769.040625
21914,2024,4,-0.002676015625,3419570.171875,22680976.48734375
21949,2014,1,-0.000711,3895619.7213114756,43065198.07
21949,2014,2,-0.0019276825396825395,4206279.238095238,40186905.02714286
21949,2014,3,0.0018392656250000004,3980496.125,39340052.52125
21949,2014,4,0.002419328125,4160230.796875,44136940.321875
21949,2015,1,0.0004616885245901639,3348439.4426229508,46730899.55245902
21949,2015,2,-0.0007958095238095238,2978243.476190476,45349596.65238095
21949,2015,3,0.001364046875,3020670.9375,47557518.68703125
21949,2015,4,5.832812500000022e-05,3404847.15625,48007321.5240625
21949,2016,1,0.0017887868852459016,3472774.0655737706,48593296.34934426
21949,2016,2,-0.00010274999999999981,3285899.421875,50540365.51015625
21949,2016,3,-0.0003884218749999999,3398357.28125,51612579.94515625
21949,2016,4,0.0001824126984126983,3171132.761904762,49501397.565238096
21949,2017,1,0.0009140806451612903,3880626.629032258,50236483.979032256
21949,2017,2,-0.0013155238095238094,4299729.53968254,48585584.86492063
21949,2017,3,0.00046433333333333336,4210176.206349206,45656110.38825397
21949,2017,4,0.0007211428571428572,4399601.746031746,46041976.640634924
21949,2018,1,0.0012402459016393442,4509038.606557377,50009051.58245902
21949,2018,2,0.00254834375,3607681.109375,55178439.148125
21949,2018,3,0.002695619047619048,3333186.126984127,64077897.78619047
21949,2018,4,-0.0033470158730158728,6764373.825396826,62602723.277777776
21949,2019,1,0.0029704590163934425,6456103.868852459,61488854.95327869
21949,2019,2,2.930158730158743e-05,5815874.920634921,64853897.26888889
21949,2019,3,0.001028171875,5889169.84375,65990295.91421875
21949,2019,4,0.001541703125,4911769.40625,71474945.4690625
21949,2020,1,-0.0028668709677419357,8265973.854838709,69238426.60032259
21949,2020,2,0.001506920634920635,10257736.80952381,60155294.726825394
21949,2020,3,0.0017272187499999998,7059803.6875,64583645.98953125
21949,2020,4,0.00347409375,7030106.9375,72925192.9
21949,2021,1,-0.00030665573770491806,7057800.5245901635,80354689.98442623
21949,2021,2,0.0004677301587301587,6301182.380952381,82102393.4547619
21949,2021,3,-0.00015204687499999984,5840613.140625,84114640.04203124
21949,2021,4,0.002371,6740743.765625,83406227.41140625
21949,2022,1,-0.0033314193548387096,7413037.5,79875495.67935483
21949,2022,2,-0.0009025161290322582,7296529.903225807,71455374.7967742
21949,2022,3,0.0018947500000000002,5373407.796875,73359648.755625
21949,2022,4,0.0041358730158730156,5419060.476190476,85576161.63238095
21949,2023,1,-0.000132548387096774,5360450.225806451,90914327.20451613
21949,2023,2,0.0013890322580645163,4788966.70967742,90824460.91064516
21949,2023,3,0.0008559206349206349,4828984.19047619,101035155.84793651
21949,2023,4,0.0009617460317460317,5234441.428571428,102503206.39809524
21949,2024,1,0.001380360655737705,5062370.4754098365,110491311.48540983
21949,2024,2,0.00142468253968254,6069882.984126984,114327022.8904762
21949,2024,3,0.001151828125,4807635.78125,129590005.81375
21949,2024,4,0.00052384375,5066439.71875,134613970.1053125
22113,2014,1,0.0026762131147540984,1961469.2459016393,48604112.41409837
22113,2014,2,0.0029188095238095236,3474135.222222222,57455187.08349207
22113,2014,3,-0.00244953125,3181084.84375,59433915.074375
22113,2014,4,-0.0007430468750000001,6651596.703125,50969489.26234375
22113,2015,1,0.0001836393442622953,5150687.196721312,49530250.94901639
22113,2015,2,-0.0006170476190476187,3895389.3492063493,50698478.398095235
22113,2015,3,-0.00254709375,5330328.609375,42660324.71390625
22113,2015,4,-0.0001447031249999997,4326640.171875,44580909.71234375
22113,2016,1,0.0009140327868852459,5556936.622950819,37993892.320819676
22113,2016,2,0.002411578125,3417629.875,44064134.405
22113,2016,3,0.0025547187500000006,3081287.71875,48323134.3025
22113,2016,4,0.000897,3444681.365079365,54541670.5136508
22113,2017,1,-0.0004574354838709677,3417395.8225806453,57500906.296935484
22113,2017,2,-0.001080968253968254,3249575.6825396824,53153927.501746036
22113,2017,3,0.0011716349206349205,3014095.984126984,52130938.03746032
22113,2017,4,0.0018196825396825395,2497047.1587301586,58203198.845714286
22113,2018,1,-0.00021970491803278695,3590322.6393442624,62365108.54836065
22113,2018,2,0.0027677187499999998,3625031.25,67230723.20875
22113,2018,3,0.0005187777777777778,2519007.126984127,70383841.2663492
22113,2018,4,-0.005637206349206349,3891622.746031746,62058960.58238095
22113,2019,1,0.001667655737704918,4043386.475409836,55264067.795081966
22113,2019,2,-6.787301587301577e-05,3610381.095238095,53951507.662857145
22113,2019,3,-0.0032211874999999997,3942610.03125,47030542.6865625
22113,2019,4,0.0021802187500000003,4144465.578125,42551618.16078125
22113,2020,1,-0.011304661290322583,6180466.983870967,37822319.79419354
22113,2020,2,0.006654666666666666,5737067.46031746,28208242.65873016
22113,2020,3,-0.004782328125,4311149.859375,26118029.2746875
22113,2020,4,0.006096234375,5769942.703125,25331441.2684375
22113,2021,1,0.006939311475409837,4889739.540983606,37231418.13180328
22113,2021,2,0.002654079365079365,3969254.888888889,46164343.70523809
22113,2021,3,-0.00040423076923076936,4786711.353846154,42571357.683076926
22113,2021,4,0.00225615625,4147465.296875,52471085.21078125
22113,2022,1,0.0052971935483870965,5075627.854838709,65196407.94677419
22113,2022,2,-0.00034677419354838684,4293317.935483871,72680587.87983872
22113,2022,3,0.0009191406249999998,3591163.234375,65745004.10359375
22113,2022,4,0.002943539682539683,3779662.365079365,78002850.94936508
22113,2023,1,-0.0014442419354838711,3930256.5322580645,71213009.00725806
22113,2023,2,0.00025509677419354837,3434656.580645161,66998582.2166129
22113,2023,3,0.0018500158730158731,2738976.492063492,74303153.96523811
22113,2023,4,-0.0003208730158730158,3174223.8571428573,72521023.36015873
22113,2024,1,0.0011456065573770492,3501897.9836065574,67940304.32131147
22113,2024,2,-5.711111111111098e-05,3078827.746031746,74202853.50571428
22113,2024,3,-0.00016128124999999988,3125503.734375,71942165.62078124
22113,2024,4,0.000183546875,2870825.046875,72384058.9453125
26024,2021,4,-0.0016107812499999998,9827789.28125,14297095.80125
26024,2022,1,0.007148285714285715,10570430.857142856,19044619.22111111
26024,2022,2,0.00019239682539682528,11019147.523809524,24526570.202539682
26024,2022,3,0.0008912307692307692,7697852.876923077,22975852.04
26024,2022,4,-4.182812499999998e-05,9482561.234375,21884492.295
26024,2023,1,-0.0003462539682539686,9538587.349206349,19350870.655238096
26024,2023,2,0.0007860483870967743,7271367.338709678,19008085.441935487
26024,2023,3,0.001284857142857143,5730193.158730159,20618586.509365078
26024,2023,4,-0.0006989206349206351,6583604.349206349,20201735.694285713
26024,2024,1,0.0016775245901639343,7097948.459016394,19288444.85590164
26024,2024,2,-0.000490015873015873,6205007.46031746,20767475.6615873
26024,2024,3,-0.0014468125,5689163.59375,18321902.60890625
26024,2024,4,0.00127759375,5921803.609375,18352164.3303125
29009,2014,1,0.0019954262295081965,339164.31147540984,17482804.898688525
29009,2014,2,3.3333333333333227e-05,220997.6984126984,17461599.073492065
29009,2014,3,-0.00075378125,202526.921875,17166055.885
29009,2014,4,0.0030954375,280390.96875,18105478.171875
29009,2015,1,0.0016463934426229508,287125.98360655736,20033971.619016394
29009,2015,2,-0.0003255714285714286,265864.3968253968,21706427.384285714
29009,2015,3,0.001376265625,255548.75,21866249.75453125
29009,2015,4,0.00046612499999999996,258601.96875,23301806.1715625
29009,2016,1,0.0012780327868852457,334184.37704918033,22846144.828688525
29009,2016,2,-2.812499999999872e-06,268911.03125,22901870.17171875
29009,2016,3,-0.000461171875,291245.484375,22753729.126875
29009,2016,4,0.0005085079365079365,297641.8888888889,22269776.663015872
29009,2017,1,-0.0013802096774193548,358511.8548387097,21191063.985
29009,2017,2,-0.0035530317460317463,506354.79365079367,18437579.621269844
29009,2017,3,0.000889952380952381,547758.5714285715,14928205.545079365
29009,2017,4,0.002930634920634921,431597.2380952381,17639053.64920635
29009,2018,1,-0.0013296393442622954,458048.0327868852,19552025.01704918
29009,2018,2,0.0007017968749999997,366879.078125,17298912.989375
29009,2018,3,0.0023698412698412697,254806.73015873015,19451821.2368254
29009,2018,4,0.0014181746031746033,361199.6349206349,20530392.777301587
29009,2019,1,0.0033725409836065576,328756.5081967213,22536789.797540985
29009,2019,2,0.0012056825396825396,279892.04761904763,26089904.871746033
29009,2019,3,-0.00011934374999999997,248803.609375,27484951.09109375
29009,2019,4,0.0015452500000000002,199421.890625,27591518.743125
29009,2020,1,-0.004610451612903225,322598.93548387097,24514724.55032258
29009,2020,2,0.0048894444444444445,272089.28571428574,24600231.681269843
29009,2020,3,0.0007377031250000001,192292.03125,27600007.86625
29009,2020,4,0.00020442187499999993,250950.0,26908156.08625
29009,2021,1,0.002945983606557377,257817.16393442624,28159416.09737705
29009,2021,2,0.001021920634920635,192698.88888888888,31934227.555396825
29009,2021,3,0.0020966875,161120.5625,34547004.80734375
29009,2021,4,0.003411296875,159526.96875,39121014.2671875
29009,2022,1,-0.0002476451612903223,189754.82258064515,40299648.37290322
29009,2022,2,0.0011518548387096776,196506.40322580645,40809391.38016129
29009,2022,3,3.776562500000001e-05,150812.078125,42454942.95
29009,2022,4,0.0023511587301587302,151558.80952380953,46244614.23714286
29009,2023,1,4.3919354838709614e-05,154420.4193548387,46269781.06435484
29009,2023,2,0.0003285645161290321,184964.67741935485,46912105.67935484
29009,2023,3,0.00036968253968253946,139774.68253968254,45561496.388571426
29009,2023,4,0.0003715396825396825,139301.26984126985,46201132.97539682
29009,2024,1,0.003353377049180328,161687.7213114754,49426768.16901639
29009,2024,2,-0.0009110317460317459,146606.87301587302,50504890.8168254
29009,2024,3,0.0010318906250000003,119227.59375,52448688.37484375
29009,2024,4,0.000346125,129983.71875,53708566.78484375
29489,2014,1,0.0020622459016393442,12224632.44262295,17472998.71180328
29489,2014,2,-0.0007554603174603173,12748403.38095238,17205349.56
29489,2014,3,-0.0011254375,10587236.75,16669018.6975
29489,2014,4,0.00190103125,12636282.84375,16951384.9584375
29489,2015,1,0.005039245901639344,13148927.573770491,20992651.224098362
29489,2015,2,2.4793650793650765e-05,10169293.206349207,23941349.583809525
29489,2015,3,-0.001029234375,8187399.484375,22934877.735
29489,2015,4,0.0019914843749999998,9205870.578125,24090261.033125
29489,2016,1,0.0004847377049180329,10178830.918032788,23652591.343770493
29489,2016,2,0.003541671875,11478180.59375,29318293.64578125
29489,2016,3,0.00035389062500000004,8099764.421875,32400564.52875
29489,2016,4,-0.0014347142857142857,8452495.53968254,29697448.184126984
29489,2017,1,0.002335274193548387,8404712.951612903,33129930.376935482
29489,2017,2,0.0017607142857142856,7082659.984126984,36336645.50380952
29489,2017,3,0.0008390158730158731,4816337.761904762,37870696.29650793
29489,2017,4,-0.0024725238095238094,7927991.047619048,37853625.91380952
29489,2018,1,0.0017719508196721312,8229081.901639344,37340716.17262295
29489,2018,2,0.0029565625,8104948.65625,41609906.495625
29489,2018,3,0.00266,6357120.984126984,48268003.06047619
29489,2018,4,-0.001093619047619048,7829446.984126984,50177376.29666667
29489,2019,1,0.0014784918032786885,7285478.344262295,52884978.351311475
29489,2019,2,0.001898111111111111,8254690.333333333,53487564.98571429
29489,2019,3,-0.000741,5500471.78125,58985254.660625
29489,2019,4,0.00175484375,7055842.078125,58299978.58765625
29489,2020,1,-0.004541403225806452,11194943.129032258,54480161.085
29489,2020,2,0.0016841111111111108,11894225.936507937,50407338.47825397
29489,2020,3,0.00145490625,7680722.515625,55082112.67953125
29489,2020,4,-0.0007345468750000001,13138626.453125,51579429.94796875
29489,2021,1,0.0013092459016393442,9900115.786885247,53973629.83196721
29489,2021,2,0.0016807936507936508,7157024.174603174,59768666.349047616
29489,2021,3,0.00031787500000000007,6357074.875,62907749.80671875
29489,2021,4,-0.00019757812499999995,7515224.078125,59848914.8046875
29489,2022,1,0.0008248548387096774,9179795.564516129,61785464.34935483
29489,2022,2,-0.0025639516129032256,8888619.290322581,58076221.826612905
29489,2022,3,0.000715546875,6693510.171875,57302717.13484375
29489,2022,4,0.002926857142857143,6747539.619047619,62001705.88412698
29489,2023,1,0.0013176290322580648,7745760.919354838,67504961.61048387
29489,2023,2,0.0013340645161290323,9016708.85483871,75013072.73919354
29489,2023,3,-0.0003085238095238095,7504180.634920635,76704411.1531746
29489,2023,4,0.0015493174603174603,7313427.492063492,78172480.14253968
29489,2024,1,0.0028286229508196724,6562903.278688525,94243524.26360656
29489,2024,2,0.0019173809523809523,6074941.126984127,107532533.24
29489,2024,3,0.001384171875,5404432.53125,115960373.39874999
29489,2024,4,0.0010523906249999997,5720607.265625,129673372.7584375
29870,2014,1,0.0007612950819672132,2872728.3114754097,24241641.088032786
29870,2014,2,0.0006816825396825396,2330600.761904762,25487623.608095236
29870,2014,3,0.0007841406250000001,2195203.015625,26029982.79171875
29870,2014,4,0.0022131562500000003,2276900.765625,27892906.6528125
29870,2015,1,0.00034116393442622944,2448004.2786885244,29530586.88442623
29870,2015,2,-0.0013543650793650791,2501046.3333333335,28204604.827142857
29870,2015,3,-0.001444453125,3149373.828125,25402702.47890625
29870,2015,4,0.0011475312500000001,2700720.109375,24602261.3584375
29870,2016,1,0.001490311475409836,2858727.1639344264,24103316.00852459
29870,2016,2,0.0007124218750000001,1960852.875,25174997.33921875
29870,2016,3,-8.157812499999994e-05,1608354.5625,25711292.885625
29870,2016,4,0.0012037777777777778,2337209.206349206,26077889.655555554
29870,2017,1,0.001624725806451613,1799271.2096774194,28880910.67532258
29870,2017,2,0.0013957142857142857,1852491.5714285714,30929134.672063492
29870,2017,3,0.0007282222222222221,1961481.2698412698,32940668.725396827
29870,2017,4,0.0021551746031746033,1794695.9682539683,35505609.447936505
29870,2018,1,-0.0014162622950819675,2642938.9836065574,34606898.169180326
29870,2018,2,-0.0004754843750000001,1961873.234375,33512662.021875
29870,2018,3,0.0013538571428571428,1717645.5873015872,34111022.10619048
29870,2018,4,-0.002588174603174603,2146710.0476190476,30987177.212698415
29870,2019,1,0.0022720819672131147,2303685.819672131,30732266.607704915
29870,2019,2,0.001352190476190476,1688664.0952380951,32506667.35857143
29870,2019,3,0.001190078125,1499485.953125,34486364.2834375
29870,2019,4,0.000644421875,1582077.890625,35554650.941875
29870,2020,1,-0.002316870967741936,2175397.2258064514,34982559.81967742
29870,2020,2,0.0013823968253968253,2143493.365079365,31020827.104285713
29870,2020,3,-0.0002549687500000001,2004209.828125,29246695.37375
29870,2020,4,0.002578453125,1895760.59375,30383895.95625
29870,2021,1,0.00093327868852459,2117682.8032786883,33452728.987704918
29870,2021,2,0.0021846190476190477,1822561.0,38849481.70047619
29870,2021,3,-0.00022485937499999996,1461536.390625,39393116.85109375
29870,2021,4,-0.001005109375,2027961.03125,34615825.21515625
29870,2022,1,0.002866854838709677,2486159.4032258065,35677916.64516129
29870,2022,2,-0.0011888548387096775,1782580.322580645,36307908.992903225
29870,2022,3,1.0234374999999935e-05,1790890.890625,33963437.9625
29870,2022,4,0.0017232063492063495,1802993.0476190476,35111491.593333334
29870,2023,1,-0.0029456935483870967,1946365.2741935484,33442377.12419355
29870,2023,2,-4.567741935483874e-05,1919620.0967741935,29852233.934193548
29870,2023,3,0.0006539523809523809,1699955.5555555555,28635498.52095238
29870,2023,4,0.0038274603174603176,1570171.634920635,34111749.39793651
29870,2024,1,0.0036270655737704917,1772478.68852459,41383867.8447541
29870,2024,2,-0.0011107777777777778,1439565.142857143,43967254.284444444
29870,2024,3,0.002877984375,1475687.984375,46876347.05640625
29870,2024,4,0.0004243437500000001,1462087.28125,51352150.75265625
30345,2014,1,0.0019066885245901638,960799.1803278689,16313384.925573772
30345,2014,2,0.0014121746031746031,775939.9523809524,17908329.911904763
30345,2014,3,4.5593750000000034e-05,820668.25,19306773.33609375
30345,2014,4,0.0024538750000000003,785753.328125,20674493.021875
30345,2015,1,0.001255622950819672,872240.1475409836,22817046.658360656
30345,2015,2,-0.0011776507936507939,667266.1111111111,22004596.851269837
30345,2015,3,0.0015885156249999999,709955.21875,22429995.72625
30345,2015,4,0.000992765625,788454.171875,24262535.77015625
30345,2016,1,0.0007459672131147541,823026.6393442623,24176608.761311475
30345,2016,2,-0.00064521875,795309.203125,24701713.9103125
30345,2016,3,-4.2578124999999946e-05,746068.546875,24698251.68875
30345,2016,4,0.0001337619047619048,838491.4603174604,23149477.336825397
30345,2017,1,0.0007434516129032259,715426.5161290322,24638698.81903226
30345,2017,2,0.0008679523809523808,691785.253968254,26298697.656507935
30345,2017,3,-0.0010205079365079364,689043.9047619047,25854209.2984127
30345,2017,4,0.00015514285714285717,589114.2063492064,25061838.704444442
30345,2018,1,-0.001099295081967213,868264.7049180327,22632678.793442626
30345,2018,2,0.000868234375,728524.140625,22834409.35625
30345,2018,3,0.0009983492063492065,542986.3174603175,24685519.673492063
30345,2018,4,-0.00039584126984126995,620594.7936507936,24974825.008571427
30345,2019,1,0.0024942459016393443,582289.737704918,26435733.043606557
30345,2019,2,0.00036020634920634923,551413.1904761905,28150322.444920633
30345,2019,3,0.00106559375,604296.46875,29160078.05453125
30345,2019,4,-0.00026790624999999997,624715.5,29917531.98390625
30345,2020,1,-0.004406193548387096,1009084.2903225806,28199037.048870966
30345,2020,2,0.0014752857142857133,1323821.5238095238,22266365.34285714
30345,2020,3,-0.0002558281249999999,982186.875,21534879.8596875
30345,2020,4,0.0015490468749999996,1077887.671875,22312126.39796875
30345,2021,1,0.0025389016393442625,916256.0491803279,24401770.12622951
30345,2021,2,0.002127825396825397,788662.619047619,27915198.48206349
30345,2021,3,0.0009933437499999999,538217.359375,31348251.30234375
30345,2021,4,0.002333359375,622015.25,33303756.1509375
30345,2022,1,-7.125806451612912e-05,687194.7741935484,34136680.713225804
30345,2022,2,-0.0036733387096774196,854286.7741935484,30419357.96
30345,2022,3,-0.0005707812499999999,673339.609375,28214169.69734375
30345,2022,4,-0.0017368888888888885,845059.6031746032,23806416.075238094
30345,2023,1,0.0009592903225806447,862268.8870967742,23865082.303870965
30345,2023,2,0.002125935483870968,765876.1774193548,25117232.132903226
30345,2023,3,-0.0013371746031746031,646514.1111111111,26248832.037142854
30345,2023,4,0.0016337142857142857,801331.8888888889,24777245.174444444
30345,2024,1,7.68852459016392e-05,835319.8032786886,25540468.9852459
30345,2024,2,0.0019125396825396825,662197.2063492064,27468150.871746033
30345,2024,3,0.0015065625,722379.515625,30713815.21703125
30345,2024,4,-0.0001750625,627820.15625,32109745.8459375
30521,2014,1,0.0015992786885245902,1848628.2295081967,40190324.48442623
30521,2014,2,0.0009382380952380953,1349341.7142857143,40974824.882380955
30521,2014,3,0.000757953125,920267.546875,44578959.35875
30521,2014,4,0.001110375,1019806.96875,47086954.93875
30521,2015,1,0.0014965409836065573,1009009.1803278689,51513503.09065574
30521,2015,2,-4.233333333333325e-05,973069.9206349206,53728826.515079364
30521,2015,3,-0.00288528125,1608640.203125,49250790.299375
30521,2015,4,0.0011367187500000001,1860366.296875,43585762.43296875
30521,2016,1,-0.0034209016393442625,2131752.0655737706,37012782.22229508
30521,2016,2,0.0028726406249999998,1608629.96875,39866230.101718746
30521,2016,3,-0.0016606406249999998,1507550.625,42069402.50625
30521,2016,4,-0.0020404603174603185,2620117.698412698,33238817.77904762
30521,2017,1,0.0010456612903225805,1925951.6290322582,31686789.668387096
30521,2017,2,0.0018074920634920636,1772054.126984127,32082501.301587302
30521,2017,3,-0.0009842539682539684,1608253.1746031747,32878384.985079363
30521,2017,4,0.00043314285714285704,2131788.4603174604,30972507.167619046
30521,2018,1,-0.001495016393442623,1794436.4918032787,32367224.758032788
30521,2018,2,-0.000673640625,1771834.28125,29963706.17859375
30521,2018,3,4.780952380952367e-05,1590608.5238095238,26134968.32968254
30521,2018,4,-0.0026530634920634917,1717788.1746031747,24564575.37904762
30521,2019,1,0.0011241475409836067,1577333.3606557378,23818724.390327867
30521,2019,2,0.0023726190476190475,1422219.7301587302,23829467.411746033
30521,2019,3,0.000493828125,1564810.59375,26367187.363125
30521,2019,4,0.00043717187499999984,1517042.3125,25694647.2825
30521,2020,1,0.0006332741935483869,5176736.951612903,26238694.56064516
30521,2020,2,0.0023809047619047616,1640953.8412698412,24710401.226666667
30521,2020,3,-0.0002626874999999999,1076867.03125,24618106.4253125
30521,2020,4,0.00266025,1083744.03125,26908843.766875
30521,2021,1,0.0020268360655737705,1062994.6557377048,29194149.244590167
30521,2021,2,-0.00016592063492063499,1140377.5396825396,30643984.861269843
30521,2021,3,0.0007562343750000002,974929.15625,30919027.0665625
30521,2021,4,0.003567890625,890848.171875,33791300.5425
30521,2022,1,0.003472209677419355,1218700.9516129033,41196642.53516129
30521,2022,2,0.0012030806451612905,1189898.1612903227,47430628.147419356
30521,2022,3,0.0007650156250000001,964337.6875,50036106.06265625
30521,2022,4,0.0017085873015873017,1045154.0317460317,53351209.17507937
30521,2023,1,-0.000752193548387097,986356.2580645161,50569564.08129032
30521,2023,2,0.0030603870967741936,923146.4516129033,52441382.42741936
30521,2023,3,0.00038439682539682544,777426.4761904762,57021335.183809526
30521,2023,4,0.001084095238095238,816925.4285714285,61064837.51174603
30521,2024,1,0.0025113770491803277,739032.1639344263,67257896.51934426
30521,2024,2,0.0014036825396825396,684978.5238095238,72885518.26857144
30521,2024,3,-0.00232515625,988689.546875,72222572.64609376
30521,2024,4,0.0024011718749999997,847256.609375,72071475.41875
30886,2014,1,-0.0008371967213114753,1477496.3606557378,6555416.603278689
30886,2014,2,-0.0012062063492063492,1308175.7777777778,6537119.735555555
30886,2014,3,0.0019284843749999999,1755056.140625,6252268.4821875
30886,2014,4,0.002280203125,1739408.0625,7181412.49453125
30886,2015,1,0.0030031311475409834,1453668.262295082,7768992.825245902
30886,2015,2,0.0006092539682539684,1507415.5238095238,8325253.998730159
30886,2015,3,-0.00032559375000000004,1568613.40625,8993605.010781249
30886,2015,4,0.000940546875,1774978.890625,7818501.8503125
30886,2016,1,0.0008901475409836066,1896318.0983606558,8113043.07590164
30886,2016,2,-0.0004960156250000001,2014327.6875,8319509.3484375
30886,2016,3,-0.0002899999999999999,1822236.328125,7836342.3871875
30886,2016,4,0.002942603174603175,1849873.9206349207,8615976.56047619
30886,2017,1,0.002490854838709677,1634729.4838709678,9274378.906451615
30886,2017,2,0.0013895396825396825,1470377.603174603,10862043.59936508
30886,2017,3,-0.0019615079365079362,1791748.3015873015,10534460.353015874
30886,2017,4,0.003352031746031746,1589619.2063492064,10491520.983015873
30886,2018,1,-0.0017090655737704915,1609275.6393442622,11701304.714918032
30886,2018,2,0.003895328125,1681596.828125,11328130.15375
30886,2018,3,0.000754079365079365,1288762.6825396826,13945252.939047618
30886,2018,4,-0.0014089682539682542,1651495.0793650793,13272653.195873016
30886,2019,1,0.0034171639344262295,1257411.6065573771,13561414.463442622
30886,2019,2,0.00020992063492063484,1431548.888888889,14653582.101428572
30886,2019,3,-0.00024592187500000005,1169369.765625,15000763.745
30886,2019,4,-0.001069953125,1319837.296875,13924629.1771875
30886,2020,1,-0.007790209677419355,2860119.9516129033,11860836.73903226
30886,2020,2,0.006565539682539682,3686836.8412698414,9007935.166349206
30886,2020,3,0.004803359375,2277577.1875,10797573.1621875
30886,2020,4,0.0031404687499999996,1797590.84375,13939446.425625
30886,2021,1,0.0031989344262295084,1655629.1147540985,17147850.780327868
30886,2021,2,0.0006660000000000001,1425512.2857142857,18388820.98761905
30886,2021,3,0.000879984375,1555028.375,19204144.01453125
30886,2021,4,0.00021398437499999998,1155067.671875,19210424.878125
30886,2022,1,-0.0015841290322580648,1370454.1935483871,17725400.697419357
30886,2022,2,-0.0021647096774193553,1243276.5,15697282.695806451
30886,2022,3,0.0020883281250000003,1147328.671875,15587128.2384375
30886,2022,4,0.0016955396825396828,1190778.365079365,17079006.752380952
30886,2023,1,0.0020394354838709676,1278947.5967741935,18037398.286774192
30886,2023,2,0.0013964193548387095,1328919.7419354839,19030273.54596774
30886,2023,3,-0.0022646984126984127,1132247.4444444445,19181038.049365077
30886,2023,4,0.002396920634920635,1016348.0476190476,18243410.881904762
30886,2024,1,0.0005009344262295081,1129949.0327868853,19866425.607704915
30886,2024,2,-0.001388015873015873,1276848.603174603,18166465.38825397
30886,2024,3,0.001586359375,1328098.25,17993075.04015625
30886,2024,4,0.00242234375,1263166.859375,19704548.046875
30975,2014,1,0.0014104426229508197,1517497.524590164,14143347.131147541
30975,2014,2,0.0008215079365079366,1102083.5555555555,14873327.582222221
30975,2014,3,0.00020925000000000007,820931.625,15698060.25
30975,2014,4,0.0006046093750000001,1195877.890625,16175837.0
30975,2015,1,0.001210622950819672,1280181.7213114754,16513836.640491804
30975,2015,2,-0.00032625396825396825,965149.4761904762,17688421.42253968
30975,2015,3,-0.001415,1158287.28125,16680337.79875
30975,2015,4,-0.00052209375,1345259.609375,15672981.0796875
30975,2016,1,0.0009499180327868852,1269949.8688524591,14216626.314754099
30975,2016,2,0.0008633749999999998,950673.828125,15763158.4784375
30975,2016,3,-0.0023756875,1651480.765625,14546172.828125
30975,2016,4,-0.00033071428571428553,2182210.777777778,12746899.078095237
30975,2017,1,0.0009831774193548388,1267948.0967741935,13130737.518064516
30975,2017,2,-0.0006622698412698413,1383056.0317460317,12883384.888888888
30975,2017,3,-0.0012248571428571428,1576645.7936507936,11574490.0
30975,2017,4,0.0034875714285714284,2390903.253968254,11715069.595555555
30975,2018,1,-0.0014029180327868854,1557233.1639344261,13430084.540983606
30975,2018,2,0.0008925312499999999,1567221.1875,11851989.8721875
30975,2018,3,0.0006595714285714285,1295485.761904762,12215240.042063491
30975,2018,4,-0.004861031746031746,1843580.8412698412,10672551.061587302
30975,2019,1,0.0010273770491803277,1758828.7049180327,9194233.547540983
30975,2019,2,0.0008329841269841269,1644978.7301587302,8620602.116031745
30975,2019,3,0.0004243124999999999,3222384.015625,9427107.815625
30975,2019,4,0.004465265625,1487810.125,9860571.0525
30975,2020,1,0.0007983064516129033,1586391.6612903227,10001696.547096774
30975,2020,2,0.001075142857142857,1249252.238095238,9599884.555238096
30975,2020,3,0.001393140625,1071742.859375,10416699.5
30975,2020,4,0.005109765625,828139.484375,11697595.625
30975,2021,1,-0.001244016393442623,772205.655737705,12334748.68852459
30975,2021,2,0.001854793650793651,652177.9841269841,12806266.698412698
30975,2021,3,-0.0004129999999999997,626781.953125,13240600.71875
30975,2021,4,-0.00012618749999999973,851342.078125,11055904.078125
30975,2022,1,1.8887096774193467e-05,682013.5483870967,11197508.709677419
30975,2022,2,-0.00513158064516129,945068.6774193548,9693087.887096774
30975,2022,3,0.000741578125,740190.78125,8195882.234375
30975,2022,4,-0.0006985079365079358,844201.873015873,7031113.095238095
30975,2023,1,0.0014843870967741937,672432.6935483871,7228498.806451613
30975,2023,2,0.0037012258064516128,635249.5161290322,8398141.0
30975,2023,3,-0.0007795396825396825,695615.2063492064,9271100.650793651
30975,2023,4,0.0020985079365079366,1365323.0476190476,8435511.333333334
30975,2024,1,0.004725540983606557,895882.0983606557,10784592.950819673
30975,2024,2,0.00019774603174603175,860323.1746031746,12086827.92063492
30975,2024,3,0.0027512343749999998,711703.078125,12759528.109375
30975,2024,4,-0.0012121718749999997,772693.515625,12960653.109375
31208,2014,1,0.0014204098360655738,572240.0163934426,9229730.65737705
31208,2014,2,-0.00046842857142857135,639158.8412698413,8930363.070476191
31208,2014,3,-0.0007535156250000001,437230.078125,8711971.978125
31208,2014,4,0.0021348437499999996,540002.3125,9146774.44125
31208,2015,1,0.0016779180327868852,406538.9016393443,9922356.520655738
31208,2015,2,0.0005497777777777778,465988.55555555556,10743100.31015873
31208,2015,3,-0.00116090625,486478.765625,10441852.9146875
31208,2015,4,0.00209803125,467198.6875,10542580.3425
31208,2016,1,-0.0002250163934426231,553213.9016393443,10167315.857377049
31208,2016,2,0.0010844843750000002,510520.734375,10964298.9009375
31208,2016,3,0.0019411250000000001,456447.375,12505398.48265625
31208,2016,4,-0.0024341587301587304,612812.3333333334,11499417.792063491
31208,2017,1,0.0024955967741935483,613359.3709677419,12004568.067419354
31208,2017,2,0.002635460317460317,494091.31746031746,13911666.687936509
31208,2017,3,-0.0003184285714285716,474184.1111111111,14485766.155238096
31208,2017,4,0.00121684126984127,443594.6666666667,15394557.07142857
31208,2018,1,0.0005813606557377048,504716.5081967213,16392527.978688525
31208,2018,2,-0.00026717187500000005,625672.734375,15455316.340625
31208,2018,3,0.00012825396825396823,490874.3650793651,15091364.302063491
31208,2018,4,-0.00035755555555555546,646157.9523809524,14561271.643174604
31208,2019,1,0.004940704918032787,621055.9016393443,16886543.185901638
31208,2019,2,-0.0022807460317460317,632087.380952381,15429615.702063492
31208,2019,3,0.0006780468749999999,556972.8125,14602125.5865625
31208,2019,4,0.0007980468749999999,474342.234375,14562022.97953125
31208,2020,1,-0.003420822580645161,591926.9677419355,13433169.782258065
31208,2020,2,0.00020219047619047606,618541.0952380953,11716073.123809524
31208,2020,3,0.0014556718750000002,495172.09375,12868845.1696875
31208,2020,4,0.0038025625000000004,404044.765625,14050918.4265625
31208,2021,1,0.002406704918032787,366895.88524590165,16957651.190491803
31208,2021,2,0.003214047619047619,428771.4761904762,19610751.63095238
31208,2021,3,0.0006088749999999998,329254.8125,24122382.201875
31208,2021,4,0.0007555312500000001,363404.8125,21422712.456875
31208,2022,1,-0.0027735322580645155,385954.8064516129,19793708.865161292
31208,2022,2,0.0013283387096774193,425586.70967741933,19164504.18145161
31208,2022,3,-0.002983765625,354021.53125,19191333.45
31208,2022,4,0.00401526984126984,343140.74603174604,18885937.965714283
31208,2023,1,-0.001428983870967742,371703.17741935485,19214053.16129032
31208,2023,2,-0.002255822580645161,562525.1612903225,16412307.996774193
31208,2023,3,0.0005822380952380951,503902.95238095237,16319891.478095239
31208,2023,4,0.003118952380952381,527603.8412698413,16326378.22
31208,2024,1,0.0008922950819672132,418311.6393442623,19445392.54065574
31208,2024,2,-0.002539,488176.1746031746,18916276.21031746
31208,2024,3,0.003541875,376035.0,19317131.0871875
31208,2024,4,0.0008611093749999998,483922.09375,21715585.7528125
31386,2014,1,-0.00027368852459016386,3957814.295081967,15543180.54622951
31386,2014,2,0.00035798412698412693,3311180.126984127,15790399.47936508
31386,2014,3,0.0007329375,3096858.359375,16227692.461875
31386,2014,4,0.00188446875,3455905.078125,17276744.5628125
31386,2015,1,0.0001739508196721311,3199559.049180328,17571728.151967213
31386,2015,2,1.385714285714277e-05,2502179.126984127,17547741.549523808
31386,2015,3,0.0017421406250000002,4025366.25,19235683.61109375
31386,2015,4,-0.00061775,2754378.53125,18860366.853125
31386,2016,1,0.0011926393442622952,3099307.8852459015,16997934.370819673
31386,2016,2,-0.00040301562499999984,2346771.34375,17608338.45015625
31386,2016,3,-0.00036162499999999997,3242131.859375,16249459.08921875
31386,2016,4,0.0018338888888888888,2437863.3333333335,17435427.278095238
31386,2017,1,0.00025267741935483887,2807914.9032258065,18141046.177580643
31386,2017,2,0.0015199047619047618,2536038.777777778,18244312.77126984
31386,2017,3,0.0009521111111111111,2040227.4761904762,19858358.221904762
31386,2017,4,0.00036144444444444445,2029696.3174603174,20040438.72380952
31386,2018,1,-0.0012525409836065574,2474677.081967213,19520241.551475413
31386,2018,2,2.2296875000000086e-05,2028894.53125,18740350.5915625
31386,2018,3,-0.0002255714285714286,2222889.873015873,18413685.79
31386,2018,4,-0.0016302857142857143,3123815.285714286,16133186.785079366
31386,2019,1,0.001984262295081967,2260058.8360655736,17049210.89590164
31386,2019,2,0.0019406190476190476,2071421.0634920634,19040126.016666666
31386,2019,3,0.001439,1782073.71875,21154617.2621875
31386,2019,4,0.0001785156249999999,1812328.71875,21671790.65640625
31386,2020,1,-0.006720774193548386,3121224.2741935486,18745462.53919355
31386,2020,2,0.0023830476190476193,3425559.476190476,13647493.451428572
31386,2020,3,-0.000333375,2184887.109375,14279193.0425
31386,2020,4,0.004912734375,2403344.8125,15455828.278125
31386,2021,1,0.005632229508196721,3117579.7377049183,19340995.81114754
31386,2021,2,-0.001020015873015873,2562422.714285714,23413114.826984126
31386,2021,3,0.00212909375,1858415.46875,23147126.7278125
31386,2021,4,-9.046874999999992e-05,1616432.6875,24165971.5140625
31386,2022,1,0.0008722096774193548,2162731.935483871,23768419.592419356
31386,2022,2,-0.001259693548387097,1990784.7419354839,23161737.86951613
31386,2022,3,-0.00066178125,1805478.84375,21275542.748124998
31386,2022,4,0.0034236984126984125,1690975.4761904762,23007720.607619047
31386,2023,1,-0.001097983870967742,2271902.580645161,23618570.53983871
31386,2023,2,0.0007026612903225808,1693797.5483870967,21840876.482580647
31386,2023,3,-8.955555555555552e-05,1283893.619047619,22291595.46079365
31386,2023,4,0.002138873015873016,1660155.3015873015,22771952.49873016
31386,2024,1,0.004196393442622951,1828935.9672131147,27454965.737704918
31386,2024,2,-0.00024011111111111092,1573793.5714285714,29737211.75634921
31386,2024,3,0.002607125,1444971.59375,32216191.40890625
31386,2024,4,-0.0009440624999999998,1553314.796875,33736193.36953125
31847,2014,1,0.0010117213114754098,858613.8524590164,16476684.00590164
31847,2014,2,0.00026111111111111105,673719.4920634921,17078637.846666664
31847,2014,3,-0.001893625,658534.875,16244795.783125
31847,2014,4,0.00045575,1168424.109375,15040007.54828125
31847,2015,1,0.0008783606557377049,1169301.7049180327,15239762.057868851
31847,2015,2,0.0013043650793650792,968878.5714285715,16276122.935555557
31847,2015,3,-0.0029927187499999997,1026724.84375,15225442.5728125
31847,2015,4,0.000390609375,1088985.859375,13985527.203125
31847,2016,1,0.0019683770491803277,1225098.6721311475,13355213.846065573
31847,2016,2,0.00034496875,837924.109375,15007082.7340625
31847,2016,3,0.001167625,744184.625,15198510.15625
31847,2016,4,0.0016893650793650794,1015455.1111111111,16473358.873968255
31847,2017,1,0.0025450483870967746,1063185.0967741935,19227952.891612902
31847,2017,2,0.0007664285714285713,945030.7936507936,20298828.754761904
31847,2017,3,0.0016275555555555555,642126.873015873,21384247.925555553
31847,2017,4,0.001725190476190476,793249.5714285715,24477710.19793651
31847,2018,1,-0.0017443770491803279,884204.4426229508,24288722.559836067
31847,2018,2,-0.0005581249999999998,1110674.375,22072731.72890625
31847,2018,3,0.002101031746031746,1129770.6825396826,22177187.266666666
31847,2018,4,-0.003191857142857143,1119996.492063492,20420794.81095238
31847,2019,1,0.00272355737704918,933798.2786885246,20387824.95934426
31847,2019,2,-0.0008528730158730159,825508.8095238095,20070856.06
31847,2019,3,0.00036648437499999995,997133.9375,18559311.08
31847,2019,4,0.003496703125,872530.609375,21578466.5153125
31847,2020,1,-0.0033792580645161294,1161318.1451612904,21501049.572419357
31847,2020,2,0.005939126984126983,1063337.9682539683,22422597.588571426
31847,2020,3,0.0007341250000000003,584361.546875,25898788.99484375
31847,2020,4,0.002210796875,640719.1875,28384510.17140625
31847,2021,1,0.0011643114754098362,729752.1967213114,29620855.898688525
31847,2021,2,0.0013255079365079364,740881.746031746,31313873.811587304
31847,2021,3,0.000540546875,544369.34375,35627176.1375
31847,2021,4,0.002836390625,534929.890625,38410327.05515625
31847,2022,1,-0.0033203064516129036,722057.0161290322,33364126.607419357
31847,2022,2,-0.0049745483870967735,1085748.935483871,26245613.658387095
31847,2022,3,0.0015116093749999995,780239.421875,27041590.0971875
31847,2022,4,0.003201571428571429,706478.2857142857,28923752.719047617
31847,2023,1,0.0023411612903225807,704478.1290322581,32639681.89612903
31847,2023,2,0.002078774193548387,760348.3548387097,33162320.398709677
31847,2023,3,-0.002050285714285714,748038.1587301587,35522011.78412698
31847,2023,4,0.0015176031746031745,885270.0158730159,32172902.52126984
31847,2024,1,-0.0005789508196721313,1058438.9016393442,33002159.964918032
31847,2024,2,-0.0007249206349206349,972757.3968253968,30874557.878888886
31847,2024,3,-8.548437500000014e-05,717952.65625,30218560.73390625
31847,2024,4,0.001218578125,840874.3125,31855508.79015625
31967,2014,1,0.0005456393442622951,617539.0983606557,14100833.85262295
31967,2014,2,0.0008578571428571427,547156.9206349206,15008097.603492063
31967,2014,3,0.000630328125,566134.96875,15765373.86296875
31967,2014,4,0.0013401249999999997,1242570.671875,15994693.39796875
31967,2015,1,0.001591606557377049,1062572.737704918,17344803.44819672
31967,2015,2,-0.00017861904761904765,970540.4603174604,17801105.4615873
31967,2015,3,-0.001800578125,1311824.921875,16593124.872187499
31967,2015,4,0.000523625,1201273.3125,16510032.81703125
31967,2016,1,0.0018086885245901642,1841061.9672131147,16003709.571967212
31967,2016,2,-4.475000000000003e-05,1207251.421875,17709672.52515625
31967,2016,3,0.002015109375,1257430.609375,18731840.309375
31967,2016,4,0.000624,1290488.3174603174,20559834.924603175
31967,2017,1,0.000990548387096774,1172498.1935483871,21327532.81870968
31967,2017,2,0.0006402698412698414,1103771.1746031747,22350672.777936507
31967,2017,3,0.002236746031746032,1089627.380952381,24002955.687142856
31967,2017,4,0.0006443174603174604,1194477.8412698412,26871561.89968254
31967,2018,1,-0.00018813114754098365,1356970.0819672132,27500368.94377049
31967,2018,2,0.00026893749999999986,1293376.9375,26363126.30796875
31967,2018,3,0.0012898888888888888,1202480.507936508,27958866.195238095
31967,2018,4,-0.002166063492063492,1782132.634920635,25855459.375079364
31967,2019,1,0.002641868852459016,1204359.950819672,26837145.522459015
31967,2019,2,0.0003754761904761903,1486228.6984126985,28735831.27698413
31967,2019,3,0.00027299999999999997,1419666.984375,27458553.594375
31967,2019,4,0.0018824999999999998,1056601.578125,30305016.861875
31967,2020,1,-0.005640693548387097,1829870.9838709678,28317523.57854839
31967,2020,2,0.004840380952380952,1833512.5396825396,26473297.361904763
31967,2020,3,0.00206390625,1343048.34375,31367057.32015625
31967,2020,4,0.0030813125,1360826.890625,36740664.8175
31967,2021,1,0.00032696721311475425,1824392.2459016393,38890168.85081968
31967,2021,2,0.0006728095238095239,2623329.285714286,40415661.60428572
31967,2021,3,0.00114384375,2476879.921875,43894504.7634375
31967,2021,4,0.002903984375,1922542.234375,48429843.9403125
31967,2022,1,-0.002204806451612903,2869676.7580645164,46340787.50516129
31967,2022,2,-0.002283435483870968,2472123.193548387,41569198.661935486
31967,2022,3,0.00079475,1826715.46875,43316277.17375
31967,2022,4,0.0022820476190476193,2243290.5714285714,45027868.56095238
31967,2023,1,0.001263016129032258,2472116.790322581,46980582.41935484
31967,2023,2,0.0007430483870967744,2926359.290322581,46210160.87129032
31967,2023,3,-8.506349206349197e-05,2205289.0793650793,51276889.61650794
31967,2023,4,0.0027261269841269845,2733959.0,52808545.84603175
31967,2024,1,0.0025744262295081966,2616286.4426229508,62758511.111475416
31967,2024,2,0.002576111111111111,4530038.682539683,75763829.82412699
31967,2024,3,-0.0001903437499999999,6895352.859375,78003234.92359374
31967,2024,4,0.00115978125,6593554.984375,84365449.6553125
32054,2014,1,-0.00029096721311475414,871613.2131147541,12676178.823442623
32054,2014,2,0.00030557142857142854,800619.0317460317,12885973.463809524
32054,2014,3,-0.0005453125000000002,901154.390625,12743875.373125
32054,2014,4,0.0008825625,1416661.140625,12482792.571875
32054,2015,1,8.545901639344255e-05,1184014.7704918033,12487733.25819672
32054,2015,2,0.0007292063492063492,1018015.2222222222,12949195.854444446
32054,2015,3,-0.0005697656250000003,1414899.640625,13036146.7665625
32054,2015,4,0.0004885312499999999,1364524.5,13198252.1759375
32054,2016,1,-0.001025295081967213,1696244.4918032787,11289167.376393443
32054,2016,2,-0.0010585,1524705.890625,11255587.72375
32054,2016,3,0.0005944687499999999,1524148.40625,11101630.61609375
32054,2016,4,0.00039000000000000005,2368910.253968254,10992828.40952381
32054,2017,1,0.001791225806451613,1737980.677419355,12165641.002580645
32054,2017,2,0.0018640476190476191,1451756.365079365,13557743.597777776
32054,2017,3,0.0014263809523809524,904546.2380952381,14577523.252063492
32054,2017,4,0.0015234920634920636,1205285.238095238,16086114.275079366
32054,2018,1,0.0008938852459016394,1187009.8688524591,17558031.011967212
32054,2018,2,-0.000697921875,1365846.046875,17153318.72984375
32054,2018,3,0.0015345714285714285,1065021.492063492,17739233.01857143
32054,2018,4,-0.0022318730158730157,1648092.619047619,16640050.842380954
32054,2019,1,0.0034382459016393443,1328112.1311475409,17494461.87852459
32054,2019,2,0.0015202380952380955,1062764.2857142857,19504906.693809524
32054,2019,3,0.0002865312500000001,1220716.765625,20121821.98390625
32054,2019,4,0.0013655,1021369.390625,21644358.31296875
32054,2020,1,-0.003998725806451613,1854404.4838709678,20638564.18725806
32054,2020,2,0.003743079365079365,1488012.0634920634,19233844.476507936
32054,2020,3,0.001795875,996950.109375,22189121.1640625
32054,2020,4,0.003212796875,941184.421875,25895065.690625
32054,2021,1,0.0010429016393442624,1047068.8032786886,27795189.782459017
32054,2021,2,0.0007772698412698413,913672.0476190476,30914928.0131746
32054,2021,3,-0.001080265625,979457.03125,31033215.2753125
32054,2021,4,0.002758546875,928613.421875,31638154.845625
32054,2022,1,-0.001468241935483871,1038837.8709677419,31097181.01935484
32054,2022,2,-0.0029323870967741935,1151440.5483870967,28085455.4433871
32054,2022,3,0.0006212968749999999,951377.46875,27624457.0021875
32054,2022,4,0.0034731269841269843,1038722.8571428572,30431480.74031746
32054,2023,1,0.0007553064516129032,1027360.7258064516,32667476.68822581
32054,2023,2,0.0018480483870967743,1007343.2741935484,33644395.37516129
32054,2023,3,-0.001386825396825397,917675.8571428572,36011698.39714286
32054,2023,4,0.0018231587301587304,968144.7619047619,35175537.635238096
32054,2024,1,0.0017691147540983606,969984.655737705,39766938.094262294
32054,2024,2,-0.0013493809523809526,1146631.126984127,39940778.783174604
32054,2024,3,0.0006109062500000001,1237988.359375,38640985.975625
32054,2024,4,0.0008938750000000001,1203262.859375,42160063.2375
32066,2014,1,0.001154606557377049,8491254.983606558,27491248.966885246
32066,2014,2,-0.0006348888888888889,7263721.587301588,29385291.82190476
32066,2014,3,-0.00107553125,7193263.390625,26825386.44046875
32066,2014,4,0.0013111562500000003,7654533.40625,25453587.56125
32066,2015,1,0.004456737704918033,8232251.213114754,28939783.46409836
32066,2015,2,-2.4222222222222106e-05,6017276.507936508,30237137.443333335
32066,2015,3,-0.0002788906250000001,7137666.09375,32062826.406875
32066,2015,4,0.00282140625,5434820.65625,33474075.34453125
32066,2016,1,-0.0009723770491803272,6810299.770491803,30354051.203606557
32066,2016,2,-0.0032664687500000003,5807268.015625,26595056.60265625
32066,2016,3,0.0009394687500000002,6381021.90625,24893748.4571875
32066,2016,4,0.004330111111111111,5269510.904761905,28191980.11857143
32066,2017,1,-0.00023187096774193532,4671527.048387097,30249297.830483872
32066,2017,2,0.0005063650793650794,4191943.9682539683,29068399.161428574
32066,2017,3,0.0023080793650793654,3734955.3492063493,30665275.72873016
32066,2017,4,0.0030102063492063492,3313366.238095238,36317122.92063492
32066,2018,1,0.00042267213114754104,3434352.5081967213,40694931.02622951
32066,2018,2,0.00299778125,3698296.0,48338877.3446875
32066,2018,3,0.0006455714285714284,2791390.984126984,48808766.18539682
32066,2018,4,-0.006120079365079365,4532741.53968254,37471917.9752381
32066,2019,1,0.0023422622950819674,3837762.5409836066,35049659.75
32066,2019,2,0.0005225396825396824,3575099.9206349207,34468090.61238095
32066,2019,3,0.00031373437500000005,3222224.1875,33655761.404375
32066,2019,4,0.0016987968750000002,2944727.890625,39040407.9665625
32066,2020,1,-0.009605935483870967,5355411.516129033,29808361.01419355
32066,2020,2,0.005804126984126984,5108729.444444444,24379022.718412697
32066,2020,3,-0.0040771875,4272268.953125,21355338.4459375
32066,2020,4,0.005702171875,5233274.375,20006717.7775
32066,2021,1,0.004448049180327869,4065720.6393442624,27738065.102459017
32066,2021,2,0.0018127936507936508,3789890.4285714286,31654975.36
32066,2021,3,-0.0010435,4001631.40625,27208569.22953125
32066,2021,4,0.0014103281250000001,3694606.78125,30448444.98015625
32066,2022,1,0.005351225806451613,4510310.161290322,35479611.59451613
32066,2022,2,0.0014602741935483873,5808655.564516129,48404709.547419354
32066,2022,3,0.0005850781250000002,3975013.3125,44378930.6759375
32066,2022,4,0.0031868412698412693,3956736.777777778,48714825.08730159
32066,2023,1,0.0019778387096774193,4191466.9032258065,51759172.72612903
32066,2023,2,-0.002417467741935484,4491757.241935484,42373274.35580645
32066,2023,3,0.003289793650793651,3750306.714285714,46561000.68444444
32066,2023,4,-0.0011056190476190476,3242257.111111111,43861321.04190476
32066,2024,1,0.004740147540983606,3479030.2459016396,48345160.0104918
32066,2024,2,-0.0010894444444444443,2827095.8571428573,53078904.46031746
32066,2024,3,-0.002037671875,2761030.78125,46848974.71
32066,2024,4,-0.001208734375,2663377.703125,42532625.434375
32135,2014,1,0.0018372295081967214,2327935.8524590163,19667783.692622952
32135,2014,2,0.0002604285714285715,2328583.3492063493,20541680.093492065
32135,2014,3,-0.001176109375,2094276.640625,20246645.28484375
32135,2014,4,0.002237296875,2706784.953125,20511787.5803125
32135,2015,1,0.0004175573770491803,3397690.344262295,22111468.99590164
32135,2015,2,-0.0023467142857142857,3140328.6666666665,21242499.537142854
32135,2015,3,0.00103340625,2982794.90625,20495775.1334375
32135,2015,4,0.0017617031249999998,2672617.234375,22111198.02296875
32135,2016,1,0.0007877868852459017,3441074.704918033,21053924.101147544
32135,2016,2,0.001830140625,3213582.890625,24681554.185
32135,2016,3,0.00156615625,2670342.140625,27781290.41734375
32135,2016,4,2.7063492063491924e-05,2793683.0,26823970.488571428
32135,2017,1,-6.940322580645155e-05,2802781.209677419,26909509.52032258
32135,2017,2,0.002098777777777778,2757292.380952381,29516183.921428572
32135,2017,3,0.0014166349206349207,2057658.365079365,32742796.334285714
32135,2017,4,0.00041255555555555555,1885522.5555555555,34745146.475079365
32135,2018,1,-0.00015286885245901631,2648308.049180328,33100839.298524592
32135,2018,2,0.0008215625,2850298.578125,34287560.73640625
32135,2018,3,0.0006872380952380951,3510961.9523809524,37102451.44492064
32135,2018,4,-0.0020176190476190476,2805918.206349206,40798191.548888884
32135,2019,1,0.003510852459016393,2589684.7868852457,42969195.44098361
32135,2019,2,0.0018768253968253967,2201806.301587302,48010084.16269841
32135,2019,3,0.0011347187499999999,2145677.359375,52201039.17359375
32135,2019,4,0.000864015625,2754559.15625,55982692.75484375
32135,2020,1,-0.0005345967741935484,4962843.112903226,58531925.55741935
32135,2020,2,0.0029337460317460317,3694288.476190476,65912238.694603175
32135,2020,3,0.001393375,2684691.09375,74003728.59375
32135,2020,4,5.12343749999999e-05,2557962.125,74712696.511875
32135,2021,1,0.0012262622950819674,2927782.606557377,75339395.39163935
32135,2021,2,0.002052619047619048,2502280.015873016,86474005.27936509
32135,2021,3,0.000874390625,2294271.125,95959378.9321875
32135,2021,4,0.004735921875,2269119.109375,110346400.070625
32135,2022,1,-0.000458290322580645,3123485.806451613,112863683.16
32135,2022,2,-0.004609596774193548,4800261.935483871,102332006.265
32135,2022,3,-0.00202971875,3542805.734375,91820898.456875
32135,2022,4,0.0020221587301587304,4095782.5714285714,96215481.96825397
32135,2023,1,0.0019210967741935482,3046359.370967742,113464495.48677419
32135,2023,2,-6.167741935483878e-05,3108046.5483870967,113596923.57370967
32135,2023,3,-0.001210968253968254,2501975.8095238097,112999798.06857142
32135,2023,4,0.0030297142857142858,3690227.26984127,104889452.8652381
32135,2024,1,-0.00018365573770491797,3136106.8032786883,120769364.6657377
32135,2024,2,-0.002059444444444445,4376410.650793651,102521089.9547619
32135,2024,3,0.002046734375,3405384.265625,114883097.04859374
32135,2024,4,-0.002504140625,3949878.984375,106439432.99578124
34770,2014,1,0.00047977049180327857,2285653.1475409837,32164791.59114754
34770,2014,2,0.0016524444444444442,1819037.5396825396,34215077.044285715
34770,2014,3,0.0007236874999999999,1833836.046875,37687123.8675
34770,2014,4,0.0009610625,2028290.1875,38933883.15359375
34770,2015,1,-0.0007026065573770493,2901528.5901639345,38593239.48885246
34770,2015,2,5.7507936507936545e-05,2375529.9365079366,39934356.43079365
34770,2015,3,-0.0007515312499999999,2322537.734375,39846263.4628125
34770,2015,4,0.0016822656250000002,1926033.453125,41263181.25515625
34770,2016,1,0.0010303278688524589,2525402.3606557376,39605233.88327869
34770,2016,2,0.0018285156249999998,1780637.34375,45166073.96671875
34770,2016,3,9.334375000000006e-05,1853888.765625,48612917.85921875
34770,2016,4,-0.0009181746031746034,2731674.26984127,46242882.0515873
34770,2017,1,0.0022904354838709676,2131785.080645161,46900717.04532258
34770,2017,2,0.0015416984126984125,2003435.2222222222,54519252.05285714
34770,2017,3,0.0006463968253968254,1779573.650793651,59577354.59634921
34770,2017,4,0.000832920634920635,2020825.5555555555,61236339.68
34770,2018,1,0.00040736065573770486,2815388.524590164,61033546.95672131
34770,2018,2,0.00010200000000000007,2246651.390625,61328335.626875
34770,2018,3,0.00025720634920634917,1576420.0952380951,64686319.99761905
34770,2018,4,0.001558873015873016,2284847.619047619,68880824.69380952
34770,2019,1,0.003634885245901639,1855745.524590164,77297967.09459017
34770,2019,2,0.0007797936507936508,1717221.4444444445,88799166.6052381
34770,2019,3,0.00138540625,1777056.3125,96572327.54578125
34770,2019,4,0.0007549999999999999,1583205.390625,96463416.3640625
34770,2020,1,5.6064516129032705e-05,2397486.2419354836,103081894.9083871
34770,2020,2,0.003254015873015873,2251998.238095238,109638659.91492064
34770,2020,3,-0.0008453281249999999,1638057.46875,112437688.10671875
34770,2020,4,-0.0009847031250000001,2040181.984375,103218522.6609375
34770,2021,1,0.0011807377049180329,2378363.0,98933897.90508197
34770,2021,2,0.0021496031746031743,1781698.349206349,114289516.63380952
34770,2021,3,-0.00014715625,1418889.484375,129660361.90671875
34770,2021,4,0.0016712656250000002,1649134.015625,124392256.00328125
34770,2022,1,-0.0022978064516129032,2089226.6129032257,111129021.13290322
34770,2022,2,0.0007044999999999999,2141006.5,114456394.13935484
34770,2022,3,-0.0025831875,1505929.59375,118018770.07203124
34770,2022,4,0.000291968253968254,2068957.111111111,96911896.79492064
34770,2023,1,-0.0004105322580645164,2071423.7741935484,97686974.15096773
34770,2023,2,-0.0005006612903225807,2087743.0161290322,91091107.37419355
34770,2023,3,-0.0024991428571428573,2111889.301587302,85138196.65444446
34770,2023,4,0.004783761904761905,2221914.26984127,88099070.60793652
34770,2024,1,-0.0013676229508196719,2337271.5081967213,92865144.16655737
34770,2024,2,0.00014276190476190473,2505265.0476190476,87243897.62412699
34770,2024,3,0.0029133593749999997,2109321.53125,103558785.96265624
34770,2024,4,-0.003295671875,2411704.640625,96810389.45578125
35048,2014,1,-0.0011681639344262296,3429467.3278688523,76198669.61278689
35048,2014,2,0.0004512857142857142,2827867.5714285714,72561015.15936507
35048,2014,3,0.001526,2476355.65625,78743187.580625
35048,2014,4,0.00097709375,3023053.890625,83143861.8375
35048,2015,1,-0.00035098360655737694,2698091.1475409837,81015984.00442624
35048,2015,2,0.001759111111111111,2545190.603174603,89465509.5879365
35048,2015,3,-0.002688453125,3025560.546875,84761158.29546875
35048,2015,4,0.000747609375,2888891.703125,80041786.20296875
35048,2016,1,-0.001976475409836066,5124880.131147541,65722064.16721311
35048,2016,2,-0.00063609375,3345605.828125,65335169.3490625
35048,2016,3,0.00141296875,2682841.6875,66962659.058125
35048,2016,4,0.006451063492063492,3894368.015873016,81685685.23825397
35048,2017,1,-0.0005482580645161291,3859737.8387096776,96081086.10403225
35048,2017,2,-0.0003954285714285712,3611900.746031746,88052003.47095238
35048,2017,3,0.0011769047619047618,2843996.253968254,87719994.82444444
35048,2017,4,0.0012476190476190475,2651910.0476190476,94072983.76650794
35048,2018,1,2.9163934426229327e-05,3539841.0327868853,98453105.45262295
35048,2018,2,-0.0019524375,3131514.875,90283551.28375
35048,2018,3,0.00036971428571428577,2693112.6507936507,87847192.24190477
35048,2018,4,-0.004368015873015873,4182900.4603174604,75856245.12507936
35048,2019,1,0.002497409836065574,3316715.770491803,71495812.08868852
35048,2019,2,0.00118615873015873,2519362.222222222,72529934.23523809
35048,2019,3,0.000417046875,2213780.59375,76073013.9415625
35048,2019,4,0.001779625,2309838.453125,77602111.574375
35048,2020,1,-0.005086193548387097,4299320.935483871,74633675.65741935
35048,2020,2,0.0046080952380952375,3671793.619047619,64756115.261269845
35048,2020,3,0.0005221249999999997,3439971.234375,69978233.52890626
35048,2020,4,0.004514374999999999,2977252.796875,76592224.1
35048,2021,1,0.0037514262295081967,3271499.918032787,107097477.14819673
35048,2021,2,0.002526920634920635,2854793.3492063493,121739005.25714286
35048,2021,3,0.00012784374999999992,2386242.0625,132739526.2853125
35048,2021,4,0.000388921875,2462243.8125,133819292.913125
35048,2022,1,-0.002095048387096774,3378962.129032258,118282069.79580645
35048,2022,2,-0.0013935322580645162,2697684.0967741935,106603120.55596775
35048,2022,3,6.034375000000007e-05,2124753.171875,111271139.6590625
35048,2022,4,0.002760857142857143,2328210.904761905,118974438.14730158
35048,2023,1,-0.0004980967741935482,3030617.7258064514,117471310.04612903
35048,2023,2,-2.0258064516128833e-05,2202651.3225806453,109926656.96677418
35048,2023,3,0.0002620476190476189,2014435.6984126985,110771065.16619048
35048,2023,4,0.0030485396825396826,2135534.5396825396,109596615.58587301
35048,2024,1,0.0014870983606557378,2341952.918032787,126476466.36295083
35048,2024,2,0.0014427142857142857,2261070.6825396824,142247740.90920636
35048,2024,3,0.00165684375,2123177.125,156651151.42875
35048,2024,4,0.0025631875,2032038.078125,175769178.5234375
36336,2014,1,0.00010763934426229527,776291.868852459,51269721.86836065
36336,2014,2,0.0004134126984126984,583470.7777777778,51214581.222222224
36336,2014,3,0.0005747812499999999,564595.015625,53754789.961875
36336,2014,4,0.001499859375,558488.984375,56783640.4825
36336,2015,1,0.0005633442622950818,547086.8196721311,59902277.01229508
36336,2015,2,-0.0007436507936507936,511973.55555555556,60138914.83285714
36336,2015,3,-0.002138890625,801027.828125,53193288.5740625
36336,2015,4,0.002355390625,749932.640625,55959096.04796875
36336,2016,1,0.00034662295081967195,916112.0983606557,52151960.61655738
36336,2016,2,0.00032637499999999984,586648.984375,57676080.874843754
36336,2016,3,0.001031875,528034.28125,59487016.7159375
36336,2016,4,0.0009363968253968255,740772.7301587302,59480236.0768254
36336,2017,1,0.000271016129032258,549553.5645161291,62146096.240483865
36336,2017,2,0.0016662380952380952,579208.5873015873,64705723.357777774
36336,2017,3,0.0010394285714285714,477076.34920634923,68986430.24698414
36336,2017,4,0.0023203650793650796,469290.5873015873,78237630.05873016
36336,2018,1,0.0011417049180327868,639805.4590163934,88210781.06032787
36336,2018,2,-0.001109640625,555981.234375,84761803.7315625
36336,2018,3,-0.000740984126984127,608485.4603174604,77880458.47523808
36336,2018,4,-0.002541777777777778,948457.4126984127,65166407.30349206
36336,2019,1,0.0015844918032786883,641799.737704918,66394734.92459016
36336,2019,2,0.0016986666666666667,507722.3650793651,70533367.23841271
36336,2019,3,-0.00058775,578451.640625,68942359.70546874
36336,2019,4,0.00205325,473168.390625,73527482.41328125
36336,2020,1,-0.0008150967741935482,967983.7419354839,76462801.9532258
36336,2020,2,0.0038720634920634918,1380068.1904761905,78104857.80666666
36336,2020,3,0.0007491875000000001,616152.3125,87325863.2840625
36336,2020,4,0.004063546875,597226.328125,101128650.054375
36336,2021,1,0.0009635081967213113,719335.475409836,110667777.12590164
36336,2021,2,0.002512809523809524,533517.9047619047,128884015.68190476
36336,2021,3,-0.0004985625000000001,498583.734375,136507326.39125
36336,2021,4,0.00153496875,514873.46875,138729520.533125
36336,2022,1,-0.0026123225806451615,861981.0806451613,118664837.28758064
36336,2022,2,-0.003246290322580645,1000018.5967741936,98814438.35629033
36336,2022,3,-0.0012505781250000004,697999.359375,99170052.55265625
36336,2022,4,0.004476380952380953,848287.8095238095,100846534.21142857
36336,2023,1,-0.0006906129032258065,729856.0645161291,105808628.40258065
36336,2023,2,0.0007291935483870967,615823.5322580645,100510296.31741937
36336,2023,3,-0.0008803968253968254,559576.1428571428,104506713.23952381
36336,2023,4,0.0038345873015873016,674511.9206349206,104082732.4804762
36336,2024,1,0.0006004262295081966,599905.4590163934,119566742.8904918
36336,2024,2,-0.0007426825396825398,612056.2857142857,116120920.01523809
36336,2024,3,0.003084109375,523849.515625,128347431.11625
36336,2024,4,0.00133821875,643188.609375,152755347.90390626
36364,2014,1,-0.00021632786885245913,2872615.704918033,19132663.651639346
36364,2014,2,0.0005593650793650793,1879063.9206349207,18716680.113492064
36364,2014,3,-2.7484374999999975e-05,1789498.0,19025313.76828125
36364,2014,4,-2.9531249999999176e-06,2577345.8125,15301847.74078125
36364,2015,1,0.0004280655737704918,2465087.8032786883,13582445.466885246
36364,2015,2,-0.0010875079365079364,2386299.9523809524,13937443.46126984
36364,2015,3,-0.0016347031249999999,2463642.53125,12605776.17921875
36364,2015,4,0.00322396875,2921115.765625,12819376.886875
36364,2016,1,-0.0006241639344262297,2316354.704918033,12534546.162786884
36364,2016,2,0.0018591406250000001,2191898.8125,14134649.814375
36364,2016,3,0.0010521562500000001,1855911.9375,15191834.64765625
36364,2016,4,-0.00037947619047619044,1977848.126984127,14716212.783809524
36364,2017,1,0.002513032258064516,2019116.9032258065,16246947.39564516
36364,2017,2,0.0019125238095238095,2001558.619047619,18356948.15174603
36364,2017,3,0.001308888888888889,1648829.8412698412,20016735.099999998
36364,2017,4,0.000783126984126984,1738031.507936508,21709636.34888889
36364,2018,1,0.0001089344262295081,2462456.2131147543,22634567.682786886
36364,2018,2,-0.001021234375,3020026.625,20986102.20609375
36364,2018,3,0.0021841746031746032,2065888.9365079366,21147371.545079365
36364,2018,4,-0.00040763492063492033,2825037.412698413,21446237.633015875
36364,2019,1,0.002968491803278689,1851524.6721311475,24153296.609672133
36364,2019,2,-0.0009461111111111111,2540801.095238095,23487902.715555556
36364,2019,3,0.00060890625,2644026.609375,22633767.18796875
36364,2019,4,0.00176846875,1601551.03125,24363869.72703125
36364,2020,1,-0.002150161290322581,2474345.129032258,24929044.278870966
36364,2020,2,0.003620523809523809,2053318.3174603174,25366809.339206353
36364,2020,3,0.00216240625,1359298.109375,29837301.64515625
36364,2020,4,0.002637828125,1543510.671875,34012973.4078125
36364,2021,1,0.001304885245901639,1738895.8360655739,37835178.16754098
36364,2021,2,0.002471873015873016,1592296.857142857,41554622.29190476
36364,2021,3,0.00107859375,1654039.8125,49058695.77515625
36364,2021,4,0.0003280624999999999,1513035.34375,47116095.7915625
36364,2022,1,-0.002789387096774194,2075266.3064516129,41474264.94435484
36364,2022,2,-0.0014179516129032255,2009340.6612903227,36896298.67919355
36364,2022,3,0.0006105781250000001,1422022.3125,38358983.35921875
36364,2022,4,0.0035971428571428573,1317754.2698412698,42267068.96380952
36364,2023,1,-0.0011223709677419353,1410783.6935483871,43282751.91290323
36364,2023,2,-0.0020722419354838708,2022219.5967741935,37663689.55129032
36364,2023,3,-0.001054,1904670.7142857143,35386486.330476195
36364,2023,4,0.0037054761904761905,2038638.126984127,34810134.96333333
36364,2024,1,0.0008677868852459016,1653816.3934426229,40134072.65262295
36364,2024,2,-0.0016267777777777778,1921782.380952381,40978009.09095238
36364,2024,3,0.00226759375,1594237.09375,39936355.105625
36364,2024,4,-0.001393265625,1684213.703125,39359175.9496875
36383,2014,1,-0.0011000491803278688,3494074.7213114756,69610681.88032787
36383,2014,2,0.0009682380952380953,2651797.4285714286,71128314.9515873
36383,2014,3,-0.0005349375,2653192.890625,70174833.1515625
36383,2014,4,0.00207325,3526475.578125,74392701.85671875
36383,2015,1,-0.002004295081967213,3515460.6393442624,72987606.2395082
36383,2015,2,0.0001472222222222222,3138726.476190476,69751703.8057143
36383,2015,3,0.0004925312500000001,3277090.515625,69174223.875
36383,2015,4,-0.00023471875000000006,2976201.421875,71267006.75296874
36383,2016,1,0.0016925901639344263,3369035.7377049183,67425152.9952459
36383,2016,2,0.00047896875,2554684.0,71845664.32953125
36383,2016,3,0.0003650000000000001,2314956.9375,75441822.1146875
36383,2016,4,0.0008885238095238095,2518357.0793650793,77739337.72555555
36383,2017,1,-0.0008699838709677418,3180959.1612903224,75315216.99370967
36383,2017,2,0.0006372698412698412,2719924.634920635,73645697.07714285
36383,2017,3,0.001462,2282686.507936508,78302755.41904761
36383,2017,4,4.6000000000000075e-05,2684881.8253968256,80812086.44825396
36383,2018,1,-0.001835672131147541,4984648.229508197,79459977.65672131
36383,2018,2,0.00042570312500000014,3259361.875,77386418.9990625
36383,2018,3,0.001689650793650794,2376571.365079365,81303851.40904763
36383,2018,4,-0.00251,3346798.1428571427,75294380.80428572
36383,2019,1,0.0024648196721311472,3339040.3606557376,73755241.0457377
36383,2019,2,-0.0009555396825396824,3173136.8095238097,72498402.60222222
36383,2019,3,0.0025986093750000002,3229458.734375,79816759.77109376
36383,2019,4,-0.00016262499999999995,2831873.953125,82859497.0328125
36383,2020,1,-0.0029227741935483873,5300697.79032258,72656975.49580644
36383,2020,2,0.003232920634920635,4639953.53968254,70169945.1320635
36383,2020,3,0.00671503125,4202839.96875,102678250.67390625
36383,2020,4,0.000446234375,3810937.21875,119832730.43921874
36383,2021,1,0.00035916393442622955,3701975.098360656,115968291.03934425
36383,2021,2,0.003440634920634921,3580255.9365079366,144375547.64253968
36383,2021,3,-0.0019065468749999998,2675383.765625,143101663.93046874
36383,2021,4,0.002747265625,2615989.40625,148192974.258125
36383,2022,1,0.00039856451612903216,3159384.435483871,154935725.66064516
36383,2022,2,-0.0022733064516129034,3684039.2580645164,133584293.79870969
36383,2022,3,-0.00165196875,2828370.984375,138900237.2846875
36383,2022,4,0.0014895079365079362,3176979.0,126561137.26190476
36383,2023,1,0.0020092580645161293,3118160.4032258065,133858667.57903227
36383,2023,2,-0.0009570967741935484,3513254.1612903224,128689933.2983871
36383,2023,3,-0.0020086190476190473,3413362.6825396824,125023236.50349207
36383,2023,4,0.0004316031746031746,3632038.587301587,109354661.16571428
36383,2024,1,-0.0005485901639344263,4429221.2950819675,110126931.15213114
36383,2024,2,-0.001045111111111111,3720323.3492063493,104225544.89015873
36383,2024,3,0.0003267812499999999,4685245.6875,95896811.86734375
36383,2024,4,-0.0009287031250000001,3975697.421875,96355597.64078125
37138,2014,1,-0.00015301639344262306,5918738.131147541,57860459.161475405
37138,2014,2,0.0010201746031746034,6257982.047619048,59137172.5268254
37138,2014,3,-0.0003703125,5075888.171875,61344205.0865625
37138,2014,4,0.00032253125,6374045.671875,60085346.82921875
37138,2015,1,-0.0008798524590163934,7752111.344262295,56920480.460983604
37138,2015,2,0.0018005238095238094,6076133.333333333,59399125.55285714
37138,2015,3,-0.002416671875,6428828.0,58521089.40265625
37138,2015,4,0.0005779687500000001,5874190.65625,55014084.1509375
37138,2016,1,-0.0010905409836065576,8464559.49180328,46379228.28803279
37138,2016,2,-0.001120921875,6573165.515625,48074297.838125
37138,2016,3,0.00203025,7517631.90625,46345551.13390625
37138,2016,4,0.0033325555555555556,6748853.793650794,56552344.09777778
37138,2017,1,-0.00011953225806451609,6088307.725806451,58710738.895806454
37138,2017,2,0.0008106984126984128,5474480.174603174,56247238.89206349
37138,2017,3,0.0010315873015873014,5436168.80952381,54411157.85492064
37138,2017,4,-0.0002763174603174601,4163834.793650794,55741825.49412698
37138,2018,1,-0.0012615245901639344,7312007.770491803,50898077.248032786
37138,2018,2,-0.0005544531249999998,5679391.21875,47720771.16390625
37138,2018,3,0.0013142539682539681,4936794.603174604,46129164.32793651
37138,2018,4,-0.001699873015873016,7542993.746031746,42583461.531111114
37138,2019,1,0.0008311967213114757,5827007.622950819,43162451.54655738
37138,2019,2,0.0026681587301587303,4691031.984126984,44793302.157936506
37138,2019,3,-0.0005632187500000001,6054099.109375,44867445.79234375
37138,2019,4,0.00141703125,4731883.90625,44657244.33890625
37138,2020,1,-0.006528145161290323,7941613.064516129,40732281.575
37138,2020,2,0.00383984126984127,6868569.587301588,31694548.494920637
37138,2020,3,0.0007117656249999997,5463907.875,34448631.1346875
37138,2020,4,0.00411928125,5607079.46875,39202715.71640625
37138,2021,1,0.004566098360655738,6066079.508196721,49296934.83131148
37138,2021,2,-2.088888888888888e-05,4536934.746031746,55845399.88444444
37138,2021,3,0.0007454687500000001,4743475.421875,52312123.279375
37138,2021,4,0.00042710937499999986,4450866.609375,53437324.7340625
37138,2022,1,0.0021528870967741933,4940280.612903226,56450928.04419354
37138,2022,2,-0.0015515483870967742,4318710.0322580645,54348671.12032258
37138,2022,3,-0.00027357812499999995,4257358.84375,51604429.365
37138,2022,4,0.0029820952380952377,3983861.603174603,56796927.07936508
37138,2023,1,-0.003266451612903226,5077957.70967742,52710946.28225806
37138,2023,2,-1.301612903225803e-05,5779383.193548387,42806302.8866129
37138,2023,3,0.0019007142857142855,3689354.253968254,47399462.720952384
37138,2023,4,0.0010161428571428572,3692876.0634920634,46804074.09904762
37138,2024,1,0.002065967213114754,3777570.426229508,51167125.18032787
37138,2024,2,-0.0006831269841269843,3020649.619047619,51356628.14920635
37138,2024,3,0.002755796875,3307475.6875,52844744.429375
37138,2024,4,0.00013629687500000005,3212552.5,58049349.25234375
37727,2014,1,0.002397688524590164,507116.47540983604,16184866.966557378
37727,2014,2,-0.000526507936507937,671864.6825396825,15231608.266031746
37727,2014,3,0.0020870156250000003,408385.53125,16069346.96625
37727,2014,4,0.00221553125,280717.015625,18183659.0315625
37727,2015,1,-0.0006771967213114755,250423.39344262294,18723662.786885247
37727,2015,2,-0.0005697142857142857,291232.4761904762,18553053.555396825
37727,2015,3,-0.000681484375,299172.84375,18872514.27875
37727,2015,4,0.002780703125,320986.234375,18881582.30078125
37727,2016,1,0.001701049180327869,423297.3278688525,20925346.01540984
37727,2016,2,0.001562359375,319128.171875,24113775.440625
37727,2016,3,0.0014783906249999999,249832.59375,26529164.24578125
37727,2016,4,-0.0020152539682539686,362435.4126984127,25641180.173492063
37727,2017,1,0.0031156612903225803,352854.6451612903,27628745.668548387
37727,2017,2,0.003226206349206349,334917.3015873016,31865265.975079365
37727,2017,3,0.0018408888888888889,306952.873015873,36648436.20174603
37727,2017,4,0.0008301269841269843,838482.7301587302,42202048.87746032
37727,2018,1,0.002235393442622951,844903.4426229508,47131252.95344262
37727,2018,2,0.00246965625,849499.96875,51835882.56953125
37727,2018,3,0.002974984126984127,640200.9682539683,60595308.15936508
37727,2018,4,-0.002456492063492064,909728.6984126985,58064474.56825397
37727,2019,1,0.003059967213114754,699592.5901639344,61138081.57311475
37727,2019,2,-0.0011506031746031748,835837.873015873,59337045.022857144
37727,2019,3,0.0005779218749999998,616229.140625,59802621.7025
37727,2019,4,0.0015369062499999999,563687.375,64925713.20859375
37727,2020,1,-0.0019308064516129029,993231.2258064516,63732352.83112904
37727,2020,2,0.002583079365079365,742171.2380952381,62716487.58603175
37727,2020,3,0.0036456250000000004,619064.3125,78834864.55
37727,2020,4,0.0023810625,528138.609375,87563715.859375
37727,2021,1,-0.00146872131147541,597780.475409836,88854722.30295083
37727,2021,2,0.003631698412698413,538386.4920634921,99662709.2431746
37727,2021,3,0.0013065625000000002,485134.375,119774465.36546876
37727,2021,4,0.001424984375,1525334.171875,122899498.5078125
37727,2022,1,-0.002471548387096774,2148365.6612903224,104512212.09096774
37727,2022,2,-0.005979112903225807,2143639.564516129,84204063.28193548
37727,2022,3,-0.0008181875,1882400.296875,76686405.9115625
37727,2022,4,0.005874396825396825,2163138.0793650793,86147620.22857143
37727,2023,1,-0.00042553225806451616,1696551.6935483871,86285035.87870967
37727,2023,2,0.004850709677419355,1562515.0483870967,106022288.52467741
37727,2023,3,-0.002344857142857143,1770571.857142857,109729908.165873
37727,2023,4,0.0024516507936507936,1864670.2222222222,104947024.71746032
37727,2024,1,0.002925918032786885,1647005.0655737706,133145371.98573771
37727,2024,2,0.001807142857142857,1362057.9047619049,141277595.14412698
37727,2024,3,0.0017112812500000001,1403703.3125,165439576.66140625
37727,2024,4,0.001087171875,1271221.75,185521694.93171874
41673,2014,1,9.762295081967216e-05,1457324.3934426229,15521109.982622951
41673,2014,2,0.00048630158730158726,1237191.2857142857,15490094.342063492
41673,2014,3,0.0005281093749999999,1181840.0,16217117.112343749
41673,2014,4,0.00168121875,1134561.78125,16737490.85640625
41673,2015,1,0.0016009672131147542,985079.6721311476,18584466.34688525
41673,2015,2,-0.0014181111111111109,1443282.7936507936,18183692.96079365
41673,2015,3,0.0015414687499999999,1544339.46875,18838800.14765625
41673,2015,4,-0.0013191875,1982372.046875,18676054.46328125
41673,2016,1,0.0009103934426229507,2238097.5901639345,19464020.94786885
41673,2016,2,0.00254190625,2375375.625,22905540.57
41673,2016,3,0.00078953125,1826814.546875,25543582.54734375
41673,2016,4,-0.00017674603174603167,1744942.111111111,25011781.046666667
41673,2017,1,0.0009211451612903227,1674545.7903225806,26416074.843064517
41673,2017,2,0.0011868095238095238,1574999.2857142857,27582895.584444445
41673,2017,3,0.0014907777777777777,1344453.6825396826,30153458.656349204
41673,2017,4,0.00020039682539682542,1472307.2222222222,31291173.569841273
41673,2018,1,0.0005172131147540982,1637923.5573770492,32653143.629672132
41673,2018,2,0.00160421875,1696443.328125,33687486.52625
41673,2018,3,0.0005194285714285714,1307063.492063492,35510444.12190476
41673,2018,4,-0.000783126984126984,1530736.0158730159,34175793.59761905
41673,2019,1,0.0017323114754098361,2730481.8032786883,34734049.772786885
41673,2019,2,0.001392920634920635,3215719.095238095,37990024.491111115
41673,2019,3,0.0013917187500000002,4790003.125,69108504.509375
41673,2019,4,0.000816125,3040169.84375,82315100.536875
41673,2020,1,-0.001070967741935484,4534404.048387097,85426083.82000001
41673,2020,2,0.0018930634920634921,4060439.587301587,81073017.23380952
41673,2020,3,0.001579609375,3088690.125,89389406.3934375
41673,2020,4,-0.00038517187499999977,3255141.921875,88510566.82984374
41673,2021,1,9.062295081967216e-05,4306512.409836066,84774240.29950818
41673,2021,2,0.00022084126984126969,2596612.8571428573,92239335.57206349
41673,2021,3,-0.002164640625,3382624.78125,83066154.66078125
41673,2021,4,-0.0014274062499999999,4128061.59375,69460072.17234375
41673,2022,1,-0.0009512580645161292,4262126.338709678,63713669.143064514
41673,2022,2,-0.0011237419354838709,3535565.4032258065,60628464.464999996
41673,2022,3,-0.00276796875,3954936.453125,56691969.665
41673,2022,4,-0.000571222222222222,7020736.238095238,42837754.94714286
41673,2023,1,-0.0029302580645161292,6648608.774193549,38622347.98451613
41673,2023,2,0.00044349999999999967,5069984.887096774,32579732.530806452
41673,2023,3,0.0004309841269841269,4545287.333333333,34095931.16888889
41673,2023,4,0.0016047777777777777,5470613.603174604,32505264.267619047
41673,2024,1,0.003653098360655738,4746259.950819672,38185312.06754098
41673,2024,2,0.00042046031746031736,4150790.1904761903,41797511.36396825
41673,2024,3,0.001793328125,2789551.234375,43626376.1646875
41673,2024,4,-0.00043910937499999994,3146002.125,46771503.4759375
41870,2015,2,-0.019075,1893684.0,20404251.479999997
41870,2015,3,-0.002237171875,1380359.828125,20980610.2646875
41870,2015,4,0.001509875,1163724.375,20509691.74609375
41870,2016,1,0.000775131147540984,1475299.2950819673,20113260.13311475
41870,2016,2,0.001979015625,1667297.53125,23196169.30140625
41870,2016,3,0.0013062187500000003,1237472.109375,25424942.14421875
41870,2016,4,-0.0033621746031746035,1908473.380952381,22091315.024761904
41870,2017,1,0.002806564516129032,1295321.435483871,23384839.863387097
41870,2017,2,0.000892968253968254,1266796.0952380951,24591835.795873016
41870,2017,3,-0.001368857142857143,1462482.0952380951,23996061.555555556
41870,2017,4,0.0006213809523809524,1439225.9523809524,23560783.163333334
41870,2018,1,-0.001516377049180328,1331830.9344262294,24246857.500819672
41870,2018,2,0.00044721875,1168010.46875,22779220.83203125
41870,2018,3,0.002738857142857143,1016040.3015873015,24902859.55904762
41870,2018,4,-0.003558015873015873,1284897.9841269841,23586874.584126983
41870,2019,1,0.0035416393442622954,1290721.8196721312,23896235.316393442
41870,2019,2,-0.0011763174603174602,1183851.4603174604,24688659.445396826
41870,2019,3,0.0025550468749999996,1171394.703125,27272138.43234375
41870,2019,4,0.00144659375,907990.390625,29209685.2959375
41870,2020,1,-0.0054440322580645165,1687299.064516129,27799826.33354839
41870,2020,2,0.0033759047619047623,1687469.0634920634,24536197.102857143
41870,2020,3,0.0022594687499999998,1085939.328125,27837576.3540625
41870,2020,4,0.00220671875,1062310.359375,30132725.9946875
41870,2021,1,0.0007431639344262296,1290769.737704918,33108480.946885247
41870,2021,2,0.0001722222222222223,1154261.349206349,34766016.63904762
41870,2021,3,-0.0013140312499999999,1496904.90625,31606218.5821875
41870,2021,4,-0.0020113749999999997,1551278.578125,28155159.92125
41870,2022,1,0.0006826129032258066,1953593.1129032257,25654183.62967742
41870,2022,2,-0.0029199032258064523,1359787.8387096773,24844217.86016129
41870,2022,3,0.00010217187500000021,1052315.953125,23007959.75109375
41870,2022,4,0.0033427460317460318,1198759.9365079366,24350246.626031745
41870,2023,1,0.0002958870967741935,1434246.9193548388,26357318.720645163
41870,2023,2,0.0020303548387096775,1446914.564516129,28474033.801612902
41870,2023,3,-0.003993095238095237,1578719.6666666667,26521147.318730157
41870,2023,4,0.0014178571428571428,1759365.0952380951,23317572.413333334
41870,2024,1,0.0014345245901639342,1563267.3442622952,25934415.976065572
41870,2024,2,-0.003005047619047619,1439930.8253968253,24198579.022857144
41870,2024,3,8.4359375e-05,1485672.5,22379125.005
41870,2024,4,-0.00021648437500000007,1495558.484375,21524392.6575
42524,2014,1,-0.0011957868852459014,2480156.1475409837,39678165.28442623
42524,2014,2,0.0009590634920634921,2642185.587301587,38727459.60174603
42524,2014,3,1.875000000001604e-07,2171761.984375,41064585.3125
42524,2014,4,0.00068271875,2753078.640625,39285128.125
42524,2015,1,-0.0016757540983606558,3131580.8360655736,36935627.492459014
42524,2015,2,0.0015393968253968253,2355932.3174603176,38503277.07301587
42524,2015,3,-0.0018463750000000004,2522245.59375,37954495.9375
42524,2015,4,0.001281640625,2199290.921875,37222865.0
42524,2016,1,-0.0014766557377049179,3470412.081967213,31225356.12819672
42524,2016,2,0.00014373437500000014,2462008.15625,33475433.958125
42524,2016,3,0.002347296875,2321598.1875,33772504.375
42524,2016,4,0.004063301587301587,2655411.714285714,41177530.15873016
42524,2017,1,0.0005718225806451613,1966509.5483870967,46401312.44516129
42524,2017,2,0.0003910793650793652,1934427.0317460317,45638563.9968254
42524,2017,3,-8.585714285714286e-05,1825208.0158730159,45788230.31746032
42524,2017,4,0.0013889365079365079,1603613.0634920634,47822604.28571428
42524,2018,1,-0.0013923770491803278,2271379.2622950817,47711784.550000004
42524,2018,2,-0.001345796875,1940054.53125,42557016.7321875
42524,2018,3,0.0014894285714285717,1846007.507936508,41304900.0
42524,2018,4,-0.0030966190476190477,2545341.1746031744,38304037.777777776
42524,2019,1,0.0022232622950819677,2242001.4426229508,37940356.35934427
42524,2019,2,0.0017834444444444443,1893450.634920635,40629350.09111111
42524,2019,3,-0.0014341093749999996,2202304.15625,36681235.625
42524,2019,4,0.0008799999999999999,2025818.453125,36912456.5625
42524,2020,1,-0.007339725806451613,3422360.919354839,31844472.970322583
42524,2020,2,0.003825428571428571,3668728.476190476,23227412.513015874
42524,2020,3,0.001167125,2337149.5,25964954.6875
42524,2020,4,0.003864625,2118764.015625,28569753.28125
42524,2021,1,0.0029395409836065573,2492409.131147541,33932992.25573771
42524,2021,2,0.0021390634920634925,1993217.5873015872,40336397.34984127
42524,2021,3,0.0007069843749999999,1810462.59375,40317049.0625
42524,2021,4,0.00073390625,1693402.390625,41617054.375
42524,2022,1,0.0017719032258064515,2144077.1129032257,42894788.716451615
42524,2022,2,-0.0030311451612903225,1911114.3064516129,39792388.27516129
42524,2022,3,-0.001388796875,1722349.671875,36002273.90625
42524,2022,4,0.00270415873015873,1812437.507936508,37532575.87301587
42524,2023,1,-0.0025581129032258066,2350039.85483871,35120200.64516129
42524,2023,2,0.001410016129032258,2239205.2580645164,30592210.967741936
42524,2023,3,0.0014322539682539682,1465405.2222222222,34460992.38095238
42524,2023,4,0.0016962698412698414,1609697.9682539683,34750348.571428575
42524,2024,1,0.002305327868852459,1578355.1475409835,38823750.163934425
42524,2024,2,0.00020299999999999997,1395439.0952380951,41434127.46031746
42524,2024,3,0.0008544999999999998,1532855.3125,42362534.21875
42524,2024,4,-5.364062500000002e-05,1451825.046875,44031537.96875
43145,2014,1,-0.00032559016393442593,3035430.1475409837,23951110.100327868
43145,2014,2,0.003913968253968254,3464537.793650794,22708109.349999998
43145,2014,3,0.0005304999999999999,2172485.984375,27280491.3009375
43145,2014,4,-0.00383603125,2470152.640625,22643349.8503125
43145,2015,1,0.003674196721311475,2257072.918032787,25680763.68852459
43145,2015,2,0.007589857142857143,2852205.5555555555,35511380.80809524
43145,2015,3,0.0022930468749999995,19279385.953125,45724421.2159375
43145,2015,4,0.0019900937499999997,16981595.09375,48835674.995
43145,2016,1,-0.0013092622950819672,19489672.098360654,42017421.281639345
43145,2016,2,-0.00139946875,12868169.265625,41145924.19359375
43145,2016,3,0.0014754218750000002,10507568.78125,40923854.73828125
43145,2016,4,0.004012126984126984,8750983.587301588,50862280.58253968
43145,2017,1,0.002937564516129032,6200669.693548387,60379961.41048387
43145,2017,2,0.0003215079365079367,6385713.507936508,66305382.77190477
43145,2017,3,0.003331984126984127,6878319.301587301,75300160.9420635
43145,2017,4,0.0010286190476190475,6903079.73015873,83326019.65253967
43145,2018,1,0.0075358524590163935,11257173.901639344,118099869.32245901
43145,2018,2,0.0046638750000000005,10125081.3125,148189356.50359374
43145,2018,3,-0.0004446984126984126,10953868.301587302,158053826.66714287
43145,2018,4,-0.00461236507936508,13576183.603174603,130503977.17809524
43145,2019,1,0.005014213114754099,9833205.459016394,151358740.54557377
43145,2019,2,0.0006493174603174604,6371906.682539683,157742028.94285715
43145,2019,3,-0.00466425,7972381.5625,136995727.44484374
43145,2019,4,0.003144234375,7407817.90625,129936220.73828125
43145,2020,1,0.0030608225806451612,7818307.838709678,155245800.8756452
43145,2020,2,0.003320047619047619,7561764.53968254,187196473.2926984
43145,2020,3,0.0019162500000000002,7289405.96875,219498294.8953125
43145,2020,4,0.0015499687499999995,5051409.84375,223989142.2875
43145,2021,1,-0.0001511147540983606,4772053.672131147,234931663.09409836
43145,2021,2,0.00032107936507936517,4067638.6666666665,226643934.44142857
43145,2021,3,0.002345640625,3335286.09375,243569852.044375
43145,2021,4,-4.746874999999993e-05,3464068.859375,283018143.810625
43145,2022,1,-0.006675693548387096,8209561.741935484,184751660.0830645
43145,2022,2,-0.010253290322580646,13617705.370967742,98497695.79129033
43145,2022,3,0.005187421875,10213518.59375,98779911.95796876
43145,2022,4,0.004273666666666667,11280494.476190476,124826991.63904762
43145,2023,1,0.0028786290322580644,7811464.0322580645,147375964.935
43145,2023,2,0.004153387096774193,6748719.177419355,163723585.37241936
43145,2023,3,-0.002209095238095238,5940453.746031746,187821818.16269842
43145,2023,4,0.004333571428571429,4985870.26984127,191025553.6761905
43145,2024,1,0.003830016393442623,4498673.081967213,243979452.8827869
43145,2024,2,0.0018714920634920638,3402332.619047619,269105699.2877778
43145,2024,3,0.000880703125,3110496.265625,286995167.686875
43145,2024,4,0.0037658749999999997,3200702.0625,351834291.06625
43791,2014,1,-0.0007813934426229508,1980504.8688524591,25257290.67114754
43791,2014,2,-0.00047515873015873013,1637793.4285714286,23611324.900634922
43791,2014,3,0.00201265625,1457791.21875,25301657.385625
43791,2014,4,0.002096890625,1570471.671875,28523618.662031252
43791,2015,1,0.001255327868852459,1648531.262295082,31176850.257540986
43791,2015,2,-0.000146095238095238,1498443.253968254,31467560.332063492
43791,2015,3,0.00015092187500000001,1586162.234375,32081572.3125
43791,2015,4,0.0003263125,1388356.28125,31810965.43703125
43791,2016,1,0.0011794426229508196,1913069.5573770492,30733763.559344262
43791,2016,2,0.0003889687500000001,1744770.734375,31984071.915
43791,2016,3,0.001219984375,1296303.640625,35356970.19875
43791,2016,4,0.002167015873015873,1670734.4126984128,37745170.13126984
43791,2017,1,0.0006193225806451614,1561587.6935483871,40780937.61032258
43791,2017,2,0.0009766349206349206,1402780.238095238,40618886.4863492
43791,2017,3,0.0013909047619047618,1218317.365079365,42923346.97031746
43791,2017,4,0.001653126984126984,1321832.9682539683,48442776.25492063
43791,2018,1,0.0018562295081967213,1804176.049180328,54111492.09409836
43791,2018,2,0.0003459531249999999,1589147.75,55594901.5375
43791,2018,3,0.0007083650793650794,1267513.2857142857,57319295.15142857
43791,2018,4,0.0018905079365079368,2194048.476190476,62965220.535238095
43791,2019,1,-0.0020655409836065576,1875383.7704918033,63183483.89114755
43791,2019,2,0.002732730158730159,1554157.619047619,65971137.832222216
43791,2019,3,0.0014903281250000001,1257345.875,74800754.48125
43791,2019,4,-0.0004926875000000001,1249754.328125,73479944.65890625
43791,2020,1,-0.0010543709677419354,2348893.14516129,71248235.26854838
43791,2020,2,-0.0005943650793650796,2039920.5873015872,64249923.825555556
43791,2020,3,0.0006065312499999999,1602054.265625,60384463.011874996
43791,2020,4,0.001773015625,1637818.828125,61025544.46265625
43791,2021,1,0.002135967213114754,1849275.9016393442,70638409.01491803
43791,2021,2,0.0007695079365079365,1213226.0793650793,75792319.45206349
43791,2021,3,-0.001358234375,1277358.546875,72736363.433125
43791,2021,4,0.00295496875,1202381.71875,79055904.53625
43791,2022,1,0.0008597741935483872,1798069.5967741935,84328041.20516129
43791,2022,2,-0.0021576129032258064,1586585.2741935484,76158229.27693549
43791,2022,3,-0.002087390625,1327985.984375,71015275.24625
43791,2022,4,-0.00023414285714285708,2058640.238095238,62494267.11047619
43791,2023,1,0.0022901129032258066,1934143.7903225806,64991085.39064516
43791,2023,2,-0.00037762903225806464,1451165.7258064516,66460285.42387097
43791,2023,3,0.0013553968253968256,1305563.9682539683,71493345.56809524
43791,2023,4,0.0013384603174603177,1661257.253968254,76790128.42968254
43791,2024,1,0.0005139836065573771,1762395.8688524591,75556611.10344262
43791,2024,2,-0.0012943650793650794,1983276.492063492,74371297.30380952
43791,2024,3,0.001933640625,2037777.15625,74499010.004375
43791,2024,4,0.001307578125,1919676.28125,82847689.5909375
45483,2014,1,1.4754098360654426e-06,2275570.901639344,327198717.94540983
45483,2014,2,0.0005831284736960008,2334985.870967742,171739718.81548387
45483,2014,3,0.00013741406250000008,1553927.0546875,181252908.24921876
45483,2014,4,-0.0014446640625,2080191.046875,169104951.13929686
45483,2015,1,0.000792737704918033,2114515.4672131147,169233561.6937705
45483,2015,2,-0.0005408333333333333,1747634.9047619049,170974811.33515874
45483,2015,3,0.00290834375,2600514.359375,199020784.6861719
45483,2015,4,0.0033809843750000003,2019258.59375,231768874.33414063
45483,2016,1,-0.00017372131147540992,2587902.3606557376,231393674.42532787
45483,2016,2,-0.001123140625,1873705.296875,231148811.659375
45483,2016,3,0.0019863671875,1382755.59375,245738737.96945313
45483,2016,4,-0.00010914285714285727,1801194.7698412698,252813907.78198412
45483,2017,1,0.0011557903225806452,1539047.7741935484,267229779.09112903
45483,2017,2,0.0015193809523809524,1660985.349206349,298110851.10896826
45483,2017,3,0.0008402619047619047,1564704.753968254,303344128.0664286
45483,2017,4,0.001366388888888889,1428596.5873015872,331852291.62531745
45483,2018,1,-4.5778688524590106e-05,2073936.2295081967,358509635.4037705
45483,2018,2,0.001377703125,1814669.625,351048767.46703124
45483,2018,3,0.0011378095238095238,1600711.2936507936,390540954.9916666
45483,2018,4,-0.002011436507936508,2099075.912698413,348605352.10619044
45483,2019,1,0.0021082295081967213,1574420.6475409835,365034269.19557375
45483,2019,2,-0.0011665634920634922,1590799.349206349,374330294.05690473
45483,2019,3,0.0020315390625,1410190.8828125,382961103.3166406
45483,2019,4,0.0014880078125,1309779.8984375,415106658.0570313
45483,2020,1,-0.001683483870967742,2383435.919354839,434728261.0231452
45483,2020,2,0.0034115555555555557,1983819.0396825396,430088801.5050794
45483,2020,3,0.0007187421875,1772789.03125,483580076.5673438
45483,2020,4,0.0029249609375000003,1638948.640625,531425106.89140624
45483,2021,1,0.0028946475409836066,1703092.237704918,621954423.8371311
45483,2021,2,0.0029515,1391815.1984126985,737068059.8505555
45483,2021,3,0.00125653125,1166050.046875,851278101.6805469
45483,2021,4,0.001379875,1308950.7578125,892666367.0458593
45483,2022,1,-0.00037158064516129043,1763756.677419355,837932662.4370161
45483,2022,2,-0.0036068225806451617,1719161.1693548388,724424039.1355644
45483,2022,3,-0.00175975,22317775.453125,678027224.4296875
45483,2022,4,-0.000924642857142857,29231062.095238097,574382438.8888888
45483,2023,1,0.002887435483870968,36149311.45967742,573756269.2741935
45483,2023,2,0.002514556451612903,29665991.096774194,682034757.1263709
45483,2023,3,0.0015183174603174603,25057706.476190478,760995222.5793651
45483,2023,4,0.0012202936507936506,25507853.317460317,786187664.6031746
45483,2024,1,0.001423049180327869,26850813.93442623,831156956.2704918
45483,2024,2,0.0031459682539682543,22761096.46031746,973122423.0335714
45483,2024,3,-0.0012972343749999998,21242268.828125,964150580.078125
45483,2024,4,0.0022334375,22733431.1171875,999940159.140625
46282,2014,1,-0.0010719344262295081,1413616.1311475409,6571797.326065574
46282,2014,2,0.0008553968253968253,1789778.2222222222,6254355.200952382
46282,2014,3,0.001567453125,1072597.46875,7101484.7984375
46282,2014,4,0.002039546875,942185.3125,7406831.33953125
46282,2015,1,0.0011114590163934426,1006163.1967213114,8247313.981967213
46282,2015,2,-0.0005437619047619049,917135.1746031746,8493018.655079365
46282,2015,3,0.001570390625,1241133.53125,8684148.01296875
46282,2015,4,0.0015542031249999998,1097892.78125,9379163.99625
46282,2016,1,0.0023736065573770494,1458113.9672131147,10144875.446885245
46282,2016,2,-0.0002672343749999998,893797.703125,10552221.54
46282,2016,3,0.0007826718750000001,725451.6875,11466247.135
46282,2016,4,2.1698412698412765e-05,833262.4920634921,10933358.584444445
46282,2017,1,0.0006545483870967741,869986.9516129033,11594989.123709677
46282,2017,2,0.0005698095238095238,852701.3333333334,11392773.555555556
46282,2017,3,0.0014056031746031746,743861.619047619,12425754.860793652
46282,2017,4,-2.396825396825399e-05,1049772.857142857,12596255.699682541
46282,2018,1,0.0020644262295081966,1012177.5409836066,13667518.498852458
46282,2018,2,0.0009994375000000001,981842.109375,15052837.4353125
46282,2018,3,-0.0008465873015873016,765040.126984127,15197229.606666667
46282,2018,4,-0.0006088730158730159,1042774.1428571428,14019172.174444444
46282,2019,1,0.0013041311475409838,875330.3114754099,14126659.293278689
46282,2019,2,0.0016335873015873017,608095.4444444445,15232351.80857143
46282,2019,3,0.00069078125,712413.484375,16446170.05796875
46282,2019,4,0.001292796875,703715.859375,16761578.4915625
46282,2020,1,-0.0008861451612903224,1154949.7419354839,17525169.878387097
46282,2020,2,0.003964539682539682,829440.4285714285,18332897.650634922
46282,2020,3,0.0005847500000000002,741770.640625,21011726.1525
46282,2020,4,0.0013926875000000003,777763.0,20834898.4840625
46282,2021,1,0.001879655737704918,952144.0327868853,23482552.775081966
46282,2021,2,0.0029020317460317457,726995.4126984127,27110735.065079365
46282,2021,3,0.001546609375,672863.9375,31669027.5296875
46282,2021,4,0.001470234375,733372.34375,34169062.620937504
46282,2022,1,-0.002478016129032258,971737.5322580645,29375790.247741934
46282,2022,2,-0.002284983870967742,948492.7741935484,26133458.83290323
46282,2022,3,0.00188021875,1186258.875,28893281.97875
46282,2022,4,0.0014877936507936508,2029411.507936508,30601537.532380953
46282,2023,1,-0.001675,2477722.8870967743,28330696.793548387
46282,2023,2,-0.0012272741935483874,3234104.5967741935,26572299.593548387
46282,2023,3,-0.000278047619047619,2790517.476190476,24894960.851746034
46282,2023,4,0.0030215396825396825,2460266.634920635,28935395.423650794
46282,2024,1,0.0014675245901639344,3139155.180327869,33278199.517540984
46282,2024,2,-0.0006096349206349206,2607510.9365079366,34912701.55698413
46282,2024,3,0.003146828125,2890098.0625,39314864.8740625
46282,2024,4,0.0009949218750000001,2579924.6875,44445411.72
47422,2014,1,-0.0005491147540983606,1266411.1803278688,21153984.935901638
47422,2014,2,0.0015543968253968253,1027264.1746031746,21290182.326190475
47422,2014,3,0.0005572968750000002,793409.34375,23184077.90421875
47422,2014,4,0.001269140625,902435.6875,23488856.12734375
47422,2015,1,3.721311475409722e-06,992941.1475409836,24206705.466557376
47422,2015,2,-0.0005820634920634921,1487803.349206349,23196987.555555556
47422,2015,3,-0.0018995156250000002,1274455.109375,21171873.665
47422,2015,4,-0.0001954687500000001,1040876.890625,19640154.3146875
47422,2016,1,-0.001605770491803279,1754300.8688524591,15432739.633114753
47422,2016,2,-0.00035623437499999994,1270034.34375,16600570.14234375
47422,2016,3,0.00184096875,869112.171875,15914660.79328125
47422,2016,4,0.002101047619047619,1191216.4761904762,16912815.605238095
47422,2017,1,0.002715806451612903,1136055.3387096773,19357916.299354836
47422,2017,2,-0.00011561904761904755,1090986.8253968253,19435052.077142857
47422,2017,3,0.0026185079365079367,1042146.0952380953,21038448.058571428
47422,2017,4,0.0022247460317460317,782225.0158730159,23826578.944920633
47422,2018,1,-0.0019655409836065573,1102200.524590164,24041689.866229508
47422,2018,2,-0.0006549843750000002,1155320.75,20581841.7403125
47422,2018,3,0.0010424126984126985,838350.7936507936,20566877.792222224
47422,2018,4,-0.005084063492063492,1117416.253968254,17725843.032380953
47422,2019,1,0.003615704918032787,1016557.5737704918,17128101.000983607
47422,2019,2,0.0022147777777777778,871695.1587301587,19498261.217142858
47422,2019,3,0.0004999531250000001,1033533.921875,18622441.28375
47422,2019,4,0.002147484375,831605.984375,20028245.19125
47422,2020,1,-0.00533041935483871,1020349.2096774194,18628894.69548387
47422,2020,2,0.0072202380952380955,1115963.7777777778,15730997.007301588
47422,2020,3,0.0006879062500000001,669809.109375,18731699.14609375
47422,2020,4,0.00390784375,649141.765625,21369722.0021875
47422,2021,1,0.003222311475409836,769305.737704918,25400851.61262295
47422,2021,2,0.0012457460317460316,644452.1111111111,29327154.320476193
47422,2021,3,0.0011303906249999999,454435.59375,30256749.3946875
47422,2021,4,0.002244546875,529115.21875,33310534.6625
47422,2022,1,0.00027646774193548394,691735.0645161291,33734633.34387097
47422,2022,2,-0.0034174193548387097,651229.9516129033,29560372.887258064
47422,2022,3,0.001163,556960.71875,28756377.336875
47422,2022,4,0.0036729523809523813,584670.1587301587,32798152.74825397
47422,2023,1,1.8951612903225844e-05,627147.7903225806,34728672.51370968
47422,2023,2,0.0015324032258064518,584544.0806451613,32233116.66435484
47422,2023,3,-3.6666666666665543e-06,406635.85714285716,35378134.048730165
47422,2023,4,0.0024060158730158728,504745.6666666667,35014751.314920634
47422,2024,1,0.002446049180327869,491953.40983606555,40386411.914590165
47422,2024,2,-0.0003005873015873015,471203.01587301586,42681774.81873016
47422,2024,3,0.0016513749999999998,468943.9375,42924941.1896875
47422,2024,4,0.0021478593749999996,456235.59375,52181351.28625
48793,2014,1,-0.001956983606557377,999690.4590163934,24268775.0004918
48793,2014,2,-0.0005580000000000001,969233.3015873015,22428849.966984127
48793,2014,3,0.00061296875,865210.046875,21951317.5984375
48793,2014,4,0.0019561875,786395.578125,24246681.834375
48793,2015,1,0.0011700983606557375,803822.6885245901,25341314.146885246
48793,2015,2,-0.000576047619047619,632499.1587301587,25881734.61777778
48793,2015,3,0.0009497500000000001,685026.328125,25691821.82359375
48793,2015,4,0.0015232187499999998,744049.34375,27694171.08390625
48793,2016,1,-0.001186688524590164,1026665.0,28895872.320655737
48793,2016,2,0.00147915625,797421.859375,30033837.121875
48793,2016,3,0.0008845312500000001,525346.75,32496770.930625
48793,2016,4,0.0008481269841269842,2085535.0634920634,32992187.26888889
48793,2017,1,0.001073241935483871,2842265.419354839,34845259.87370968
48793,2017,2,0.001613904761904762,2602632.3333333335,36365913.183492064
48793,2017,3,0.0007443809523809524,2092103.6984126985,38843579.063174605
48793,2017,4,0.0005307460317460317,3100878.253968254,40318563.46936508
48793,2018,1,0.0006146229508196721,2887273.7868852457,42691862.86393442
48793,2018,2,0.00033445312499999984,2437603.09375,42290013.205625
48793,2018,3,0.00037752380952380953,2214074.9365079366,43403781.82079365
48793,2018,4,0.0002507142857142856,3166516.206349206,43751346.46174604
48793,2019,1,0.00029104918032786883,3008458.1475409837,42639057.251147546
48793,2019,2,0.00200584126984127,2423532.4603174604,46149368.99031746
48793,2019,3,0.001228484375,1959536.1875,51366833.85
48793,2019,4,0.00014562499999999992,2415418.984375,51792282.78046875
48793,2020,1,-0.0013189677419354836,4660995.403225807,50351103.19354839
48793,2020,2,0.002236920634920635,3017627.015873016,50205141.40920635
48793,2020,3,0.001522609375,2999415.15625,53698245.794375
48793,2020,4,0.002338171875,2524914.765625,58246152.69
48793,2021,1,-0.00038911475409836066,2433357.5081967213,63698240.843934424
48793,2021,2,0.0010632063492063493,2568192.206349206,64771356.532698415
48793,2021,3,-0.000447390625,2021905.953125,66824524.34984375
48793,2021,4,0.0028430937499999997,2171405.53125,74626301.07078125
48793,2022,1,-0.0003771290322580645,2884223.935483871,72703004.49032257
48793,2022,2,-0.005191467741935484,3624748.5161290322,59837909.701290324
48793,2022,3,-0.0004272031250000002,2542937.9375,55981840.220625
48793,2022,4,0.002211079365079365,2502484.3333333335,55620248.04571429
48793,2023,1,0.0004326290322580646,2766231.306451613,58177185.36193548
48793,2023,2,0.0014259516129032257,2268780.4516129033,60588907.76919355
48793,2023,3,-0.0003285079365079365,2416745.1746031744,64177586.45523809
48793,2023,4,0.0025715873015873018,2615150.0634920634,64807103.53888889
48793,2024,1,0.0012178196721311476,2425075.3606557376,76028595.19672132
48793,2024,2,3.553968253968267e-05,2274774.3174603176,76979022.38666666
48793,2024,3,0.0025771875,2781134.4375,88473938.175
48793,2024,4,-0.00105621875,2966863.65625,90943199.5834375
50184,2014,1,0.001261,538751.3114754099,17074138.760163933
50184,2014,2,0.0008295396825396824,552874.7936507936,16832754.564761903
50184,2014,3,0.00199275,387345.828125,20338334.65484375
50184,2014,4,0.0005213593750000001,419419.390625,20288342.83359375
50184,2015,1,-0.0007171311475409839,435824.34426229505,21166243.948524587
50184,2015,2,-0.0010502857142857143,553901.6507936508,19635459.252698414
50184,2015,3,0.0028439843749999997,535389.109375,22115726.47203125
50184,2015,4,-0.006012875,1274426.765625,19061897.7015625
50184,2016,1,3.17540983606559e-05,1660091.2459016393,14618367.26934426
50184,2016,2,-0.002256234375,1065712.109375,12744296.3875
50184,2016,3,0.000932375,1100417.359375,11980694.609375
50184,2016,4,-0.0015516825396825395,1263725.650793651,11440466.126031747
50184,2017,1,0.0027869838709677418,887841.0322580645,11918176.546774194
50184,2017,2,-0.0009745873015873015,908193.2857142857,13301990.194444444
50184,2017,3,-0.004592698412698413,1503864.8412698412,9620836.130476192
50184,2017,4,-0.000642888888888889,1352783.111111111,8448341.397142857
50184,2018,1,0.0023174426229508193,1248569.737704918,8855590.725245902
50184,2018,2,0.005062578125,900081.046875,11374464.44796875
50184,2018,3,0.001043063492063492,766850.8253968254,13224519.893333333
50184,2018,4,-0.0005984761904761904,712282.619047619,12560642.644444445
50184,2019,1,0.00837827868852459,718246.7540983607,16087983.787540983
50184,2019,2,0.0006303809523809525,567883.3333333334,19525100.49904762
50184,2019,3,0.002277234375,468529.828125,22101667.92515625
50184,2019,4,3.1812499999999906e-05,455602.546875,22278757.91484375
50184,2020,1,-0.0029384354838709686,686237.3387096775,21966438.846290324
50184,2020,2,0.008073603174603174,589301.5714285715,25789698.004761904
50184,2020,3,0.002803453125,320013.0625,33674447.75796875
50184,2020,4,0.0019034687499999998,330610.359375,36692319.749375
50184,2021,1,0.0006145081967213118,288520.131147541,40556529.24459016
50184,2021,2,0.0014786507936507937,288960.07936507935,40174061.63714285
50184,2021,3,0.002646625,253853.6875,51133141.51484375
50184,2021,4,-0.00050921875,219635.796875,49515283.63203125
50184,2022,1,-0.0011771129032258066,337778.2580645161,42303355.79645161
50184,2022,2,-0.0027052096774193546,253509.16129032258,39013354.89064516
50184,2022,3,0.00247684375,250822.5625,43227614.27984375
50184,2022,4,-0.0010461746031746031,304453.15873015876,41433038.493650794
50184,2023,1,0.0034946612903225807,284758.6935483871,43491583.062580645
50184,2023,2,0.003799177419354839,299515.6451612903,54584867.34903225
50184,2023,3,-0.002314079365079365,260860.09523809524,53783658.75746031
50184,2023,4,0.0036025714285714285,222528.03174603175,57185703.42920635
50184,2024,1,0.004029590163934426,233342.49180327868,70148675.88983606
50184,2024,2,0.0013467142857142857,1511716.0158730159,85273626.68777777
50184,2024,3,-0.0010523906249999997,16899653.40625,75874718.8453125
50184,2024,4,0.0008951562500000001,8927395.125,82259344.56671876
50700,2014,1,-0.0016687377049180328,5757370.7049180325,90008825.71245901
50700,2014,2,-0.0001336507936507936,5286266.238095238,83971884.35698412
50700,2014,3,0.00018692187500000002,4155112.03125,85102936.06828125
50700,2014,4,0.002564609375,4999573.375,90878009.578125
50700,2015,1,0.00016862295081967213,5217789.557377049,96487442.91786885
50700,2015,2,0.0013290952380952384,3974560.6825396824,102278073.74507935
50700,2015,3,-0.0004185937499999999,4493227.875,104397092.56171875
50700,2015,4,0.00130865625,3626220.859375,108002940.27625
50700,2016,1,-0.0002901639344262295,5217696.75409836,96913898.57540984
50700,2016,2,-0.00099415625,3800848.515625,103299044.90859374
50700,2016,3,0.00232878125,3858798.0625,103328364.9946875
50700,2016,4,0.00032977777777777785,3851327.793650794,110976330.62904762
50700,2017,1,0.0014424677419354838,3167699.2258064514,116756841.96693549
50700,2017,2,0.0012863650793650794,3126458.476190476,125365828.75650793
50700,2017,3,0.0024671746031746035,3146901.0,139017615.99539685
50700,2017,4,0.0011788095238095238,3319741.095238095,155451899.79873016
50700,2018,1,0.0025435245901639348,4037006.4590163934,177968845.9914754
50700,2018,2,0.0019072812500000001,3609878.75,194517771.2153125
50700,2018,3,0.002059968253968254,3087508.793650794,214167295.8515873
50700,2018,4,-0.002241634920634921,5061540.523809524,203027810.38111112
50700,2019,1,0.0037501967213114753,3580111.6393442624,218957917.4342623
50700,2019,2,0.0019546190476190475,3597816.365079365,253051500.36793652
50700,2019,3,0.00054828125,3410669.34375,277039567.12125
50700,2019,4,0.001577015625,3127595.265625,281753582.78234375
50700,2020,1,-0.0023792741935483863,6470582.612903226,296108990.54612905
50700,2020,2,0.0037126349206349205,5074970.761904762,280064051.79126984
50700,2020,3,0.0022635156250000003,3640746.953125,322766141.46296877
50700,2020,4,0.0011141875000000002,3674614.515625,329278891.205
50700,2021,1,0.00017437704918032775,4572654.459016394,344248363.7795082
50700,2021,2,0.0004900793650793652,3156387.888888889,365714674.94412696
50700,2021,3,-0.0006391562499999999,3636845.203125,356418224.4671875
50700,2021,4,0.0008016718750000001,4896043.8125,337534896.820625
50700,2022,1,0.00018298387096774173,4915342.983870967,349746244.8527419
50700,2022,2,-0.0016986451612903228,3370379.064516129,333392898.7924194
50700,2022,3,-0.001502546875,2607723.3125,319196919.5478125
50700,2022,4,0.0034151111111111114,2787103.0476190476,314413912.3155556
50700,2023,1,0.0008085322580645161,2888421.709677419,344685864.77629036
50700,2023,2,0.0013653870967741937,2817794.419354839,353410959.0037097
50700,2023,3,0.00016334920634920627,2281006.523809524,375891800.6698413
50700,2023,4,0.001267142857142857,2564894.9682539683,374359928.6142857
50700,2024,1,0.0020650819672131146,2443126.6885245903,424576599.23688525
50700,2024,2,-0.0013371428571428573,2477964.0476190476,421243564.36380947
50700,2024,3,0.001858203125,2466675.40625,428060305.2040625
50700,2024,4,0.0010702968749999999,2482834.609375,473499289.576875
52983,2014,1,-0.00039275409836065587,3280031.7377049183,112219308.93409835
52983,2014,2,-0.0002700793650793651,3213927.015873016,104738506.39999999
52983,2014,3,0.00026940625,2367618.234375,106691296.456875
52983,2014,4,0.0033891562500000002,2861346.109375,118990650.22140625
52983,2015,1,7.254098360655742e-05,3974108.7213114756,130054688.21983606
52983,2015,2,0.0005126825396825395,6927351.047619048,132928138.02857143
52983,2015,3,0.0007483437499999999,8713381.3125,139436156.9921875
52983,2015,4,0.0017929375000000003,8715785.09375,151008802.8846875
52983,2016,1,-2.1508196721311643e-05,10983496.06557377,139788345.15245903
52983,2016,2,-0.00035907812499999975,8656159.453125,149494174.731875
52983,2016,3,0.001761828125,8004128.984375,151448428.82
52983,2016,4,-0.0008246984126984126,10451133.222222222,150714945.91761905
52983,2017,1,0.002166838709677419,8127735.677419355,159672598.8766129
52983,2017,2,0.0009090317460317461,8173330.095238095,171653001.48936507
52983,2017,3,0.0018871111111111113,7141786.714285715,186033528.15555555
52983,2017,4,0.0013429365079365078,7278885.857142857,201005023.0320635
52983,2018,1,0.0009430983606557377,8567103.93442623,219111088.3247541
52983,2018,2,0.001686515625,7305033.703125,230516394.66046876
52983,2018,3,0.002053698412698413,7178100.174603174,253057188.04380953
52983,2018,4,-0.0017537619047619049,11198982.793650793,244656282.21746033
52983,2019,1,0.0028714262295081966,9104642.967213115,252537383.66131148
52983,2019,2,0.001740936507936508,7026315.73015873,285302911.17603177
52983,2019,3,-2.9546874999999897e-05,7059226.296875,308310410.105625
52983,2019,4,0.0014597187499999999,7155731.59375,310237078.53796875
52983,2020,1,-0.001596467741935484,12936141.903225806,321752798.90548384
52983,2020,2,0.0032729682539682538,10252926.984126983,310333263.7714285
52983,2020,3,0.0006585468749999998,7920320.109375,336847023.51671875
52983,2020,4,0.001558546875,7929328.28125,345517258.9084375
52983,2021,1,-0.00035495081967213115,10235078.803278688,356995617.4398361
52983,2021,2,0.0016476507936507936,6854316.46031746,387074359.2546032
52983,2021,3,-0.00067078125,7530373.8125,396057284.25953126
52983,2021,4,-0.00020715625000000015,10364985.71875,360927214.5296875
52983,2022,1,0.0006367903225806452,9448170.08064516,359277514.8877419
52983,2022,2,-0.0016179354838709678,7289851.548387097,341831447.34532255
52983,2022,3,-0.0014897656250000002,6117204.265625,334181916.3384375
52983,2022,4,0.0026797142857142857,7228471.587301588,329223874.7657143
52983,2023,1,0.001409209677419355,6287895.29032258,361902552.0104839
52983,2023,2,0.0009308870967741936,6517586.548387097,371364465.9964516
52983,2023,3,-0.0004422380952380953,5219603.396825396,387052389.80841273
52983,2023,4,0.0020376507936507933,5879853.19047619,393800381.51111114
52983,2024,1,0.0012085245901639345,5650805.491803279,436743329.5793443
52983,2024,2,-0.0009092063492063492,7931448.904761905,432853769.5847619
52983,2024,3,0.000848203125,8133637.453125,443244219.4884375
52983,2024,4,0.00226709375,5896570.59375,508548165.26890624
53196,2018,2,0.000603983606557377,3436675.049180328,104699096.11540984
53196,2018,3,0.0007159999999999998,5416648.873015873,94169962.69063492
53196,2018,4,0.0009636507936507938,3753255.8571428573,96713881.34603176
53196,2019,1,0.0031191967213114753,3101415.081967213,108328148.63606557
53196,2019,2,-0.0003615555555555557,2838083.206349206,115834692.26920635
53196,2019,3,-0.00031617187500000005,2334032.484375,113136030.34515625
53196,2019,4,0.002377171875,2114860.90625,120682429.318125
53196,2020,1,-0.002882290322580645,3599303.9838709678,112386074.06032258
53196,2020,2,0.005096285714285714,2677194.8412698414,112138755.63412698
53196,2020,3,0.0025397500000000003,1881689.75,134950477.99890625
53196,2020,4,0.0031358124999999997,1618385.515625,158319453.52765626
53196,2021,1,0.0013729999999999999,2224793.9672131147,188572810.80393445
53196,2021,2,0.0006902380952380953,1799046.2222222222,189767502.7936508
53196,2021,3,0.00043085937500000004,1492990.03125,199901054.74765626
53196,2021,4,0.005210390625,1999560.8125,231893581.576875
53196,2022,1,-0.0004948064516129032,2600070.9838709678,243557158.62403226
53196,2022,2,-0.0037190161290322583,2405207.193548387,227860799.33870968
53196,2022,3,-0.0010795937500000003,2134373.921875,206837562.44734374
53196,2022,4,0.004078603174603175,2322320.412698413,207799252.05174604
53196,2023,1,0.0024668225806451613,2272982.290322581,250987715.20387095
53196,2023,2,0.005233322580645162,2802068.5161290322,295359765.56403226
53196,2023,3,-0.0004234285714285715,2321196.1904761903,357828304.7822222
53196,2023,4,0.004990095238095238,3114948.222222222,413894195.2866667
53196,2024,1,0.003184229508196721,3057915.8524590163,576015474.7029507
53196,2024,2,0.003499634920634921,3227292.761904762,651112268.4863492
53196,2024,3,0.001878078125,25404748.578125,747879592.0875
53196,2024,4,0.005470109375,27167297.109375,865726300.055
53500,2014,1,-0.0003150491803278688,160449.80327868852,667487.9236065574
53500,2014,2,0.0012664444444444446,122341.19047619047,679472.0114285714
53500,2014,3,0.0001483437499999999,83341.078125,740183.16921875
53500,2014,4,0.00292015625,118591.890625,799453.8175
53500,2015,1,0.003908393442622951,161058.11475409835,997178.5467213115
53500,2015,2,-0.0008703492063492064,255111.07936507938,1126698.5904761904
53500,2015,3,0.0021992812500000003,225921.453125,1308135.33484375
53500,2015,4,0.0017628593749999999,332006.28125,1589528.5721875
53500,2016,1,0.003779360655737705,411597.0,1922227.9862295082
53500,2016,2,0.003866859375,474586.765625,2375904.6703125
53500,2016,3,-0.0026155156250000002,547572.390625,2674244.31609375
53500,2016,4,0.00145115873015873,481092.79365079367,2494837.0615873015
53500,2017,1,0.002235258064516129,362151.0,2943573.006451613
53500,2017,2,0.002426873015873016,413086.95238095237,3423464.035714286
53500,2017,3,0.0014515555555555555,534835.6031746032,3760056.944761905
53500,2017,4,0.0005329682539682537,365417.01587301586,3903907.043809524
53500,2018,1,-0.0017581803278688525,418419.131147541,3506158.651147541
53500,2018,2,0.0017977968750000001,317910.84375,3630766.999375
53500,2018,3,0.0002706666666666667,318248.0,3922556.4826984126
53500,2018,4,-0.0034147619047619044,391609.79365079367,3480060.5209523807
53500,2019,1,0.0036085245901639348,322797.8032786885,3636516.096229508
53500,2019,2,0.0013856825396825396,257052.3492063492,4176409.3565079365
53500,2019,3,0.00119478125,292176.6875,4225304.34921875
53500,2019,4,-0.001064125,267556.359375,4294064.4959375
53500,2020,1,0.001356725806451613,465763.6612903226,4196485.998709678
53500,2020,2,0.001041222222222222,464052.6984126984,4557524.886666667
53500,2020,3,-3.317187500000019e-05,326246.5,4998130.44203125
53500,2020,4,0.001082984375,280124.140625,5295500.44546875
53500,2021,1,-0.00039239344262295093,355306.0,5204017.186065574
53500,2021,2,0.0020807460317460317,423713.34920634923,5369310.934126984
53500,2021,3,0.0006881093750000001,279233.953125,6199197.68203125
53500,2021,4,0.0035492,1194370.35,6994585.9425
53554,2014,1,-0.0025437704918032785,26764237.967213117,53574257.781311475
53554,2014,2,0.0010691428571428573,17209924.53968254,55771753.50730159
53554,2014,3,-0.0017857812499999998,12053115.0625,55908719.6465625
53554,2014,4,0.0016917500000000001,14590179.8125,51288047.5571875
53554,2015,1,0.0014125737704918033,15396976.606557377,58485814.7252459
53554,2015,2,-0.0016451269841269843,15036181.46031746,57360504.06825397
53554,2015,3,-0.00126496875,18230417.09375,48758725.5534375
53554,2015,4,0.0022252968750000003,12111654.75,54549253.53078125
53554,2016,1,-0.0009427377049180328,15963813.754098361,46543243.88163935
53554,2016,2,-0.00132428125,11921417.734375,46768613.140625
53554,2016,3,0.00208590625,13402141.140625,48383014.8734375
53554,2016,4,0.0017981904761904762,13799277.857142856,51683715.69936508
53554,2017,1,0.0005425161290322579,15699790.693548387,55257900.40387097
53554,2017,2,3.950793650793649e-05,13200857.396825397,51133487.04460318
53554,2017,3,0.0025143650793650794,10693950.984126983,53806114.638571426
53554,2017,4,0.0004838095238095238,13698979.26984127,62170817.598730154
53554,2018,1,-0.0016225573770491805,13687047.295081967,57380331.61622951
53554,2018,2,0.0016244218749999998,11531099.828125,55418368.40625
53554,2018,3,-0.002205984126984127,11068048.047619049,51962090.5152381
53554,2018,4,0.0003330317460317464,14029058.984126983,48702123.601904765
53554,2019,1,0.0019900491803278688,9925588.606557377,53582681.369672135
53554,2019,2,0.0008900000000000001,8801925.317460317,53067370.94
53554,2019,3,-0.00017454687499999998,7426387.453125,54667692.27109375
53554,2019,4,-8.429687499999997e-05,9055695.59375,51902982.9696875
53554,2020,1,-0.007503274193548386,15280334.887096774,43630309.04032258
53554,2020,2,0.004025095238095238,16805483.15873016,34808142.40492064
53554,2020,3,0.0028261718750000006,14414347.890625,40207387.765
53554,2020,4,0.0056189375,15061871.5625,55636454.3703125
53554,2021,1,0.00572327868852459,25656534.901639346,76222855.8442623
53554,2021,2,0.000666,16252839.603174603,84906920.334127
53554,2021,3,-0.0015669999999999998,16474737.421875,77120571.283125
53554,2021,4,0.0019607187500000002,18469886.796875,84814121.179375
53554,2022,1,-0.004310677419354839,20308157.967741936,72509068.83241935
53554,2022,2,-0.004670290322580645,17503516.20967742,54570955.993225805
53554,2022,3,0.000539015625,14738737.21875,53512519.5575
53554,2022,4,0.001089492063492063,13612653.952380951,52914421.77968254
53554,2023,1,0.0017536935483870961,15511071.725806452,53347223.83612903
53554,2023,2,0.001038016129032258,13983960.112903226,48121029.06612903
53554,2023,3,-0.0023202698412698414,12593236.857142856,49055224.9168254
53554,2023,4,0.0016805555555555556,20086624.666666668,42416463.177301586
53554,2024,1,0.004013065573770492,18506927.13114754,47251217.890983604
53554,2024,2,0.0005423650793650792,13939474.555555556,51709047.07666667
53554,2024,3,-0.0002694062499999999,13713380.84375,52351983.3084375
53554,2024,4,0.0029971250000000002,12057913.6875,57998277.8675
54084,2022,2,-0.012380133333333333,35044775.6,378957011.42399997
54084,2022,3,-0.002201609375,27675575.859375,369956099.56
54084,2022,4,-0.0008075873015873018,44909852.07936508,264604988.7809524
54084,2023,1,0.00978091935483871,32394074.725806452,379806924.00419354
54084,2023,2,0.00513941935483871,22763447.403225806,546074549.6933872
54084,2023,3,0.000894968253968254,23043695.412698414,669621069.4122223
54084,2023,4,0.00276068253968254,18547130.888888888,722874155.3074603
54084,2024,1,0.005654639344262295,17703805.24590164,982445849.637377
54084,2024,2,0.0008339047619047622,14872180.253968254,1065187437.7180952
54084,2024,3,0.0022283281250000003,13847500.671875,1124561342.4915626
54084,2024,4,0.0004981093750000002,11899216.8125,1279697740.8660936
54287,2014,1,-0.00021216393442622934,6676392.24590164,80363968.94016394
54287,2014,2,0.001763698412698413,5876557.968253968,83616816.42984127
54287,2014,3,0.000560203125,12197744.625,88309791.59609374
54287,2014,4,0.002236765625,11647664.296875,100384855.45859376
54287,2015,1,-0.001487573770491803,11806342.196721312,96265127.94885246
54287,2015,2,0.002399777777777778,11000230.253968254,103964706.5768254
54287,2015,3,-0.003015140625,10065155.5625,104952329.3125
54287,2015,4,0.0018180312499999998,9150977.859375,94916912.49140625
54287,2016,1,-0.00013504918032786905,8888978.754098361,90622130.66311476
54287,2016,2,0.001511640625,8720316.578125,98626074.45109375
54287,2016,3,0.00046878125,6902896.125,107621668.25046875
54287,2016,4,0.00020149206349206363,7601310.380952381,99331937.62301587
54287,2017,1,0.0008455967741935485,6875628.451612903,101385305.29161291
54287,2017,2,0.0018826507936507938,5708360.365079365,107080646.70793651
54287,2017,3,0.0034814126984126985,6214625.825396826,121224997.79317461
54287,2017,4,0.0015236031746031747,5179341.26984127,150311187.32698414
54287,2018,1,0.00024414754098360606,7397555.852459016,175032883.43016392
54287,2018,2,-1.0531249999999961e-05,8511692.265625,154965976.75765625
54287,2018,3,0.0006022857142857143,5646288.396825396,148318924.20412698
54287,2018,4,-8.698412698412532e-06,6769663.380952381,132883617.00571428
54287,2019,1,-0.0018531967213114755,6849724.983606557,122225170.48245902
54287,2019,2,-0.0011114761904761905,7722442.761904762,116187809.88825397
54287,2019,3,0.0009479531249999999,9426490.3125,101358759.49828126
54287,2019,4,0.002747,7347272.359375,122751651.96890625
54287,2020,1,-0.0016537419354838705,12324928.41935484,125968201.81564516
54287,2020,2,0.004447412698412699,10561400.285714285,139898868.78031746
54287,2020,3,-0.001525984375,6937805.640625,165995372.28140625
54287,2020,4,0.0035170625000000002,8076537.046875,169620239.771875
54287,2021,1,0.00047801639344262277,7514141.508196721,188854970.8065574
54287,2021,2,0.0008765714285714286,6529499.26984127,198819400.26603174
54287,2021,3,-0.0004180624999999998,7038191.75,201853590.3121875
54287,2021,4,0.003805484375,6224930.921875,208780425.6825
54287,2022,1,0.003126241935483871,7831451.225806451,256849681.285
54287,2022,2,-0.0006249677419354839,7339461.258064516,269939160.50080645
54287,2022,3,-0.0018106562499999998,5493554.953125,253625951.21937498
54287,2022,4,0.0031955555555555556,5252452.666666667,271129132.9773016
54287,2023,1,1.0483870967741788e-06,6343335.645161291,270426428.51532257
54287,2023,2,-0.0024500161290322577,5739848.677419355,259222477.7080645
54287,2023,3,0.0018463015873015874,4677655.063492063,259040065.89174604
54287,2023,4,0.000831,5277359.444444444,257351988.53920633
54287,2024,1,0.0028469016393442626,5696624.672131147,304335287.13360655
54287,2024,2,-0.0007000476190476193,5656542.952380952,292816654.1319048
54287,2024,3,0.00242996875,4776486.359375,329599038.736875
54287,2024,4,-0.0012966093749999998,6127817.546875,324801701.49875
54433,2014,1,-0.0006201475409836066,3492852.1147540985,6560853.058688524
54433,2014,2,0.0007262698412698413,2911630.301587302,6552177.331111112
54433,2014,3,-0.0014101250000000001,3109969.65625,6675431.43453125
54433,2014,4,-0.0005391875,4627791.5,5842122.68328125
54433,2015,1,0.00042803278688524583,2979564.4426229508,6167944.418032787
54433,2015,2,-0.0013524920634920637,3248542.3174603176,5889980.418571428
54433,2015,3,-0.0019230156249999998,3889318.6875,5306300.0315625
54433,2015,4,0.00104046875,2915630.640625,5387295.321875
54433,2016,1,-0.0003006229508196718,4579555.442622951,4512238.555245901
54433,2016,2,-0.0016665156250000002,3073855.671875,4582847.09703125
54433,2016,3,0.003454,2875126.359375,5025923.82265625
54433,2016,4,-0.003021730158730159,2858684.3174603176,4720787.899999999
54433,2017,1,0.0022589032258064513,2149174.5322580645,4782242.089193548
54433,2017,2,0.0009003333333333333,1820162.380952381,4997569.844920635
54433,2017,3,-0.00033003174603174604,1634739.5714285714,5176000.766349206
54433,2017,4,0.003265412698412699,2239227.984126984,5731933.958095239
54433,2018,1,-0.00021668852459016377,2264472.704918033,6298159.314754098
54433,2018,2,-0.00016456249999999997,1838238.421875,6052608.9125
54433,2018,3,-0.002220714285714286,2977660.015873016,5390199.68904762
54433,2018,4,-0.0021846507936507937,4046734.0,4933630.462380952
54433,2019,1,0.0017017049180327868,2645136.098360656,4851054.770491803
54433,2019,2,0.0013964920634920632,3033207.3492063493,4710630.776666666
54433,2019,3,0.0007201874999999999,2635849.046875,5280680.365625
54433,2019,4,0.00034089062499999994,2359867.546875,5228181.09296875
54433,2020,1,-0.006332709677419355,3314780.7258064514,4900255.044032258
54433,2020,2,0.0050943174603174605,2803264.3174603176,4155498.870952381
54433,2020,3,0.0029125312499999998,2141344.28125,5440717.16671875
54433,2020,4,0.004087046875,2515498.828125,6306537.15375
54433,2021,1,0.0059790655737704925,3782544.5081967213,8763947.345409837
54433,2021,2,0.00035782539682539674,3155860.634920635,10314096.662380952
54433,2021,3,-0.001229734375,2369044.921875,9262283.904375
54433,2021,4,-0.0007087656250000002,3124191.875,8979688.22046875
54433,2022,1,0.00018885483870967738,3024223.0161290322,8650319.171612903
54433,2022,2,-0.005268612903225806,3313702.4516129033,7145480.292258064
54433,2022,3,-0.00021210937500000006,2305929.40625,6478519.67109375
54433,2022,4,0.0031878730158730155,2818319.1746031744,6653913.283492064
54433,2023,1,-0.0005035161290322582,2860287.85483871,6985796.086774194
54433,2023,2,0.0021184677419354837,2312882.7741935486,6911525.840645161
54433,2023,3,0.0006044920634920635,2395864.603174603,7709615.7577777775
54433,2023,4,0.0033325873015873017,2968227.9365079366,8270515.903174602
54433,2024,1,0.0012047540983606557,2871201.704918033,9647885.74557377
54433,2024,2,0.0008893968253968255,2590761.523809524,9799739.456507936
54433,2024,3,-0.0003700937500000002,2561571.21875,10291161.47671875
54433,2024,4,0.000586796875,2327176.40625,10560518.37875
54465,2014,1,-0.0005947213114754099,720267.7049180327,803684.9772131147
54465,2014,2,0.0006145079365079364,383820.6984126984,867656.3546031746
54465,2014,3,-0.0030694843749999997,312224.75,907553.08265625
54465,2014,4,0.002199228070175439,185787.22807017545,901301.6573684211
56578,2018,4,-0.0037511644432773107,142779.5,678770.32
56578,2019,1,-0.0019881803278688523,71695.08196721312,1175537.1634426229
56578,2019,2,-0.001594079365079365,216724.6349206349,1064153.342063492
56578,2019,3,-0.009040796875,246577.34375,667404.4940625
56578,2019,4,-0.013938546875,340522.515625,289688.681875
56578,2020,1,-0.01485733870967742,234243.74193548388,104353.23693548387
56578,2020,2,0.009536999999999999,327708.92063492065,65604.28761904762
56578,2020,3,0.01674803125,179655.875,85013.7396875
56578,2020,4,0.00866896875,113817.328125,164334.718125
56578,2021,1,0.008334545454545454,117578.04545454546,232540.94454545455
